Hoạt chất,Thực phẩm,MRL (mg/kg),ADI,Mã Codex,Ghi chú
"2,4-D",Các loại quả mọng và quả nhỏ khác,0.1,"0,01",20,
"2,4-D",Quả có múi thuộc họ cam quýt,1.0,"0,01",20,Po
"2,4-D",Nội tạng ăn được của động vật có vú,5.0,"0,01",20,
"2,4-D",Trứng,0.01,"0,01",20,(*)
"2,4-D",Ngô,0.05,"0,01",20,
"2,4-D","Thịt động vật có vú, trừ động vật có vú ở biển",0.2,"0,01",20,
"2,4-D",Sữa nguyên liệu,0.01,"0,01",20,
"2,4-D",Quả dạng táo,0.01,"0,01",20,(*)
"2,4-D",Khoai tây,0.2,"0,01",20,
"2,4-D",Thịt gia cầm,0.05,"0,01",20,(*)
"2,4-D",Nội tạng ăn được của gia cầm,0.05,"0,01",20,(*)
"2,4-D",Gạo đã xát vỏ,0.1,"0,01",20,
"2,4-D",Lúa mạch đen,2.0,"0,01",20,
"2,4-D",Lúa miến,0.01,"0,01",20,(*)
"2,4-D",Đậu tương (khô),0.01,"0,01",20,(*)
"2,4-D",Các loại quả có hạt,0.05,"0,01",20,(*)
"2,4-D",Mía,0.05,"0,01",20,
"2,4-D",Ngô ngọt (nguyên bắp),0.05,"0,01",20,(*)
"2,4-D",Các loại quả hạch,0.2,"0,01",20,
"2,4-D",Lúa mì,2.0,"0,01",20,
2-Phenylphenol,Quả có,10.0,"0,4",56,Po
2-Phenylphenol,múi thuộc họ cam quýt,,"0,4",56,
2-Phenylphenol,Nước cam ép,0.5,"0,4",56,PoP
2-Phenylphenol,Lê,20.0,"0,4",56,Po
2-Phenylphenol,Táo,0.02,"0,4",56,
2-Phenylphenol,Mỡ gia súc,0.1,"0,4",56,(1)
2-Phenylphenol,Thận gia súc,0.05,"0,4",56,(1)
2-Phenylphenol,Gan gia súc,0.1,"0,4",56,(1)
2-Phenylphenol,Thịt gia súc,0.01,"0,4",56,(*)
2-Phenylphenol,Sữa gia súc,0.005,"0,4",56,
2-Phenylphenol,Quả có múi thuộc họ cam quýt,0.01,"0,4",56,(*)
2-Phenylphenol,Hạt cây bông,0.01,"0,4",56,(*)
2-Phenylphenol,Dưa chuột,0.01,"0,4",56,
2-Phenylphenol,Thịt dê,0.01,"0,4",56,(*)
2-Phenylphenol,Sữa dê,0.005,"0,4",56,
2-Phenylphenol,Nội tạng ăn được của dê,0.1,"0,4",56,
2-Phenylphenol,Hoa bìa khô,0.1,"0,4",56,
2-Phenylphenol,Lá rau diếp,0.05,"0,4",56,
2-Phenylphenol,"Các loại dưa, trừ dưa hấu",0.01,"0,4",56,(*)
2-Phenylphenol,Lê,0.02,"0,4",56,
2-Phenylphenol,Ớt ta khô,0.2,"0,4",56,
2-Phenylphenol,Ớt ngọt (gồm cả ớt ngọt Pimento),0.02,"0,4",56,
2-Phenylphenol,Khoai tây,0.01,"0,4",56,(*)
2-Phenylphenol,Bí mùa hè,0.01,"0,4",56,(*)
2-Phenylphenol,Dâu tây,0.02,"0,4",56,
2-Phenylphenol,Cà chua,0.02,"0,4",56,
2-Phenylphenol,Các loại quả óc chó,0.01,"0,4",56,(*)
2-Phenylphenol,Dưa hấu,0.01,"0,4",56,(*)
2-Phenylphenol,Ớt ta,0.01,"0,4",56,(7)
Acephate,Artiso (cả cây),0.3,"0 - 0,03",95,
Acephate,Đậu đỗ các loại (trừ đậu tằm và đậu tương),5.0,"0 - 0,03",95,
Acephate,Các loại bắp cải,2.0,"0 - 0,03",95,
Acephate,Quả nam việt quất,0.5,"0 - 0,03",95,
Acephate,Nội tạng ăn được của động vật có vú,0.05,"0 - 0,03",95,
Acephate,Trứng,0.01,"0 - 0,03",95,(*)
Acephate,"Thịt động vật có vú, trừ động vật có vú ở biển",0.05,"0 - 0,03",95,
Acephate,Sữa nguyên liệu,0.02,"0 - 0,03",95,
Acephate,Ớt ta khô,50.0,"0 - 0,03",95,
Acephate,Mỡ gia cầm,0.1,"0 - 0,03",95,
Acephate,Thịt gia cầm,0.01,"0 - 0,03",95,(*)
Acephate,Nội tạng ăn được của gia cầm,0.01,"0 - 0,03",95,(*)
Acephate,Gạo đã xát vỏ,1.0,"0 - 0,03",95,
Acephate,Đậu tương (khô),0.3,"0 - 0,03",95,
Acephate,Các loại gia vị,0.2,"0 - 0,03",95,(*)
Acephate,Cà chua,1.0,"0 - 0,03",95,
Acephate,Dầu cọ,0.01,"0 - 0,03",95,(7)
Acephate,Đậu hạt đã bóc vỏ,0.3,"0 - 0,03",95,
Acephate,Các loại quả mọng và quả nhỏ khác,2.0,"0 - 0,03",95,trừ nho và dâu tây
Acephate,Các loại bắp cải,0.7,"0 - 0,03",95,
Acephate,Cần tây,1.5,"0 - 0,03",95,
Acephate,Anh đào,1.5,"0 - 0,03",95,
Acephate,Quả có múi thuộc họ cam quýt,1.0,"0 - 0,03",95,
Acephate,Hạt cây bông,0.7,"0 - 0,03",95,
Acephate,Nội tạng ăn được của động vật có vú,0.05,"0 - 0,03",95,
Acephate,Trứng,0.01,"0 - 0,03",95,(*)
Acephate,Các loại cải bông (bao gồm cải làn và hoa lơ),0.4,"0 - 0,03",95,
Acephate,Các loại rau ăn quả (trừ bầu bí),0.2,"0 - 0,03",95,trừ ngô ngọt và nấm
Acephate,Các loại rau bầu bí,0.2,"0 - 0,03",95,
Acephate,Tỏi,0.02,"0 - 0,03",95,
Acephate,Các loại nho,0.5,"0 - 0,03",95,
Acephate,Mỡ động vật có vú (trừ chất béo sữa),0.02,"0 - 0,03",95,
Acephate,"Thịt động vật có vú, trừ động vật có vú ở biển",0.02,"0 - 0,03",95,
Acephate,Sữa nguyên liệu,0.02,"0 - 0,03",95,
Acephate,Quả xuân đào,0.7,"0 - 0,03",95,
Acephate,Củ hành,0.02,"0 - 0,03",95,
Acephate,Quả đào,0.7,"0 - 0,03",95,
Acephate,Đậu đã tách vỏ (hạt mọng),0.3,"0 - 0,03",95,
Acephate,Ớt ta khô,2.0,"0 - 0,03",95,
Acephate,Các loại mận (bao gồm cả mận khô),0.2,"0 - 0,03",95,trừ mận khô
Acephate,Quả dạng táo,0.8,"0 - 0,03",95,
Acephate,Thịt gia cầm,0.01,"0 - 0,03",95,(*)
Acephate,Nội tạng ăn được của gia cầm,0.05,"0 - 0,03",95,(*)
Acephate,Mận khô,0.6,"0 - 0,03",95,
Acephate,Hành hoa,5.0,"0 - 0,03",95,
Acephate,Dâu tây,0.5,"0 - 0,03",95,
Acephate,Các loại quả hạch,0.06,"0 - 0,03",95,
Acephate,Đậu (khô),0.1,"0 - 0,03",95,
Acephate,Cải Brussels,0.1,"0 - 0,03",95,
Acephate,Quả có múi thuộc họ cam quýt,0.2,"0 - 0,03",95,
Acephate,Hạt cà phê,0.1,"0 - 0,03",95,
Acephate,Hạt cây bông,0.1,"0 - 0,03",95,
Acephate,Dầu hạt cây bông,0.01,"0 - 0,03",95,(*)
Acephate,Các loại nho,0.2,"0 - 0,03",95,
Acephate,Ngô,0.05,"0 - 0,03",95,
Acephate,"Thịt động vật có vú, trừ động vật có vú ở biển",0.01,"0 - 0,03",95,(*)
Acephate,Sữa nguyên liệu,0.01,"0 - 0,03",95,
Acephate,Củ hành,0.1,"0 - 0,03",95,
Acephate,Hạt lạc,0.02,"0 - 0,03",95,
Acephate,Dầu lạc ăn được,0.01,"0 - 0,03",95,(*)
Acephate,Quả hồ đào Pecan,1.0,"0 - 0,03",95,
Acephate,Lúa miến,0.1,"0 - 0,03",95,
Acephate,Đậu tương (khô),0.02,"0 - 0,03",95,(*)
Acephate,Các loại gia vị từ quả và quả mọng,0.07,"0 - 0,03",95,
Acephate,Các loại gia vị từ củ và thân rễ,0.02,"0 - 0,03",95,
Acephate,Củ cải đường,0.05,"0 - 0,03",95,(*)
Acephate,Mía,0.1,"0 - 0,03",95,
Acephate,Hạt hướng dương,0.05,"0 - 0,03",95,(*)
Acephate,Khoai lang,0.1,"0 - 0,03",95,
Acephate,Lúa mì,0.02,"0 - 0,03",95,
Aldrin and Dieldrin,Rau củ,0.05,"0,0001",1,E
Aldrin and Dieldrin,Hạt ngũ cốc,0.02,"0,0001",1,E
Aldrin and Dieldrin,Quả có múi thuộc họ cam quýt,0.05,"0,0001",1,E
Aldrin and Dieldrin,Trứng,0.1,"0,0001",1,E
Aldrin and Dieldrin,Các loại rau bầu bí,0.1,"0,0001",1,E
Aldrin and Dieldrin,Đậu Hà Lan đã tách vỏ (hạt mọng),1.0,"0,0001",1,E
Aldrin and Dieldrin,Rau ăn lá,0.05,"0,0001",1,E
Aldrin and Dieldrin,Rau họ đậu,0.05,"0,0001",1,E
Aldrin and Dieldrin,"Thịt động vật có vú, trừ động vật có vú ở biển",0.2,"0,0001",1,"(fat), E"
Aldrin and Dieldrin,Sữa,0.006,"0,0001",1,"F, E"
Aldrin and Dieldrin,Quả dạng táo,0.05,"0,0001",1,E
Aldrin and Dieldrin,Thịt gia cầm,0.2,"0,0001",1,E
Aldrin and Dieldrin,Các loại đậu lăng,0.05,"0,0001",1,E
Aldrin and Dieldrin,Các loại rau từ rễ và củ,0.1,"0,0001",1,E
Aldrin and Dieldrin,Cần tây,20.0,"0,0001",1,
Aldrin and Dieldrin,Dưa chuột,0.4,"0,0001",1,
Aldrin and Dieldrin,Nho khô (gồm cả quả lý chua khô và nho khô không hạt),20.0,"0,0001",1,
Aldrin and Dieldrin,Trứng,0.03,"0,0001",1,(*)
Aldrin and Dieldrin,Các loại rau ăn quả (trừ bầu bí),1.5,"0,0001",1,trừ ngô ngọt và nấm
Aldrin and Dieldrin,Các loại rau bầu bí,3.0,"0,0001",1,trừ dưa chuột
Aldrin and Dieldrin,Tỏi,1.5,"0,0001",1,
Aldrin and Dieldrin,Các loại nho,6.0,"0,0001",1,
Aldrin and Dieldrin,Hoa bia khô,30.0,"0,0001",1,
Aldrin and Dieldrin,Rau ăn lá,50.0,"0,0001",1,
Aldrin and Dieldrin,Củ hành,1.5,"0,0001",1,
Aldrin and Dieldrin,Ớt ta khô,15.0,"0,0001",1,
Aldrin and Dieldrin,Khoai tây,0.05,"0,0001",1,
Aldrin and Dieldrin,Mỡ gia cầm,0.03,"0,0001",1,(*)
Aldrin and Dieldrin,Thịt gia cầm,0.03,"0,0001",1,(*)
Aldrin and Dieldrin,Nội tạng ăn được của gia cầm,0.03,"0,0001",1,(*)
Aldrin and Dieldrin,Hẹ tây,1.5,"0,0001",1,
Aldrin and Dieldrin,Hành hoa,20.0,"0,0001",1,
Aminocyclopyrachlor,Nội tạng ăn được của động vật có vú,0.3,0 - 3,272,
Aminocyclopyrachlor,Mỡ động vật có vú (trừ chất béo sữa),0.03,0 - 3,272,
Aminocyclopyrachlor,"Thịt động vật có vú, trừ động vật có vú ở biển",0.01,0 - 3,272,
Aminocyclopyrachlor,Sữa nguyên liệu,0.02,0 - 3,272,
Aminopyralid,Lúa mạch,0.1,"0 - 0,9",220,
Aminopyralid,Nội tạng ăn được của động vật có vú,0.05,"0 - 0,9",220,trừ thận
Aminopyralid,Trứng,0.01,"0 - 0,9",220,(*)
Aminopyralid,"Thận của gia súc, dê, lợn và cừu",1.0,"0 - 0,9",220,
Aminopyralid,"Thịt động vật có vú, trừ động vật có vú ở biển",0.1,"0 - 0,9",220,
Aminopyralid,Sữa nguyên liệu,0.02,"0 - 0,9",220,
Aminopyralid,Yến mạch,0.1,"0 - 0,9",220,
Aminopyralid,Thịt gia cầm,0.01,"0 - 0,9",220,(*)
Aminopyralid,Nội tạng ăn được của gia cầm,0.01,"0 - 0,9",220,(*)
Aminopyralid,Lúa mì lai lúa mạch đen,0.1,"0 - 0,9",220,
Aminopyralid,Lúa mì,0.1,"0 - 0,9",220,
Aminopyralid,Cám lúa mì chưa chế biến,0.3,"0 - 0,9",220,
Amitraz,Thịt gia súc,0.05,"0,01",122,(1)
Amitraz,Anh đào,0.5,"0,01",122,
Amitraz,Hạt cây bông,0.5,"0,01",122,
Amitraz,Dầu hạt bông thô,0.05,"0,01",122,
Amitraz,Dưa chuột,0.5,"0,01",122,
Amitraz,"Nội tạng ăn được của gia súc, lợn và cừu",0.2,"0,01",122,(1)
Amitraz,Sữa nguyên liệu,0.01,"0,01",122,"(*), (1)"
Amitraz,"Các loại cam ngọt, cam chua (gồm cả các quả lai giống cam)",0.5,"0,01",122,
Amitraz,Quả đào,0.5,"0,01",122,
Amitraz,Thịt lợn,0.05,"0,01",122,(1)
Amitraz,Quả dạng táo,0.5,"0,01",122,
Amitraz,Thịt cừu,0.1,"0,01",122,(l)
Amitraz,Cà chua,0.5,"0,01",122,
Amitrole,Các loại nho,0.05,"0,002",79,
Amitrole,Quả dạng táo,0.05,"0,002",79,(*)
Amitrole,Các loại quả có hạt,0.05,"0,002",79,(*)
Azinphos-Methyl,Hạnh nhân,0.05,"0 - 0,03",2,
Azinphos-Methyl,Táo,0.05,"0 - 0,03",2,
Azinphos-Methyl,Quả việt quất xanh,5.0,"0 - 0,03",2,
Azinphos-Methyl,(sim Mỹ),,"0 - 0,03",2,
Azinphos-Methyl,Bông lơ xanh,1.0,"0 - 0,03",2,
Azinphos-Methyl,Anh đào,2.0,"0 - 0,03",2,
Azinphos-Methyl,Hạt cây bông,0.2,"0 - 0,03",2,
Azinphos-Methyl,Quả nam việt quất,0.1,"0 - 0,03",2,
Azinphos-Methyl,Dưa chuột,0.2,"0 - 0,03",2,
Azinphos-Methyl,Các loại quả (trừ các quả đã liệt kê khác),1.0,"0 - 0,03",2,
Azinphos-Methyl,"Các loại dưa, trừ dưa hấu",0.2,"0 - 0,03",2,
Azinphos-Methyl,Quả xuân đào,2.0,"0 - 0,03",2,
Azinphos-Methyl,Quả đào,2.0,"0 - 0,03",2,
Azinphos-Methyl,Lê,2.0,"0 - 0,03",2,
Azinphos-Methyl,Quả hồ đào Pecan,0.3,"0 - 0,03",2,
Azinphos-Methyl,Ớt ta khô,10.0,"0 - 0,03",2,
Azinphos-Methyl,Ớt ngọt (gồm cả ớt ngọt Pimento),1.0,"0 - 0,03",2,
Azinphos-Methyl,Các loại mận (bao gồm cả mận khô),2.0,"0 - 0,03",2,
Azinphos-Methyl,Khoai tây,0.05,"0 - 0,03",2,(*)
Azinphos-Methyl,Đậu tương (khô),0.05,"0 - 0,03",2,(*)
Azinphos-Methyl,Các loại gia vị,0.5,"0 - 0,03",2,(*)
Azinphos-Methyl,Mía,0.2,"0 - 0,03",2,
Azinphos-Methyl,Cà chua,1.0,"0 - 0,03",2,
Azinphos-Methyl,Các loại rau (trừ các loại đã được liệt kê),0.5,"0 - 0,03",2,
Azinphos-Methyl,Các loại quả óc chó,0.3,"0 - 0,03",2,
Azinphos-Methyl,Dưa hấu,0.2,"0 - 0,03",2,
Azocyclotin,Táo,0.2,"0 - 0,003",129,
Azocyclotin,"Quả lý chua đen, quả lý chua đỏ, quả lý chua trắng",0.1,"0 - 0,003",129,
Azocyclotin,Các loại nho,0.3,"0 - 0,003",129,
Azocyclotin,"Các loại cam ngọt, cam chua (gồm cả các quả lai giống cam)",0.2,"0 - 0,003",129,
Azocyclotin,Lê,0.2,"0 - 0,003",129,
Azoxystrobin,Artiso (cả cây),5.0,"0 - 0,2",229,
Azoxystrobin,Măng tây,0.01,"0 - 0,2",229,(*)
Azoxystrobin,Chuối,2.0,"0 - 0,2",229,
Azoxystrobin,Lúa mạch,1.5,"0 - 0,2",229,
Azoxystrobin,Các loại quả mọng và quả nhỏ khác,5.0,"0 - 0,2",229,"trừ nam việt quất, nho và dâu tây"
Azoxystrobin,"Các loại rau họ bắp cải, cải bắp, cải bông",5.0,"0 - 0,2",229,
Azoxystrobin,Rau củ,10.0,"0 - 0,2",229,
Azoxystrobin,Khế,0.1,"0 - 0,2",229,
Azoxystrobin,Cần tây,5.0,"0 - 0,2",229,
Azoxystrobin,Quả có múi thuộc họ cam quýt,15.0,"0 - 0,2",229,
Azoxystrobin,Hạt cà phê,0.03,"0 - 0,2",229,
Azoxystrobin,Hạt cây bông,0.7,"0 - 0,2",229,
Azoxystrobin,Quả nam việt quất,0.5,"0 - 0,2",229,
Azoxystrobin,Rau gia vị khô,300.0,"0 - 0,2",229,trừ hoa bia khô
Azoxystrobin,Nội tạng ăn được của động vật có vú,0.07,"0 - 0,2",229,
Azoxystrobin,Trứng,0.01,"0 - 0,2",229,(*)
Azoxystrobin,Các loại rau ăn quả (trừ bầu bí),3.0,"0 - 0,2",229,trừ nấm và ngô ngọt
Azoxystrobin,Các loại rau bầu bí,1.0,"0 - 0,2",229,
Azoxystrobin,Sâm,0.1,"0 - 0,2",229,
Azoxystrobin,Sâm khô (kể cả sâm đỏ),0.3,"0 - 0,2",229,
Azoxystrobin,Chiết xuất sâm,0.5,"0 - 0,2",229,
Azoxystrobin,Các loại nho,2.0,"0 - 0,2",229,
Azoxystrobin,Các loại rau gia vị,70.0,"0 - 0,2",229,
Azoxystrobin,Hoa bia khô,30.0,"0 - 0,2",229,
Azoxystrobin,Rau họ đậu,3.0,"0 - 0,2",229,
Azoxystrobin,Rau xà lách,3.0,"0 - 0,2",229,
Azoxystrobin,Lá rau diếp,3.0,"0 - 0,2",229,
Azoxystrobin,Ngô,0.02,"0 - 0,2",229,
Azoxystrobin,Dầu ngô ăn được,0.1,"0 - 0,2",229,
Azoxystrobin,Xoài,0.7,"0 - 0,2",229,
Azoxystrobin,"Thịt động vật có vú, trừ động vật có vú ở biển",0.05,"0 - 0,2",229,(fat)
Azoxystrobin,Các loại chất béo từ sữa,0.03,"0 - 0,2",229,
Azoxystrobin,Sữa nguyên liệu,0.01,"0 - 0,2",229,
Azoxystrobin,Yến mạch,1.5,"0 - 0,2",229,
Azoxystrobin,Đu đủ,0.3,"0 - 0,2",229,
Azoxystrobin,Hạt lạc,0.2,"0 - 0,2",229,
Azoxystrobin,Ớt ta khô,30.0,"0 - 0,2",229,
Azoxystrobin,Hạt dẻ cười,1.0,"0 - 0,2",229,
Azoxystrobin,Chuối lá,2.0,"0 - 0,2",229,
Azoxystrobin,Khoai tây,7.0,"0 - 0,2",229,Po
Azoxystrobin,Thịt gia cầm,0.01,"0 - 0,2",229,(*)
Azoxystrobin,Nội tạng ăn được của gia cầm,0.01,"0 - 0,2",229,(*)
Azoxystrobin,Các loại đậu lăng,0.07,"0 - 0,2",229,trừ đậu nành
Azoxystrobin,Gạo,5.0,"0 - 0,2",229,
Azoxystrobin,Các loại rau từ rễ và củ,1.0,"0 - 0,2",229,trừ khoai tây
Azoxystrobin,Lúa mạch đen,0.2,"0 - 0,2",229,
Azoxystrobin,Lúa miến,10.0,"0 - 0,2",229,
Azoxystrobin,Đậu tương (khô),0.5,"0 - 0,2",229,
Azoxystrobin,Các loại,2.0,"0 - 0,2",229,
Azoxystrobin,quả có hạt,,"0 - 0,2",229,
Azoxystrobin,Dâu tây,10.0,"0 - 0,2",229,
Azoxystrobin,Hạt hướng dương,0.5,"0 - 0,2",229,
Azoxystrobin,Các loại quả hạch,0.01,"0 - 0,2",229,
Azoxystrobin,Lúa mì lai lúa mạch đen,0.2,"0 - 0,2",229,
Azoxystrobin,Lúa mì,0.2,"0 - 0,2",229,
Azoxystrobin,Rau diếp xoăn,0.3,"0 - 0,2",229,
Benalaxyl,Các loại nho,0.3,"0 - 0,07",155,
Benalaxyl,Rau xà lách,1.0,"0 - 0,07",155,
Benalaxyl,"Các loại dưa, trừ dưa hấu",0.3,"0 - 0,07",155,
Benalaxyl,Củ hành,0.02,"0 - 0,07",155,(*)
Benalaxyl,Khoai tây,0.02,"0 - 0,07",155,(*)
Benalaxyl,Cà chua,0.2,"0 - 0,07",155,
Benalaxyl,Dưa hấu,0.1,"0 - 0,07",155,
Benalaxyl,Đậu đỗ các loại (trừ đậu tằm và đậu tương),0.01,"0 - 0,07",155,Quả xanh và hạt non; (*)
Benalaxyl,Đậu hạt đã bóc vỏ,0.01,"0 - 0,07",155,hạt mọng non; (*)
Benalaxyl,Hạt ngũ cốc,0.01,"0 - 0,07",155,(*)
Benalaxyl,Trứng,0.01,"0 - 0,07",155,(*)
Benalaxyl,Đậu trồng (khô),1.0,"0 - 0,07",155,
Benalaxyl,Đậu lima (quả non và/hoặc hạt non),0.1,"0 - 0,07",155,
Benalaxyl,Các loại rau gia vị,0.1,"0 - 0,07",155,
Benalaxyl,Hạt lanh,0.02,"0 - 0,07",155,(*)
Benalaxyl,Sữa nguyên liệu,0.01,"0 - 0,07",155,(*)
Benalaxyl,Củ hành,0.04,"0 - 0,07",155,
Benalaxyl,Hạt lạc,0.05,"0 - 0,07",155,(*)
Benalaxyl,Đậu (quả và hạt mọng non),1.5,"0 - 0,07",155,
Benalaxyl,Khoai tây,0.1,"0 - 0,07",155,
Benalaxyl,Thịt gia cầm,0.03,"0 - 0,07",155,(fat)
Benalaxyl,Nội tạng ăn được của gia cầm,0.07,"0 - 0,07",155,
Benalaxyl,Đậu tương (khô),0.01,"0 - 0,07",155,(*)
Benalaxyl,Hành hoa,0.08,"0 - 0,07",155,
Benalaxyl,Ngô ngọt (nguyên bắp),0.01,"0 - 0,07",155,(*)
Benzovindiflupyr,Nội tạng ăn được của động vật có vú,0.01,"0 - 0,05",261,(*)
Benzovindiflupyr,Trứng,0.01,"0 - 0,05",261,(*)
Benzovindiflupyr,Mỡ động vật có vú (trừ chất béo sữa),0.01,"0 - 0,05",261,(*)
Benzovindiflupyr,"Thịt động vật có vú, trừ động vật có vú ở biển",0.01,"0 - 0,05",261,(*)
Benzovindiflupyr,Sữa nguyên liệu,0.01,"0 - 0,05",261,(*)
Benzovindiflupyr,Mỡ gia cầm,0.01,"0 - 0,05",261,(*)
Benzovindiflupyr,Thịt gia cầm,0.01,"0 - 0,05",261,(*)
Benzovindiflupyr,Nội tạng ăn được của gia cầm,0.01,"0 - 0,05",261,(*)
Benzovindiflupyr,Đậu tương (khô),0.05,"0 - 0,05",261,
Bifenazate,Đậu (khô),0.3,"0 - 0,01",219,
Bifenazate,Quả dâu đen (dâu ta),7.0,"0 - 0,01",219,
Bifenazate,Hạt cây bông,0.3,"0 - 0,01",219,
Bifenazate,Quả mâm xôi (gồm cả mâm xôi lai và mâm xôi đỏ sẫm),7.0,"0 - 0,01",219,
Bifenazate,Nho khô (gồm cả quả lý chua khô và nho khô không,2.0,"0 - 0,01",219,
Bifenazate,hạt),,"0 - 0,01",219,
Bifenazate,Nội tạng ăn được của động vật có vú,0.01,"0 - 0,01",219,(*)
Bifenazate,Trứng,0.01,"0 - 0,01",219,(*)
Bifenazate,Các loại rau bầu bí,0.5,"0 - 0,01",219,
Bifenazate,Các loại nho,0.7,"0 - 0,01",219,
Bifenazate,Hoa bia khô,20.0,"0 - 0,01",219,
Bifenazate,Rau họ đậu,7.0,"0 - 0,01",219,
Bifenazate,"Thịt động vật có vú, trừ động vật có vú ở biển",0.05,"0 - 0,01",219,(fat)
Bifenazate,Các loại chất béo từ sữa,0.05,"0 - 0,01",219,
Bifenazate,Sữa nguyên liệu,0.01,"0 - 0,01",219,(*)
Bifenazate,Các loại bạc hà,40.0,"0 - 0,01",219,
Bifenazate,Ớt ta,3.0,"0 - 0,01",219,
Bifenazate,Ớt ngọt (gồm cả ớt ngọt Pimento),2.0,"0 - 0,01",219,
Bifenazate,Quả dạng táo,0.7,"0 - 0,01",219,
Bifenazate,Thịt gia cầm,0.01,"0 - 0,01",219,"(*), (fat)"
Bifenazate,Nội tạng ăn được của gia cầm,0.01,"0 - 0,01",219,(*)
Bifenazate,Quả mâm xôi (phúc bồn tử/ngấy hương/dâ u rừng) đen và đỏ,7.0,"0 - 0,01",219,
Bifenazate,Các loại quả có hạt,2.0,"0 - 0,01",219,
Bifenazate,Dâu tây,2.0,"0 - 0,01",219,
Bifenazate,Cà chua,0.5,"0 - 0,01",219,
Bifenazate,Các loại quả hạch,0.2,"0 - 0,01",219,
Bifenthrin,Chuối,0.1,"0 - 0,01",178,
Bifenthrin,Lúa mạch,0.05,"0 - 0,01",178,(*)
Bifenthrin,Quả dâu đen (dâu ta),1.0,"0 - 0,01",178,
Bifenthrin,"Các loại rau họ bắp cải, cải bắp, cải bông",0.4,"0 - 0,01",178,
Bifenthrin,Quả có múi thuộc họ cam quýt,0.05,"0 - 0,01",178,
Bifenthrin,Hạt cây bông,0.5,"0 - 0,01",178,
Bifenthrin,Quả mâm xôi (gồm cả mâm xôi lai và mâm xôi đỏ sẫm),1.0,"0 - 0,01",178,
Bifenthrin,Nội tạng ăn được của động vật có vú,0.2,"0 - 0,01",178,
Bifenthrin,Cà tím,3.0,"0 - 0,01",178,
Bifenthrin,Hoa bia khô,20.0,"0 - 0,01",178,
Bifenthrin,Ngô,0.05,"0 - 0,01",178,(*)
Bifenthrin,"Thịt động vật có vú, trừ động vật có vú ở biển",3.0,"0 - 0,01",178,(fat)
Bifenthrin,Các loại chất béo từ sữa,3.0,"0 - 0,01",178,
Bifenthrin,Sữa nguyên liệu,0.2,"0 - 0,01",178,
Bifenthrin,Cây mù tạt,4.0,"0 - 0,01",178,
Bifenthrin,Các loại ớt,0.5,"0 - 0,01",178,
Bifenthrin,Ớt ta khô,5.0,"0 - 0,01",178,
Bifenthrin,Các loại đậu lăng,0.3,"0 - 0,01",178,
Bifenthrin,Lá củ cải (gồm cả lá cây họ cải),4.0,"0 - 0,01",178,
Bifenthrin,Hạt cải dầu,0.05,"0 - 0,01",178,
Bifenthrin,Dầu hạt cải dầu ăn được,0.1,"0 - 0,01",178,
Bifenthrin,Quả mâm xôi (phúc bồn tử/ngấy hương/dâ,1.0,"0 - 0,01",178,
Bifenthrin,u rừng) đen và đỏ,,"0 - 0,01",178,
Bifenthrin,Các loại rau từ rễ và củ,0.05,"0 - 0,01",178,
Bifenthrin,Các loại gia vị từ quả và quả mọng,0.03,"0 - 0,01",178,
Bifenthrin,Các loại gia vị từ củ và thân rễ,0.05,"0 - 0,01",178,
Bifenthrin,Dâu tây,1.0,"0 - 0,01",178,
Bifenthrin,"Trà xanh, đen",30.0,"0 - 0,01",178,
Bifenthrin,Cà chua,0.3,"0 - 0,01",178,
Bifenthrin,Các loại quả hạch,0.05,"0 - 0,01",178,
Bifenthrin,Lúa mì,0.5,"0 - 0,01",178,Po
Bifenthrin,Cám lúa mì chưa chế biến,2.0,"0 - 0,01",178,
Bifenthrin,Mầm lúa mì,1.0,"0 - 0,01",178,Po
Bioresmethrin,Lúa mì,1.0,"0,03",93,Po
Bioresmethrin,Cám lúa mì chưa chế biến,5.0,"0,03",93,
Bioresmethrin,Bột lúa mì,1.0,"0,03",93,PoP
Bioresmethrin,Mầm lúa mì,3.0,"0,03",93,PoP
Bioresmethrin,Lúa mì chưa rây,1.0,"0,03",93,PoP
Bitertanol,Quả mơ,1.0,"0,01",144,
Bitertanol,Chuối,0.5,"0,01",144,
Bitertanol,Lúa mạch,0.05,"0,01",144,(*)
Bitertanol,Anh đào,1.0,"0,01",144,
Bitertanol,Dưa chuột,0.5,"0,01",144,
Bitertanol,Nội tạng ăn được của động vật có vú,0.05,"0,01",144,(*)
Bitertanol,Trứng,0.01,"0,01",144,(*)
Bitertanol,"Thịt động vật có vú, trừ động vật có vú ở biển",0.05,"0,01",144,"(*), (fat)"
Bitertanol,Sữa nguyên liệu,0.05,"0,01",144,(*)
Bitertanol,Quả xuân đào,1.0,"0,01",144,
Bitertanol,Yến mạch,0.05,"0,01",144,(*)
Bitertanol,Quả đào,1.0,"0,01",144,
Bitertanol,Các loại mận (bao gồm cả mận khô),2.0,"0,01",144,
Bitertanol,Quả dạng táo,2.0,"0,01",144,
Bitertanol,Thịt gia cầm,0.01,"0,01",144,(*)
Bitertanol,Nội tạng ăn được của gia cầm,0.01,"0,01",144,(*)
Bitertanol,Lúa mạch đen,0.05,"0,01",144,(*)
Bitertanol,Cà chua,3.0,"0,01",144,
Bitertanol,Lúa mì lai lúa mạch đen,0.05,"0,01",144,(*)
Bitertanol,Lúa mì,0.05,"0,01",144,(*)
Boscalid,Táo,2.0,"0 - 0,04",221,
Boscalid,Chuối,0.6,"0 - 0,04",221,
Boscalid,Lúa mạch,0.5,"0 - 0,04",221,
Boscalid,Các loại quả mọng và quả nhỏ khác,10.0,"0 - 0,04",221,"trừ dâu tây, nho"
Boscalid,"Các loại rau họ bắp cải, cải bắp, cải bông",5.0,"0 - 0,04",221,
Boscalid,Rau củ,5.0,"0 - 0,04",221,
Boscalid,Hạt ngũ cốc,0.1,"0 - 0,04",221,"trừ lúa mạch, yến mạch, lúa mạch đen và lúa mì"
Boscalid,Quả có múi thuộc họ cam quýt,2.0,"0 - 0,04",221,
Boscalid,Dầu cam chanh ăn được,50.0,"0 - 0,04",221,
Boscalid,Hạt cà phê,0.05,"0 - 0,04",221,(*)
Boscalid,Nho khô (gồm cả quả lý chua khô và nho khô không hạt),10.0,"0 - 0,04",221,
Boscalid,Nội tạng ăn được,0.2,"0 - 0,04",221,
Boscalid,của động vật có vú,,"0 - 0,04",221,
Boscalid,Trứng,0.02,"0 - 0,04",221,
Boscalid,Các loại rau ăn quả (trừ bầu bí),3.0,"0 - 0,04",221,trừ nấm và ngô ngọt
Boscalid,Các loại rau bầu bí,3.0,"0 - 0,04",221,
Boscalid,Các loại nho,5.0,"0 - 0,04",221,
Boscalid,Hoa bia khô,60.0,"0 - 0,04",221,
Boscalid,Quả kiwi,5.0,"0 - 0,04",221,
Boscalid,Rau ăn lá,40.0,"0 - 0,04",221,
Boscalid,Rau họ đậu,3.0,"0 - 0,04",221,
Boscalid,"Thịt động vật có vú, trừ động vật có vú ở biển",0.7,"0 - 0,04",221,(fat)
Boscalid,Các loại chất béo từ sữa,2.0,"0 - 0,04",221,
Boscalid,Sữa nguyên liệu,0.1,"0 - 0,04",221,
Boscalid,Yến mạch,0.5,"0 - 0,04",221,
Boscalid,Hạt có dầu,1.0,"0 - 0,04",221,
Boscalid,Ớt ta khô,10.0,"0 - 0,04",221,
Boscalid,Hạt dẻ cười,1.0,"0 - 0,04",221,
Boscalid,Mỡ gia cầm,0.02,"0 - 0,04",221,
Boscalid,Thịt gia cầm,0.02,"0 - 0,04",221,
Boscalid,Nội tạng ăn được của gia cầm,0.02,"0 - 0,04",221,
Boscalid,Mận khô,10.0,"0 - 0,04",221,
Boscalid,Các loại đậu lăng,3.0,"0 - 0,04",221,
Boscalid,Các loại rau từ rễ và củ,2.0,"0 - 0,04",221,
Boscalid,Lúa mạch đen,0.5,"0 - 0,04",221,
Boscalid,Rau từ thân và rễ,30.0,"0 - 0,04",221,
Boscalid,Các loại quả có hạt,3.0,"0 - 0,04",221,
Boscalid,Dâu tây,3.0,"0 - 0,04",221,
Boscalid,Các loại quả hạch,0.05,"0 - 0,04",221,trừ hạt dẻ cười; (*)
Boscalid,Lúa mì,0.5,"0 - 0,04",221,
Bromide Ion,Quả bơ,75.0,1,47,
Bromide Ion,Đậu tằm (quả xanh và hạt non),500.0,1,47,
Bromide Ion,Bông lơ xanh,30.0,1,47,
Bromide Ion,Các loại bắp cải,100.0,1,47,
Bromide Ion,Cần tây,300.0,1,47,
Bromide Ion,Hạt ngũ cốc,50.0,1,47,
Bromide Ion,Quả có múi thuộc họ cam quýt,30.0,1,47,
Bromide Ion,Dưa chuột,100.0,1,47,
Bromide Ion,Chà là sấy hoặc sấy khô trộn đường,100.0,1,47,
Bromide Ion,Quả khô,30.0,1,47,
Bromide Ion,Nho khô (gồm cả quả lý chua khô và nho khô không hạt),100.0,1,47,
Bromide Ion,Rau gia vị khô,400.0,1,47,
Bromide Ion,Quả và sấy khô hoặc sấy khô trộn đường,250.0,1,47,
Bromide Ion,Các loại quả (trừ các quả đã liệt kê khác),20.0,1,47,
Bromide Ion,"Đậu Hà Lan (quả non), (hạt mọng non)",500.0,1,47,
Bromide Ion,Rau xà lách,100.0,1,47,
Bromide Ion,Đậu bắp,200.0,1,47,
Bromide Ion,Đào khô,50.0,1,47,
Bromide Ion,Ớt ta khô,200.0,1,47,
Bromide Ion,Ớt ngọt (gồm cả ớt ngọt,20.0,1,47,
Bromide Ion,Pimento),,1,47,
Bromide Ion,Mận khô (xem các loại mận),20.0,1,47,
Bromide Ion,Củ cải ri/ Củ cải,200.0,1,47,
Bromide Ion,Các loại gia vị,400.0,1,47,
Bromide Ion,Bí mùa hè,200.0,1,47,
Bromide Ion,Dâu tây,30.0,1,47,
Bromide Ion,Cà chua,75.0,1,47,
Bromide Ion,Lá củ cải đỏ,1000.0,1,47,
Bromide Ion,Củ cải Tumip vườn,200.0,1,47,
Bromide Ion,Lúa mì chưa rây,50.0,1,47,
Bromopropylate,Quả có múi thuộc họ cam quýt,2.0,"0,03",70,
Bromopropylate,Đậu thường (quả và/hoặc hạt non),3.0,"0,03",70,
Bromopropylate,Dưa chuột,0.5,"0,03",70,
Bromopropylate,Các loại nho,2.0,"0,03",70,
Bromopropylate,"Các loại dưa, trừ dưa hấu",0.5,"0,03",70,
Bromopropylate,Các loại mận (bao gồm cả mận khô),2.0,"0,03",70,
Bromopropylate,Quả dạng táo,2.0,"0,03",70,
Bromopropylate,Bí mùa hè,0.5,"0,03",70,
Bromopropylate,Dâu tây,2.0,"0,03",70,
Buprofezin,Hạnh nhân,0.05,"0 - 0,009",173,(*)
Buprofezin,Táo,3.0,"0 - 0,009",173,
Buprofezin,Chuối,0.3,"0 - 0,009",173,
Buprofezin,Lá húng quế,3.0,"0 - 0,009",173,(7)
Buprofezin,Anh đào,2.0,"0 - 0,009",173,
Buprofezin,Quả có múi thuộc họ cam quýt,1.0,"0 - 0,009",173,
Buprofezin,Hạt cà phê,0.4,"0 - 0,009",173,
Buprofezin,Nho khô,2.0,"0 - 0,009",173,
Buprofezin,(gồm cả quả lý chua khô và nho khô không hạt),,"0 - 0,009",173,
Buprofezin,Nội tạng ăn được của động vật có vú,0.05,"0 - 0,009",173,(*)
Buprofezin,Các loại rau bầu bí,0.7,"0 - 0,009",173,
Buprofezin,Các loại nho,1.0,"0 - 0,009",173,
Buprofezin,Xoài,0.1,"0 - 0,009",173,
Buprofezin,"Thịt động vật có vú, trừ động vật có vú ở biển",0.05,"0 - 0,009",173,(*)
Buprofezin,Sữa nguyên liệu,0.01,"0 - 0,009",173,(*)
Buprofezin,Quả xuân đào,9.0,"0 - 0,009",173,
Buprofezin,Quả ôliu,5.0,"0 - 0,009",173,
Buprofezin,Quả đào,9.0,"0 - 0,009",173,
Buprofezin,Lê,6.0,"0 - 0,009",173,
Buprofezin,Các loại ớt,2.0,"0 - 0,009",173,
Buprofezin,Ớt ta,10.0,"0 - 0,009",173,
Buprofezin,Ớt ta khô,10.0,"0 - 0,009",173,
Buprofezin,Các loại mận (bao gồm cả mận khô),2.0,"0 - 0,009",173,
Buprofezin,Dâu tây,3.0,"0 - 0,009",173,
Buprofezin,Trà xanh,30.0,"0 - 0,009",173,
Buprofezin,Cà chua,1.0,"0 - 0,009",173,
Cadusafos,Chuối,0.01,"0 - 0,0005",174,
Captan,Hạnh nhân,0.3,"0 - 0,1",7,
Captan,Quả việt quất xanh,20.0,"0 - 0,1",7,
Captan,Anh đào,25.0,"0 - 0,1",7,
Captan,Dưa chuột,3.0,"0 - 0,1",7,
Captan,Nho khô (gồm cả quả lý chua khô và nho khô không hạt),50.0,"0 - 0,1",7,
Captan,Nho,25.0,"0 - 0,1",7,
Captan,"Các loại dưa, trừ dưa hấu",10.0,"0 - 0,1",7,
Captan,Quả xuân đào,3.0,"0 - 0,1",7,
Captan,Đào lông,20.0,"0 - 0,1",7,
Captan,Các loại mận (bao gồm cả mận khô),10.0,"0 - 0,1",7,
Captan,Quả dạng táo,15.0,"0 - 0,1",7,Po
Captan,Khoai tây,0.05,"0 - 0,1",7,
Captan,"Quả mâm xôi đỏ, Quả mâm xôi đen",20.0,"0 - 0,1",7,
Captan,Các loại gia vị từ củ và thân rễ,0.05,"0 - 0,1",7,
Captan,Dâu tây,15.0,"0 - 0,1",7,
Captan,Cà chua,5.0,"0 - 0,1",7,
Carbaryl,Măng tây,15.0,"0 - 0,008",8,
Carbaryl,Củ cải đường,0.1,"0 - 0,008",8,
Carbaryl,Cà rốt,0.5,"0 - 0,008",8,
Carbaryl,Quả có múi thuộc họ cam quýt,15.0,"0 - 0,008",8,
Carbaryl,Quả nam việt quất,5.0,"0 - 0,008",8,
Carbaryl,Cà tím,1.0,"0 - 0,008",8,
Carbaryl,"Thận của gia súc, dê, lợn và cừu",3.0,"0 - 0,008",8,
Carbaryl,"Gan của gia súc, dê, lợn và cừu",1.0,"0 - 0,008",8,
Carbaryl,Ngô,0.02,"0 - 0,008",8,(*)
Carbaryl,Dầu ngô thô,0.1,"0 - 0,008",8,
Carbaryl,"Thịt động vật có vú, trừ động vật có vú ở biển",0.05,"0 - 0,008",8,
Carbaryl,Sữa nguyên liệu,0.05,"0 - 0,008",8,
Carbaryl,Dầu oliu nguyên,25.0,"0 - 0,008",8,
Carbaryl,chất,,"0 - 0,008",8,
Carbaryl,Quả ôliu,30.0,"0 - 0,008",8,
Carbaryl,Ớt ta,0.5,"0 - 0,008",8,
Carbaryl,Ớt ta khô,2.0,"0 - 0,008",8,
Carbaryl,Ớt ngọt (gồm cả ớt ngọt Pimento),5.0,"0 - 0,008",8,
Carbaryl,Cám gạo chưa chế biến,170.0,"0 - 0,008",8,
Carbaryl,Trấu gạo,50.0,"0 - 0,008",8,
Carbaryl,Gạo được đánh bóng,1.0,"0 - 0,008",8,
Carbaryl,Lúa miến,10.0,"0 - 0,008",8,"Po, T"
Carbaryl,Đậu tương (khô),0.2,"0 - 0,008",8,
Carbaryl,Dầu đậu tương thô,0.2,"0 - 0,008",8,
Carbaryl,Các loại gia vị từ quả và quả mọng,0.8,"0 - 0,008",8,
Carbaryl,Các loại gia vị từ củ và thân rễ,0.1,"0 - 0,008",8,
Carbaryl,Hạt hướng dương,0.2,"0 - 0,008",8,
Carbaryl,Dầu hạt hướng dương thô,0.05,"0 - 0,008",8,
Carbaryl,Ngô ngọt (nguyên bắp),0.1,"0 - 0,008",8,
Carbaryl,Khoai lang,0.02,"0 - 0,008",8,(*)
Carbaryl,Cà chua,5.0,"0 - 0,008",8,
Carbaryl,Nước ép cà chua,3.0,"0 - 0,008",8,
Carbaryl,Sốt cà chua,10.0,"0 - 0,008",8,
Carbaryl,Các loại quả hạch,1.0,"0 - 0,008",8,
Carbaryl,Củ cải Turnip vườn,1.0,"0 - 0,008",8,
Carbaryl,Lúa mì,2.0,"0 - 0,008",8,
Carbaryl,Cám lúa mì chưa chế biến,2.0,"0 - 0,008",8,
Carbaryl,Bột lúa mì,0.2,"0 - 0,008",8,
Carbaryl,Mầm lúa mì,1.0,"0 - 0,008",8,
Carbendazini,Quả mơ,2.0,"0,03",72,
Carbendazini,Măng tây,0.2,"0,03",72,
Carbendazini,Chuối,0.2,"0,03",72,
Carbendazini,Lúa mạch,0.5,"0,03",72,
Carbendazini,Đậu (khô),0.5,"0,03",72,
Carbendazini,Các loại quả mọng và quả nhỏ khác,1.0,"0,03",72,trừ nho
Carbendazini,Cải Brussels,0.5,"0,03",72,
Carbendazini,Cà rốt,0.2,"0,03",72,
Carbendazini,Thịt gia súc,0.05,"0,03",72,(*)
Carbendazini,Anh đào,10.0,"0,03",72,
Carbendazini,Mỡ gà,0.05,"0,03",72,(*)
Carbendazini,Hạt cà phê,0.1,"0,03",72,
Carbendazini,Đậu thường (quả và/hoặc hạt non),0.5,"0,03",72,
Carbendazini,Dưa chuột,0.05,"0,03",72,(*)
Carbendazini,Nội tạng ăn được của động vật có vú,0.05,"0,03",72,(*)
Carbendazini,Trứng,0.05,"0,03",72,(*)
Carbendazini,Đậu Hà Lan đã tách vỏ (hạt mọng),0.02,"0,03",72,
Carbendazini,Dưa chuột ri,0.05,"0,03",72,(*)
Carbendazini,Các loại nho,3.0,"0,03",72,
Carbendazini,Rau xà lách,5.0,"0,03",72,
Carbendazini,Xoài,5.0,"0,03",72,
Carbendazini,Sữa nguyên liệu,0.05,"0,03",72,(*)
Carbendazini,Quả xuân đào,2.0,"0,03",72,
Carbendazini,"Các loại cam ngọt, cam chua (gồm cả các quả lai giống cam)",1.0,"0,03",72,
Carbendazini,Quả đào,2.0,"0,03",72,
Carbendazini,Hạt lạc,0.1,"0,03",72,(*)
Carbendazini,Ớt ta,2.0,"0,03",72,
Carbendazini,Ớt ta khô,20.0,"0,03",72,
Carbendazini,Dứa,5.0,"0,03",72,
Carbendazini,Các loại mận (bao gồm cả mận khô),0.5,"0,03",72,
Carbendazini,Quả dạng táo,3.0,"0,03",72,
Carbendazini,Thịt gia cầm,0.05,"0,03",72,(*)
Carbendazini,Hạt cải dầu,0.05,"0,03",72,(*)
Carbendazini,Gạo đã xát vỏ,2.0,"0,03",72,(*)
Carbendazini,Lúa mạch đen,0.1,"0,03",72,
Carbendazini,Đậu tương (khô),0.5,"0,03",72,
Carbendazini,Các loại gia vị từ quả và quả mọng,0.1,"0,03",72,
Carbendazini,Các loại gia vị từ củ và thân rễ,0.1,"0,03",72,
Carbendazini,Bí mùa hè,0.5,"0,03",72,
Carbendazini,Củ cải đường,0.1,"0,03",72,(*)
Carbendazini,Cà chua,0.5,"0,03",72,
Carbendazini,Các loại quả hạch,0.1,"0,03",72,(*)
Carbendazini,Lúa mì,0.05,"0,03",72,(*)
Carbofuran,Măng tây,0.06,"0 - 0,001",96,(7)
Carbofuran,Chuối,0.01,"0 - 0,001",96,(*)
Carbofuran,Mỡ gia súc,0.05,"0 - 0,001",96,(*)
Carbofuran,Hạt cà phê,1.0,"0 - 0,001",96,
Carbofuran,Hạt cây bông,0.1,"0 - 0,001",96,
Carbofuran,"Nội tạng ăn được của gia súc, dê, ngựa, lợn và cừu",0.05,"0 - 0,001",96,(*)
Carbofuran,Mỡ dê,0.05,"0 - 0,001",96,(*)
Carbofuran,Mỡ ngựa,0.05,"0 - 0,001",96,(*)
Carbofuran,Ngô,0.05,"0 - 0,001",96,"Dựa trên sử dụng Carbosulfa n, (*)"
Carbofuran,Quýt,0.5,"0 - 0,001",96,Dựa trên sử dụng
Carbofuran,"Thịt gia súc, dê, ngựa, lợn và cừu",0.05,"0 - 0,001",96,(*)
Carbofuran,"Các loại cam ngọt, cam chua (gồm cả các quả lai giống cam)",0.5,"0 - 0,001",96,
Carbofuran,Mỡ lợn,0.05,"0 - 0,001",96,(*)
Carbofuran,Hạt cải dầu,0.05,"0 - 0,001",96,(*)
Carbofuran,Gạo đã xát vỏ,0.1,"0 - 0,001",96,
Carbofuran,Mỡ cừu,0.05,"0 - 0,001",96,(*)
Carbofuran,Lúa miến,0.1,"0 - 0,001",96,(*)
Carbofuran,Các loại gia vị từ củ và thân rễ,0.1,"0 - 0,001",96,
Carbofuran,Củ cải đường,0.2,"0 - 0,001",96,
Carbofuran,Mía,0.1,"0 - 0,001",96,(*)
Carbofuran,Hạt hướng dương,0.1,"0 - 0,001",96,(*)
Carbosulfan,Măng tây,0.02,"0 - 0,01",145,(7)
Carbosulfan,Hạt cây bông,0.05,"0 - 0,01",145,
Carbosulfan,Nội tạng ăn được của động vật có vú,0.05,"0 - 0,01",145,(*)
Carbosulfan,Trứng,0.05,"0 - 0,01",145,(*)
Carbosulfan,Ngô,0.05,"0 - 0,01",145,(*)
Carbosulfan,Quýt,0.1,"0 - 0,01",145,
Carbosulfan,"Thịt động vịt có vú, trừ động vật có vú ở biển",0.05,"0 - 0,01",145,(*); (fat)
Carbosulfan,"Các loại cam ngọt, cam chua (gồm cả các quả lai giống cam)",0.1,"0 - 0,01",145,
Carbosulfan,Thịt gia cầm,0.05,"0 - 0,01",145,(*)
Carbosulfan,Nội tạng ăn được của gia,0.05,"0 - 0,01",145,(*)
Carbosulfan,cầm,,"0 - 0,01",145,
Carbosulfan,Các loại gia vị từ quả và quả mọng,0.07,"0 - 0,01",145,
Carbosulfan,Các loại gia vị từ củ và thân rễ,0.1,"0 - 0,01",145,
Carbosulfan,Củ cải đường,0.3,"0 - 0,01",145,
Chlorantraniliprole,Artiso (cả cây),2.0,0 - 2,230,
Chlorantraniliprole,Đậu đỗ các loại (trừ đậu tằm và đậu tương),0.8,0 - 2,230,quả và hạt non xanh
Chlorantraniliprole,Các loại quả mọng và quả nhỏ khác,1.0,0 - 2,230,
Chlorantraniliprole,"Các loại rau họ bắp cải, cải bắp, cải bông",2.0,0 - 2,230,
Chlorantraniliprole,Cà rốt,0.08,0 - 2,230,
Chlorantraniliprole,Cần tây,7.0,0 - 2,230,
Chlorantraniliprole,Hạt ngũ cốc,0.02,0 - 2,230,trừ gạo
Chlorantraniliprole,Quả có múi thuộc họ cam quýt,0.7,0 - 2,230,
Chlorantraniliprole,Hạt cà phê,0.05,0 - 2,230,
Chlorantraniliprole,Hạt cây bông,0.3,0 - 2,230,
Chlorantraniliprole,Nội tạng ăn được của động vật có vú,0.2,0 - 2,230,
Chlorantraniliprole,Trứng,0.2,0 - 2,230,
Chlorantraniliprole,Các loại rau ăn quả (trừ bầu bí),0.6,0 - 2,230,
Chlorantraniliprole,Các loại rau bầu bí,0.3,0 - 2,230,
Chlorantraniliprole,Hoa bia khô,40.0,0 - 2,230,
Chlorantraniliprole,Rau ăn lá,20.0,0 - 2,230,
Chlorantraniliprole,Mỡ động vật có vú (trừ chất béo sữa),0.2,0 - 2,230,
Chlorantraniliprole,"Thịt động vật có vú, trừ động vật có vú ở biển",0.2,0 - 2,230,(fat)
Chlorantraniliprole,Các loại chất béo từ sữa,0.2,0 - 2,230,
Chlorantraniliprole,Sữa nguyên liệu,0.05,0 - 2,230,
Chlorantraniliprole,Các loại bạc hà,15.0,0 - 2,230,
Chlorantraniliprole,Đậu (quả và hạt mọng non),2.0,0 - 2,230,
Chlorantraniliprole,Đậu đã tách vỏ (hạt mọng),0.05,0 - 2,230,
Chlorantraniliprole,Ớt ta khô,5.0,0 - 2,230,
Chlorantraniliprole,Quả dạng táo,0.4,0 - 2,230,
Chlorantraniliprole,Quả lựu,0.4,0 - 2,230,
Chlorantraniliprole,Mỡ gia cầm,0.01,0 - 2,230,(*)
Chlorantraniliprole,Thịt gia cầm,0.01,0 - 2,230,"(*), (fat)"
Chlorantraniliprole,Nội tạng ăn được của gia cầm,0.01,0 - 2,230,(*)
Chlorantraniliprole,Củ cải ri/ Củ cải,0.5,0 - 2,230,
Chlorantraniliprole,Lá củ cải (gồm cả lá cây họ cải),40.0,0 - 2,230,
Chlorantraniliprole,Hạt cải dầu,2.0,0 - 2,230,
Chlorantraniliprole,Gạo,0.4,0 - 2,230,
Chlorantraniliprole,Gạo được đánh bóng,0.04,0 - 2,230,
Chlorantraniliprole,Các loại rau từ rễ và củ,0.02,0 - 2,230,trừ cà rốt và củ cải
Chlorantraniliprole,Đậu tương (khô),0.05,0 - 2,230,
Chlorantraniliprole,Các loại quả có hạt,1.0,0 - 2,230,
Chlorantraniliprole,Mía,0.5,0 - 2,230,
Chlorantraniliprole,Hạt hướng dương,2.0,0 - 2,230,
Chlorantraniliprole,Ngô ngọt (nguyên bắp),0.01,0 - 2,230,(*)
Chlorantraniliprole,Các loại,0.02,0 - 2,230,
Chlorantraniliprole,quả hạch,,0 - 2,230,
Chlorantraniliprole,Dầu hạt bông thô,0.05,0 - 2,230,E
Chlorantraniliprole,Trứng,0.02,0 - 2,230,E
Chlorantraniliprole,Các loại rau quả (trừ một số rau quả có quy định cụ thể),0.02,0 - 2,230,"(*), E"
Chlorantraniliprole,Quả phỉ,0.02,0 - 2,230,E
Chlorantraniliprole,Dầu hạt lanh thô,0.05,0 - 2,230,E
Chlorantraniliprole,Ngô,0.02,0 - 2,230,E
Chlorantraniliprole,"Thịt động vật có vú, trừ động vật có vú ở biển",0.05,0 - 2,230,"(fat), E"
Chlorantraniliprole,Sữa,0.002,0 - 2,230,"F, E"
Chlorantraniliprole,Yến mạch,0.02,0 - 2,230,E
Chlorantraniliprole,Quả hồ đào Pecan,0.02,0 - 2,230,E
Chlorantraniliprole,Thịt gia cầm,0.5,0 - 2,230,"(fat), E"
Chlorantraniliprole,Gạo được đánh bóng,0.02,0 - 2,230,E
Chlorantraniliprole,Lúa mạch đen,0.02,0 - 2,230,E
Chlorantraniliprole,Lúa miến,0.02,0 - 2,230,E
Chlorantraniliprole,Dầu đậu tương thô,0.05,0 - 2,230,E
Chlorantraniliprole,Dầu đậu tương tinh luyện,0.02,0 - 2,230,E
Chlorantraniliprole,Các loại quả óc chó,0.02,0 - 2,230,E
Chlorantraniliprole,Lúa mì,0.02,0 - 2,230,E
Chlorfenapyr,Anh đào Acerola,99.0,"0 - 0,03",254,
Chlormequat,Lúa mạch,2.0,"0,05",15,
Chlormequat,Hạt cây bông,0.5,"0,05",15,
Chlormequat,Trứng,0.1,"0,05",15,
Chlormequat,Thịt dê,0.2,"0,05",15,
Chlormequat,"Thận của gia súc, dê, lợn và cừu",0.5,"0,05",15,
Chlormequat,Gan của,0.1,"0,05",15,
Chlormequat,"gia súc, dê, lợn và cừu",,"0,05",15,
Chlormequat,"Thịt gia súc, lợn và cừu",0.2,"0,05",15,
Chlormequat,"Sữa gia súc, dê và cừu",0.5,"0,05",15,
Chlormequat,Yến mạch,10.0,"0,05",15,
Chlormequat,Thịt gia cầm,0.04,"0,05",15,(*)
Chlormequat,Nội tạng ăn được của gia cầm,0.1,"0,05",15,
Chlormequat,Hạt cải dầu,5.0,"0,05",15,
Chlormequat,Dầu hạt cải thô,0.1,"0,05",15,(*)
Chlormequat,Lúa mạch đen,3.0,"0,05",15,
Chlormequat,Cám lúa mạch đen chưa chế biến,10.0,"0,05",15,
Chlormequat,Bột lúa mạch đen,3.0,"0,05",15,
Chlormequat,Lúa mạch đen chưa rây,4.0,"0,05",15,
Chlormequat,Lúa mì lai lúa mạch đen,3.0,"0,05",15,
Chlormequat,Lúa mì,3.0,"0,05",15,
Chlormequat,Cám lúa mì chưa chế biến,10.0,"0,05",15,
Chlormequat,Bột lúa mì,2.0,"0,05",15,
Chlormequat,Lúa mì chưa rây,5.0,"0,05",15,
Chlormequat,Cải Brussels,6.0,"0,05",15,
Chlormequat,Cần tây,20.0,"0,05",15,
Chlormequat,Củ cải Thụy Sỹ,50.0,"0,05",15,
Chlormequat,Anh đào,0.5,"0,05",15,
Chlormequat,Đậu thường (quả và/hoặc hạt non),5.0,"0,05",15,
Chlormequat,Quả nam việt quất,5.0,"0,05",15,
Chlormequat,Dưa chuột,3.0,"0,05",15,
Chlormequat,"Quả lý chua đen, quả lý chua đỏ, quả lý chua trắng",20.0,"0,05",15,
Chlormequat,Nội tạng ăn được của động vật có vú,0.2,"0,05",15,
Chlormequat,Các loại cải bông (bao gồm cải làn và hoa lơ),5.0,"0,05",15,
Chlormequat,Dưa chuột ri,3.0,"0,05",15,
Chlormequat,Quả lý gai,20.0,"0,05",15,
Chlormequat,Các loại nho,3.0,"0,05",15,
Chlormequat,Tỏi tây,40.0,"0,05",15,
Chlormequat,Mỡ động vật có vú (trừ chất béo sữa),0.07,"0,05",15,
Chlormequat,"Thịt động vật có vú, trừ động vật có vú ở biển",0.02,"0,05",15,
Chlormequat,"Các loại dưa, trừ dưa hấu",2.0,"0,05",15,
Chlormequat,Sữa nguyên liệu,0.07,"0,05",15,
Chlormequat,Củ hành,0.5,"0,05",15,
Chlormequat,Hành Trung Quốc,10.0,"0,05",15,
Chlormequat,Hành ta,10.0,"0,05",15,
Chlormequat,Đu đủ,20.0,"0,05",15,
Chlormequat,Quả đào,0.2,"0,05",15,
Chlormequat,Hạt lạc,0.1,"0,05",15,
Chlormequat,Ớt ta khô,70.0,"0,05",15,
Chlormequat,Ớt ngọt (gồm cả ớt ngọt Pimento),7.0,"0,05",15,
Chlormequat,Mỡ gia cầm,0.01,"0,05",15,
Chlormequat,Thịt gia cầm,0.01,"0,05",15,
Chlormequat,Da gia,0.01,"0,05",15,
Chlormequat,cầm,,"0,05",15,
Chlormequat,Nội tạng ăn được của gia cầm,0.07,"0,05",15,
Chlormequat,Các loại đậu lăng,1.0,"0,05",15,
Chlormequat,Các loại rau từ rễ và củ,0.3,"0,05",15,
Chlormequat,Hành hoa,10.0,"0,05",15,
Chlormequat,Bí mùa hè,3.0,"0,05",15,
Chlormequat,Dâu tây,5.0,"0,05",15,
Chlormequat,Cà chua,5.0,"0,05",15,
Chlorpropham,Thịt gia súc,0.1,"0 - 0,05",201,(fat)
Chlorpropham,Nội tạng ăn được của gia súc,0.01,"0 - 0,05",201,(*)
Chlorpropham,Các loại chất béo từ sữa,0.02,"0 - 0,05",201,
Chlorpropham,Sữa nguyên liệu,0.01,"0 - 0,05",201,(*)
Chlorpropham,Khoai tây,30.0,"0 - 0,05",201,Po
Chlorpyrifos,Hạnh nhân,0.05,"0 - 0,01",17,
Chlorpyrifos,Chuối,2.0,"0 - 0,01",17,
Chlorpyrifos,Bông lơ xanh,2.0,"0 - 0,01",17,
Chlorpyrifos,Các loại bắp cải,1.0,"0 - 0,01",17,
Chlorpyrifos,Cà rốt,0.1,"0 - 0,01",17,
Chlorpyrifos,Thận gia súc,0.01,"0 - 0,01",17,
Chlorpyrifos,Gan gia súc,0.01,"0 - 0,01",17,
Chlorpyrifos,Thịt gia súc,1.0,"0 - 0,01",17,(fat)
Chlorpyrifos,Hoa lơ,0.05,"0 - 0,01",17,
Chlorpyrifos,Cải bẹ trắng (dạng pe- tsai),1.0,"0 - 0,01",17,
Chlorpyrifos,Quả có múi thuộc họ cam quýt,1.0,"0 - 0,01",17,
Chlorpyrifos,Hạt cà phê,0.05,"0 - 0,01",17,
Chlorpyrifos,Đậu thường (quả,0.01,"0 - 0,01",17,
Chlorpyrifos,và/hoặc hạt non),,"0 - 0,01",17,
Chlorpyrifos,Hạt cây bông,0.3,"0 - 0,01",17,
Chlorpyrifos,Dầu hạt cây bông,0.05,"0 - 0,01",17,(*)
Chlorpyrifos,Quả nam việt quất,1.0,"0 - 0,01",17,
Chlorpyrifos,Nho khô (gồm cả quả lý chua khô và nho khô không hạt),0.1,"0 - 0,01",17,
Chlorpyrifos,Trứng,0.01,"0 - 0,01",17,(*)
Chlorpyrifos,Các loại nho,0.5,"0 - 0,01",17,
Chlorpyrifos,Ngô,0.05,"0 - 0,01",17,
Chlorpyrifos,Dầu ngô ăn được,0.2,"0 - 0,01",17,
Chlorpyrifos,"Sữa gia súc, dê và cừu",0.02,"0 - 0,01",17,
Chlorpyrifos,Củ hành,0.2,"0 - 0,01",17,
Chlorpyrifos,Quả đào,0.5,"0 - 0,01",17,
Chlorpyrifos,Đậu (quả và hạt mọng non),0.01,"0 - 0,01",17,
Chlorpyrifos,Quả hồ đào Pecan,0.05,"0 - 0,01",17,(*)
Chlorpyrifos,Ớt ta khô,20.0,"0 - 0,01",17,
Chlorpyrifos,Ớt ngọt (gồm cả ớt ngọt Pimento),2.0,"0 - 0,01",17,
Chlorpyrifos,Thịt lợn,0.02,"0 - 0,01",17,(fat)
Chlorpyrifos,Nội tạng ăn được của lợn,0.01,"0 - 0,01",17,(*)
Chlorpyrifos,Các loại mận (bao gồm cả mận khô),0.5,"0 - 0,01",17,
Chlorpyrifos,Quả dạng táo,1.0,"0 - 0,01",17,
Chlorpyrifos,Khoai tây,2.0,"0 - 0,01",17,
Chlorpyrifos,Thịt gia cầm,0.01,"0 - 0,01",17,(fat)
Chlorpyrifos,Nội tạng ăn được của gia cầm,0.01,"0 - 0,01",17,(*)
Chlorpyrifos,Gạo,0.5,"0 - 0,01",17,
Chlorpyrifos,Thịt cừu,1.0,"0 - 0,01",17,(fat)
Chlorpyrifos,Nội tạng ăn được của cừu,0.01,"0 - 0,01",17,
Chlorpyrifos,Lúa miến,0.5,"0 - 0,01",17,
Chlorpyrifos,Đậu tương (khô),0.1,"0 - 0,01",17,
Chlorpyrifos,Dầu đậu tương tinh luyện,0.03,"0 - 0,01",17,
Chlorpyrifos,Các loại gia vị từ quả và quả mọng,1.0,"0 - 0,01",17,
Chlorpyrifos,Các loại gia vị từ củ và thân rễ,1.0,"0 - 0,01",17,
Chlorpyrifos,Các loại gia vị dạng hạt,5.0,"0 - 0,01",17,
Chlorpyrifos,Dâu tây,0.3,"0 - 0,01",17,
Chlorpyrifos,Củ cải đường,0.05,"0 - 0,01",17,
Chlorpyrifos,Ngô ngọt (nguyên bắp),0.01,"0 - 0,01",17,
Chlorpyrifos,"Trà xanh, đen",2.0,"0 - 0,01",17,
Chlorpyrifos,Các loại quả óc chó,0.05,"0 - 0,01",17,(*)
Chlorpyrifos,Lúa mì,0.5,"0 - 0,01",17,
Chlorpyrifos,Bột lúa mì,0.1,"0 - 0,01",17,
Chlorpyrifos,Cà chua,0.5,"0 - 0,01",17,(7)
Chlorpyrifos,Quả nhãn,0.5,"0 - 0,01",17,(7)
Chlorpyrifos,Quả vải,2.0,"0 - 0,01",17,(7)
Chlorpyrifos,Ớt ta,3.0,"0 - 0,01",17,(7)
Chlorpyrifos,Đậu tương (hạt non),1.0,"0 - 0,01",17,(7)
Chlorpyrifos- Methyl,Quả có múi thuộc họ cam quýt,2.0,"0 - 0,01",90,
Chlorpyrifos- Methyl,Nội tạng ăn được của động vật có vú,0.01,"0 - 0,01",90,
Chlorpyrifos- Methyl,Cà tím,1.0,"0 - 0,01",90,
Chlorpyrifos- Methyl,Trứng,0.01,"0 - 0,01",90,(*)
Chlorpyrifos- Methyl,Các loại nho,1.0,"0 - 0,01",90,
Chlorpyrifos- Methyl,"Thịt động vật có vú, trừ động",0.1,"0 - 0,01",90,(fat)
Chlorpyrifos- Methyl,vật có vú ở biển,,"0 - 0,01",90,
Chlorpyrifos- Methyl,Các loại chất béo từ sữa,0.01,"0 - 0,01",90,(*)
Chlorpyrifos- Methyl,Sữa nguyên liệu,0.01,"0 - 0,01",90,(*)
Chlorpyrifos- Methyl,Các loại ớt,1.0,"0 - 0,01",90,
Chlorpyrifos- Methyl,Ớt ta khô,10.0,"0 - 0,01",90,
Chlorpyrifos- Methyl,Quả dạng táo,1.0,"0 - 0,01",90,
Chlorpyrifos- Methyl,Khoai tây,0.01,"0 - 0,01",90,(*)
Chlorpyrifos- Methyl,Thịt gia cầm,0.01,"0 - 0,01",90,(fat)
Chlorpyrifos- Methyl,Nội tạng ăn được của gia cầm,0.01,"0 - 0,01",90,(*)
Chlorpyrifos- Methyl,Gạo,0.1,"0 - 0,01",90,
Chlorpyrifos- Methyl,Lúa miến,10.0,"0 - 0,01",90,Po
Chlorpyrifos- Methyl,Các loại gia vị từ quả và quả mọng,0.3,"0 - 0,01",90,
Chlorpyrifos- Methyl,Các loại gia vị từ củ và thân rễ,5.0,"0 - 0,01",90,
Chlorpyrifos- Methyl,Các loại gia vị dạng hạt,1.0,"0 - 0,01",90,
Chlorpyrifos- Methyl,Các loại quả có hạt,0.5,"0 - 0,01",90,
Chlorpyrifos- Methyl,Dâu tây,0.06,"0 - 0,01",90,
Chlorpyrifos- Methyl,Cà chua,1.0,"0 - 0,01",90,
Chlorpyrifos- Methyl,Lúa mì,10.0,"0 - 0,01",90,Po
Chlorpyrifos- Methyl,Cám lúa mì chưa chế biến,20.0,"0 - 0,01",90,PoP
Clethodim,Đậu (khô),2.0,"0,01",187,
Clethodim,Đậu đỗ các loại (trừ đậu tằm và đậu tương),0.5,"0,01",187,(*)
Clethodim,Hạt cây bông,0.5,"0,01",187,
Clethodim,Dầu hạt bông thô,0.5,"0,01",187,(*)
Clethodim,Dầu hạt cây bông,0.5,"0,01",187,(*)
Clethodim,Nội tạng ăn được,0.2,"0,01",187,(*)
Clethodim,của động vật có vú,,"0,01",187,
Clethodim,Trứng,0.05,"0,01",187,(*)
Clethodim,Đậu trồng (khô),2.0,"0,01",187,
Clethodim,Tỏi,0.5,"0,01",187,
Clethodim,"Thịt động vật có vú, trừ động vật có vú ở biển",0.2,"0,01",187,(*)
Clethodim,Sữa nguyên liệu,0.05,"0,01",187,(*)
Clethodim,Củ hành,0.5,"0,01",187,
Clethodim,Hạt lạc,5.0,"0,01",187,
Clethodim,Khoai tây,0.5,"0,01",187,
Clethodim,Thịt gia cầm,0.2,"0,01",187,(*)
Clethodim,Nội tạng ăn được của gia cầm,0.2,"0,01",187,(*)
Clethodim,Hạt cải dầu,0.5,"0,01",187,
Clethodim,Dầu hạt cải thô,0.5,"0,01",187,(*)
Clethodim,Dầu hạt cải dầu ăn được,0.5,"0,01",187,(*)
Clethodim,Đậu tương (khô),10.0,"0,01",187,
Clethodim,Dầu đậu tương thô,1.0,"0,01",187,
Clethodim,Dầu đậu tương tinh luyện,0.5,"0,01",187,(*)
Clethodim,Củ cải đường,0.1,"0,01",187,
Clethodim,Hạt hướng dương,0.5,"0,01",187,
Clethodim,Dầu hạt hướng dương thô,0.1,"0,01",187,(*)
Clethodim,Cà chua,1.0,"0,01",187,
Clethodim,Dưa chuột,0.5,"0,01",187,
Clethodim,"Quả lý chua đen, quả lý chua đỏ, quả lý",0.2,"0,01",187,
Clethodim,chua trắng,,"0,01",187,
Clethodim,Nho khô (gồm cả quả lý chua khô và nho khô không hạt),2.0,"0,01",187,
Clethodim,Nội tạng ăn được của động vật có vú,0.05,"0,01",187,(*)
Clethodim,Trứng,0.05,"0,01",187,(*)
Clethodim,Các loại nho,2.0,"0,01",187,
Clethodim,"Thịt động vật có vú, trừ động vật có vú ở biển",0.05,"0,01",187,(*)
Clethodim,"Các loại dưa, trừ dưa hấu",0.1,"0,01",187,
Clethodim,Sữa nguyên liệu,0.05,"0,01",187,(*)
Clethodim,Quả dạng táo,0.5,"0,01",187,
Clethodim,Thịt gia cầm,0.05,"0,01",187,(*)
Clethodim,Nội tạng ăn được của gia cầm,0.05,"0,01",187,(*)
Clethodim,Các loại quả có hạt,0.5,"0,01",187,
Clethodim,Dâu tây,2.0,"0,01",187,
Clethodim,Cà chua,0.5,"0,01",187,
Clethodim,Các loại quả hạch,0.5,"0,01",187,
Clothianidin,Artiso (cả cây),0.05,"0 - 0,1",238,
Clothianidin,Quả bơ,0.03,"0 - 0,1",238,
Clothianidin,Chuối,0.02,"0 - 0,1",238,
Clothianidin,Lúa mạch,0.04,"0 - 0,1",238,
Clothianidin,Đậu đỗ các loại (trừ đậu tằm và đậu tương),0.2,"0 - 0,1",238,
Clothianidin,Các loại quả mọng và quả nhỏ khác,0.07,"0 - 0,1",238,trừ nho
Clothianidin,Các loại,0.2,"0 - 0,1",238,
Clothianidin,"rau họ bắp cải, cải bắp, cải bông",,"0 - 0,1",238,
Clothianidin,Hạt cacao,0.02,"0 - 0,1",238,(*)
Clothianidin,Cần tây,0.04,"0 - 0,1",238,
Clothianidin,Quả có múi thuộc họ cam quýt,0.07,"0 - 0,1",238,
Clothianidin,Hạt cà phê,0.05,"0 - 0,1",238,
Clothianidin,Nho khô (gồm cả quả lý chua khô và nho khô không hạt),1.0,"0 - 0,1",238,
Clothianidin,Nội tạng ăn được của động vật có vú,0.02,"0 - 0,1",238,"trừ gan, (*)"
Clothianidin,Trứng,0.01,"0 - 0,1",238,(*)
Clothianidin,Các loại rau ăn quả (trừ bầu bí),0.05,"0 - 0,1",238,trừ ngô ngọt
Clothianidin,Các loại rau bầu bí,0.02,"0 - 0,1",238,(*)
Clothianidin,Nước nho ép,0.2,"0 - 0,1",238,
Clothianidin,Các loại nho,0.7,"0 - 0,1",238,
Clothianidin,Rau ăn lá,2.0,"0 - 0,1",238,
Clothianidin,Rau họ đậu,0.01,"0 - 0,1",238,(*)
Clothianidin,"Gan của gia súc, dê, lợn và cừu",0.2,"0 - 0,1",238,
Clothianidin,Ngô,0.02,"0 - 0,1",238,
Clothianidin,Mỡ động vật có vú (trừ chất béo sữa),0.02,"0 - 0,1",238,(*)
Clothianidin,Xoài,0.04,"0 - 0,1",238,
Clothianidin,"Thịt động vật có vú, trừ động vật có vú ở biển",0.02,"0 - 0,1",238,(*)
Clothianidin,Sữa nguyên liệu,0.02,"0 - 0,1",238,
Clothianidin,Các loại bạc hà,0.3,"0 - 0,1",238,
Clothianidin,Hạt có dầu,0.02,"0 - 0,1",238,(*)
Clothianidin,Đu đủ,0.01,"0 - 0,1",238,(*)
Clothianidin,Quả hồ đào Pecan,0.01,"0 - 0,1",238,(*)
Clothianidin,Ớt ta khô,0.5,"0 - 0,1",238,
Clothianidin,Dứa,0.01,"0 - 0,1",238,(*)
Clothianidin,Quả dạng táo,0.4,"0 - 0,1",238,
Clothianidin,Bỏng ngô,0.01,"0 - 0,1",238,(*)
Clothianidin,Mỡ gia cầm,0.01,"0 - 0,1",238,(*)
Clothianidin,Thịt gia cầm,0.01,"0 - 0,1",238,(*)
Clothianidin,Nội tạng ăn được của gia cầm,0.1,"0 - 0,1",238,
Clothianidin,Mận khô,0.2,"0 - 0,1",238,
Clothianidin,Các loại đậu lăng,0.02,"0 - 0,1",238,
Clothianidin,Gạo,0.5,"0 - 0,1",238,
Clothianidin,Các loại rau từ rễ và củ,0.2,"0 - 0,1",238,
Clothianidin,Lúa miến,0.01,"0 - 0,1",238,(*)
Clothianidin,Rau từ thân và rễ,0.04,"0 - 0,1",238,Trừ Artiso và cần tây
Clothianidin,Các loại quả có hạt,0.2,"0 - 0,1",238,
Clothianidin,Mía,0.4,"0 - 0,1",238,
Clothianidin,Ngô ngọt (nguyên bắp),0.01,"0 - 0,1",238,(*)
Clothianidin,"Trà xanh, đen",0.7,"0 - 0,1",238,
Clothianidin,Lúa mì,0.02,"0 - 0,1",238,(*)
Cyantraniliprole,"Các loại rau họ bắp cải, cải bắp, cải bông",2.0,"0 - 0,03",263,
Cyantraniliprole,Các loại quả mọng,4.0,"0 - 0,03",263,
Cyantraniliprole,Cần tây,15.0,"0 - 0,03",263,
Cyantraniliprole,Anh đào,6.0,"0 - 0,03",263,
Cyantraniliprole,Hạt cà phê,0.03,"0 - 0,03",263,
Cyantraniliprole,Nội tạng ăn được của động vật có vú,0.05,"0 - 0,03",263,
Cyantraniliprole,Trứng,0.01,"0 - 0,03",263,
Cyantraniliprole,Các loại,0.5,"0 - 0,03",263,trừ nấm và
Cyantraniliprole,rau ăn quả (trừ bầu bí),,"0 - 0,03",263,ngô ngọt
Cyantraniliprole,Các loại rau bầu bí,0.3,"0 - 0,03",263,
Cyantraniliprole,Tỏi,0.05,"0 - 0,03",263,
Cyantraniliprole,Rau ăn lá,20.0,"0 - 0,03",263,trừ xà lách
Cyantraniliprole,Rau xà lách,5.0,"0 - 0,03",263,
Cyantraniliprole,Mỡ động vật có vú (trừ chất béo sữa),0.01,"0 - 0,03",263,
Cyantraniliprole,"Thịt động vật có vú, trừ động vật có vú ở biển",0.01,"0 - 0,03",263,
Cyantraniliprole,Sữa nguyên liệu,0.02,"0 - 0,03",263,
Cyantraniliprole,Củ hành,0.05,"0 - 0,03",263,
Cyantraniliprole,Hành ta,8.0,"0 - 0,03",263,
Cyantraniliprole,Quả đào,1.5,"0 - 0,03",263,
Cyantraniliprole,Ớt ta khô,5.0,"0 - 0,03",263,
Cyantraniliprole,Các loại mận (bao gồm cả mận khô),0.5,"0 - 0,03",263,
Cyantraniliprole,Quả dạng táo,0.8,"0 - 0,03",263,
Cyantraniliprole,Khoai tây,0.05,"0 - 0,03",263,
Cyantraniliprole,Mỡ gia cầm,0.01,"0 - 0,03",263,
Cyantraniliprole,Thịt gia cầm,0.01,"0 - 0,03",263,
Cyantraniliprole,Nội tạng ăn được của gia cầm,0.01,"0 - 0,03",263,
Cyantraniliprole,Mận khô,0.8,"0 - 0,03",263,
Cyantraniliprole,Các loại rau từ rễ và củ,0.05,"0 - 0,03",263,trừ khoai tây
Cyantraniliprole,Hẹ tây,0.05,"0 - 0,03",263,
Cyantraniliprole,Hành hoa,8.0,"0 - 0,03",263,
Cycloxydim,Đậu (khô),30.0,"0 - 0,07",179,
Cycloxydim,Đậu đỗ các loại (trừ đậu tằm và đậu tương),15.0,"0 - 0,07",179,quả xanh và hạt non
Cycloxydim,Củ cải đường,0.2,"0 - 0,07",179,
Cycloxydim,"Các loại rau họ bắp cải, cải bắp, cải bông",9.0,"0 - 0,07",179,
Cycloxydim,Cà rốt,5.0,"0 - 0,07",179,
Cycloxydim,Cây cần tây,1.0,"0 - 0,07",179,
Cycloxydim,Nội tạng ăn được của động vật có vú,0.5,"0 - 0,07",179,
Cycloxydim,Trứng,0.15,"0 - 0,07",179,
Cycloxydim,Các loại nho,0.3,"0 - 0,07",179,
Cycloxydim,Cải xoăn,3.0,"0 - 0,07",179,
Cycloxydim,Tỏi tây,4.0,"0 - 0,07",179,
Cycloxydim,Rau xà lách,1.5,"0 - 0,07",179,
Cycloxydim,Lá rau diếp,1.5,"0 - 0,07",179,
Cycloxydim,Hạt lanh,7.0,"0 - 0,07",179,
Cycloxydim,Ngô,0.2,"0 - 0,07",179,
Cycloxydim,Mỡ động vật có vú (trừ chất béo sữa),0.1,"0 - 0,07",179,
Cycloxydim,"Thịt động vật có vú, trừ động vật có vú ở biển",0.06,"0 - 0,07",179,
Cycloxydim,Sữa nguyên liệu,0.02,"0 - 0,07",179,
Cycloxydim,Củ hành,3.0,"0 - 0,07",179,
Cycloxydim,Các loại đậu (khô),30.0,"0 - 0,07",179,
Cycloxydim,Đậu đã tách vỏ (hạt mọng),15.0,"0 - 0,07",179,
Cycloxydim,Các loại ớt,9.0,"0 - 0,07",179,
Cycloxydim,Ớt ta khô,90.0,"0 - 0,07",179,
Cycloxydim,Quả dạng táo,0.09,"0 - 0,07",179,(*)
Cycloxydim,Khoai tây,3.0,"0 - 0,07",179,
Cycloxydim,Mỡ gia cầm,0.03,"0 - 0,07",179,(*)
Cycloxydim,Thịt gia cầm,0.03,"0 - 0,07",179,(*)
Cycloxydim,Nội tạng ăn được của gia cầm,0.02,"0 - 0,07",179,
Cycloxydim,Hạt cải dầu,7.0,"0 - 0,07",179,
Cycloxydim,Gạo,0.09,"0 - 0,07",179,(*)
Cycloxydim,Đậu tương (khô),80.0,"0 - 0,07",179,
Cycloxydim,Các loại quả có hạt,0.09,"0 - 0,07",179,(*)
Cycloxydim,Dâu tây,3.0,"0 - 0,07",179,
Cycloxydim,Củ cải đường,0.2,"0 - 0,07",179,
Cycloxydim,Hạt hướng dương,6.0,"0 - 0,07",179,
Cycloxydim,Củ cải Thụy Điển,0.2,"0 - 0,07",179,
Cycloxydim,Cà chua,1.5,"0 - 0,07",179,
Cycloxydim,Dầu cam chanh ăn được,36.0,"0 - 0,07",179,
Cycloxydim,Nho khô (gồm cả quả lý chua khô và nho khô không hạt),1.5,"0 - 0,07",179,
Cycloxydim,Nội tạng ăn được của động vật có vú,0.02,"0 - 0,07",179,
Cycloxydim,Các loại nho,0.6,"0 - 0,07",179,
Cycloxydim,Mỡ động vật có vú (trừ chất béo sữa),0.01,"0 - 0,07",179,(*)
Cycloxydim,"Thịt động vật có vú, trừ động vật có vú ở biển",0.01,"0 - 0,07",179,(*)
Cycloxydim,Sữa nguyên liệu,0.01,"0 - 0,07",179,(*)
Cycloxydim,Quả dạng táo,0.4,"0 - 0,07",179,
Cycloxydim,Dâu tây,0.6,"0 - 0,07",179,
Cycloxydim,Cà chua,0.3,"0 - 0,07",179,
Cycloxydim,Các loại quả hạch,0.01,"0 - 0,07",179,(*)
Cyfluthrin/beta- cyfluthrin,Táo,0.1,"0 - 0,04",157,
Cyfluthrin/beta- cyfluthrin,Các loại,0.08,"0 - 0,04",157,
Cyfluthrin/beta- cyfluthrin,bắp cải,,"0 - 0,04",157,
Cyfluthrin/beta- cyfluthrin,Hoa lơ,2.0,"0 - 0,04",157,
Cyfluthrin/beta- cyfluthrin,Quả có múi thuộc họ cam quýt,0.3,"0 - 0,04",157,
Cyfluthrin/beta- cyfluthrin,Hạt cây bông,0.7,"0 - 0,04",157,
Cyfluthrin/beta- cyfluthrin,Dầu hạt bông thô,1.0,"0 - 0,04",157,
Cyfluthrin/beta- cyfluthrin,Nội tạng ăn được của động vật có vú,0.02,"0 - 0,04",157,
Cyfluthrin/beta- cyfluthrin,Cà tím,0.2,"0 - 0,04",157,
Cyfluthrin/beta- cyfluthrin,Trứng,0.01,"0 - 0,04",157,(*)
Cyfluthrin/beta- cyfluthrin,"Thịt động vật có vú, trừ động vật có vú ở biển",0.2,"0 - 0,04",157,(fat)
Cyfluthrin/beta- cyfluthrin,Sữa nguyên liệu,0.01,"0 - 0,04",157,
Cyfluthrin/beta- cyfluthrin,Lê,0.1,"0 - 0,04",157,
Cyfluthrin/beta- cyfluthrin,Các loại ớt,0.2,"0 - 0,04",157,
Cyfluthrin/beta- cyfluthrin,Ớt ta khô,1.0,"0 - 0,04",157,
Cyfluthrin/beta- cyfluthrin,Khoai tây,0.01,"0 - 0,04",157,(*)
Cyfluthrin/beta- cyfluthrin,Thịt gia cầm,0.01,"0 - 0,04",157,"(*), (fat)"
Cyfluthrin/beta- cyfluthrin,Nội tạng ăn được của gia cầm,0.01,"0 - 0,04",157,(*)
Cyfluthrin/beta- cyfluthrin,Hạt cải dầu,0.07,"0 - 0,04",157,
Cyfluthrin/beta- cyfluthrin,Đậu tương (khô),0.03,"0 - 0,04",157,
Cyfluthrin/beta- cyfluthrin,Các loại gia vị từ quả và quả mọng,0.03,"0 - 0,04",157,
Cyfluthrin/beta- cyfluthrin,Các loại gia vị từ củ và thân rễ,0.05,"0 - 0,04",157,
Cyfluthrin/beta- cyfluthrin,Cà chua,0.2,"0 - 0,04",157,
Cyhalothrin (baogồm lambda- cyhalothrin),Quả mơ,0.5,"0 - 0,02",146,
Cyhalothrin (baogồm lambda- cyhalothrin),Măng tây,0.02,"0 - 0,02",146,
Cyhalothrin (baogồm lambda- cyhalothrin),Lúa mạch,0.5,"0 - 0,02",146,
Cyhalothrin (baogồm lambda- cyhalothrin),Các loại quả mọng và quả nhỏ khác,0.2,"0 - 0,02",146,
Cyhalothrin (baogồm lambda- cyhalothrin),Rau củ,0.2,"0 - 0,02",146,
Cyhalothrin (baogồm lambda- cyhalothrin),Các loại bắp cải,0.3,"0 - 0,02",146,
Cyhalothrin (baogồm lambda- cyhalothrin),Anh đào,0.3,"0 - 0,02",146,
Cyhalothrin (baogồm lambda- cyhalothrin),Quả có múi thuộc họ cam quýt,0.2,"0 - 0,02",146,
Cyhalothrin (baogồm lambda- cyhalothrin),Nho khô (gồm cả quả lý chua khô và nho khô không hạt),0.3,"0 - 0,02",146,
Cyhalothrin (baogồm lambda- cyhalothrin),Các loại cải bông (bao gồm cải làn và hoa lơ),0.5,"0 - 0,02",146,
Cyhalothrin (baogồm lambda- cyhalothrin),Các loại rau ăn quả (trừ bầu bí),0.3,"0 - 0,02",146,trừ nấm
Cyhalothrin (baogồm lambda- cyhalothrin),Các loại rau bầu bí,0.05,"0 - 0,02",146,
Cyhalothrin (baogồm lambda- cyhalothrin),"Thận của gia súc, dê, lợn và cừu",0.2,"0 - 0,02",146,
Cyhalothrin (baogồm lambda- cyhalothrin),Rau họ đậu,0.2,"0 - 0,02",146,
Cyhalothrin (baogồm lambda- cyhalothrin),"Gan của gia súc, dê, lợn và cừu",0.05,"0 - 0,02",146,
Cyhalothrin (baogồm lambda- cyhalothrin),Ngô,0.02,"0 - 0,02",146,
Cyhalothrin (baogồm lambda- cyhalothrin),Xoài,0.2,"0 - 0,02",146,
Cyhalothrin (baogồm lambda- cyhalothrin),"Thịt động vật có vú, trừ động vật có vú ở biển",3.0,"0 - 0,02",146,(fat)
Cyhalothrin (baogồm lambda- cyhalothrin),Sữa nguyên liệu,0.2,"0 - 0,02",146,
Cyhalothrin (baogồm lambda- cyhalothrin),Quả xuân đào,0.5,"0 - 0,02",146,
Cyhalothrin (baogồm lambda- cyhalothrin),Yến mạch,0.05,"0 - 0,02",146,
Cyhalothrin (baogồm lambda- cyhalothrin),Hạt có dầu,0.2,"0 - 0,02",146,
Cyhalothrin (baogồm lambda- cyhalothrin),Quả ôliu,1.0,"0 - 0,02",146,
Cyhalothrin (baogồm lambda- cyhalothrin),Quả đào,0.5,"0 - 0,02",146,
Cyhalothrin (baogồm lambda- cyhalothrin),Ớt ta khô,3.0,"0 - 0,02",146,
Cyhalothrin (baogồm lambda- cyhalothrin),Các loại mận (bao gồm cả,0.2,"0 - 0,02",146,trừ mận khô
Cyhalothrin (baogồm lambda- cyhalothrin),mận khô),,"0 - 0,02",146,
Cyhalothrin (baogồm lambda- cyhalothrin),Quả dạng táo,0.2,"0 - 0,02",146,
Cyhalothrin (baogồm lambda- cyhalothrin),Các loại đậu lăng,0.05,"0 - 0,02",146,
Cyhalothrin (baogồm lambda- cyhalothrin),Gạo,1.0,"0 - 0,02",146,
Cyhalothrin (baogồm lambda- cyhalothrin),Các loại rau từ rễ và củ,0.01,"0 - 0,02",146,(*)
Cyhalothrin (baogồm lambda- cyhalothrin),Lúa mạch đen,0.05,"0 - 0,02",146,
Cyhalothrin (baogồm lambda- cyhalothrin),Các loại gia vị từ quả và quả mọng,0.03,"0 - 0,02",146,
Cyhalothrin (baogồm lambda- cyhalothrin),Các loại gia vị từ củ và thân rễ,0.05,"0 - 0,02",146,
Cyhalothrin (baogồm lambda- cyhalothrin),Mía,0.05,"0 - 0,02",146,
Cyhalothrin (baogồm lambda- cyhalothrin),Các loại quả hạch,0.01,"0 - 0,02",146,(*)
Cyhalothrin (baogồm lambda- cyhalothrin),Lúa mì lai lúa mạch đen,0.05,"0 - 0,02",146,
Cyhalothrin (baogồm lambda- cyhalothrin),Lúa mì,0.05,"0 - 0,02",146,
Cyhalothrin (baogồm lambda- cyhalothrin),Cám lúa mì chưa chế biến,0.1,"0 - 0,02",146,
Cyhalothrin (baogồm lambda- cyhalothrin),Đậu tương (hạt non),0.2,"0 - 0,02",146,(7)
Cyhalothrin (baogồm lambda- cyhalothrin),Đậu bắp,0.03,"0 - 0,02",146,"Chỉ áp dụng đối với Lambda- cyhalothrin , (7)"
Cyhalothrin (baogồm lambda- cyhalothrin),Lá húng quế,0.5,"0 - 0,02",146,"Chỉ áp dụng đối với Lambda- cyhalothrin , (7)"
Cyhexatin,Táo,0.2,"0,007",67,
Cyhexatin,"Quả lý chua đen, quả lý chua đỏ, quả lý chua trắng",0.1,"0,007",67,
Cyhexatin,Các loại nho,10.3,"0,007",67,
Cyhexatin,"Các loại cam ngọt, cam chua (gồm cả các quả lai",0.2,"0,007",67,
Cyhexatin,giống cam),,"0,007",67,
Cyhexatin,Lê,0.2,"0,007",67,
Cyhexatin,Ớt ta khô,5.0,"0,007",67,
Cypermethrins (bao gồm alpha- and zeta - cypermethrin),Artiso (cả cây),0.1,"0 - 0,02",118,
Cypermethrins (bao gồm alpha- and zeta - cypermethrin),Măng tây,0.4,"0 - 0,02",118,
Cypermethrins (bao gồm alpha- and zeta - cypermethrin),Lúa mạch,2.0,"0 - 0,02",118,Po
Cypermethrins (bao gồm alpha- and zeta - cypermethrin),"Các loại rau họ bắp cải, cải bắp, cải bông",1.0,"0 - 0,02",118,
Cypermethrins (bao gồm alpha- and zeta - cypermethrin),Khế,0.2,"0 - 0,02",118,
Cypermethrins (bao gồm alpha- and zeta - cypermethrin),Hạt ngũ cốc,0.3,"0 - 0,02",118,"trừ gạo, lúa mạch, yến mạch, lúa mạch đen và lúa mì"
Cypermethrins (bao gồm alpha- and zeta - cypermethrin),Quả có múi thuộc họ cam quýt,0.3,"0 - 0,02",118,trừ các loại bưởi hoặc bưởi Đông Nam Á và quất
Cypermethrins (bao gồm alpha- and zeta - cypermethrin),Hạt cà phê,0.05,"0 - 0,02",118,(*)
Cypermethrins (bao gồm alpha- and zeta - cypermethrin),Nho khô (gồm cả quả lý chua khô và nho khô không hạt),0.5,"0 - 0,02",118,
Cypermethrins (bao gồm alpha- and zeta - cypermethrin),Quả sầu riêng,1.0,"0 - 0,02",118,
Cypermethrins (bao gồm alpha- and zeta - cypermethrin),Nội tạng ăn được của động vật có vú,0.05,"0 - 0,02",118,"(1), (*)"
Cypermethrins (bao gồm alpha- and zeta - cypermethrin),Cà tím,0.03,"0 - 0,02",118,
Cypermethrins (bao gồm alpha- and zeta - cypermethrin),Trứng,0.01,"0 - 0,02",118,(*)
Cypermethrins (bao gồm alpha- and zeta - cypermethrin),Các loại rau bầu bí,0.07,"0 - 0,02",118,
Cypermethrins (bao gồm alpha- and zeta - cypermethrin),Các loại nho,0.2,"0 - 0,02",118,
Cypermethrins (bao gồm alpha- and zeta - cypermethrin),Rau ăn lá,0.7,"0 - 0,02",118,
Cypermethrins (bao gồm alpha- and zeta - cypermethrin),Tỏi tây,0.05,"0 - 0,02",118,
Cypermethrins (bao gồm alpha- and zeta - cypermethrin),Rau họ đậu,0.7,"0 - 0,02",118,
Cypermethrins (bao gồm alpha- and zeta - cypermethrin),Quả vải,2.0,"0 - 0,02",118,
Cypermethrins (bao gồm alpha- and zeta - cypermethrin),Quả nhãn,1.0,"0 - 0,02",118,
Cypermethrins (bao gồm alpha- and zeta - cypermethrin),Xoài,0.7,"0 - 0,02",118,
Cypermethrins (bao gồm alpha- and zeta - cypermethrin),"Thịt động vật có vú, trừ động",2.0,"0 - 0,02",118,"(1), (fat)"
Cypermethrins (bao gồm alpha- and zeta - cypermethrin),vật có vú ở biển,,"0 - 0,02",118,
Cypermethrins (bao gồm alpha- and zeta - cypermethrin),Các loại chất béo từ sữa,0.5,"0 - 0,02",118,
Cypermethrins (bao gồm alpha- and zeta - cypermethrin),Sữa nguyên liệu,0.05,"0 - 0,02",118,(1)
Cypermethrins (bao gồm alpha- and zeta - cypermethrin),Yến mạch,2.0,"0 - 0,02",118,Po
Cypermethrins (bao gồm alpha- and zeta - cypermethrin),Hạt có dầu,0.1,"0 - 0,02",118,
Cypermethrins (bao gồm alpha- and zeta - cypermethrin),Đậu bắp,0.5,"0 - 0,02",118,
Cypermethrins (bao gồm alpha- and zeta - cypermethrin),Dầu oliu tinh luyện,0.5,"0 - 0,02",118,
Cypermethrins (bao gồm alpha- and zeta - cypermethrin),Dầu oliu nguyên chất,0.5,"0 - 0,02",118,
Cypermethrins (bao gồm alpha- and zeta - cypermethrin),Quả ôliu,0.05,"0 - 0,02",118,(*)
Cypermethrins (bao gồm alpha- and zeta - cypermethrin),Củ hành,0.01,"0 - 0,02",118,(*)
Cypermethrins (bao gồm alpha- and zeta - cypermethrin),Đu đủ,0.5,"0 - 0,02",118,
Cypermethrins (bao gồm alpha- and zeta - cypermethrin),Ớt ta,2.0,"0 - 0,02",118,
Cypermethrins (bao gồm alpha- and zeta - cypermethrin),Ớt ta khô,10.0,"0 - 0,02",118,
Cypermethrins (bao gồm alpha- and zeta - cypermethrin),Ớt ngọt (gồm cả ớt ngọt Pimento),0.1,"0 - 0,02",118,
Cypermethrins (bao gồm alpha- and zeta - cypermethrin),Quả dạng táo,0.7,"0 - 0,02",118,
Cypermethrins (bao gồm alpha- and zeta - cypermethrin),Mỡ gia cầm,0.1,"0 - 0,02",118,
Cypermethrins (bao gồm alpha- and zeta - cypermethrin),Thịt gia cầm,0.1,"0 - 0,02",118,(fat)
Cypermethrins (bao gồm alpha- and zeta - cypermethrin),Nội tạng ăn được của gia cầm,0.05,"0 - 0,02",118,(*)
Cypermethrins (bao gồm alpha- and zeta - cypermethrin),Các loại đậu lăng,0.05,"0 - 0,02",118,(*)
Cypermethrins (bao gồm alpha- and zeta - cypermethrin),Bưởi Đông Nam Á và Bưởi chùm (bao gồm các dòng lai giống bưởi ngoài giống bưởi chùm),0.5,"0 - 0,02",118,
Cypermethrins (bao gồm alpha- and zeta - cypermethrin),Gạo,2.0,"0 - 0,02",118,
Cypermethrins (bao gồm alpha- and zeta - cypermethrin),Các loại rau từ rễ và củ,0.01,"0 - 0,02",118,"trừ củ cải đường, (*)"
Cypermethrins (bao gồm alpha- and zeta - cypermethrin),Lúa mạch đen,2.0,"0 - 0,02",118,Po
Cypermethrins (bao gồm alpha- and zeta - cypermethrin),Các loại gia vị từ,0.5,"0 - 0,02",118,
Cypermethrins (bao gồm alpha- and zeta - cypermethrin),quả và quả mọng,,"0 - 0,02",118,
Cypermethrins (bao gồm alpha- and zeta - cypermethrin),Các loại gia vị từ củ và thân rễ,0.2,"0 - 0,02",118,
Cypermethrins (bao gồm alpha- and zeta - cypermethrin),Các loại quả có hạt,2.0,"0 - 0,02",118,
Cypermethrins (bao gồm alpha- and zeta - cypermethrin),Dâu tây,0.07,"0 - 0,02",118,
Cypermethrins (bao gồm alpha- and zeta - cypermethrin),Củ cải đường,0.1,"0 - 0,02",118,
Cypermethrins (bao gồm alpha- and zeta - cypermethrin),Mía,0.2,"0 - 0,02",118,
Cypermethrins (bao gồm alpha- and zeta - cypermethrin),Ngô ngọt (nguyên bắp),0.05,"0 - 0,02",118,(*)
Cypermethrins (bao gồm alpha- and zeta - cypermethrin),"Trà xanh, đen",15.0,"0 - 0,02",118,
Cypermethrins (bao gồm alpha- and zeta - cypermethrin),Cà chua,0.2,"0 - 0,02",118,
Cypermethrins (bao gồm alpha- and zeta - cypermethrin),Các loại quả hạch,0.05,"0 - 0,02",118,(*)
Cypermethrins (bao gồm alpha- and zeta - cypermethrin),Lúa mì,2.0,"0 - 0,02",118,Po
Cypermethrins (bao gồm alpha- and zeta - cypermethrin),Cám lúa mì chưa chế biến,5.0,"0 - 0,02",118,
Cypermethrins (bao gồm alpha- and zeta - cypermethrin),Rau họ thập tự,1.0,"0 - 0,02",118,(7)
Cypermethrins (bao gồm alpha- and zeta - cypermethrin),Tỏi nhánh,0.5,"0 - 0,02",118,(7)
Cypermethrins (bao gồm alpha- and zeta - cypermethrin),Củ hẹ tây,0.1,"0 - 0,02",118,(7)
Cypermethrins (bao gồm alpha- and zeta - cypermethrin),Đậu đũa Yardlong,0.2,"0 - 0,02",118,(7)
Cyproconazole,Đậu (khô),0.02,"0 - 0,02",239,(*)
Cyproconazole,Hạt ngũ cốc,0.08,"0 - 0,02",239,"trừ ngô, gạo và lúa miến"
Cyproconazole,Hạt cà phê,0.07,"0 - 0,02",239,
Cyproconazole,Hạt cà phê đã rang và sơ chế,0.1,"0 - 0,02",239,
Cyproconazole,Nội tạng ăn được của động vật có vú,0.5,"0 - 0,02",239,
Cyproconazole,Trứng,0.01,"0 - 0,02",239,(*)
Cyproconazole,Ngô,0.01,"0 - 0,02",239,(*)
Cyproconazole,"Thịt động vật có vú, trừ động vật có vú ở biển",0.02,"0 - 0,02",239,(fat)
Cyproconazole,Sữa nguyên liệu,0.01,"0 - 0,02",239,
Cyproconazole,Các loại đậu (khô),0.02,"0 - 0,02",239,(*)
Cyproconazole,Đậu đã tách vỏ (hạt mọng),0.01,"0 - 0,02",239,
Cyproconazole,Thịt gia cầm,0.01,"0 - 0,02",239,(*)
Cyproconazole,Nội tạng ăn được của gia cầm,0.01,"0 - 0,02",239,(*)
Cyproconazole,Hạt cải dầu,0.4,"0 - 0,02",239,
Cyproconazole,Đậu tương (khô),0.07,"0 - 0,02",239,
Cyproconazole,Dầu đậu tương tinh luyện,0.1,"0 - 0,02",239,
Cyproconazole,Củ cải đường,0.05,"0 - 0,02",239,
Cyprodinil,Hạnh nhân,0.02,"0 - 0,03",207,(*)
Cyprodinil,Quả bơ,1.0,"0 - 0,03",207,
Cyprodinil,Lúa mạch,3.0,"0 - 0,03",207,
Cyprodinil,Đậu (khô),0.2,"0 - 0,03",207,
Cyprodinil,Đậu đỗ các loại (trừ đậu tằm và đậu tương),0.7,"0 - 0,03",207,Quả xanh và hạt non
Cyprodinil,Đậu hạt đã bóc vỏ,0.06,"0 - 0,03",207,
Cyprodinil,Các loại quả mọng và quả nhỏ khác,10.0,"0 - 0,03",207,trừ nho
Cyprodinil,Rau ăn lá của họ cải,15.0,"0 - 0,03",207,
Cyprodinil,Các loại bắp cải,0.7,"0 - 0,03",207,
Cyprodinil,Cà rốt,0.7,"0 - 0,03",207,
Cyprodinil,Nho khô (gồm cả quả lý chua khô và nho khô không hạt),5.0,"0 - 0,03",207,
Cyprodinil,Rau gia vị khô,300.0,"0 - 0,03",207,trừ hoa bia khô
Cyprodinil,Nội tạng ăn được của động vật có vú,0.01,"0 - 0,03",207,
Cyprodinil,Trứng,0.01,"0 - 0,03",207,(*)
Cyprodinil,Các loại cải bông,2.0,"0 - 0,03",207,
Cyprodinil,(bao gồm cải làn và hoa lơ),,"0 - 0,03",207,
Cyprodinil,Các loại rau ăn quả (trừ bầu bí),2.0,"0 - 0,03",207,trừ nấm và ngô ngọt
Cyprodinil,Các loại rau bầu bí,0.5,"0 - 0,03",207,
Cyprodinil,Các loại nho,3.0,"0 - 0,03",207,
Cyprodinil,Các loại rau gia vị,40.0,"0 - 0,03",207,
Cyprodinil,Rau ăn lá,50.0,"0 - 0,03",207,trừ rau ăn lá họ cải
Cyprodinil,"Thịt động vật có vú, trừ động vật có vú ở biển",0.01,"0 - 0,03",207,"(*), (fat)"
Cyprodinil,Sữa nguyên liệu,0.0004,"0 - 0,03",207,"(*), F"
Cyprodinil,Củ hành,0.3,"0 - 0,03",207,
Cyprodinil,Củ cải vàng,0.7,"0 - 0,03",207,
Cyprodinil,Ớt ta khô,9.0,"0 - 0,03",207,
Cyprodinil,Quả dạng táo,2.0,"0 - 0,03",207,
Cyprodinil,Thịt gia cầm,0.01,"0 - 0,03",207,"(*), (fat)"
Cyprodinil,Nội tạng ăn được của gia cầm,0.01,"0 - 0,03",207,(*)
Cyprodinil,Mận khô,5.0,"0 - 0,03",207,
Cyprodinil,Củ cải ri/ Củ cải,0.3,"0 - 0,03",207,
Cyprodinil,Các loại quả có hạt,2.0,"0 - 0,03",207,
Cyprodinil,Lúa mì,0.5,"0 - 0,03",207,
Cyprodinil,Cám lúa mì chưa chế biến,2.0,"0 - 0,03",207,
Cyromazine,Artiso (cả cây),3.0,"0 - 0,06",169,
Cyromazine,Đậu (khô),3.0,"0 - 0,06",169,
Cyromazine,Bông lơ xanh,1.0,"0 - 0,06",169,
Cyromazine,Cần tây,4.0,"0 - 0,06",169,
Cyromazine,Đậu gà (khô),3.0,"0 - 0,06",169,
Cyromazine,Dưa chuột,2.0,"0 - 0,06",169,
Cyromazine,Nội tạng,0.3,"0 - 0,06",169,
Cyromazine,ăn được của động vật có vú,,"0 - 0,06",169,
Cyromazine,Trứng,0.3,"0 - 0,06",169,
Cyromazine,Các loại rau ăn quả (trừ bầu bí),1.0,"0 - 0,06",169,trừ nấm và ngô ngọt nguyên bắp
Cyromazine,Đậu lăng (khô),3.0,"0 - 0,06",169,
Cyromazine,Rau xà lách,4.0,"0 - 0,06",169,
Cyromazine,Lá rau diếp,4.0,"0 - 0,06",169,
Cyromazine,Đậu lima (quả non và/hoặc hạt non),1.0,"0 - 0,06",169,
Cyromazine,Đậu lupin (khô),3.0,"0 - 0,06",169,
Cyromazine,Xoài,0.5,"0 - 0,06",169,
Cyromazine,"Thịt động vật có vú, trừ động vật có vú ở biển",0.3,"0 - 0,06",169,
Cyromazine,"Các loại dưa, trừ dưa hấu",0.5,"0 - 0,06",169,
Cyromazine,Sữa nguyên liệu,0.01,"0 - 0,06",169,
Cyromazine,Nấm,7.0,"0 - 0,06",169,
Cyromazine,Cây mù tạt,10.0,"0 - 0,06",169,
Cyromazine,Củ hành,0.1,"0 - 0,06",169,
Cyromazine,Ớt ta khô,10.0,"0 - 0,06",169,
Cyromazine,Thịt gia cầm,0.1,"0 - 0,06",169,
Cyromazine,Nội tạng ăn được của gia cầm,0.2,"0 - 0,06",169,
Cyromazine,Hành hoa,3.0,"0 - 0,06",169,
Cyromazine,Bí mùa hè,2.0,"0 - 0,06",169,
DDT,Cà rốt,0.2,"0,01",21,E
DDT,Hạt ngũ cốc,0.1,"0,01",21,E
DDT,Trứng,0.1,"0,01",21,E
DDT,Sữa,0.02,"0,01",21,F E
Deltamethrin,Táo,0.2,"0,01",135,
Deltamethrin,Cà rốt,0.02,"0,01",135,
Deltamethrin,Hạt ngũ cốc,2.0,"0,01",135,Po
Deltamethrin,Quả có múi thuộc họ cam quýt,0.02,"0,01",135,
Deltamethrin,Trứng,0.02,"0,01",135,(*)
Deltamethrin,Các loại cải bông (bao gồm cải làn và hoa lơ),0.1,"0,01",135,
Deltamethrin,Các loại rau bầu bí,0.2,"0,01",135,
Deltamethrin,Các loại nho,0.2,"0,01",135,
Deltamethrin,Quả phỉ,0.02,"0,01",135,(*)
Deltamethrin,"Thận của gia súc, dê, lợn và cừu",0.03,"0,01",135,(*)
Deltamethrin,Rau ăn lá,2.0,"0,01",135,
Deltamethrin,Tỏi tây,0.2,"0,01",135,
Deltamethrin,Rau họ đậu,0.2,"0,01",135,
Deltamethrin,"Gan của gia súc, dê, lợn và cừu",0.03,"0,01",135,(*)
Deltamethrin,"Thịt động vật có vú, trừ động vật có vú ở biển",0.5,"0,01",135,"(1), (fat)"
Deltamethrin,Sữa nguyên liệu,0.05,"0,01",135,F
Deltamethrin,Nấm,0.05,"0,01",135,F
Deltamethrin,Quả xuân đào,0.05,"0,01",135,
Deltamethrin,Quả ôliu,1.0,"0,01",135,
Deltamethrin,Củ hành,0.05,"0,01",135,
Deltamethrin,Quả đào,0.05,"0,01",135,
Deltamethrin,Các loại mận (bao gồm cả mận khô),0.05,"0,01",135,
Deltamethrin,Khoai tây,0.01,"0,01",135,(*)
Deltamethrin,Thịt gia cầm,0.1,"0,01",135,(fat)
Deltamethrin,Nội tạng ăn được của gia cầm,0.02,"0,01",135,(*)
Deltamethrin,Các loại đậu lăng,1.0,"0,01",135,Po
Deltamethrin,Củ cải ri/ Củ cải,0.01,"0,01",135,(*)
Deltamethrin,Các loại gia vị từ quả và quả mọng,0.03,"0,01",135,
Deltamethrin,Các loại gia vị từ củ và thân rễ,0.5,"0,01",135,
Deltamethrin,Dâu tây,0.2,"0,01",135,
Deltamethrin,Hạt hướng dương,0.05,"0,01",135,(*)
Deltamethrin,Ngô ngọt (nguyên bắp),0.02,"0,01",135,(*)
Deltamethrin,"Trà xanh, đen",5.0,"0,01",135,
Deltamethrin,Cà chua,0.3,"0,01",135,
Deltamethrin,Các loại quả óc chó,0.02,"0,01",135,(*)
Deltamethrin,Cám lúa mì chưa chế biến,5.0,"0,01",135,PoP
Deltamethrin,Bột lúa mì,0.3,"0,01",135,PoP
Deltamethrin,Lúa mì chưa rây,2.0,"0,01",135,PoP
Deltamethrin,Ớt ta,0.1,"0,01",135,(7)
Deltamethrin,Măng tây,0.1,"0,01",135,(7)
Deltamethrin,Xoài,0.2,"0,01",135,(7)
Diazinon,Hạnh nhân,0.05,"0 - 0,005",22,
Diazinon,Quả dâu đen (dâu ta),0.1,"0 - 0,005",22,
Diazinon,Quả dâu rừng,0.1,"0 - 0,005",22,
Diazinon,Bông lơ xanh,0.5,"0 - 0,005",22,
Diazinon,Các loại bắp cải,0.5,"0 - 0,005",22,
Diazinon,Dưa vàng,0.2,"0 - 0,005",22,
Diazinon,Cà rốt,0.5,"0 - 0,005",22,
Diazinon,Anh đào,1.0,"0 - 0,005",22,
Diazinon,Trứng gà,0.02,"0 - 0,005",22,(*)
Diazinon,Thịt gà,0.02,"0 - 0,005",22,(*)
Diazinon,Nội tạng ăn được của gà,0.02,"0 - 0,005",22,(*)
Diazinon,Cải bẹ trắng (dạng pe- tsai),0.05,"0 - 0,005",22,
Diazinon,Đậu thường (quả và/hoặc hạt non),0.2,"0 - 0,005",22,
Diazinon,Quả nam việt quất,0.2,"0 - 0,005",22,
Diazinon,Dưa chuột,0.1,"0 - 0,005",22,
Diazinon,"Quả lý chua đen, quả lý chua đỏ, quả lý chua trắng",0.2,"0 - 0,005",22,
Diazinon,Đậu Hà Lan đã tách vỏ (hạt mọng),0.2,"0 - 0,005",22,
Diazinon,Thịt dê,2.0,"0 - 0,005",22,"(1), (fat), V"
Diazinon,Hoa bia khô,0.5,"0 - 0,005",22,
Diazinon,Cải xoăn (bao gồm cả cải thân cao thẳng),0.05,"0 - 0,005",22,
Diazinon,"Thận của gia súc, dê, lợn và cừu",0.03,"0 - 0,005",22,"(1), V"
Diazinon,Quả kiwi,0.2,"0 - 0,005",22,
Diazinon,Su hào,0.2,"0 - 0,005",22,
Diazinon,Rau xà lách,0.5,"0 - 0,005",22,
Diazinon,Lá rau diếp,0.5,"0 - 0,005",22,
Diazinon,"Gan của gia súc, dê, lợn và cừu",0.03,"0 - 0,005",22,"(1), V"
Diazinon,Ngô,0.02,"0 - 0,005",22,(*)
Diazinon,"Thịt gia súc, lợn và cừu",2.0,"0 - 0,005",22,"(1), (fat), V"
Diazinon,Sữa nguyên liệu,0.02,"0 - 0,005",22,(1)
Diazinon,Củ hành,0.05,"0 - 0,005",22,
Diazinon,Quả đào,0.2,"0 - 0,005",22,
Diazinon,Ớt ta khô,0.5,"0 - 0,005",22,
Diazinon,Ớt ngọt (gồm cả ớt ngọt Pimento),0.05,"0 - 0,005",22,
Diazinon,Dứa,0.1,"0 - 0,005",22,
Diazinon,Các loại mận (bao gồm cả mận khô),1.0,"0 - 0,005",22,
Diazinon,Quả dạng táo,0.3,"0 - 0,005",22,
Diazinon,Khoai tây,0.01,"0 - 0,005",22,(*)
Diazinon,Mận khô,2.0,"0 - 0,005",22,
Diazinon,Củ cải ri/ Củ cải,0.1,"0 - 0,005",22,
Diazinon,Quả mâm xôi (phúc bồn tử/ngấy hương/dâ u rừng) đen và đỏ,0.2,"0 - 0,005",22,
Diazinon,Các loại gia vị từ quả và quả mọng,0.1,"0 - 0,005",22,(*)
Diazinon,Các loại gia vị từ củ và thân rễ,0.5,"0 - 0,005",22,
Diazinon,Các loại gia vị dạng hạt,5.0,"0 - 0,005",22,
Diazinon,Rau chân vịt,0.5,"0 - 0,005",22,
Diazinon,Hành hoa,1.0,"0 - 0,005",22,
Diazinon,Bí mùa hè,0.05,"0 - 0,005",22,
Diazinon,Dâu tây,0.1,"0 - 0,005",22,
Diazinon,Củ cải đường,0.1,"0 - 0,005",22,
Diazinon,Ngô ngọt (nguyên bắp),0.02,"0 - 0,005",22,
Diazinon,Cà chua,0.5,"0 - 0,005",22,
Diazinon,Các loại quả óc chó,0.01,"0 - 0,005",22,(*)
Diazinon,Tỏi,0.05,"0 - 0,005",22,(7)
Diazinon,Đậu đũa,0.5,"0 - 0,005",22,(7)
Diazinon,Đậu bò,0.2,"0 - 0,005",22,(7)
Diazinon,Đậu tương,0.2,"0 - 0,005",22,(7)
Diazinon,Mù tạt,0.5,"0 - 0,005",22,(7)
Diazinon,Lúa mạch,7.0,"0 - 0,005",22,
Diazinon,Hạt cây bông,0.04,"0 - 0,005",22,(*)
Diazinon,Nội tạng ăn được của động vật có vú,0.7,"0 - 0,005",22,
Diazinon,Trứng,0.01,"0 - 0,005",22,(*)
Diazinon,Ngô,0.01,"0 - 0,005",22,(*)
Diazinon,Mỡ động vật có vú (trừ chất béo sữa),0.07,"0 - 0,005",22,
Diazinon,"Thịt động vật có vú, trừ động vật có vú ở biển",0.03,"0 - 0,005",22,
Diazinon,Sữa nguyên liệu,0.2,"0 - 0,005",22,
Diazinon,Mỡ gia cầm,0.04,"0 - 0,005",22,
Diazinon,Thịt gia cầm,0.02,"0 - 0,005",22,
Diazinon,Nội tạng ăn được của gia cầm,0.07,"0 - 0,005",22,
Diazinon,Lúa miến,4.0,"0 - 0,005",22,
Diazinon,Đậu tương (khô),10.0,"0 - 0,005",22,
Diazinon,Mía,1.0,"0 - 0,005",22,
Diazinon,Ngô ngọt (hạt),0.02,"0 - 0,005",22,
Diazinon,Lúa mì,2.0,"0 - 0,005",22,
Dichlobenil,"Các loại rau họ bắp cải, cải bắp, cải bông",0.05,"0 - 0,01",274,
Dichlobenil,Các loại quả Cane berries,0.2,"0 - 0,01",274,
Dichlobenil,Cần tây,0.07,"0 - 0,01",274,
Dichlobenil,Hạt ngũ cốc,0.01,"0 - 0,01",274,(*)
Dichlobenil,Nho khô (gồm cả quả lý chua khô và nho khô không,0.15,"0 - 0,01",274,
Dichlobenil,hạt),,"0 - 0,01",274,
Dichlobenil,Nội tạng ăn được của động vật có vú,0.04,"0 - 0,01",274,
Dichlobenil,Trứng,0.03,"0 - 0,01",274,
Dichlobenil,Các loại rau ăn quả (trừ bầu bí),0.01,"0 - 0,01",274,"trừ nấm và ngô ngọt, (*)"
Dichlobenil,Các loại rau bầu bí,0.01,"0 - 0,01",274,(*)
Dichlobenil,Nước nho ép,0.07,"0 - 0,01",274,
Dichlobenil,Các loại nho,0.05,"0 - 0,01",274,
Dichlobenil,Rau ăn lá,0.3,"0 - 0,01",274,
Dichlobenil,Mỡ động vật có vú (trừ chất béo sữa),0.01,"0 - 0,01",274,(*)
Dichlobenil,"Thịt động vật có vú, trừ động vật có vú ở biển",0.01,"0 - 0,01",274,(*)
Dichlobenil,Sữa nguyên liệu,0.01,"0 - 0,01",274,(*)
Dichlobenil,Củ hành,0.01,"0 - 0,01",274,(*)
Dichlobenil,Hành ta,0.02,"0 - 0,01",274,
Dichlobenil,Ớt ta khô,0.01,"0 - 0,01",274,(*)
Dichlobenil,Mỡ gia cầm,0.02,"0 - 0,01",274,
Dichlobenil,Thịt gia cầm,0.03,"0 - 0,01",274,
Dichlobenil,Nội tạng ăn được của gia cầm,0.1,"0 - 0,01",274,
Dichlobenil,Các loại đậu lăng,0.01,"0 - 0,01",274,(*)
Dichlofluanid,Táo,5.0,"0,3",82,
Dichlofluanid,Dưa chuột,5.0,"0,3",82,
Dichlofluanid,"Quả lý chua đen, quả lý chua đỏ, quả lý chua trắng",15.0,"0,3",82,
Dichlofluanid,Quả lý gai,7.0,"0,3",82,
Dichlofluanid,Các loại nho,15.0,"0,3",82,
Dichlofluanid,Rau xà lách,10.0,"0,3",82,
Dichlofluanid,Củ hành,0.1,"0,3",82,
Dichlofluanid,Quả đào,5.0,"0,3",82,
Dichlofluanid,Lê,5.0,"0,3",82,
Dichlofluanid,Các loại ớt,2.0,"0,3",82,
Dichlofluanid,Ớt ta khô,20.0,"0,3",82,
Dichlofluanid,Khoai tây,0.1,"0,3",82,
Dichlofluanid,Quả mâm xôi (phúc bồn tử/ngấy hương/dâ u rừng) đen và đỏ,15.0,"0,3",82,
Dichlofluanid,Dâu tây,10.0,"0,3",82,
Dichlofluanid,Cà chua,2.0,"0,3",82,
Dichloran,Cà rốt,15.0,"0,01",83,Po
Dichloran,Các loại nho,7.0,"0,01",83,
Dichloran,Quả xuân đào,7.0,"0,01",83,Po
Dichloran,Củ hành,0.2,"0,01",83,
Dichloran,Quả đào,7.0,"0,01",83,Po
Dichlorvos,Nội tạng ăn được của động vật có vú,0.01,"0 - 0,004",25,(*)
Dichlorvos,Trứng,0.01,"0 - 0,004",25,(*)
Dichlorvos,Mỡ động vật có vú (trừ chất béo sữa),0.01,"0 - 0,004",25,(*)
Dichlorvos,"Thịt động vật có vú, trừ động vật có vú ở biển",0.01,"0 - 0,004",25,(*)
Dichlorvos,Sữa nguyên liệu,0.01,"0 - 0,004",25,(*)
Dichlorvos,Mỡ gia cầm,0.01,"0 - 0,004",25,(*)
Dichlorvos,Thịt gia cầm,0.01,"0 - 0,004",25,(*)
Dichlorvos,Nội tạng ăn được của gia cầm,0.01,"0 - 0,004",25,(*)
Dichlorvos,Gạo,7.0,"0 - 0,004",25,
Dichlorvos,Cám gạo chưa chế biến,15.0,"0 - 0,004",25,PoP
Dichlorvos,Gạo đã xát vỏ,1.5,"0 - 0,004",25,PoP
Dichlorvos,Gạo được,0.15,"0 - 0,004",25,PoP
Dichlorvos,đánh bóng,,"0 - 0,004",25,
Dichlorvos,Các loại gia vị,0.1,"0 - 0,004",25,(*)
Dichlorvos,Lúa mì,7.0,"0 - 0,004",25,Po
Dichlorvos,Cám lúa mì chưa chế biến,15.0,"0 - 0,004",25,PoP
Dichlorvos,Bột lúa mì,0.7,"0 - 0,004",25,PoP
Dichlorvos,Lúa mì chưa rây,3.0,"0 - 0,004",25,PoP
Dichlorvos,Các loại gia vị từ củ và thân rễ,0.1,"0 - 0,004",25,
Dichlorvos,Các loại gia vị dạng hạt,0.05,"0 - 0,004",25,(*)
Dichlorvos,"Trà xanh, đen",40.0,"0 - 0,004",25,
Dichlorvos,Chuối,0.1,"0 - 0,004",25,
Dichlorvos,Đậu đỗ các loại (trừ đậu tằm và đậu tương),0.7,"0 - 0,004",25,
Dichlorvos,"Các loại rau họ bắp cải, cải bắp, cải bông",2.0,"0 - 0,004",25,
Dichlorvos,Cà rốt,0.2,"0 - 0,004",25,
Dichlorvos,Cây cần tây,0.5,"0 - 0,004",25,
Dichlorvos,Cần tây,3.0,"0 - 0,004",25,
Dichlorvos,Anh đào,0.2,"0 - 0,004",25,
Dichlorvos,Quả có múi thuộc họ cam quýt,0.6,"0 - 0,004",25,
Dichlorvos,Dưa chuột,0.2,"0 - 0,004",25,
Dichlorvos,Nho khô (gồm cả quả lý chua khô và nho khô không hạt),6.0,"0 - 0,004",25,
Dichlorvos,Nội tạng ăn được của động,1.5,"0 - 0,004",25,
Dichlorvos,vật có vú,,"0 - 0,004",25,
Dichlorvos,Trứng,0.03,"0 - 0,004",25,
Dichlorvos,Các loại rau ăn quả (trừ bầu bí),0.6,"0 - 0,004",25,trừ nấm và ngô ngọt
Dichlorvos,Tỏi,0.02,"0 - 0,004",25,(*)
Dichlorvos,Dưa chuột ri,0.2,"0 - 0,004",25,
Dichlorvos,Sâm,0.08,"0 - 0,004",25,
Dichlorvos,Sâm khô (kể cả sâm đỏ),0.2,"0 - 0,004",25,
Dichlorvos,Chiết xuất sâm,0.6,"0 - 0,004",25,
Dichlorvos,Các loại nho,3.0,"0 - 0,004",25,
Dichlorvos,Tỏi tây,0.3,"0 - 0,004",25,
Dichlorvos,Rau xà lách,2.0,"0 - 0,004",25,
Dichlorvos,Lá rau diếp,2.0,"0 - 0,004",25,
Dichlorvos,Xoài,0.07,"0 - 0,004",25,
Dichlorvos,"Thịt động vật có vú, trừ động vật có vú ở biển",0.2,"0 - 0,004",25,(fat)
Dichlorvos,"Các loại dưa, trừ dưa hấu",0.7,"0 - 0,004",25,
Dichlorvos,Sữa nguyên liệu,0.02,"0 - 0,004",25,
Dichlorvos,Quả xuân đào,0.5,"0 - 0,004",25,
Dichlorvos,Quả ôliu,2.0,"0 - 0,004",25,
Dichlorvos,Củ hành,0.1,"0 - 0,004",25,
Dichlorvos,Đu đủ,0.2,"0 - 0,004",25,
Dichlorvos,Chanh leo,0.05,"0 - 0,004",25,
Dichlorvos,Quả đào,0.5,"0 - 0,004",25,
Dichlorvos,Đậu (quả và hạt mọng non),0.7,"0 - 0,004",25,
Dichlorvos,Ớt ta khô,5.0,"0 - 0,004",25,
Dichlorvos,Các loại mận (bao gồm cả mận khô),0.2,"0 - 0,004",25,
Dichlorvos,Quả dạng táo,0.8,"0 - 0,004",25,
Dichlorvos,Khoai tây,4.0,"0 - 0,004",25,Po
Dichlorvos,Thịt gia,0.01,"0 - 0,004",25,"(*), (fat)"
Dichlorvos,cầm,,"0 - 0,004",25,
Dichlorvos,Nội tạng ăn được của gia cầm,0.01,"0 - 0,004",25,(*)
Dichlorvos,Hạt cải dầu,0.05,"0 - 0,004",25,
Dichlorvos,Đậu tương (khô),0.02,"0 - 0,004",25,(*)
Dichlorvos,Hành hoa,9.0,"0 - 0,004",25,
Dichlorvos,Bí mùa hè,0.2,"0 - 0,004",25,
Dichlorvos,Củ cải đường,0.2,"0 - 0,004",25,
Dichlorvos,Hạt hướng dương,0.02,"0 - 0,004",25,
Dichlorvos,Các loại quả hạch,0.03,"0 - 0,004",25,
Dichlorvos,Lúa mì,0.02,"0 - 0,004",25,(*)
Diflubenzuron,Lúa mạch,0.05,"0 - 0,02",130,(*)
Diflubenzuron,Quả có múi thuộc họ cam quýt,0.5,"0 - 0,02",130,
Diflubenzuron,Nội tạng ăn được của động vật có vú,0.1,"0 - 0,02",130,(*)
Diflubenzuron,Trứng,0.05,"0 - 0,02",130,(*)
Diflubenzuron,"Thịt động vật có vú, trừ động vật có vú ở biển",0.1,"0 - 0,02",130,(fat)
Diflubenzuron,Sữa nguyên liệu,0.02,"0 - 0,02",130,(*) F
Diflubenzuron,Nấm,0.3,"0 - 0,02",130,
Diflubenzuron,Cây mù tạt,10.0,"0 - 0,02",130,
Diflubenzuron,Quả xuân đào,0.5,"0 - 0,02",130,
Diflubenzuron,Yến mạch,0.05,"0 - 0,02",130,(*)
Diflubenzuron,Quả đào,0.5,"0 - 0,02",130,
Diflubenzuron,Hạt lạc,0.1,"0 - 0,02",130,
Diflubenzuron,Ớt ta,3.0,"0 - 0,02",130,
Diflubenzuron,Ớt ta khô,20.0,"0 - 0,02",130,
Diflubenzuron,Ớt ngọt (gồm cả ớt ngọt Pimento),0.7,"0 - 0,02",130,
Diflubenzuron,Các loại mận (bao gồm cả mận khô),0.5,"0 - 0,02",130,
Diflubenzuron,Quả dạng,5.0,"0 - 0,02",130,
Diflubenzuron,táo,,"0 - 0,02",130,
Diflubenzuron,Thịt gia cầm,0.05,"0 - 0,02",130,"(*), (fat)"
Diflubenzuron,Gạo,0.01,"0 - 0,02",130,(*)
Diflubenzuron,Các loại quả hạch,0.2,"0 - 0,02",130,
Diflubenzuron,Lúa mì lai lúa mạch đen,0.05,"0 - 0,02",130,(*)
Diflubenzuron,Lúa mì,0.05,"0 - 0,02",130,(*)
Dimethenamid-P,Đậu (khô),0.01,"0 - 0,07",214,(*)
Dimethenamid-P,Củ cải đường,0.01,"0 - 0,07",214,(*)
Dimethenamid-P,Trứng,0.01,"0 - 0,07",214,(*)
Dimethenamid-P,Tỏi,0.01,"0 - 0,07",214,(*)
Dimethenamid-P,Ngô,0.01,"0 - 0,07",214,(*)
Dimethenamid-P,"Thịt động vật có vú, trừ động vật có vú ở biển",0.01,"0 - 0,07",214,(*)
Dimethenamid-P,Sữa nguyên liệu,0.01,"0 - 0,07",214,(*)
Dimethenamid-P,Củ hành,0.01,"0 - 0,07",214,(*)
Dimethenamid-P,Hạt lạc,0.01,"0 - 0,07",214,(*)
Dimethenamid-P,Khoai tây,0.01,"0 - 0,07",214,(*)
Dimethenamid-P,Thịt gia cầm,0.01,"0 - 0,07",214,(*)
Dimethenamid-P,Nội tạng ăn được của gia cầm,0.01,"0 - 0,07",214,(*)
Dimethenamid-P,Hẹ tây,0.01,"0 - 0,07",214,(*)
Dimethenamid-P,Lúa miến,0.01,"0 - 0,07",214,(*)
Dimethenamid-P,Đậu tương (khô),0.01,"0 - 0,07",214,(*)
Dimethenamid-P,Củ cải đường,0.01,"0 - 0,07",214,(*)
Dimethenamid-P,Ngô ngọt (nguyên bắp),0.01,"0 - 0,07",214,(*)
Dimethenamid-P,Khoai lang,0.01,"0 - 0,07",214,(*)
Dimethipin,Hạt cây bông,1.0,"0 - 0,02",151,
Dimethipin,Dầu hạt bông thô,0.1,"0 - 0,02",151,
Dimethipin,Dầu hạt cây bông,0.1,"0 - 0,02",151,
Dimethipin,Nội tạng ăn được của động vật có vú,0.01,"0 - 0,02",151,(*)
Dimethipin,Trứng,0.01,"0 - 0,02",151,(*)
Dimethipin,"Thịt động vật có vú, trừ động vật có vú ở biển",0.01,"0 - 0,02",151,(*)
Dimethipin,Sữa nguyên liệu,0.01,"0 - 0,02",151,(*)
Dimethipin,Khoai tây,0.05,"0 - 0,02",151,(*)
Dimethipin,Thịt gia cầm,0.01,"0 - 0,02",151,(*)
Dimethipin,Nội tạng ăn được của gia cầm,0.01,"0 - 0,02",151,(*)
Dimethipin,Hạt cải dầu,0.2,"0 - 0,02",151,
Dimethipin,Hạt hướng dương,1.0,"0 - 0,02",151,
Dimethoate,Artiso (cả cây),0.05,"0,002",27,
Dimethoate,Măng tây,0.05,"0,002",27,(*)
Dimethoate,Lúa mạch,2.0,"0,002",27,
Dimethoate,Cải Brussels,0.2,"0,002",27,
Dimethoate,Bắp cải xa voa,0.05,"0,002",27,(*)
Dimethoate,Nội tạng ăn được của gia súc,0.05,"0,002",27,(*)
Dimethoate,Hoa lơ,0.2,"0,002",27,
Dimethoate,Cần tây,0.5,"0,002",27,
Dimethoate,Anh đào,2.0,"0,002",27,
Dimethoate,Quả có múi thuộc họ cam quýt,5.0,"0,002",27,trừ quất
Dimethoate,Trứng,0.05,"0,002",27,(*)
Dimethoate,Rau xà lách,0.3,"0,002",27,
Dimethoate,Mỡ động vát có vú (trừ chất béo sữa),0.05,"0,002",27,(*)
Dimethoate,Xoài,1.0,"0,002",27,Po
Dimethoate,"Thịt gia súc, dê, ngựa, lợn và cừu",0.05,"0,002",27,(*)
Dimethoate,"Sữa gia súc, dê và cừu",0.05,"0,002",27,(*)
Dimethoate,Quả ôliu,0.5,"0,002",27,
Dimethoate,Lê,1.0,"0,002",27,
Dimethoate,Đậu (quả và hạt mọng non),1.0,"0,002",27,
Dimethoate,Ớt ta khô,3.0,"0,002",27,
Dimethoate,Ớt ngọt (gồm cả ớt ngọt Pimento),0.5,"0,002",27,
Dimethoate,Khoai tây,0.05,"0,002",27,
Dimethoate,Mỡ gia cầm,0.05,"0,002",27,(*)
Dimethoate,Thịt gia cầm,0.05,"0,002",27,(*)
Dimethoate,Nội tạng ăn được của gia cầm,0.05,"0,002",27,(*)
Dimethoate,Nội tạng ăn được của cừu,0.05,"0,002",27,(*)
Dimethoate,Các loại gia vị từ quả và quả mọng,0.5,"0,002",27,
Dimethoate,Các loại gia vị từ củ và thân rễ,0.1,"0,002",27,(*)
Dimethoate,Các loại gia vị dạng hạt,5.0,"0,002",27,
Dimethoate,Củ cải đường,0.05,"0,002",27,
Dimethoate,Lá củ cải đỏ,1.0,"0,002",27,
Dimethoate,Củ cải Turnip vườn,0.1,"0,002",27,
Dimethoate,Lúa mì,0.05,"0,002",27,
Dimethoate,Bắp cải,2.0,"0,002",27,(7)
Dimethoate,Cà chua,1.0,"0,002",27,(7)
Dimethoate,Đậu đũa Yardlong,0.05,"0,002",27,(7)
Dimethomorph,Artiso (cả cây),2.0,"0 - 0,2",225,
Dimethomorph,Đậu hạt đã bóc vỏ,0.7,"0 - 0,2",225,
Dimethomorph,Bông lơ xanh,4.0,"0 - 0,2",225,
Dimethomorph,Các loại bắp cải,6.0,"0 - 0,2",225,
Dimethomorph,Cần tây,15.0,"0 - 0,2",225,
Dimethomorph,Rau mát,10.0,"0 - 0,2",225,
Dimethomorph,Nho khô (gồm cả quả lý chua khô và nho khô không hạt),5.0,"0 - 0,2",225,
Dimethomorph,Nội tạng ăn được của động vật có vú,0.01,"0 - 0,2",225,(*)
Dimethomorph,Trứng,0.01,"0 - 0,2",225,(*)
Dimethomorph,Các loại rau ăn quả (trừ bầu bí),1.5,"0 - 0,2",225,
Dimethomorph,Các loại rau bầu bí,0.5,"0 - 0,2",225,
Dimethomorph,Tỏi,0.6,"0 - 0,2",225,
Dimethomorph,Các loại nho,3.0,"0 - 0,2",225,
Dimethomorph,Hoa bia khô,80.0,"0 - 0,2",225,
Dimethomorph,Su hào,0.02,"0 - 0,2",225,
Dimethomorph,Tỏi tây,0.8,"0 - 0,2",225,
Dimethomorph,Rau xà lách,10.0,"0 - 0,2",225,
Dimethomorph,"Thịt động vật có vú, trừ động vật có vú ở biển",0.01,"0 - 0,2",225,(*)
Dimethomorph,Sữa nguyên liệu,0.01,"0 - 0,2",225,(*)
Dimethomorph,Củ hành,0.6,"0 - 0,2",225,
Dimethomorph,Hành ta,9.0,"0 - 0,2",225,
Dimethomorph,Đậu đã tách vỏ (hạt mọng),0.15,"0 - 0,2",225,
Dimethomorph,Ớt ta khô,5.0,"0 - 0,2",225,
Dimethomorph,Dứa,0.01,"0 - 0,2",225,(*)
Dimethomorph,Khoai tây,0.05,"0 - 0,2",225,
Dimethomorph,Thịt gia cầm,0.01,"0 - 0,2",225,(*)
Dimethomorph,Nội tạng ăn được của gia cầm,0.01,"0 - 0,2",225,(*)
Dimethomorph,Hẹ tây,0.6,"0 - 0,2",225,
Dimethomorph,Rau chân vịt,30.0,"0 - 0,2",225,
Dimethomorph,Hành hoa,9.0,"0 - 0,2",225,
Dimethomorph,Dâu tây,0.5,"0 - 0,2",225,
Dimethomorph,Lá khoai môn,10.0,"0 - 0,2",225,
Dinocap,Táo,0.2,"0,008",87,
Dinocap,Dưa chuột,0.7,"0,008",87,
Dinocap,Các loại rau bầu bí,0.05,"0,008",87,(*)
Dinocap,Các loại nho,0.5,"0,008",87,
Dinocap,"Các loại dưa, trừ dưa hấu",0.5,"0,008",87,
Dinocap,Quả đào,0.1,"0,008",87,
Dinocap,Các loại ớt,0.2,"0,008",87,
Dinocap,Ớt ta khô,2.0,"0,008",87,
Dinocap,Bí mùa hè,0.07,"0,008",87,
Dinocap,Dâu tây,0.5,"0,008",87,trừ dâu tây trồng ở nhà kính
Dinocap,Cà chua,0.3,"0,008",87,
Dinocap,Cần tây,0.6,"0,008",87,
Dinocap,Hạt cây bông,0.2,"0,008",87,
Dinocap,Quả nam việt quất,0.15,"0,008",87,
Dinocap,Nho khô (gồm cả quả lý chua khô và nho khô không hạt),3.0,"0,008",87,
Dinocap,Nội tạng ăn được của động vật có vú,0.1,"0,008",87,
Dinocap,Trứng,0.02,"0,008",87,(*)
Dinocap,Các loại rau ăn quả (trừ bầu bí),0.5,"0,008",87,trừ ngô ngọt và nấm
Dinocap,Các loại rau bầu bí,0.5,"0,008",87,
Dinocap,Các loại nho,0.9,"0,008",87,
Dinocap,Rau ăn lá,6.0,"0,008",87,trừ cải xoong
Dinocap,"Thịt động vật có vú,",0.1,"0,008",87,
Dinocap,trừ động vật có vú ở biển,,"0,008",87,
Dinocap,Sữa nguyên liệu,0.1,"0,008",87,
Dinocap,Quả xuân đào,0.8,"0,008",87,
Dinocap,Củ hành,0.1,"0,008",87,
Dinocap,Quả đào,0.8,"0,008",87,
Dinocap,Ớt ta khô,5.0,"0,008",87,
Dinocap,Thịt gia cầm,0.02,"0,008",87,(*)
Dinocap,Nội tạng ăn được của gia cầm,0.02,"0,008",87,(*)
Dinocap,Gạo,8.0,"0,008",87,
Dinocap,Gạo được đánh bóng,0.3,"0,008",87,
Dinocap,Hành hoa,4.0,"0,008",87,
Dinocap,Cải xoong,7.0,"0,008",87,
Diphenyl amine,Táo,10.0,"0,08",30,Po
Diphenyl amine,Nước táo ép,0.5,"0,08",30,PoP
Diphenyl amine,Thận gia súc,0.01,"0,08",30,(*)
Diphenyl amine,Gan gia súc,0.05,"0,08",30,
Diphenyl amine,Thịt gia súc,0.01,"0,08",30,"(*), (fat)"
Diphenyl amine,Các loại chất béo từ sữa,0.01,"0,08",30,
Diphenyl amine,Sữa nguyên liệu,0.01,"0,08",30,(*)
Diphenyl amine,Lê,5.0,"0,08",30,Po
Diquat,Chuối,0.02,"0 - 0,006",31,(*)
Diquat,Lúa mạch,5.0,"0 - 0,006",31,
Diquat,Đậu (khô),0.2,"0 - 0,006",31,
Diquat,Quả điều Cajou (pseudofru it),0.02,"0 - 0,006",31,(*)
Diquat,Quả đào lộn hột,0.02,"0 - 0,006",31,(*)
Diquat,Hạt điều,0.02,"0 - 0,006",31,(*)
Diquat,Quả có múi thuộc họ cam quýt,0.02,"0 - 0,006",31,(*)
Diquat,Hạt cà phê,0.02,"0 - 0,006",31,(*)
Diquat,Nội tạng ăn được của động vật có vú,0.05,"0 - 0,006",31,(*)
Diquat,Trứng,0.05,"0 - 0,006",31,(*)
Diquat,Các loại rau ăn quả (trừ bầu bí),0.01,"0 - 0,006",31,"trừ ngô ngọt và nấm, (*)"
Diquat,Đậu lăng (khô),0.2,"0 - 0,006",31,
Diquat,"Thịt động vật có vú, trừ động vật có vú ở biển",0.05,"0 - 0,006",31,(*)
Diquat,Sữa nguyên liệu,0.01,"0 - 0,006",31,(*)
Diquat,Yến mạch,2.0,"0 - 0,006",31,
Diquat,Các loại đậu (khô),0.3,"0 - 0,006",31,
Diquat,Quả dạng táo,0.02,"0 - 0,006",31,(*)
Diquat,Khoai tây,0.1,"0 - 0,006",31,
Diquat,Thịt gia cầm,0.05,"0 - 0,006",31,(*)
Diquat,Nội tạng ăn được của gia cầm,0.05,"0 - 0,006",31,(*)
Diquat,Hạt cải dầu,1.5,"0 - 0,006",31,
Diquat,Đậu tương (khô),0.3,"0 - 0,006",31,
Diquat,Các loại quả có hạt,0.02,"0 - 0,006",31,(*)
Diquat,Dâu tây,0.05,"0 - 0,006",31,(*)
Diquat,Hạt hướng dương,0.9,"0 - 0,006",31,
Diquat,Lúa mì,2.0,"0 - 0,006",31,
Diquat,Cám lúa mì chưa chế biến,2.0,"0 - 0,006",31,
Diquat,Bột lúa mì,0.5,"0 - 0,006",31,
Diquat,Lúa mì chưa rây,2.0,"0 - 0,006",31,
Disulfoton,Măng tây,0.02,"0 - 0,0003",74,(*)
Disulfoton,Lúa mạch,0.2,"0 - 0,0003",74,
Disulfoton,Đậu (khô),0.2,"0 - 0,0003",74,
Disulfoton,Trứng gà,0.02,"0 - 0,0003",74,(*)
Disulfoton,Hạt cà phê,0.2,"0 - 0,0003",74,
Disulfoton,Đậu,0.2,"0 - 0,0003",74,
Disulfoton,thường (quả và/hoặc hạt non),,"0 - 0,0003",74,
Disulfoton,Hạt cây bông,0.1,"0 - 0,0003",74,
Disulfoton,"Đậu Hà Lan (quả non), (hạt mọng non)",0.1,"0 - 0,0003",74,
Disulfoton,Đậu Hà Lan đã tách vỏ (hạt mọng),0.02,"0 - 0,0003",74,(*)
Disulfoton,Ngô,0.02,"0 - 0,0003",74,
Disulfoton,"Sữa gia súc, dê và cừu",0.01,"0 - 0,0003",74,
Disulfoton,Yến mạch,0.02,"0 - 0,0003",74,(*)
Disulfoton,Hạt lạc,0.1,"0 - 0,0003",74,
Disulfoton,Quả hồ đào Pecan,0.1,"0 - 0,0003",74,
Disulfoton,Dứa,0.1,"0 - 0,0003",74,
Disulfoton,Thịt gia cầm,0.02,"0 - 0,0003",74,(*)
Disulfoton,Các loại gia vị,0.05,"0 - 0,0003",74,(*)
Disulfoton,Củ cải đường,0.2,"0 - 0,0003",74,
Disulfoton,Ngô ngọt (nguyên bắp),0.02,"0 - 0,0003",74,(*)
Disulfoton,Ngô ngọt (hạt),0.02,"0 - 0,0003",74,(*)
Disulfoton,Lúa mì,0.2,"0 - 0,0003",74,
Dithianon,Hạnh nhân,0.05,"0,01",180,(*)
Dithianon,"Quả lý chua đen, quả lý chua đỏ, quả lý chua trắng",2.0,"0,01",180,
Dithianon,Nho khô (gồm cả quả lý chua khô và nho khô không hạt),3.5,"0,01",180,
Dithianon,Nội tạng ăn được của động vật có vú,0.01,"0,01",180,(*)
Dithianon,Trứng,0.01,"0,01",180,(*)
Dithianon,Hoa bia,300.0,"0,01",180,
Dithianon,khô,,"0,01",180,
Dithianon,Quýt,3.0,"0,01",180,
Dithianon,"Thịt động vật có vú, trừ động vật có vú ở biển",0.01,"0,01",180,(*)
Dithianon,Sữa nguyên liệu,0.01,"0,01",180,(*)
Dithianon,Quả dạng táo,1.0,"0,01",180,
Dithianon,Thịt gia cầm,0.01,"0,01",180,(*)
Dithianon,Nội tạng ăn được của gia cầm,0.01,"0,01",180,(*)
Dithianon,Bưởi Đông Nam Á và Bưởi chùm (bao gồm các dòng lai giống bưởi ngoài giống bưởi chùm),3.0,"0,01",180,
Dithianon,Các loại quả có hạt,2.0,"0,01",180,
Dithianon,Nho ăn quả,2.0,"0,01",180,
Dithianon,Nho làm rượu vang,5.0,"0,01",180,
Dithiocarbamates,Hạnh nhân,0.1,"0 - 0,03",105,(*)
Dithiocarbamates,Măng tây,0.1,"0 - 0,03",105,
Dithiocarbamates,Chuối,2.0,"0 - 0,03",105,
Dithiocarbamates,Lúa mạch,1.0,"0 - 0,03",105,
Dithiocarbamates,Các loại bắp cải,5.0,"0 - 0,03",105,
Dithiocarbamates,Bạch đậu khấu,0.1,"0 - 0,03",105,
Dithiocarbamates,Cà rốt,1.0,"0 - 0,03",105,
Dithiocarbamates,Anh đào,0.2,"0 - 0,03",105,
Dithiocarbamates,Hạt rau mùi,0.1,"0 - 0,03",105,
Dithiocarbamates,Rau diếp,10.0,"0 - 0,03",105,
Dithiocarbamates,Quả nam việt quất,5.0,"0 - 0,03",105,
Dithiocarbamates,Dưa chuột,2.0,"0 - 0,03",105,
Dithiocarbamates,Hạt thì là Ai Cập,10.0,"0 - 0,03",105,
Dithiocarbamates,"Quả lý chua đen,",10.0,"0 - 0,03",105,
Dithiocarbamates,"quả lý chua đỏ, quả lý chua trắng",,"0 - 0,03",105,
Dithiocarbamates,Nội tạng ăn được của động vật có vú,0.1,"0 - 0,03",105,
Dithiocarbamates,Trứng,0.05,"0 - 0,03",105,(*)
Dithiocarbamates,Hạt thì là Fennel,0.1,"0 - 0,03",105,
Dithiocarbamates,Tỏi,0.5,"0 - 0,03",105,
Dithiocarbamates,Sâm,0.3,"0 - 0,03",105,
Dithiocarbamates,Sâm khô (kể cả sâm đỏ),1.5,"0 - 0,03",105,
Dithiocarbamates,Các loại nho,5.0,"0 - 0,03",105,
Dithiocarbamates,Hoa bia khô,30.0,"0 - 0,03",105,
Dithiocarbamates,Cải xoăn (bao gồm cả cải thân cao thẳng),15.0,"0 - 0,03",105,
Dithiocarbamates,Tỏi tây,0.5,"0 - 0,03",105,
Dithiocarbamates,Rau xà lách,0.5,"0 - 0,03",105,
Dithiocarbamates,Các loại quýt (gồm cả các quả lai giống quýt),10.0,"0 - 0,03",105,
Dithiocarbamates,Xoài,2.0,"0 - 0,03",105,
Dithiocarbamates,"Thịt động vật có vú, trừ động vật có vú ở biển",0.05,"0 - 0,03",105,(*)
Dithiocarbamates,"Các loại dưa, trừ dưa hấu",0.5,"0 - 0,03",105,
Dithiocarbamates,Sữa nguyên liệu,0.05,"0 - 0,03",105,(*)
Dithiocarbamates,Củ hành,0.5,"0 - 0,03",105,
Dithiocarbamates,"Các loại cam ngọt, cam chua (gồm cả các quả lai giống cam)",2.0,"0 - 0,03",105,
Dithiocarbamates,Đu đủ,5.0,"0 - 0,03",105,
Dithiocarbamates,Hạt lạc,0.1,"0 - 0,03",105,(*)
Dithiocarbamates,Quả hồ đào Pecan,0.1,"0 - 0,03",105,(*)
Dithiocarbamates,"Hạt tiêu đen, hạt tiêu trắng",0.1,"0 - 0,03",105,
Dithiocarbamates,Ớt ta khô,20.0,"0 - 0,03",105,
Dithiocarbamates,Ớt ngọt (gồm cả ớt ngọt Pimento),1.0,"0 - 0,03",105,
Dithiocarbamates,Quả dạng táo,5.0,"0 - 0,03",105,
Dithiocarbamates,Khoai tây,0.2,"0 - 0,03",105,
Dithiocarbamates,Thịt gia cầm,0.1,"0 - 0,03",105,
Dithiocarbamates,Nội tạng ăn được của gia cầm,0.1,"0 - 0,03",105,
Dithiocarbamates,Bí ngô,0.2,"0 - 0,03",105,
Dithiocarbamates,Hành hoa,10.0,"0 - 0,03",105,
Dithiocarbamates,Bí mùa hè,1.0,"0 - 0,03",105,
Dithiocarbamates,Các loại quả có hạt,7.0,"0 - 0,03",105,
Dithiocarbamates,Dâu tây,5.0,"0 - 0,03",105,
Dithiocarbamates,Củ cải đường,0.5,"0 - 0,03",105,
Dithiocarbamates,Ngô ngọt (nguyên bắp),0.1,"0 - 0,03",105,(*)
Dithiocarbamates,Cà chua,2.0,"0 - 0,03",105,
Dithiocarbamates,Dưa hấu,1.0,"0 - 0,03",105,
Dithiocarbamates,Lúa mì,1.0,"0 - 0,03",105,
Dithiocarbamates,Bí mùa đông,0.1,"0 - 0,03",105,
Dodine,Anh đào,3.0,"0,1",84,
Dodine,Quả xuân đào,5.0,"0,1",84,
Dodine,Quả đào,5.0,"0,1",84,
Dodine,Quả dạng táo,5.0,"0,1",84,
Emamectinbenzoate,Đậu đỗ các loại (trừ đậu tằm và đậu tương),0.01,"0 - 0,0005",247,
Emamectinbenzoate,Rau diếp,0.7,"0 - 0,0005",247,
Emamectinbenzoate,Hạt cây bông,0.002,"0 - 0,0005",247,(*)
Emamectinbenzoate,Nội tạng ăn được của động vật có vú,0.08,"0 - 0,0005",247,
Emamectinbenzoate,Các loại,0.02,"0 - 0,0005",247,trừ ngô
Emamectinbenzoate,rau ăn quả (trừ bầu bí),,"0 - 0,0005",247,ngọt và nấm
Emamectinbenzoate,Các loại rau bầu bí,0.007,"0 - 0,0005",247,
Emamectinbenzoate,Các loại nho,0.03,"0 - 0,0005",247,
Emamectinbenzoate,Rau xà lách,1.0,"0 - 0,0005",247,
Emamectinbenzoate,Lá rau diếp,0.7,"0 - 0,0005",247,
Emamectinbenzoate,Mỡ động vật có vú (trừ chất béo sữa),0.02,"0 - 0,0005",247,
Emamectinbenzoate,"Thịt động vật có vú, trừ động vật có vú ở biển",0.004,"0 - 0,0005",247,
Emamectinbenzoate,Sữa nguyên liệu,0.002,"0 - 0,0005",247,
Emamectinbenzoate,Cây mù tạt,0.2,"0 - 0,0005",247,
Emamectinbenzoate,Quả xuân đào,0.03,"0 - 0,0005",247,
Emamectinbenzoate,Quả đào,0.03,"0 - 0,0005",247,
Emamectinbenzoate,Ớt ta khô,0.2,"0 - 0,0005",247,
Emamectinbenzoate,Quả dạng táo,0.02,"0 - 0,0005",247,
Emamectinbenzoate,Hạt cải dầu,0.005,"0 - 0,0005",247,(*)
Emamectinbenzoate,Các loại quả hạch,0.001,"0 - 0,0005",247,(*)
Emamectinbenzoate,Hạt cacao,0.2,"0 - 0,0005",247,
Emamectinbenzoate,Hạt cà phê,0.2,"0 - 0,0005",247,
Emamectinbenzoate,Hạt cây bông,0.3,"0 - 0,0005",247,
Emamectinbenzoate,Dưa chuột,1.0,"0 - 0,0005",247,
Emamectinbenzoate,Quả na,0.5,"0 - 0,0005",247,
Emamectinbenzoate,Cà tím,0.1,"0 - 0,0005",247,
Emamectinbenzoate,Trứng,0.03,"0 - 0,0005",247,(*)
Emamectinbenzoate,Quả phỉ,0.02,"0 - 0,0005",247,(*)
Emamectinbenzoate,"Thận của gia súc, dê, lợn và cừu",0.03,"0 - 0,0005",247,(*)
Emamectinbenzoate,Quả vải,2.0,"0 - 0,0005",247,
Emamectinbenzoate,"Gan của gia súc, dê, lợn và cừu",0.1,"0 - 0,0005",247,
Emamectinbenzoate,Hạt mắc ca,0.02,"0 - 0,0005",247,(*)
Emamectinbenzoate,Xoài,0.5,"0 - 0,0005",247,
Emamectinbenzoate,"Thịt động vật có vú, trừ động vật có vú ở biển",0.2,"0 - 0,0005",247,(fat)
Emamectinbenzoate,"Các loại dưa, trừ dưa hấu",2.0,"0 - 0,0005",247,
Emamectinbenzoate,Các loại chất béo từ sữa,0.1,"0 - 0,0005",247,
Emamectinbenzoate,Sữa,0.01,"0 - 0,0005",247,
Emamectinbenzoate,Đu đủ,0.5,"0 - 0,0005",247,
Emamectinbenzoate,Quả hồng vàng Châu Mỹ,2.0,"0 - 0,0005",247,
Emamectinbenzoate,Khoai tây,0.05,"0 - 0,0005",247,(*)
Emamectinbenzoate,Thịt gia cầm,0.03,"0 - 0,0005",247,(*)
Emamectinbenzoate,Nội tạng ăn được của gia cầm,0.03,"0 - 0,0005",247,(*)
Emamectinbenzoate,Đậu tương (khô),1.0,"0 - 0,0005",247,
Emamectinbenzoate,Dầu đậu tương thô,2.0,"0 - 0,0005",247,
Emamectinbenzoate,Các loại gia vị từ quả và quả mọng,5.0,"0 - 0,0005",247,
Emamectinbenzoate,Các loại gia vị từ củ và thân rễ,0.5,"0 - 0,0005",247,
Emamectinbenzoate,Các loại gia vị dạng hạt,1.0,"0 - 0,0005",247,
Emamectinbenzoate,Bí mùa hè,0.5,"0 - 0,0005",247,
Emamectinbenzoate,Khoai lang,0.05,"0 - 0,0005",247,(*)
Emamectinbenzoate,"Trà xanh, đen",10.0,"0 - 0,0005",247,
Emamectinbenzoate,Cà chua,0.5,"0 - 0,0005",247,
Endrin,Các loại rau bầu bí,0.05,"0,0002",33,E
Endrin,Thịt gia cầm,0.1,"0,0002",33,E
Esfenvalerate,Hạt cây bông,0.05,"0 - 0,02",204,
Esfenvalerate,Trứng,0.01,"0 - 0,02",204,(*)
Esfenvalerate,Thịt gia,0.01,"0 - 0,02",204,"(*), (fat)"
Esfenvalerate,cầm,,"0 - 0,02",204,
Esfenvalerate,Nội tạng ăn được của gia cầm,0.01,"0 - 0,02",204,(*)
Esfenvalerate,Hạt cải dầu,0.01,"0 - 0,02",204,(*)
Esfenvalerate,Cà chua,0.1,"0 - 0,02",204,
Esfenvalerate,Lúa mì,0.05,"0 - 0,02",204,
Esfenvalerate,Lúa mạch,1.0,"0 - 0,02",204,
Esfenvalerate,Quả việt quất xanh (sim Mỹ),20.0,"0 - 0,02",204,
Esfenvalerate,Dưa vàng,1.0,"0 - 0,02",204,
Esfenvalerate,Anh đào,10.0,"0 - 0,02",204,
Esfenvalerate,Trứng gà,0.2,"0 - 0,02",204,(*)
Esfenvalerate,Hạt cây bông,2.0,"0 - 0,02",204,
Esfenvalerate,Nho khô (gồm cả quả lý chua khô và nho khô không hạt),5.0,"0 - 0,02",204,
Esfenvalerate,"Nội tạng ăn được của gia súc, dê, ngựa, lợn và cừu",0.2,"0 - 0,02",204,(*)
Esfenvalerate,Quả vả sấy khô hoặc sấy khô trộn đường,10.0,"0 - 0,02",204,
Esfenvalerate,Các loại nho,1.0,"0 - 0,02",204,
Esfenvalerate,Quả phỉ,0.2,"0 - 0,02",204,
Esfenvalerate,"Thịt gia súc, dê, ngựa, lợn và cừu",0.1,"0 - 0,02",204,(*)
Esfenvalerate,"Sữa gia súc, dê và cừu",0.05,"0 - 0,02",204,(*)
Esfenvalerate,Các loại ớt,5.0,"0 - 0,02",204,
Esfenvalerate,Ớt ta khô,50.0,"0 - 0,02",204,
Esfenvalerate,Dứa,2.0,"0 - 0,02",204,
Esfenvalerate,Thịt gia cầm,0.1,"0 - 0,02",204,(*)
Esfenvalerate,Nội tạng ăn được của gia,0.2,"0 - 0,02",204,(*)
Esfenvalerate,cầm,,"0 - 0,02",204,
Esfenvalerate,Lúa mạch đen,1.0,"0 - 0,02",204,
Esfenvalerate,Cà chua,2.0,"0 - 0,02",204,
Esfenvalerate,Các loại quả óc chó,0.5,"0 - 0,02",204,
Esfenvalerate,Lúa mì,1.0,"0 - 0,02",204,
Ethion,Các loại gia vị từ quả và quả mọng,5.0,2,34,
Ethion,Các loại gia vị từ củ và thân rễ,0.3,2,34,
Ethion,Các loại gia vị dạng hạt,3.0,2,34,
Ethion,Bưởi đào/ Bưởi,1.0,2,34,(7)
Ethoprophos,Chuối,0.02,"0 - 0,0004",149,
Ethoprophos,Dưa chuột,0.01,"0 - 0,0004",149,
Ethoprophos,Nội tạng ăn được của động vật có vú,0.01,"0 - 0,0004",149,(*)
Ethoprophos,"Thịt động vật có vú, trừ động vật có vú ở biển",0.01,"0 - 0,0004",149,(*)
Ethoprophos,"Các loại dưa, trừ dưa hấu",0.02,"0 - 0,0004",149,
Ethoprophos,Sữa nguyên liệu,0.01,"0 - 0,0004",149,(*)
Ethoprophos,Ớt ta khô,0.2,"0 - 0,0004",149,
Ethoprophos,Ớt ngọt (gồm cả ớt ngọt Pimento),0.05,"0 - 0,0004",149,
Ethoprophos,Khoai tây,0.05,"0 - 0,0004",149,
Ethoprophos,Dâu tây,0.02,"0 - 0,0004",149,(*)
Ethoprophos,Mía,0.02,"0 - 0,0004",149,
Ethoprophos,Khoai lang,0.05,"0 - 0,0004",149,
Ethoprophos,Cà chua,0.01,"0 - 0,0004",149,(*)
Ethoprophos,Củ cải Turnip vườn,0.02,"0 - 0,0004",149,(*)
Ethoxyquin,Lê,3.0,"0 - 0,005",35,Po
Etofenprox,Táo,0.6,"0 - 0,03",184,
Etofenprox,Đậu (khô),0.05,"0 - 0,03",184,
Etofenprox,Nho khô (gồm cả quả lý chua khô và nho khô không hạt),8.0,"0 - 0,03",184,
Etofenprox,Nội tạng ăn được của động vật có vú,0.05,"0 - 0,03",184,
Etofenprox,Trứng,0.01,"0 - 0,03",184,(*)
Etofenprox,Các loại nho,4.0,"0 - 0,03",184,
Etofenprox,Ngô,0.05,"0 - 0,03",184,(*)
Etofenprox,"Thịt động vật có vú, trừ động vật có vú ở biển",0.5,"0 - 0,03",184,(fat)
Etofenprox,Sữa nguyên liệu,0.02,"0 - 0,03",184,
Etofenprox,Quả xuân đào,0.6,"0 - 0,03",184,
Etofenprox,Quả đào,0.6,"0 - 0,03",184,
Etofenprox,Lê,0.6,"0 - 0,03",184,
Etofenprox,Thịt gia cầm,0.01,"0 - 0,03",184,(*)
Etofenprox,Nội tạng ăn được của gia cầm,0.01,"0 - 0,03",184,(*)
Etofenprox,Hạt cải dầu,0.01,"0 - 0,03",184,(*)
Etofenprox,Gạo,0.01,"0 - 0,03",184,(*)
Etoxazole,Quả có múi thuộc họ cam quýt,0.1,"0 - 0,05",241,
Etoxazole,Dưa chuột,0.02,"0 - 0,05",241,
Etoxazole,Nội tạng ăn được của động vật có vú,0.01,"0 - 0,05",241,(*)
Etoxazole,Các loại nho,0.5,"0 - 0,05",241,
Etoxazole,Hoa bia khô,15.0,"0 - 0,05",241,
Etoxazole,"Thịt động vật có vú, trừ động vật có vú ở biển",0.01,"0 - 0,05",241,"(*), (fat)"
Etoxazole,Sữa nguyên,0.01,"0 - 0,05",241,(*)
Etoxazole,liệu,,"0 - 0,05",241,
Etoxazole,Các loại bạc hà,15.0,"0 - 0,05",241,
Etoxazole,Quả dạng táo,0.07,"0 - 0,05",241,
Etoxazole,"Trà xanh, đen",15.0,"0 - 0,05",241,
Etoxazole,Các loại quả hạch,0.01,"0 - 0,05",241,(*)
Famoxadone,Lúa mạch,0.2,"0 - 0,006",208,
Famoxadone,Dưa chuột,0.2,"0 - 0,006",208,
Famoxadone,Nho khô (gồm cả quả lý chua khô và nho khô không hạt),5.0,"0 - 0,006",208,
Famoxadone,Nội tạng ăn được của động vật có vú,0.5,"0 - 0,006",208,
Famoxadone,Trứng,0.01,"0 - 0,006",208,(*)
Famoxadone,Các loại nho,2.0,"0 - 0,006",208,
Famoxadone,"Thịt động vật có vú, trừ động vật có vú ở biển",0.5,"0 - 0,006",208,(fat)
Famoxadone,Sữa nguyên liệu,0.03,"0 - 0,006",208,F
Famoxadone,Khoai tây,0.02,"0 - 0,006",208,(*)
Famoxadone,Thịt gia cầm,0.01,"0 - 0,006",208,(*)
Famoxadone,Nội tạng ăn được của gia cầm,0.01,"0 - 0,006",208,(*)
Famoxadone,Bí mùa hè,0.2,"0 - 0,006",208,
Famoxadone,Cà chua,2.0,"0 - 0,006",208,
Famoxadone,Lúa mì,0.1,"0 - 0,006",208,
Famoxadone,Cám lúa mì chưa chế biến,0.2,"0 - 0,006",208,
Fenamidone,Đậu đỗ các loại (trừ đậu tằm và đậu tương),0.8,"0 - 0,03",264,
Fenamidone,Đậu hạt đã bóc vỏ,0.15,"0 - 0,03",264,
Fenamidone,Các loại bắp cải,0.9,"0 - 0,03",264,
Fenamidone,Cà rốt,0.2,"0 - 0,03",264,
Fenamidone,Cần tây,40.0,"0 - 0,03",264,
Fenamidone,Hạt cây bông,0.02,"0 - 0,03",264,(*)
Fenamidone,Nội tạng ăn được của động vật có vú,0.01,"0 - 0,03",264,(*)
Fenamidone,Trứng,0.01,"0 - 0,03",264,(*)
Fenamidone,Các loại cải bông (bao gồm cải làn và hoa lơ),4.0,"0 - 0,03",264,
Fenamidone,Các loại rau ăn quả (trừ bầu bí),1.5,"0 - 0,03",264,"trừ ớt ta, nấm và ngô ngọt"
Fenamidone,Các loại rau bầu bí,0.2,"0 - 0,03",264,
Fenamidone,Tỏi,0.15,"0 - 0,03",264,
Fenamidone,Các loại nho,0.6,"0 - 0,03",264,
Fenamidone,Tỏi tây,0.3,"0 - 0,03",264,
Fenamidone,Rau xà lách,20.0,"0 - 0,03",264,
Fenamidone,Lá rau diếp,0.9,"0 - 0,03",264,
Fenamidone,"Thịt động vật có vú, trừ động vật có vú ở biển",0.01,"0 - 0,03",264,"(*), (fat)"
Fenamidone,Các loại chất béo từ sữa,0.02,"0 - 0,03",264,
Fenamidone,Sữa nguyên liệu,0.01,"0 - 0,03",264,(*)
Fenamidone,Củ hành,0.15,"0 - 0,03",264,
Fenamidone,Hành ta,3.0,"0 - 0,03",264,
Fenamidone,Ớt ta,4.0,"0 - 0,03",264,
Fenamidone,Ớt ta khô,30.0,"0 - 0,03",264,
Fenamidone,Khoai tây,0.02,"0 - 0,03",264,(*)
Fenamidone,Mỡ gia cầm,0.01,"0 - 0,03",264,(*)
Fenamidone,Thịt gia cầm,0.01,"0 - 0,03",264,"(*), (fat)"
Fenamidone,Nội tạng ăn được của gia cầm,0.01,"0 - 0,03",264,(*)
Fenamidone,Hẹ tây,0.15,"0 - 0,03",264,
Fenamidone,Hành hoa,3.0,"0 - 0,03",264,
Fenamidone,Dâu tây,0.04,"0 - 0,03",264,
Fenamidone,Hạt hướng dương,0.02,"0 - 0,03",264,(*)
Fenamidone,Tương cà chua,3.0,"0 - 0,03",264,
Fenamidone,Sốt cà chua,4.0,"0 - 0,03",264,
Fenamidone,Rau diếp xoăn,0.01,"0 - 0,03",264,(*)
Fenamiphos,Táo,0.05,"0 - 0,0008",85,(*)
Fenamiphos,Chuối,0.05,"0 - 0,0008",85,(*)
Fenamiphos,Cải Brussels,0.05,"0 - 0,0008",85,
Fenamiphos,Các loại bắp cải,0.05,"0 - 0,0008",85,
Fenamiphos,Hạt cây bông,0.05,"0 - 0,0008",85,(*)
Fenamiphos,Dầu hạt bông thô,0.05,"0 - 0,0008",85,(*)
Fenamiphos,Nội tạng ăn được của động vật có vú,0.01,"0 - 0,0008",85,(*)
Fenamiphos,Trứng,0.01,"0 - 0,0008",85,(*)
Fenamiphos,"Thịt động vật có vú, trừ động vật có vú ở biển",0.01,"0 - 0,0008",85,(*)
Fenamiphos,"Các loại dưa, trừ dưa hấu",0.05,"0 - 0,0008",85,
Fenamiphos,Sữa nguyên liệu,0.005,"0 - 0,0008",85,(*)
Fenamiphos,Hạt lạc,0.05,"0 - 0,0008",85,(*)
Fenamiphos,Dầu lạc thô,0.05,"0 - 0,0008",85,(*)
Fenamiphos,Thịt gia cầm,0.01,"0 - 0,0008",85,(*)
Fenamiphos,Nội tạng ăn được của gia cầm,0.01,"0 - 0,0008",85,(*)
Fenarimol,Artiso (cả cây),0.1,"0,01",192,
Fenarimol,Chuối,0.2,"0,01",192,
Fenarimol,Thận gia súc,0.02,"0,01",192,(*)
Fenarimol,Gan gia súc,0.05,"0,01",192,
Fenarimol,Thịt gia súc,0.02,"0,01",192,(*)
Fenarimol,Anh đào,1.0,"0,01",192,
Fenarimol,Nho khô (gồm cả quả lý chua khô và nho khô không hạt),0.2,"0,01",192,
Fenarimol,Các loại nho,0.3,"0,01",192,
Fenarimol,Hoa bia khô,5.0,"0,01",192,
Fenarimol,"Các loại dưa, trừ dưa hấu",0.05,"0,01",192,
Fenarimol,Quả đào,0.5,"0,01",192,
Fenarimol,Quả hồ đào Pecan,0.02,"0,01",192,(*)
Fenarimol,Ớt ta khô,5.0,"0,01",192,
Fenarimol,Ớt ngọt (gồm cả ớt ngọt Pimento),0.5,"0,01",192,
Fenarimol,Quả dạng táo,0.3,"0,01",192,
Fenarimol,Dâu tây,1.0,"0,01",192,T
Fenbuconazole,Quả mơ,0.5,"0 - 0,03",197,
Fenbuconazole,Chuối,0.05,"0 - 0,03",197,
Fenbuconazole,Lúa mạch,0.2,"0 - 0,03",197,
Fenbuconazole,Cám lúa mạch chưa chế biến,1.0,"0 - 0,03",197,
Fenbuconazole,Quả việt quất xanh (sim Mỹ),0.5,"0 - 0,03",197,
Fenbuconazole,Anh đào,1.0,"0 - 0,03",197,
Fenbuconazole,Quả có múi thuộc họ cam quýt,0.5,"0 - 0,03",197,trừ chanh tây và chanh ta
Fenbuconazole,Dầu cam chanh ăn được,30.0,"0 - 0,03",197,trừ chanh tây và chanh ta
Fenbuconazole,Quả nam việt quất,1.0,"0 - 0,03",197,
Fenbuconazole,Dưa chuột,0.2,"0 - 0,03",197,
Fenbuconazole,Nội tạng ăn được của động vật có vú,0.1,"0 - 0,03",197,
Fenbuconazole,Trứng,0.01,"0 - 0,03",197,(*)
Fenbuconazole,Các loại nho,1.0,"0 - 0,03",197,
Fenbuconazole,Chanh tây và chanh,1.0,"0 - 0,03",197,
Fenbuconazole,ta bao gồm cả chanh yên (thanh yên),,"0 - 0,03",197,
Fenbuconazole,Tinh dầu chanh tinh chế ăn được,60.0,"0 - 0,03",197,
Fenbuconazole,"Thịt động vật có vú, trừ động vật có vú ở biển",0.01,"0 - 0,03",197,
Fenbuconazole,"Các loại dưa, trừ dưa hấu",0.2,"0 - 0,03",197,
Fenbuconazole,Sữa nguyên liệu,0.01,"0 - 0,03",197,(*)
Fenbuconazole,Quả đào,0.5,"0 - 0,03",197,
Fenbuconazole,Hạt lạc,0.1,"0 - 0,03",197,
Fenbuconazole,Các loại ớt,0.6,"0 - 0,03",197,
Fenbuconazole,Ớt ta khô,2.0,"0 - 0,03",197,
Fenbuconazole,Các loại mận (bao gồm cả mận khô),0.3,"0 - 0,03",197,
Fenbuconazole,Quả dạng táo,0.5,"0 - 0,03",197,
Fenbuconazole,Thịt gia cầm,0.01,"0 - 0,03",197,(*)
Fenbuconazole,Nội tạng ăn được của gia cầm,0.01,"0 - 0,03",197,(*)
Fenbuconazole,Hạt cải dầu,0.05,"0 - 0,03",197,(*)
Fenbuconazole,Lúa mạch đen,0.1,"0 - 0,03",197,
Fenbuconazole,Bí mùa hè,0.05,"0 - 0,03",197,
Fenbuconazole,Hạt hướng dương,0.05,"0 - 0,03",197,(*)
Fenbuconazole,Các loại quả hạch,0.01,"0 - 0,03",197,(*)
Fenbuconazole,Lúa mì,0.1,"0 - 0,03",197,
Fenbutatin Oxide,Hạnh nhân,0.5,"0,03",109,
Fenbutatin Oxide,Chuối,10.0,"0,03",109,
Fenbutatin Oxide,Anh đào,10.0,"0,03",109,
Fenbutatin Oxide,Thịt gà,0.05,"0,03",109,(*)
Fenbutatin Oxide,Nội tạng ăn được của gà,0.05,"0,03",109,(*)
Fenbutatin Oxide,Quả có,5.0,"0,03",109,bao gồm
Fenbutatin Oxide,múi thuộc họ cam quýt,,"0,03",109,cả quất
Fenbutatin Oxide,Dưa chuột,0.5,"0,03",109,
Fenbutatin Oxide,Nội tạng ăn được của động vật có vú,0.2,"0,03",109,
Fenbutatin Oxide,Trứng,0.05,"0,03",109,
Fenbutatin Oxide,Các loại nho,5.0,"0,03",109,
Fenbutatin Oxide,"Thịt động vật có vú, trừ động vật có vú ở biển",0.05,"0,03",109,(*)
Fenbutatin Oxide,Sữa nguyên liệu,0.05,"0,03",109,(*)
Fenbutatin Oxide,Quả đào,7.0,"0,03",109,
Fenbutatin Oxide,Quả hồ đào Pecan,0.5,"0,03",109,
Fenbutatin Oxide,Các loại mận (bao gồm cả mận khô),3.0,"0,03",109,
Fenbutatin Oxide,Quả dạng táo,5.0,"0,03",109,
Fenbutatin Oxide,Mận khô,10.0,"0,03",109,
Fenbutatin Oxide,Nho khô (nho trắng không hạt sấy khô một phần),20.0,"0,03",109,
Fenbutatin Oxide,Dâu tây,10.0,"0,03",109,
Fenbutatin Oxide,Cà chua,1.0,"0,03",109,
Fenbutatin Oxide,Các loại quả óc chó,0.5,"0,03",109,
Fenhexamid,Hạnh nhân,0.02,"0 - 0,2",215,(*)
Fenhexamid,Quả mơ,10.0,"0 - 0,2",215,
Fenhexamid,Quả việt quất đen,5.0,"0 - 0,2",215,
Fenhexamid,Quả dâu đen (dâu ta),15.0,"0 - 0,2",215,
Fenhexamid,Quả việt quất xanh (sim Mỹ),5.0,"0 - 0,2",215,
Fenhexamid,Anh đào,7.0,"0 - 0,2",215,
Fenhexamid,Dưa chuột,1.0,"0 - 0,2",215,
Fenhexamid,"Quả lý chua đen, quả lý",5.0,"0 - 0,2",215,
Fenhexamid,"chua đỏ, quả lý chua trắng",,"0 - 0,2",215,
Fenhexamid,Quả mâm xôi (gồm cả mâm xôi lai và mâm xôi đỏ sẫm),15.0,"0 - 0,2",215,
Fenhexamid,Nho khô (gồm cả quả lý chua khô và nho khô không hạt),25.0,"0 - 0,2",215,
Fenhexamid,Nội tạng ăn được của động vật có vú,0.05,"0 - 0,2",215,(*)
Fenhexamid,Cà tím,2.0,"0 - 0,2",215,
Fenhexamid,Quả cây cơm cháy,5.0,"0 - 0,2",215,
Fenhexamid,Dưa chuột ri,1.0,"0 - 0,2",215,
Fenhexamid,Quả lý gai,5.0,"0 - 0,2",215,
Fenhexamid,Các loại nho,15.0,"0 - 0,2",215,
Fenhexamid,Quả việt quất tháng sáu,5.0,"0 - 0,2",215,
Fenhexamid,Quả kiwi,15.0,"0 - 0,2",215,
Fenhexamid,Rau xà lách,30.0,"0 - 0,2",215,
Fenhexamid,Lá rau diếp,30.0,"0 - 0,2",215,
Fenhexamid,"Thịt động vật có vú, trừ động vật có vú ở biển",0.05,"0 - 0,2",215,"(*), (fat)"
Fenhexamid,Sữa nguyên liệu,0.01,"0 - 0,2",215,(*) F
Fenhexamid,Quả xuân đào,10.0,"0 - 0,2",215,
Fenhexamid,Quả đào,10.0,"0 - 0,2",215,
Fenhexamid,Các loại ớt,2.0,"0 - 0,2",215,
Fenhexamid,Các loại mận (bao gồm cả mận khô),1.0,"0 - 0,2",215,
Fenhexamid,Quả mâm xôi (phúc bồn tử/ngấy hương/dâ,15.0,"0 - 0,2",215,
Fenhexamid,u rừng) đen và đỏ,,"0 - 0,2",215,
Fenhexamid,Bí mùa hè,1.0,"0 - 0,2",215,
Fenhexamid,Dâu tây,10.0,"0 - 0,2",215,
Fenhexamid,Cà chua,2.0,"0 - 0,2",215,
Fenitrothion,Táo,0.5,"0 - 0,006",37,
Fenitrothion,Hạt ngũ cốc,6.0,"0 - 0,006",37,Po
Fenitrothion,Nội tạng ăn được của động vật có vú,0.05,"0 - 0,006",37,(*)
Fenitrothion,Trứng,0.05,"0 - 0,006",37,(*)
Fenitrothion,"Thịt động vật có vú, trừ động vật có vú ở biển",0.05,"0 - 0,006",37,(*)
Fenitrothion,Sữa nguyên liệu,0.01,"0 - 0,006",37,
Fenitrothion,Thịt gia cầm,0.05,"0 - 0,006",37,(*)
Fenitrothion,Cám gạo chưa chế biến,40.0,"0 - 0,006",37,PoP
Fenitrothion,Đậu tương (khô),0.01,"0 - 0,006",37,
Fenitrothion,Các loại gia vị từ quả và quả mọng,1.0,"0 - 0,006",37,
Fenitrothion,Các loại gia vị từ củ và thân rễ,0.1,"0 - 0,006",37,(*)
Fenitrothion,Các loại gia vị dạng hạt,7.0,"0 - 0,006",37,
Fenitrothion,Cám lúa mì chưa chế biến,25.0,"0 - 0,006",37,PoP
Fenpropathrin,Quả có múi thuộc họ cam quýt,2.0,"0 - 0,03",185,
Fenpropathrin,Dầu cam chanh ăn được,100.0,"0 - 0,03",185,
Fenpropathrin,Hạt cà phê,0.03,"0 - 0,03",185,
Fenpropathrin,Nội tạng ăn được của động vật có vú,0.01,"0 - 0,03",185,
Fenpropathrin,Trứng,0.01,"0 - 0,03",185,(*)
Fenpropathrin,Mỡ động,0.03,"0 - 0,03",185,
Fenpropathrin,vật có vú (trừ chất béo sữa),,"0 - 0,03",185,
Fenpropathrin,"Thịt động vật có vú, trừ động vật có vú ở biển",0.01,"0 - 0,03",185,
Fenpropathrin,Sữa nguyên liệu,0.01,"0 - 0,03",185,
Fenpropathrin,Các loại ớt,1.0,"0 - 0,03",185,
Fenpropathrin,Ớt ta khô,10.0,"0 - 0,03",185,
Fenpropathrin,Các loại mận (bao gồm cả mận khô),1.0,"0 - 0,03",185,
Fenpropathrin,Quả dạng táo,5.0,"0 - 0,03",185,
Fenpropathrin,Mỡ gia cầm,0.01,"0 - 0,03",185,(*)
Fenpropathrin,Thịt gia cầm,0.01,"0 - 0,03",185,"(*), (fat)"
Fenpropathrin,Nội tạng ăn được của gia cầm,0.01,"0 - 0,03",185,(*)
Fenpropathrin,Mận khô,3.0,"0 - 0,03",185,
Fenpropathrin,Đậu tương (khô),0.01,"0 - 0,03",185,
Fenpropathrin,Dâu tây,2.0,"0 - 0,03",185,
Fenpropathrin,"Trà xanh, đen",3.0,"0 - 0,03",185,
Fenpropathrin,Cà chua,1.0,"0 - 0,03",185,
Fenpropathrin,Các loại quả hạch,0.15,"0 - 0,03",185,
Fenpropathrin,Lúa mạch,0.5,"0 - 0,03",185,
Fenpropathrin,Trứng,0.01,"0 - 0,03",185,(*)
Fenpropathrin,"Thận của gia súc, dê, lợn và cừu",0.05,"0 - 0,03",185,
Fenpropathrin,"Gan của gia súc, dê, lợn và cừu",0.3,"0 - 0,03",185,
Fenpropathrin,Mỡ động vật có vú (trừ chất béo sữa),0.01,"0 - 0,03",185,
Fenpropathrin,"Thịt động vật có vú, trừ động vật có vú ở biển",0.02,"0 - 0,03",185,
Fenpropathrin,Sữa nguyên liệu,0.01,"0 - 0,03",185,
Fenpropathrin,Yến mạch,0.5,"0 - 0,03",185,
Fenpropathrin,Mỡ gia cầm,0.01,"0 - 0,03",185,(*)
Fenpropathrin,Thịt gia cầm,0.01,"0 - 0,03",185,(*)
Fenpropathrin,Nội tạng ăn được của gia cầm,0.01,"0 - 0,03",185,(*)
Fenpropathrin,Lúa mạch đen,0.5,"0 - 0,03",185,
Fenpropathrin,Củ cải đường,0.05,"0 - 0,03",185,(*)
Fenpropathrin,Lúa mì,0.5,"0 - 0,03",185,
Fenpyroximate,Quả bơ,0.2,"0 - 0,01",193,
Fenpyroximate,Anh đào,2.0,"0 - 0,01",193,
Fenpyroximate,Quả có múi thuộc họ cam quýt,0.5,"0 - 0,01",193,
Fenpyroximate,Đậu thường (quả và/hoặc hạt non),0.4,"0 - 0,01",193,
Fenpyroximate,Dưa chuột,0.3,"0 - 0,01",193,
Fenpyroximate,Nho khô (gồm cả quả lý chua khô và nho khô không hạt),0.3,"0 - 0,01",193,
Fenpyroximate,Nội tạng ăn được của động vật có vú,0.02,"0 - 0,01",193,
Fenpyroximate,Các loại rau ăn quả (trừ bầu bí),0.2,"0 - 0,01",193,trừ ngô ngọt và nấm
Fenpyroximate,Các loại nho,0.1,"0 - 0,01",193,
Fenpyroximate,Hoa bia khô,10.0,"0 - 0,01",193,
Fenpyroximate,"Thịt động vật có vú, trừ động vật có vú ở biển",0.2,"0 - 0,01",193,(fat)
Fenpyroximate,"Các loại dưa, trừ dưa hấu",0.05,"0 - 0,01",193,(*)
Fenpyroximate,Sữa nguyên liệu,0.01,"0 - 0,01",193,(*)
Fenpyroximate,Ớt ta khô,1.0,"0 - 0,01",193,
Fenpyroximate,Quả dạng táo,0.3,"0 - 0,01",193,
Fenpyroximate,Khoai tây,0.05,"0 - 0,01",193,
Fenpyroximate,Mận khô,0.7,"0 - 0,01",193,
Fenpyroximate,Các loại quả có hạt,0.4,"0 - 0,01",193,trừ các loại anh đào
Fenpyroximate,Dâu tây,0.8,"0 - 0,01",193,
Fenpyroximate,Các loại quả hạch,0.05,"0 - 0,01",193,(*)
Fenthion,Anh đào,2.0,"0,007",39,
Fenthion,Quả có múi thuộc họ cam quýt,2.0,"0,007",39,
Fenthion,Dầu oliu nguyên chất,1.0,"0,007",39,
Fenthion,Quả ôliu,1.0,"0,007",39,
Fenthion,Gạo đã xát vỏ,0.05,"0,007",39,
Fenvalerate,Cải làn,3.0,"0 - 0,02",119,
Fenvalerate,Nội tạng ăn được của động vật có vú,0.02,"0 - 0,02",119,
Fenvalerate,Xoài,1.5,"0 - 0,02",119,
Fenvalerate,"Thịt động vật có vú, trừ động vật có vú ở biển",1.0,"0 - 0,02",119,(fat)
Fenvalerate,Sữa nguyên liệu,0.1,"0 - 0,02",119,F
Fenvalerate,Các loại gia vị từ quả và quả mọng,0.03,"0 - 0,02",119,
Fenvalerate,Các loại gia vị từ củ và thân rễ,0.05,"0 - 0,02",119,
Fenvalerate,Lúa mạch,0.002,"0 - 0,02",119,(*)
Fenvalerate,Các loại bắp cải,0.02,"0 - 0,02",119,
Fenvalerate,Thận gia súc,0.02,"0 - 0,02",119,
Fenvalerate,Gan gia,0.1,"0 - 0,02",119,
Fenvalerate,súc,,"0 - 0,02",119,
Fenvalerate,Thịt gia súc,0.5,"0 - 0,02",119,(fat)
Fenvalerate,Sữa gia súc,0.02,"0 - 0,02",119,
Fenvalerate,Trứng,0.02,"0 - 0,02",119,
Fenvalerate,Các loại cải bông (bao gồm cải làn và hoa lơ),0.02,"0 - 0,02",119,
Fenvalerate,Ngô,0.01,"0 - 0,02",119,
Fenvalerate,Yến mạch,0.002,"0 - 0,02",119,(*)
Fenvalerate,Khoai tây,0.02,"0 - 0,02",119,
Fenvalerate,Thịt gia cầm,0.01,"0 - 0,02",119,(*)
Fenvalerate,Nội tạng ăn được của gia cầm,0.02,"0 - 0,02",119,
Fenvalerate,Gạo,0.01,"0 - 0,02",119,
Fenvalerate,Lúa mạch đen,0.002,"0 - 0,02",119,(*)
Fenvalerate,Củ cải đường,0.2,"0 - 0,02",119,
Fenvalerate,Hạt hướng dương,0.002,"0 - 0,02",119,(*)
Fenvalerate,Lúa mì lai lúa mạch đen,0.002,"0 - 0,02",119,(*)
Fenvalerate,Lúa mì,0.002,"0 - 0,02",119,(*)
Fenvalerate,Đậu đũa Yardlong,0.04,"0 - 0,02",119,(7)
Flubendiamide,"Các loại rau họ bắp cải, cải bắp, cải bông",4.0,"0 - 0,02",242,
Flubendiamide,Cần tây,5.0,"0 - 0,02",242,
Flubendiamide,Hạt cây bông,1.5,"0 - 0,02",242,
Flubendiamide,Nội tạng ăn được của động vật có vú,1.0,"0 - 0,02",242,
Flubendiamide,Các loại rau bầu bí,0.2,"0 - 0,02",242,
Flubendiamide,Các loại nho,2.0,"0 - 0,02",242,
Flubendiamide,Rau họ đậu,2.0,"0 - 0,02",242,
Flubendiamide,Rau xà lách,5.0,"0 - 0,02",242,
Flubendiamide,Lá rau,7.0,"0 - 0,02",242,
Flubendiamide,diếp,,"0 - 0,02",242,
Flubendiamide,Ngô,0.02,"0 - 0,02",242,
Flubendiamide,"Thịt động vật có vú, trừ động vật có vú ở biển",2.0,"0 - 0,02",242,(fat)
Flubendiamide,Các loại chất béo từ sữa,5.0,"0 - 0,02",242,
Flubendiamide,Sữa nguyên liệu,0.1,"0 - 0,02",242,
Flubendiamide,Các loại ớt,0.7,"0 - 0,02",242,
Flubendiamide,Ớt ta khô,7.0,"0 - 0,02",242,
Flubendiamide,Quả dạng táo,0.8,"0 - 0,02",242,
Flubendiamide,Các loại đậu lăng,1.0,"0 - 0,02",242,
Flubendiamide,Các loại quả có hạt,2.0,"0 - 0,02",242,
Flubendiamide,Ngô ngọt (nguyên bắp),0.02,"0 - 0,02",242,
Flubendiamide,"Trà xanh, đen",50.0,"0 - 0,02",242,
Flubendiamide,Cà chua,2.0,"0 - 0,02",242,
Flubendiamide,Các loại quả hạch,0.1,"0 - 0,02",242,
Flubendiamide,Đậu (khô),0.5,"0 - 0,02",242,
Flubendiamide,Đậu đỗ các loại (trừ đậu tằm và đậu tương),0.6,"0 - 0,02",242,quả xanh và hạt non
Flubendiamide,Đậu hạt đã bóc vỏ,0.4,"0 - 0,02",242,
Flubendiamide,Quả dâu đen (dâu ta),5.0,"0 - 0,02",242,
Flubendiamide,Quả việt quất xanh (sim Mỹ),2.0,"0 - 0,02",242,
Flubendiamide,Bông lơ xanh,0.7,"0 - 0,02",242,
Flubendiamide,Các loại bắp cải,2.0,"0 - 0,02",242,
Flubendiamide,Cà rốt,0.7,"0 - 0,02",242,
Flubendiamide,Hạt ngũ cốc,0.05,"0 - 0,02",242,(*)
Flubendiamide,Quả có múi thuộc họ cam,10.0,"0 - 0,02",242,Po
Flubendiamide,quýt,,"0 - 0,02",242,
Flubendiamide,Hạt cây bông,0.05,"0 - 0,02",242,(*)
Flubendiamide,Quả mâm xôi (gồm cả mâm xôi lai và mâm xôi đỏ sẫm),5.0,"0 - 0,02",242,
Flubendiamide,Rau gia vị khô,60.0,"0 - 0,02",242,
Flubendiamide,Nội tạng ăn được của động vật có vú,0.05,"0 - 0,02",242,(*)
Flubendiamide,Cà tím,0.3,"0 - 0,02",242,
Flubendiamide,Trứng,0.01,"0 - 0,02",242,(*)
Flubendiamide,Các loại rau bầu bí,0.5,"0 - 0,02",242,
Flubendiamide,Sâm,4.0,"0 - 0,02",242,
Flubendiamide,Các loại nho,2.0,"0 - 0,02",242,
Flubendiamide,Các loại rau gia vị,9.0,"0 - 0,02",242,
Flubendiamide,Quả kiwi,15.0,"0 - 0,02",242,Po
Flubendiamide,Rau xà lách,10.0,"0 - 0,02",242,
Flubendiamide,Lá rau diếp,40.0,"0 - 0,02",242,
Flubendiamide,Xoài,2.0,"0 - 0,02",242,
Flubendiamide,"Thịt động vật có vú, trừ động vật có vú ở biển",0.01,"0 - 0,02",242,(*)
Flubendiamide,Sữa nguyên liệu,0.01,"0 - 0,02",242,
Flubendiamide,Cây mù tạt,10.0,"0 - 0,02",242,
Flubendiamide,Củ hành,0.5,"0 - 0,02",242,
Flubendiamide,Các loại đậu (khô),0.07,"0 - 0,02",242,
Flubendiamide,Đậu (quả và hạt mọng non),0.3,"0 - 0,02",242,
Flubendiamide,Đậu đã tách vỏ (hạt mọng),0.03,"0 - 0,02",242,
Flubendiamide,Các loại ớt,1.0,"0 - 0,02",242,
Flubendiamide,Ớt ta khô,4.0,"0 - 0,02",242,
Flubendiamide,Hạt dẻ cười,0.2,"0 - 0,02",242,
Flubendiamide,Quả dạng táo,5.0,"0 - 0,02",242,Po
Flubendiamide,Quả lựu,2.0,"0 - 0,02",242,Po
Flubendiamide,Khoai tây,5.0,"0 - 0,02",242,Po
Flubendiamide,Thịt gia cầm,0.01,"0 - 0,02",242,(*)
Flubendiamide,Nội tạng ăn được của gia cầm,0.05,"0 - 0,02",242,(*)
Flubendiamide,Củ cải ri/ Củ cải,0.3,"0 - 0,02",242,
Flubendiamide,Lá củ cải (gồm cả lá cây họ cải),20.0,"0 - 0,02",242,
Flubendiamide,Hạt cải dầu,0.02,"0 - 0,02",242,(*)
Flubendiamide,Quả mâm xôi (phúc bồn tử/ngấy hương/dâ u rừng) đen và đỏ,5.0,"0 - 0,02",242,
Flubendiamide,Đậu cô-ve (quả non),0.6,"0 - 0,02",242,
Flubendiamide,Rau chân vịt,30.0,"0 - 0,02",242,
Flubendiamide,Các loại quả có hạt,5.0,"0 - 0,02",242,Po
Flubendiamide,Dâu tây,3.0,"0 - 0,02",242,
Flubendiamide,Ngô ngọt (nguyên bắp),0.01,"0 - 0,02",242,(*)
Flubendiamide,Khoai lang,10.0,"0 - 0,02",242,Po
Flubendiamide,Cà chua,3.0,"0 - 0,02",242,Po
Flubendiamide,Cải xoong,10.0,"0 - 0,02",242,
Flubendiamide,Củ từ,10.0,"0 - 0,02",242,Po
Flubendiamide,Các loại rau bầu bí,0.3,"0 - 0,02",242,
Flubendiamide,Ớt ta khô,2.0,"0 - 0,02",242,
Flubendiamide,Sốt cà chua sệt,0.5,"0 - 0,02",242,
Flubendiamide,Cà chua khô,0.5,"0 - 0,02",242,
Flufenoxuron,Nội tạng ăn được của động vật có vú,0.05,"0 - 0,04",275,(*)
Flufenoxuron,Mỡ động vật có vú (trừ chất héo sữa),0.05,"0 - 0,04",275,(*)
Flufenoxuron,"Thịt động vật có vú, trừ động vật có vú ở biển",0.05,"0 - 0,04",275,(*)
Flufenoxuron,Sữa nguyên liệu,0.01,"0 - 0,04",275,(*)
Flufenoxuron,"Các loại cam ngọt, cam chua (gồm cả các quả lai giống cam)",0.4,"0 - 0,04",275,
Flufenoxuron,"Trà xanh, đen",20.0,"0 - 0,04",275,
Flumethrin,Thịt gia súc,0.2,"0,004",195,"(2), (fat), V"
Flumethrin,Sữa gia súc,0.05,"0,004",195,"(2), F, V"
Flumethrin,Các loại bắp cải,7.0,"0,004",195,
Flumethrin,Cần tây,20.0,"0,004",195,
Flumethrin,Nho khô (gồm cả quả lý chua khô và nho khô không hạt),10.0,"0,004",195,
Flumethrin,Nội tạng ăn được của động vật có vú,0.01,"0,004",195,(*)
Flumethrin,Trứng,0.01,"0,004",195,(*)
Flumethrin,Các loại cải bông (bao gồm cải làn và hoa lơ),2.0,"0,004",195,
Flumethrin,Các loại rau ăn quả (trừ bầu bí),1.0,"0,004",195,trừ ngô ngọt và nấm
Flumethrin,Các loại rau bầu bí,0.5,"0,004",195,
Flumethrin,Các loại nho,2.0,"0,004",195,
Flumethrin,Rau ăn lá,30.0,"0,004",195,
Flumethrin,"Thịt động vật có vú, trừ động vật có vú ở biển",0.01,"0,004",195,"(*), (fat)"
Flumethrin,Sữa nguyên liệu,0.02,"0,004",195,
Flumethrin,Củ hành,1.0,"0,004",195,
Flumethrin,Hành ta,10.0,"0,004",195,
Flumethrin,Ớt ta khô,7.0,"0,004",195,
Flumethrin,Thịt gia cầm,0.01,"0,004",195,(*)
Flumethrin,Nội tạng ăn được của gia cầm,0.01,"0,004",195,(*)
Flumethrin,Chuối,0.8,"0,004",195,
Flumethrin,Đậu (khô),0.07,"0,004",195,
Flumethrin,Quả dâu đen (dâu ta),3.0,"0,004",195,
Flumethrin,Bông lơ xanh,0.3,"0,004",195,
Flumethrin,Cải Brussels,0.3,"0,004",195,
Flumethrin,Các loại bắp cải,0.15,"0,004",195,
Flumethrin,Cà rốt,0.4,"0,004",195,
Flumethrin,Hoa lơ,0.09,"0,004",195,
Flumethrin,Anh đào,0.7,"0,004",195,
Flumethrin,Đậu gà (khô),0.07,"0,004",195,
Flumethrin,Dưa chuột,0.5,"0,004",195,
Flumethrin,Nho khô (gồm cả quả lý chua khô và nho khô không hạt),5.0,"0,004",195,
Flumethrin,Trứng,0.3,"0,004",195,
Flumethrin,Tỏi,0.07,"0,004",195,
Flumethrin,Các loại nho,2.0,"0,004",195,
Flumethrin,"Thận của gia súc, dê, lợn và cừu",0.5,"0,004",195,
Flumethrin,Tỏi tây,0.15,"0,004",195,
Flumethrin,Đậu lăng (khô),0.07,"0,004",195,
Flumethrin,Rau xà lách,15.0,"0,004",195,
Flumethrin,Lá rau diếp,15.0,"0,004",195,
Flumethrin,Gan của,3.0,"0,004",195,
Flumethrin,"gia súc, dê, lợn và cừu",,"0,004",195,
Flumethrin,Đậu lupin (khô),0.07,"0,004",195,
Flumethrin,"Thịt động vật có vú, trừ động vật có vú ở biển",0.5,"0,004",195,
Flumethrin,Sữa nguyên liệu,0.3,"0,004",195,
Flumethrin,Củ hành,0.07,"0,004",195,
Flumethrin,Quả họ đào (bao gồm cả quả xuân đào và quả mơ),1.0,"0,004",195,
Flumethrin,Hạt lạc,0.03,"0,004",195,
Flumethrin,Các loại mận (bao gồm cả mận khô),0.5,"0,004",195,
Flumethrin,Quả dạng táo,0.5,"0,004",195,
Flumethrin,Khoai tây,0.03,"0,004",195,
Flumethrin,Thịt gia cầm,0.2,"0,004",195,
Flumethrin,Nội tạng ăn được của gia cầm,0.7,"0,004",195,
Flumethrin,Hạt cải dầu,1.0,"0,004",195,
Flumethrin,Quả mâm xôi (phúc bồn tử/ngấy hương/dâ u rừng) đen và đỏ,3.0,"0,004",195,
Flumethrin,Dâu tây,0.4,"0,004",195,
Flumethrin,Củ cải đường,0.04,"0,004",195,
Flumethrin,Cà chua,0.4,"0,004",195,
Flumethrin,Các loại quả hạch,0.04,"0,004",195,
Flumethrin,Chuối,0.03,"0,004",195,
Flumethrin,Hạt ngũ cốc,0.2,"0,004",195,trừ gạo
Flumethrin,Nho khô (gồm cả quả lý,0.3,"0,004",195,
Flumethrin,chua khô và nho khô không hạt),,"0,004",195,
Flumethrin,Nội tạng ăn được của động vật có vú,2.0,"0,004",195,
Flumethrin,Trứng,0.1,"0,004",195,
Flumethrin,Các loại nho,0.2,"0,004",195,
Flumethrin,"Thịt động vật có vú, trừ động vật có vú ở biển",1.0,"0,004",195,(fat)
Flumethrin,Sữa nguyên liệu,0.05,"0,004",195,
Flumethrin,Quả xuân đào,0.2,"0,004",195,
Flumethrin,Quả đào,0.2,"0,004",195,
Flumethrin,Quả dạng táo,0.3,"0,004",195,
Flumethrin,Thịt gia cầm,0.2,"0,004",195,
Flumethrin,Nội tạng ăn được của gia cầm,0.2,"0,004",195,
Flumethrin,Hạt cải dầu,0.1,"0,004",195,
Flumethrin,Đậu tương (khô),0.05,"0,004",195,
Flumethrin,Dầu đậu tương tinh luyện,0.1,"0,004",195,
Flumethrin,Củ cải đường,0.05,"0,004",195,
Flumethrin,Hạt hướng dương,0.1,"0,004",195,
Flumethrin,Ngô ngọt (nguyên bắp),0.01,"0,004",195,(*)
Flumethrin,Rau ăn lá của họ cải,0.07,"0,004",195,
Flumethrin,Nội tạng ăn được của động vật có vú,0.5,"0,004",195,
Flumethrin,Trứng,0.05,"0,004",195,(*)
Flumethrin,"Thịt động vật có vú, trừ động vật có vú ở biển",0.05,"0,004",195,(*)
Flumethrin,Sữa nguyên liệu,0.05,"0,004",195,(*)
Flumethrin,Thịt gia cầm,0.05,"0,004",195,(*)
Flumethrin,Nội tạng ăn được của gia cầm,0.05,"0,004",195,(*)
Flumethrin,Cám gạo chưa chế biến,10.0,"0,004",195,
Flumethrin,Gạo đã xát vỏ,2.0,"0,004",195,
Flumethrin,Gạo được đánh bóng,1.0,"0,004",195,
Flutriafol,Chuối,0.3,"0 - 0,01",248,
Flutriafol,Hạt cà phê,0.15,"0 - 0,01",248,
Flutriafol,Nho khô (gồm cả quả lý chua khô và nho khô không hạt),2.0,"0 - 0,01",248,
Flutriafol,Các loại nho,0.8,"0 - 0,01",248,
Flutriafol,Hạt lạc,0.15,"0 - 0,01",248,
Flutriafol,Ớt ta khô,10.0,"0 - 0,01",248,
Flutriafol,Ớt ngọt (gồm cả ớt ngọt Pimento),1.0,"0 - 0,01",248,
Flutriafol,Quả dạng táo,0.3,"0 - 0,01",248,
Flutriafol,Đậu tương (khô),0.4,"0 - 0,01",248,
Flutriafol,Cám lúa mì chưa chế biến,0.3,"0 - 0,01",248,
Flutriafol,Lúa mì,0.15,"0 - 0,01",248,
Fluxapyroxad,Lúa mạch,2.0,"0 - 0,02",256,
Fluxapyroxad,"Cám lúa mạch, đã chế biến",4.0,"0 - 0,02",256,
Fluxapyroxad,Đậu (khô),0.3,"0 - 0,02",256,
Fluxapyroxad,Đậu đỗ các loại (trừ đậu tằm và đậu,2.0,"0 - 0,02",256,
Fluxapyroxad,tương),,"0 - 0,02",256,
Fluxapyroxad,Đậu hạt đã bóc vỏ,0.09,"0 - 0,02",256,
Fluxapyroxad,Đậu gà (khô),0.4,"0 - 0,02",256,
Fluxapyroxad,Hạt cây bông,0.01,"0 - 0,02",256,
Fluxapyroxad,Nội tạng ăn được của động vật có vú,0.1,"0 - 0,02",256,
Fluxapyroxad,Trứng,0.02,"0 - 0,02",256,
Fluxapyroxad,Các loại rau ăn quả (trừ bầu bí),0.6,"0 - 0,02",256,trừ ngô ngọt và nấm
Fluxapyroxad,Đậu lăng (khô),0.4,"0 - 0,02",256,
Fluxapyroxad,Ngô,0.01,"0 - 0,02",256,(*)
Fluxapyroxad,"Thịt động vật có vú, trừ động vật có vú ở biển",0.2,"0 - 0,02",256,(fat)
Fluxapyroxad,Các loại chất béo từ sữa,0.5,"0 - 0,02",256,
Fluxapyroxad,Sữa nguyên liệu,0.02,"0 - 0,02",256,
Fluxapyroxad,Yến mạch,2.0,"0 - 0,02",256,
Fluxapyroxad,Hạt có dầu,0.8,"0 - 0,02",256,trừ hạt lạc và hạt cây bông
Fluxapyroxad,Hạt lạc,0.01,"0 - 0,02",256,
Fluxapyroxad,Các loại đậu (khô),0.4,"0 - 0,02",256,
Fluxapyroxad,Đậu (quả và hạt mọng non),2.0,"0 - 0,02",256,
Fluxapyroxad,Đậu đã tách vỏ (hạt mọng),0.09,"0 - 0,02",256,
Fluxapyroxad,Ớt ta khô,6.0,"0 - 0,02",256,
Fluxapyroxad,Quả dạng táo,0.9,"0 - 0,02",256,
Fluxapyroxad,Khoai tây,0.03,"0 - 0,02",256,
Fluxapyroxad,Mỡ gia cầm,0.05,"0 - 0,02",256,
Fluxapyroxad,Thịt gia cầm,0.02,"0 - 0,02",256,
Fluxapyroxad,Nội tạng ăn được của gia cầm,0.02,"0 - 0,02",256,
Fluxapyroxad,Mận khô,5.0,"0 - 0,02",256,
Fluxapyroxad,Lúa mạch đen,0.3,"0 - 0,02",256,
Fluxapyroxad,Đậu tương (khô),0.15,"0 - 0,02",256,
Fluxapyroxad,Đậu tương (hạt non),0.5,"0 - 0,02",256,
Fluxapyroxad,Đậu tương (quả non),1.5,"0 - 0,02",256,
Fluxapyroxad,Các loại quả có hạt,2.0,"0 - 0,02",256,
Fluxapyroxad,Củ cải đường,0.15,"0 - 0,02",256,
Fluxapyroxad,Ngô ngọt (nguyên bắp),0.15,"0 - 0,02",256,
Fluxapyroxad,Lúa mì lai lúa mạch đen,0.3,"0 - 0,02",256,
Fluxapyroxad,Lúa mì,0.3,"0 - 0,02",256,
Fluxapyroxad,Cám lúa mì chưa chế biến,1.0,"0 - 0,02",256,
Folpet,Táo,10.0,"0 - 0,1",41,
Folpet,Dưa chuột,1.0,"0 - 0,1",41,
Folpet,Nho khô (gồm cả quả lý chua khô và nho khô không hạt),40.0,"0 - 0,1",41,
Folpet,Các loại nho,10.0,"0 - 0,1",41,
Folpet,Rau xà lách,50.0,"0 - 0,1",41,
Folpet,"Các loại dưa, trừ dưa hấu",3.0,"0 - 0,1",41,
Folpet,Củ hành,1.0,"0 - 0,1",41,
Folpet,Khoai tây,0.1,"0 - 0,1",41,
Folpet,Dâu tây,5.0,"0 - 0,1",41,
Folpet,Cà chua,3.0,"0 - 0,1",41,
Glufosinate- Ammonium,Măng tây,0.4,"0 - 0,01",175,
Glufosinate- Ammonium,Các loại quả nhiệt đới và cận nhiệt đới có vỏ ăn được,0.1,"0 - 0,01",175,
Glufosinate- Ammonium,Quả nhiệt đới và cận nhiệt đới các loại có vỏ không,0.1,"0 - 0,01",175,trừ chuối và quả kiwi
Glufosinate- Ammonium,ăn được,,"0 - 0,01",175,
Glufosinate- Ammonium,Chuối,0.2,"0 - 0,01",175,
Glufosinate- Ammonium,Quả việt quất xanh (sim Mỹ),0.1,"0 - 0,01",175,
Glufosinate- Ammonium,Cà rốt,0.05,"0 - 0,01",175,
Glufosinate- Ammonium,Quả có múi thuộc họ cam quýt,0.05,"0 - 0,01",175,
Glufosinate- Ammonium,Hạt cà phê,0.1,"0 - 0,01",175,
Glufosinate- Ammonium,Đậu thường (khô),0.05,"0 - 0,01",175,
Glufosinate- Ammonium,Hạt cây bông,5.0,"0 - 0,01",175,
Glufosinate- Ammonium,Đậu thường (quả và/hoặc hạt non),0.05,"0 - 0,01",175,(*)
Glufosinate- Ammonium,Rau mát,0.05,"0 - 0,01",175,
Glufosinate- Ammonium,"Quả lý chua đen, quả lý chua đỏ, quả lý chua trắng",1.0,"0 - 0,01",175,
Glufosinate- Ammonium,Nội tạng ăn được của động vật có vú,3.0,"0 - 0,01",175,
Glufosinate- Ammonium,Trứng,0.05,"0 - 0,01",175,(*)
Glufosinate- Ammonium,Quả lý gai,0.1,"0 - 0,01",175,
Glufosinate- Ammonium,Các loại nho,0.15,"0 - 0,01",175,
Glufosinate- Ammonium,Quả kiwi,0.6,"0 - 0,01",175,
Glufosinate- Ammonium,Rau xà lách,0.4,"0 - 0,01",175,
Glufosinate- Ammonium,Lá rau diếp,0.4,"0 - 0,01",175,
Glufosinate- Ammonium,Ngô,0.1,"0 - 0,01",175,
Glufosinate- Ammonium,"Thịt động vật có vú, trừ động vật có vú ở biển",0.05,"0 - 0,01",175,
Glufosinate- Ammonium,Sữa nguyên liệu,0.02,"0 - 0,01",175,(*)
Glufosinate- Ammonium,Củ hành,0.05,"0 - 0,01",175,
Glufosinate- Ammonium,Quả dạng táo,0.1,"0 - 0,01",175,
Glufosinate- Ammonium,Khoai tây,0.1,"0 - 0,01",175,
Glufosinate- Ammonium,Thịt gia,0.05,"0 - 0,01",175,(*)
Glufosinate- Ammonium,cầm,,"0 - 0,01",175,
Glufosinate- Ammonium,Nội tạng ăn được của gia cầm,0.1,"0 - 0,01",175,(*)
Glufosinate- Ammonium,Mận khô,0.3,"0 - 0,01",175,
Glufosinate- Ammonium,Hạt cải dầu,1.5,"0 - 0,01",175,
Glufosinate- Ammonium,Dầu hạt cải thô,0.05,"0 - 0,01",175,(*)
Glufosinate- Ammonium,Quả mâm xôi (phúc bồn tử/ngấy hương/dâ u rừng) đen và đỏ,0.1,"0 - 0,01",175,
Glufosinate- Ammonium,Gạo,0.9,"0 - 0,01",175,
Glufosinate- Ammonium,Đậu tương (khô),2.0,"0 - 0,01",175,
Glufosinate- Ammonium,Các loại quả có hạt,0.15,"0 - 0,01",175,
Glufosinate- Ammonium,Dâu tây,0.3,"0 - 0,01",175,
Glufosinate- Ammonium,Củ cải đường,1.5,"0 - 0,01",175,
Glufosinate- Ammonium,Mật củ cải đường,8.0,"0 - 0,01",175,
Glufosinate- Ammonium,Các loại quả hạch,0.1,"0 - 0,01",175,
Glufosinate- Ammonium,Đậu (khô),2.0,"0 - 0,01",175,
Glufosinate- Ammonium,Hạt ngũ cốc,30.0,"0 - 0,01",175,trừ ngô và gạo
Glufosinate- Ammonium,Hạt cây bông,40.0,"0 - 0,01",175,
Glufosinate- Ammonium,Nội tạng ăn được của động vật có vú,5.0,"0 - 0,01",175,trừ lợn
Glufosinate- Ammonium,Trứng,0.05,"0 - 0,01",175,(*)
Glufosinate- Ammonium,Đậu lăng (khô),5.0,"0 - 0,01",175,
Glufosinate- Ammonium,Ngô,5.0,"0 - 0,01",175,
Glufosinate- Ammonium,"Thịt động vật có vú, trừ động vật có vú ở biển",0.05,"0 - 0,01",175,(*)
Glufosinate- Ammonium,Sữa nguyên liệu,0.05,"0 - 0,01",175,(*)
Glufosinate- Ammonium,Các loại đậu (khô),5.0,"0 - 0,01",175,
Glufosinate- Ammonium,Nội tạng ăn được,0.5,"0 - 0,01",175,
Glufosinate- Ammonium,của lợn,,"0 - 0,01",175,
Glufosinate- Ammonium,Thịt gia cầm,0.05,"0 - 0,01",175,(*)
Glufosinate- Ammonium,Nội tạng ăn được của gia cầm,0.5,"0 - 0,01",175,
Glufosinate- Ammonium,Hạt cải dầu,30.0,"0 - 0,01",175,
Glufosinate- Ammonium,Đậu tương (khô),20.0,"0 - 0,01",175,
Glufosinate- Ammonium,Củ cải đường,15.0,"0 - 0,01",175,
Glufosinate- Ammonium,Mía,2.0,"0 - 0,01",175,
Glufosinate- Ammonium,Mật mía,10.0,"0 - 0,01",175,
Glufosinate- Ammonium,Hạt hướng dương,7.0,"0 - 0,01",175,
Glufosinate- Ammonium,Cám lúa mì chưa chế biến,20.0,"0 - 0,01",175,
Glufosinate- Ammonium,Ngô ngọt (nguyên bắp),3.0,"0 - 0,01",175,
Guazatine,Hạt ngũ cốc,0.05,-,114,(*)
Guazatine,Quả có múi thuộc họ cam quýt,5.0,-,114,Po
Haloxyfop,Chuối,0.02,"0 - 0,0007",194,(*)
Haloxyfop,Đậu (khô),3.0,"0 - 0,0007",194,
Haloxyfop,Đậu đỗ các loại (trừ đậu tằm và đậu tương),0.5,"0 - 0,0007",194,
Haloxyfop,Đậu gà (khô),0.05,"0 - 0,0007",194,
Haloxyfop,Quả có múi thuộc họ cam quýt,0.02,"0 - 0,0007",194,(*)
Haloxyfop,Hạt cà phê,0.02,"0 - 0,0007",194,(*)
Haloxyfop,Hạt cây bông,0.7,"0 - 0,0007",194,
Haloxyfop,Nội tạng ăn được của động vật có vú,2.0,"0 - 0,0007",194,
Haloxyfop,Trứng,0.1,"0 - 0,0007",194,
Haloxyfop,Các loại nho,0.02,"0 - 0,0007",194,(*)
Haloxyfop,"Thịt động vật có vú,",0.5,"0 - 0,0007",194,(fat)
Haloxyfop,trừ động vật có vú ở biển,,"0 - 0,0007",194,
Haloxyfop,Các loại chất béo từ sữa,7.0,"0 - 0,0007",194,
Haloxyfop,Sữa nguyên liệu,0.3,"0 - 0,0007",194,
Haloxyfop,Củ hành,0.2,"0 - 0,0007",194,
Haloxyfop,Các loại đậu (khô),0.2,"0 - 0,0007",194,
Haloxyfop,Đậu (quả và hạt mọng non),0.7,"0 - 0,0007",194,
Haloxyfop,Đậu đã tách vỏ (hạt mọng),1.0,"0 - 0,0007",194,
Haloxyfop,Quả dạng táo,0.02,"0 - 0,0007",194,(*)
Haloxyfop,Thịt gia cầm,0.7,"0 - 0,0007",194,(fat)
Haloxyfop,Nội tạng ăn được của gia cầm,0.7,"0 - 0,0007",194,
Haloxyfop,Hạt cải dầu,3.0,"0 - 0,0007",194,
Haloxyfop,Đậu tương (khô),2.0,"0 - 0,0007",194,
Haloxyfop,Các loại quả có hạt,0.02,"0 - 0,0007",194,(*)
Haloxyfop,Củ cải đường,0.4,"0 - 0,0007",194,
Haloxyfop,Hạt hướng dương,0.3,"0 - 0,0007",194,
Heptachlor,Hạt ngũ cốc,0.02,"0,0001",43,E
Heptachlor,Quả có múi thuộc họ cam quýt,0.01,"0,0001",43,E
Heptachlor,Hạt cây bông,0.02,"0,0001",43,E
Heptachlor,Trứng,0.05,"0,0001",43,E
Heptachlor,"Thịt động vật có vú, trừ động vật có vú ở biển",0.2,"0,0001",43,"(fat), E"
Heptachlor,Sữa,0.006,"0,0001",43,"F, E"
Heptachlor,Dứa,0.01,"0,0001",43,E
Heptachlor,Thịt gia cầm,0.2,"0,0001",43,"(fat), E"
Heptachlor,Đậu tương,0.02,"0,0001",43,E
Heptachlor,(hạt non),,"0,0001",43,
Heptachlor,Dầu đậu tương thô,0.5,"0,0001",43,E
Heptachlor,Dầu đậu tương tinh luyện,0.02,"0,0001",43,E
Heptachlor,Chà là,2.0,"0,0001",43,
Heptachlor,Nho khô (gồm cả quả lý chua khô và nho khô không hạt),1.0,"0,0001",43,
Heptachlor,Nội tạng ăn được của động vật có vú,0.05,"0,0001",43,
Heptachlor,Cà tím,0.1,"0,0001",43,
Heptachlor,Trứng,0.05,"0,0001",43,
Heptachlor,Các loại rau bầu bí,0.05,"0,0001",43,trừ dưa hấu
Heptachlor,Các loại nho,1.0,"0,0001",43,
Heptachlor,Hoa bia khô,3.0,"0,0001",43,
Heptachlor,Mỡ động vật có vú (trừ chất béo sữa),0.05,"0,0001",43,
Heptachlor,"Thịt động vật có vú, trừ động vật có vú ở biển",0.05,"0,0001",43,(fat)
Heptachlor,Các loại chất béo từ sữa,0.05,"0,0001",43,
Heptachlor,Sữa nguyên liệu,0.05,"0,0001",43,
Heptachlor,Quả dạng táo,0.4,"0,0001",43,
Heptachlor,Thịt gia cầm,0.05,"0,0001",43,"(*), (fat)"
Heptachlor,Nội tạng ăn được của gia cầm,0.05,"0,0001",43,
Heptachlor,Mận khô,1.0,"0,0001",43,
Heptachlor,Các loại quả có hạt,0.3,"0,0001",43,
Heptachlor,Dâu tây,6.0,"0,0001",43,
Heptachlor,"Trà xanh, đen",15.0,"0,0001",43,
Heptachlor,Cà chua,0.1,"0,0001",43,
Heptachlor,Các loại quả hạch,0.05,"0,0001",43,(*)
Hydrogen Phosphide,Hạt cacao,0.01,,46,Po
Hydrogen Phosphide,Hạt ngũ cốc,0.1,,46,Po
Hydrogen Phosphide,Quả khô,0.01,,46,Po
Hydrogen Phosphide,Rau khô,0.01,,46,Po
Hydrogen Phosphide,Hạt lạc,0.01,,46,Po
Hydrogen Phosphide,Các loại gia vị,0.01,,46,Po
Hydrogen Phosphide,Các loại quả hạch,0.01,,46,Po
Imazalil,Chuối,2.0,"0,03",110,Po
Imazalil,Quả có múi thuộc họ cam quýt,5.0,"0,03",110,Po
Imazalil,Dưa chuột,0.5,"0,03",110,
Imazalil,Dưa chuột ri,0.5,"0,03",110,
Imazalil,"Các loại dưa, trừ dưa hấu",2.0,"0,03",110,Po
Imazalil,Hồng Nhật Bản,2.0,"0,03",110,Po
Imazalil,Quả dạng táo,5.0,"0,03",110,Po
Imazalil,Khoai tây,5.0,"0,03",110,Po
Imazalil,Quả mâm xôi (phúc bồn tử/ngấy hương/dâ u rừng) đen và đỏ,2.0,"0,03",110,
Imazalil,Dâu tây,2.0,"0,03",110,
Imazalil,Cám lúa mì chưa chế biến,1.0,"0,03",110,
Imazalil,Lúa mì,0.01,"0,03",110,(*)
Imazamox,Đậu (khô),0.05,0 - 3,276,(*)
Imazamox,Đậu đỗ các loại (trừ đậu tằm và đậu tương),0.05,0 - 3,276,(*)
Imazamox,Nội tạng ăn được của động,0.01,0 - 3,276,(*)
Imazamox,vật có vú,,0 - 3,276,
Imazamox,Trứng,0.01,0 - 3,276,(*)
Imazamox,Đậu lăng (khô),0.2,0 - 3,276,
Imazamox,Mỡ động vật có vú (trừ chất béo sữa),0.01,0 - 3,276,(*)
Imazamox,"Thịt động vật có vú, trừ động vật có vú ở biển",0.01,0 - 3,276,
Imazamox,Sữa nguyên liệu,0.01,0 - 3,276,(*)
Imazamox,Hạt lạc,0.01,0 - 3,276,(*)
Imazamox,Các loại đậu (khô),0.05,0 - 3,276,(*)
Imazamox,Đậu đã tách vỏ (hạt mọng),0.05,0 - 3,276,(*)
Imazamox,Mỡ gia cầm,0.01,0 - 3,276,(*)
Imazamox,Thịt gia cầm,0.01,0 - 3,276,(*)
Imazamox,Nội tạng ăn được của gia cầm,0.01,0 - 3,276,(*)
Imazamox,Hạt cải dầu,0.05,0 - 3,276,(*)
Imazamox,Gạo,0.01,0 - 3,276,(*)
Imazamox,Đậu tương (khô),0.01,0 - 3,276,(*)
Imazamox,Hạt hướng dương,0.3,0 - 3,276,
Imazamox,Lúa mì,0.05,0 - 3,276,(*)
Imazamox,Cám lúa mì chưa chế biến,0.2,0 - 3,276,
Imazamox,Mầm lúa mì,0.1,0 - 3,276,
Imazapic,Nội tạng ăn được của động vật có vú,1.0,"0 - 0,7",266,
Imazapic,Trứng,0.01,"0 - 0,7",266,(*)
Imazapic,Ngô,0.01,"0 - 0,7",266,(*)
Imazapic,Mỡ động vật có vú (trừ chất béo sữa),0.1,"0 - 0,7",266,
Imazapic,"Thịt động vật có vú,",0.1,"0 - 0,7",266,
Imazapic,trừ động vật có vú ở biển,,"0 - 0,7",266,
Imazapic,Sữa nguyên liệu,0.1,"0 - 0,7",266,
Imazapic,Hạt lạc,0.05,"0 - 0,7",266,(*)
Imazapic,Mỡ gia cầm,0.01,"0 - 0,7",266,(*)
Imazapic,Thịt gia cầm,0.01,"0 - 0,7",266,(*)
Imazapic,Nội tạng ăn được của gia cầm,0.01,"0 - 0,7",266,(*)
Imazapic,Hạt cải dầu,0.05,"0 - 0,7",266,(*)
Imazapic,Gạo,0.05,"0 - 0,7",266,(*)
Imazapic,Mía,0.01,"0 - 0,7",266,(*)
Imazapic,Lúa mì,0.05,"0 - 0,7",266,(*)
Imazapic,Trứng,0.01,"0 - 0,7",266,(*)
Imazapic,Đậu lăng (khô),0.3,"0 - 0,7",266,
Imazapic,Ngô,0.05,"0 - 0,7",266,(*)
Imazapic,Mỡ động vật có vú (trừ chất béo sữa),0.05,"0 - 0,7",266,(*)
Imazapic,"Thịt động vật có vú, trừ động vật có vú ở biển",0.05,"0 - 0,7",266,(*)
Imazapic,Sữa nguyên liệu,0.01,"0 - 0,7",266,(*)
Imazapic,Mỡ gia cầm,0.01,"0 - 0,7",266,(*)
Imazapic,Thịt gia cầm,0.01,"0 - 0,7",266,(*)
Imazapic,Nội tạng ăn được của gia cầm,0.01,"0 - 0,7",266,(*)
Imazapic,Hạt cải dầu,0.05,"0 - 0,7",266,(*)
Imazapic,Hạt hướng dương,0.08,"0 - 0,7",266,
Imazapic,Lúa mì,0.05,"0 - 0,7",266,(*)
Imidacloprid,Táo,0.5,"0 - 0,06",206,
Imidacloprid,Quả mơ,0.5,"0 - 0,06",206,
Imidacloprid,Chuối,0.05,"0 - 0,06",206,
Imidacloprid,Đậu đỗ các loại (trừ đậu tằm và đậu tương),2.0,"0 - 0,06",206,
Imidacloprid,Các loại quả mọng và quả nhỏ khác,5.0,"0 - 0,06",206,"trừ quả nam việt quất, nho và dâu tây"
Imidacloprid,Bông lơ xanh,0.5,"0 - 0,06",206,
Imidacloprid,Cải Brussels,0.5,"0 - 0,06",206,
Imidacloprid,Các loại bắp cải,0.5,"0 - 0,06",206,
Imidacloprid,Hoa lơ,0.5,"0 - 0,06",206,
Imidacloprid,Cần tây,6.0,"0 - 0,06",206,
Imidacloprid,Hạt ngũ cốc,0.05,"0 - 0,06",206,
Imidacloprid,Anh đào ngọt,0.5,"0 - 0,06",206,
Imidacloprid,Quả có múi thuộc họ cam quýt,1.0,"0 - 0,06",206,
Imidacloprid,Hạt cà phê,1.0,"0 - 0,06",206,
Imidacloprid,Quả nam việt quất,0.05,"0 - 0,06",206,(*)
Imidacloprid,Dưa chuột,1.0,"0 - 0,06",206,
Imidacloprid,Nội tạng ăn được của động vật có vú,0.3,"0 - 0,06",206,
Imidacloprid,Cà tím,0.2,"0 - 0,06",206,
Imidacloprid,Trứng,0.02,"0 - 0,06",206,
Imidacloprid,Các loại nho,1.0,"0 - 0,06",206,
Imidacloprid,Hoa bia khô,10.0,"0 - 0,06",206,
Imidacloprid,Tỏi tây,0.05,"0 - 0,06",206,(*)
Imidacloprid,Rau xà lách,2.0,"0 - 0,06",206,
Imidacloprid,Xoài,0.2,"0 - 0,06",206,
Imidacloprid,"Thịt động vật có vú, trừ động vật có vú ở biển",0.1,"0 - 0,06",206,
Imidacloprid,"Các loại dưa, trừ dưa hấu",0.2,"0 - 0,06",206,
Imidacloprid,Sữa,0.1,"0 - 0,06",206,
Imidacloprid,nguyên liệu,,"0 - 0,06",206,
Imidacloprid,Quả xuân đào,0.5,"0 - 0,06",206,
Imidacloprid,Củ hành,0.1,"0 - 0,06",206,
Imidacloprid,Quả đào,0.5,"0 - 0,06",206,
Imidacloprid,Hạt lạc,1.0,"0 - 0,06",206,
Imidacloprid,Lê,1.0,"0 - 0,06",206,
Imidacloprid,Đậu (quả và hạt mọng non),5.0,"0 - 0,06",206,
Imidacloprid,Đậu đã tách vỏ (hạt mọng),2.0,"0 - 0,06",206,
Imidacloprid,Các loại ớt,1.0,"0 - 0,06",206,
Imidacloprid,Ớt ta khô,10.0,"0 - 0,06",206,
Imidacloprid,Các loại mận (bao gồm cả mận khô),0.2,"0 - 0,06",206,
Imidacloprid,Quả lựu,1.0,"0 - 0,06",206,
Imidacloprid,Thịt gia cầm,0.02,"0 - 0,06",206,
Imidacloprid,Nội tạng ăn được của gia cầm,0.05,"0 - 0,06",206,
Imidacloprid,Các loại đậu lăng,2.0,"0 - 0,06",206,trừ đậu tương
Imidacloprid,Lá củ cải (gồm cả lá cây họ cải),5.0,"0 - 0,06",206,
Imidacloprid,Hạt cải dầu,0.05,"0 - 0,06",206,(*)
Imidacloprid,Các loại rau từ rễ và củ,0.5,"0 - 0,06",206,
Imidacloprid,Bí mùa hè,1.0,"0 - 0,06",206,
Imidacloprid,Dâu tây,0.5,"0 - 0,06",206,
Imidacloprid,Hạt hướng dương,0.05,"0 - 0,06",206,(*)
Imidacloprid,Ngô ngọt (nguyên bắp),0.02,"0 - 0,06",206,(*)
Imidacloprid,Cà chua,0.5,"0 - 0,06",206,
Imidacloprid,Các loại quả hạch,0.01,"0 - 0,06",206,
Imidacloprid,Dưa hấu,0.2,"0 - 0,06",206,
Imidacloprid,Bột lúa mì,0.03,"0 - 0,06",206,
Imidacloprid,Cám lúa mì chưa chế biến,0.3,"0 - 0,06",206,
Imidacloprid,Đậu bắp,0.1,"0 - 0,06",206,(7)
Indoxacarb,Táo,0.5,"0 - 0,01",216,
Indoxacarb,Bông lơ xanh,0.2,"0 - 0,01",216,
Indoxacarb,Các loại bắp cải,3.0,"0 - 0,01",216,
Indoxacarb,Hoa lơ,0.2,"0 - 0,01",216,
Indoxacarb,Đậu gà (khô),0.2,"0 - 0,01",216,
Indoxacarb,Hạt cây bông,1.0,"0 - 0,01",216,
Indoxacarb,Đậu đũa (khô),0.1,"0 - 0,01",216,
Indoxacarb,Quả nam việt quất,1.0,"0 - 0,01",216,
Indoxacarb,Nho khô (gồm cả quả lý chua khô và nho khô không hạt),5.0,"0 - 0,01",216,
Indoxacarb,Nội tạng ăn được của động vật có vú,0.05,"0 - 0,01",216,
Indoxacarb,Cà tím,0.5,"0 - 0,01",216,
Indoxacarb,Trứng,0.02,"0 - 0,01",216,
Indoxacarb,Các loại rau bầu bí,0.5,"0 - 0,01",216,
Indoxacarb,Các loại nho,2.0,"0 - 0,01",216,
Indoxacarb,Rau xà lách,7.0,"0 - 0,01",216,
Indoxacarb,Lá rau diếp,3.0,"0 - 0,01",216,
Indoxacarb,"Thịt động vật có vú, trừ động vật có vú ở biển",2.0,"0 - 0,01",216,(fat)
Indoxacarb,Các loại chất béo từ sữa,2.0,"0 - 0,01",216,
Indoxacarb,Sữa nguyên liệu,0.1,"0 - 0,01",216,
Indoxacarb,Các loại bạc hà,15.0,"0 - 0,01",216,
Indoxacarb,Đậu xanh (khô),0.2,"0 - 0,01",216,
Indoxacarb,Hạt lạc,0.02,"0 - 0,01",216,(*)
Indoxacarb,Lê,0.2,"0 - 0,01",216,
Indoxacarb,Các loại ớt,0.3,"0 - 0,01",216,
Indoxacarb,Khoai tây,0.02,"0 - 0,01",216,
Indoxacarb,Thịt gia cầm,0.01,"0 - 0,01",216,"(*), (fat)"
Indoxacarb,Nội tạng ăn được của gia cầm,0.01,"0 - 0,01",216,(*)
Indoxacarb,Mận khô,3.0,"0 - 0,01",216,
Indoxacarb,Đậu tương (khô),0.5,"0 - 0,01",216,
Indoxacarb,Các loại quả có hạt,1.0,"0 - 0,01",216,
Indoxacarb,Ngô ngọt (nguyên bắp),0.02,"0 - 0,01",216,
Indoxacarb,"Trà xanh, đen",5.0,"0 - 0,01",216,
Indoxacarb,Cà chua,0.5,"0 - 0,01",216,
Iprodione,Hạnh nhân,0.2,"0,06",111,
Iprodione,Lúa mạch,2.0,"0,06",111,
Iprodione,Đậu (khô),0.1,"0,06",111,
Iprodione,Quả dâu đen (dâu ta),30.0,"0,06",111,
Iprodione,Bông lơ xanh,25.0,"0,06",111,
Iprodione,Cà rốt,10.0,"0,06",111,Po
Iprodione,Anh đào,10.0,"0,06",111,
Iprodione,Đậu thường (quả và/hoặc hạt non),2.0,"0,06",111,
Iprodione,Dưa chuột,2.0,"0,06",111,
Iprodione,Các loại nho,10.0,"0,06",111,
Iprodione,Quả kiwi,5.0,"0,06",111,
Iprodione,Rau xà lách,10.0,"0,06",111,
Iprodione,Lá rau diếp,25.0,"0,06",111,
Iprodione,Củ hành,0.2,"0,06",111,
Iprodione,Quả đào,10.0,"0,06",111,
Iprodione,Quả dạng táo,5.0,"0,06",111,Po
Iprodione,Hạt cải dầu,0.5,"0,06",111,
Iprodione,Quả mâm xôi (phúc bồn tử/ngấy hương/dâ u rừng) đen và đỏ,30.0,"0,06",111,
Iprodione,Gạo đã xát vỏ,10.0,"0,06",111,
Iprodione,Các loại gia vị từ củ và thân rễ,0.1,"0,06",111,
Iprodione,Các loại gia vị từ hạt,0.05,"0,06",111,(*)
Iprodione,Dâu tây,10.0,"0,06",111,
Iprodione,Củ cải đường,0.1,"0,06",111,(*)
Iprodione,Hạt hướng dương,0.5,"0,06",111,
Iprodione,Cà chua,5.0,"0,06",111,
Iprodione,Rau diếp xoăn,1.0,"0,06",111,
Isopyrazam,Chuối,0.06,"0 - 0,06",249,
Isopyrazam,Lúa mạch,0.07,"0 - 0,06",249,
Isopyrazam,Nội tạng ăn được của động vật có vú,0.02,"0 - 0,06",249,
Isopyrazam,Trứng,0.01,"0 - 0,06",249,(*)
Isopyrazam,Mỡ động vật có vú (trừ chất béo sữa),0.01,"0 - 0,06",249,(*)
Isopyrazam,"Thịt động vật có vú, trừ động vật có vú ở biển",0.01,"0 - 0,06",249,(*)
Isopyrazam,Các loại chất béo từ sữa,0.02,"0 - 0,06",249,
Isopyrazam,Sữa nguyên liệu,0.01,"0 - 0,06",249,(*)
Isopyrazam,Mỡ gia cầm,0.01,"0 - 0,06",249,(*)
Isopyrazam,Thịt gia cầm,0.01,"0 - 0,06",249,(*)
Isopyrazam,Nội tạng ăn được của gia cầm,0.01,"0 - 0,06",249,(*)
Isopyrazam,Lúa mạch đen,0.03,"0 - 0,06",249,
Isopyrazam,Lúa mì lai lúa mạch đen,0.03,"0 - 0,06",249,
Isopyrazam,Cám lúa mì chưa chế biến,0.15,"0 - 0,06",249,
Isopyrazam,Lúa mì,0.03,"0 - 0,06",249,
Isoxaflutole,Đậu gà (khô),0.01,"0 - 0,02",268,(*)
Isoxaflutole,Nội tạng ăn được của động vật có vú,0.1,"0 - 0,02",268,
Isoxaflutole,Trứng,0.01,"0 - 0,02",268,(*)
Isoxaflutole,Ngô,0.02,"0 - 0,02",268,(*)
Isoxaflutole,Mỡ động vật có vú (trừ chất béo sữa),0.01,"0 - 0,02",268,(*)
Isoxaflutole,"Thịt động vật có vú, trừ động vật có vú ở biển",0.01,"0 - 0,02",268,(*)
Isoxaflutole,Sữa nguyên liệu,0.01,"0 - 0,02",268,(*)
Isoxaflutole,Hạt anh túc,0.02,"0 - 0,02",268,(*)
Isoxaflutole,Mỡ gia cầm,0.01,"0 - 0,02",268,(*)
Isoxaflutole,Thịt gia cầm,0.01,"0 - 0,02",268,(*)
Isoxaflutole,Nội tạng ăn được của gia cầm,0.2,"0 - 0,02",268,
Isoxaflutole,Mía,0.01,"0 - 0,02",268,(*)
Isoxaflutole,Ngô ngọt (nguyên bắp),0.02,"0 - 0,02",268,(*)
Isoxaflutole,Dưa chuột,0.05,"0 - 0,02",268,(*)
Isoxaflutole,Nho khô (gồm cả quả lý chua khô và nho khô không hạt),2.0,"0 - 0,02",268,
Isoxaflutole,Nội tạng ăn được của động vật có vú,0.05,"0 - 0,02",268,(*)
Isoxaflutole,Bưởi chùm,0.5,"0 - 0,02",268,
Isoxaflutole,Các loại nho,1.0,"0 - 0,02",268,
Isoxaflutole,Mỡ động vật có vú (trừ chất béo sữa),0.05,"0 - 0,02",268,(*)
Isoxaflutole,"Thịt động vật có vú, trừ động vật có vú ở biển",0.05,"0 - 0,02",268,(*)
Isoxaflutole,Sữa nguyên liệu,0.01,"0 - 0,02",268,(*)
Isoxaflutole,Dầu oliu nguyên chất,0.7,"0 - 0,02",268,
Isoxaflutole,Quả ôliu,0.2,"0 - 0,02",268,
Isoxaflutole,"Các loại cam ngọt, cam chua (gồm cả các quả lai giống cam)",0.5,"0 - 0,02",268,
Isoxaflutole,Quả dạng táo,0.2,"0 - 0,02",268,
Isoxaflutole,Thịt gia cầm,0.05,"0 - 0,02",268,(*)
Isoxaflutole,Lúa mạch đen,0.05,"0 - 0,02",268,(*)
Isoxaflutole,Lúa mì,0.05,"0 - 0,02",268,(*)
Lindane,Lúa mạch,0.01,"0 - 0,005",48,(*)
Lindane,Nội tạng ăn được của động vật có vú,0.01,"0 - 0,005",48,(*)
Lindane,Trứng,0.01,"0 - 0,005",48,(*)
Lindane,Ngô,0.01,"0 - 0,005",48,(*)
Lindane,"Thịt động vật có vú, trừ động vật có vú ở biển",0.1,"0 - 0,005",48,(fat)
Lindane,Sữa,0.01,"0 - 0,005",48,(*)
Lindane,Yến mạch,0.01,"0 - 0,005",48,(*)
Lindane,Thịt gia cầm,0.05,"0 - 0,005",48,(fat)
Lindane,Nội tạng ăn được của gia cầm,0.01,"0 - 0,005",48,(*)
Lindane,Lúa mạch đen,0.01,"0 - 0,005",48,(*)
Lindane,Lúa miến,0.01,"0 - 0,005",48,(*)
Lindane,Ngô ngọt (hạt),0.01,"0 - 0,005",48,(*)
Lindane,Lúa mì,0.01,"0 - 0,005",48,(*)
Malathion,Táo,0.5,"0 - 0,3",49,
Malathion,Măng tây,1.0,"0 - 0,3",49,
Malathion,Đậu (khô),2.0,"0 - 0,3",49,
Malathion,Đậu đỗ các loại (trừ đậu tằm và đậu tương),1.0,"0 - 0,3",49,
Malathion,Quả việt quất xanh (sim Mỹ),10.0,"0 - 0,3",49,
Malathion,Anh đào,3.0,"0 - 0,3",49,
Malathion,Ớt ta,0.1,"0 - 0,3",49,(7)
Malathion,Bắp cải,8.0,"0 - 0,3",49,(7)
Malathion,Quả có múi thuộc họ cam quýt,7.0,"0 - 0,3",49,
Malathion,Hạt cây bông,20.0,"0 - 0,3",49,
Malathion,Dầu hạt bông thô,13.0,"0 - 0,3",49,
Malathion,Dâu hạt cây bông,13.0,"0 - 0,3",49,
Malathion,Dưa chuột,0.2,"0 - 0,3",49,
Malathion,Các loại nho,5.0,"0 - 0,3",49,
Malathion,Ngô,0.05,"0 - 0,3",49,
Malathion,Cây mù tạt,2.0,"0 - 0,3",49,
Malathion,Củ hành,1.0,"0 - 0,3",49,
Malathion,Các loại ớt,0.1,"0 - 0,3",49,
Malathion,Ớt ta khô,1.0,"0 - 0,3",49,
Malathion,Bưởi đào/ Bưởi,0.2,"0 - 0,3",49,(7)
Malathion,Lúa miến,3.0,"0 - 0,3",49,
Malathion,Các loại gia vị từ quả và quả mọng,1.0,"0 - 0,3",49,
Malathion,Các loại gia vị từ củ và thân rễ,0.5,"0 - 0,3",49,
Malathion,Các loại gia vị từ hạt,2.0,"0 - 0,3",49,
Malathion,Rau chân vịt,3.0,"0 - 0,3",49,
Malathion,Hành hoa,5.0,"0 - 0,3",49,
Malathion,Dâu tây,1.0,"0 - 0,3",49,
Malathion,Đậu cô ve,1.0,"0 - 0,3",49,(7)
Malathion,Ngô ngọt (nguyên bắp),0.02,"0 - 0,3",49,
Malathion,Cà chua,0.5,"0 - 0,3",49,
Malathion,Nước ép cà chua,0.01,"0 - 0,3",49,
Malathion,Lá củ cải đỏ,5.0,"0 - 0,3",49,
Malathion,Củ cải Turnip vườn,0.2,"0 - 0,3",49,
Malathion,Lúa mì,10.0,"0 - 0,3",49,
Malathion,Cám lúa mì chưa chế biến,25.0,"0 - 0,3",49,
Malathion,Bột lúa mì,0.2,"0 - 0,3",49,
Maleic Hydrazide,Tỏi,15.0,"0,3",102,
Maleic Hydrazide,Củ hành,15.0,"0,3",102,
Maleic Hydrazide,Khoai tây,50.0,"0,3",102,
Maleic Hydrazide,Hẹ tây,15.0,"0,3",102,
Mandipropamid,Bông lơ xanh,2.0,"0 - 0,2",231,
Mandipropamid,Các loại bắp cải,3.0,"0 - 0,2",231,
Mandipropamid,Cần tây,20.0,"0 - 0,2",231,
Mandipropamid,Dưa chuột,0.2,"0 - 0,2",231,
Mandipropamid,Nho khô (gồm cả quả lý chua khô và nho khô không hạt),5.0,"0 - 0,2",231,
Mandipropamid,Các loại nho,2.0,"0 - 0,2",231,
Mandipropamid,Hoa bia khô,90.0,"0 - 0,2",231,
Mandipropamid,Rau ăn lá,25.0,"0 - 0,2",231,
Mandipropamid,"Các loại dưa, trừ dưa hấu",0.5,"0 - 0,2",231,
Mandipropamid,Củ hành,0.1,"0 - 0,2",231,
Mandipropamid,Các loại ớt,1.0,"0 - 0,2",231,
Mandipropamid,Ớt ta khô,10.0,"0 - 0,2",231,
Mandipropamid,Khoai tây,0.01,"0 - 0,2",231,(*)
Mandipropamid,Hành hoa,7.0,"0 - 0,2",231,
Mandipropamid,Bí mùa hè,0.2,"0 - 0,2",231,
Mandipropamid,Cà chua,0.3,"0 - 0,2",231,
MCPA,Lúa mạch,0.2,"0 - 0,1",257,
MCPA,Nội tạng ăn được của động vật có vú,3.0,"0 - 0,1",257,
MCPA,Trứng,0.05,"0 - 0,1",257,(*)
MCPA,Hạt lanh,0.01,"0 - 0,1",257,(*)
MCPA,Ngô,0.01,"0 - 0,1",257,(*)
MCPA,Mỡ động vật có vú (trừ chất béo sữa),0.2,"0 - 0,1",257,
MCPA,"Thịt động vật có vú, trừ động vật có vú ở biển",0.1,"0 - 0,1",257,
MCPA,Sữa nguyên liệu,0.04,"0 - 0,1",257,
MCPA,Yến mạch,0.2,"0 - 0,1",257,
MCPA,Các loại đậu (khô),0.01,"0 - 0,1",257,(*)
MCPA,Mỡ gia cầm,0.05,"0 - 0,1",257,(*)
MCPA,Thịt gia cầm,0.05,"0 - 0,1",257,(*)
MCPA,Nội tạng ăn được của gia cầm,0.05,"0 - 0,1",257,(*)
MCPA,Lúa mạch đen,0.2,"0 - 0,1",257,
MCPA,Lúa mì lai lúa mạch đen,0.2,"0 - 0,1",257,
MCPA,Lúa mì,0.2,"0 - 0,1",257,
Meptyldinocap,Dưa chuột,0.07,"0 - 0,02",244,
Meptyldinocap,Các loại nho,0.2,"0 - 0,02",244,
Meptyldinocap,"Các loại dưa, trừ dưa hấu",0.5,"0 - 0,02",244,
Meptyldinocap,Bí mùa hè,0.07,"0 - 0,02",244,
Meptyldinocap,Dâu tây,0.3,"0 - 0,02",244,
Mesotrione,Măng tây,0.01,"0 - 0,5",277,(*)
Mesotrione,Các loại quả mọng,0.01,"0 - 0,5",277,(*)
Mesotrione,Các loại quả Cane berries,0.01,"0 - 0,5",277,(*)
Mesotrione,Quả nam việt quất,0.01,"0 - 0,5",277,(*)
Mesotrione,Nội tạng ăn được của động vật có vú,0.01,"0 - 0,5",277,(*)
Mesotrione,Trứng,0.01,"0 - 0,5",277,(*)
Mesotrione,Hạt lanh,0.01,"0 - 0,5",277,(*)
Mesotrione,Ngô,0.01,"0 - 0,5",277,(*)
Mesotrione,"Thịt động vật có vú, trừ động vật có vú ở biển",0.01,"0 - 0,5",277,(*)
Mesotrione,Sữa nguyên liệu,0.01,"0 - 0,5",277,(*)
Mesotrione,"Hạt kê (bao gồm kê lồng vực, kê cỏ nến, kê thường, kê chân vịt, kê đuôi chồn, kê nhỏ)",0.01,"0 - 0,5",277,(*)
Mesotrione,Yến mạch,0.01,"0 - 0,5",277,(*)
Mesotrione,Đậu bắp,0.01,"0 - 0,5",277,(*)
Mesotrione,Thịt gia cầm,0.01,"0 - 0,5",277,(*)
Mesotrione,Nội tạng ăn được của gia cầm,0.01,"0 - 0,5",277,(*)
Mesotrione,Đại hoàng,0.01,"0 - 0,5",277,(*)
Mesotrione,Gạo đã xát vỏ,0.01,"0 - 0,5",277,(*)
Mesotrione,Lúa miến,0.01,"0 - 0,5",277,(*)
Mesotrione,Đậu tương (khô),0.03,"0 - 0,5",277,
Mesotrione,Mía,0.01,"0 - 0,5",277,
Mesotrione,Ngô ngọt (nguyên bắp),0.01,"0 - 0,5",277,(*)
Metaflumizone,Cải Brussels,0.8,"0 - 0,1",236,
Metaflumizone,Cải bẹ trắng (dạng ak- choi),6.0,"0 - 0,1",236,
Metaflumizone,Nội tạng ăn được của động vật có vú,0.02,"0 - 0,1",236,(*)
Metaflumizone,Cà tím,0.6,"0 - 0,1",236,
Metaflumizone,Rau xà lách,7.0,"0 - 0,1",236,
Metaflumizone,"Thịt động vật có vú, trừ động vật có vú ở biển",0.02,"0 - 0,1",236,"(*), (fat)"
Metaflumizone,Các loại chất béo từ sữa,0.02,"0 - 0,1",236,
Metaflumizone,Sữa nguyên liệu,0.01,"0 - 0,1",236,(*)
Metaflumizone,Các loại ớt,0.6,"0 - 0,1",236,
Metaflumizone,Ớt ta khô,6.0,"0 - 0,1",236,
Metaflumizone,Khoai tây,0.02,"0 - 0,1",236,(*)
Metaflumizone,Cà chua,0.6,"0 - 0,1",236,
Metalaxyl,Măng tây,0.05,"0,08",138,(*)
Metalaxyl,Quả bơ,0.2,"0,08",138,
Metalaxyl,Bông lơ xanh,0.5,"0,08",138,
Metalaxyl,Cải Brussels,0.2,"0,08",138,
Metalaxyl,Các loại bắp cải,0.5,"0,08",138,
Metalaxyl,Hạt cacao,0.2,"0,08",138,
Metalaxyl,Cà rốt,0.05,"0,08",138,(*)
Metalaxyl,Hoa lơ,0.5,"0,08",138,
Metalaxyl,Hạt ngũ cốc,0.05,"0,08",138,(*)
Metalaxyl,Quả có múi thuộc họ cam quýt,5.0,"0,08",138,Po
Metalaxyl,Hạt cây bông,0.05,"0,08",138,
Metalaxyl,Dưa chuột,0.5,"0,08",138,
Metalaxyl,Dưa chuột ri,0.5,"0,08",138,
Metalaxyl,Các loại nho,1.0,"0,08",138,
Metalaxyl,Hoa bia khô,10.0,"0,08",138,
Metalaxyl,Rau xà lách,2.0,"0,08",138,
Metalaxyl,Ngô,0.05,"0,08",138,(7)
Metalaxyl,"Các loại dưa, trừ dưa hấu",0.2,"0,08",138,
Metalaxyl,Củ hành,2.0,"0,08",138,
Metalaxyl,Hạt lạc,0.1,"0,08",138,
Metalaxyl,Đậu đã tách vỏ (hạt mọng),0.05,"0,08",138,(*)
Metalaxyl,Các loại ớt,1.0,"0,08",138,
Metalaxyl,Ớt ta khô,10.0,"0,08",138,
Metalaxyl,Dứa,0.1,"0,08",138,(7)
Metalaxyl,Quả dạng táo,1.0,"0,08",138,Po
Metalaxyl,Khoai tây,0.05,"0,08",138,(*)
Metalaxyl,Quả mâm xôi (phúc bồn tử/ngấy hương/dâ u rừng) đen và đỏ,0.2,"0,08",138,
Metalaxyl,Đậu tương (khô),0.05,"0,08",138,(*)
Metalaxyl,Các loại gia vị từ hạt,5.0,"0,08",138,
Metalaxyl,Rau chân vịt,2.0,"0,08",138,
Metalaxyl,Bí mùa hè,0.2,"0,08",138,
Metalaxyl,Củ cải đường,0.05,"0,08",138,(*)
Metalaxyl,Hạt hướng dương,0.05,"0,08",138,(*)
Metalaxyl,Cà chua,0.5,"0,08",138,
Metalaxyl,Dưa hấu,0.2,"0,08",138,
Metalaxyl,Bí mùa đông,0.2,"0,08",138,
Methamidophos,Artiso (cả cây),0.2,"0 - 0,004",100,
Methamidophos,Đậu đỗ các loại (trừ đậu tằm và đậu tương),1.0,"0 - 0,004",100,
Methamidophos,Hạt cây bông,0.2,"0 - 0,004",100,
Methamidophos,Nội tạng ăn được của động vật có vú,0.01,"0 - 0,004",100,(*)
Methamidophos,Trứng,0.01,"0 - 0,004",100,(*)
Methamidophos,"Thịt động vật có vú, trừ động vật có vú ở biển",0.01,"0 - 0,004",100,(*)
Methamidophos,Sữa,0.02,"0 - 0,004",100,
Methamidophos,Khoai tây,0.05,"0 - 0,004",100,
Methamidophos,Thịt gia cầm,0.01,"0 - 0,004",100,(*)
Methamidophos,Nội tạng ăn được của gia cầm,0.01,"0 - 0,004",100,(*)
Methamidophos,Gạo đã xát vỏ,0.6,"0 - 0,004",100,
Methamidophos,Đậu tương (khô),0.1,"0 - 0,004",100,
Methamidophos,Các loại gia vị,0.1,"0 - 0,004",100,(*)
Methamidophos,Củ cải đường,0.02,"0 - 0,004",100,
Methamidophos,Bắp cải,1.0,"0 - 0,004",100,(7)
Methamidophos,Cà chua,1.0,"0 - 0,004",100,(7)
Methamidophos,Dầu cọ,0.01,"0 - 0,004",100,(7)
Methidation,Hạnh nhân,0.05,"0,001",51,(*)
Methidation,Táo,0.5,"0,001",51,
Methidation,Artiso (cả cây),0.05,"0,001",51,(*)
Methidation,Đậu (khô),0.1,"0,001",51,
Methidation,Các loại bắp cải,0.1,"0,001",51,
Methidation,Mỡ gia súc,0.02,"0,001",51,(*)
Methidation,Anh đào,0.2,"0,001",51,
Methidation,Hạt cây bông,1.0,"0,001",51,
Methidation,Dầu hạt bông thô,2.0,"0,001",51,
Methidation,Dưa chuột,0.05,"0,001",51,
Methidation,"Nội tạng ăn được của gia súc, lợn và cừu",0.02,"0,001",51,(*)
Methidation,Trứng,0.02,"0,001",51,(*)
Methidation,Mỡ dê,0.02,"0,001",51,(*)
Methidation,Thịt dê,0.02,"0,001",51,(*)
Methidation,Nội tạng ăn được của dê,0.02,"0,001",51,(*)
Methidation,Bưởi chùm,2.0,"0,001",51,
Methidation,Các loại nho,1.0,"0,001",51,
Methidation,Hoa bia khô,5.0,"0,001",51,
Methidation,Chanh tây và chanh ta bao gồm cả chanh yên (thanh yên),2.0,"0,001",51,
Methidation,Hạt mắc ca,0.01,"0,001",51,(*)
Methidation,Ngô,0.1,"0,001",51,
Methidation,Các loại quýt (gồm cả các quả,5.0,"0,001",51,
Methidation,lai giống quýt),,"0,001",51,
Methidation,"Thịt gia súc, lợn và cừu",0.02,"0,001",51,(*)
Methidation,Sữa nguyên liệu,0.001,"0,001",51,
Methidation,Quả xuân đào,0.2,"0,001",51,
Methidation,Quả ôliu,1.0,"0,001",51,
Methidation,Củ hành,0.1,"0,001",51,
Methidation,"Các loại cam ngọt, cam chua (gồm cả các quả lai giống cam)",2.0,"0,001",51,
Methidation,Lê,1.0,"0,001",51,
Methidation,Các loại đậu (khô),0.1,"0,001",51,
Methidation,Đậu (quả và hạt mọng non),0.1,"0,001",51,
Methidation,Quả hồ đào Pecan,0.05,"0,001",51,(*)
Methidation,Mỡ lợn,0.02,"0,001",51,(*)
Methidation,Dứa,0.05,"0,001",51,
Methidation,Các loại mận (bao gồm cả mận khô),0.2,"0,001",51,
Methidation,Khoai tây,0.02,"0,001",51,(*)
Methidation,Mỡ gia cầm,0.02,"0,001",51,(*)
Methidation,Thịt gia cầm,0.02,"0,001",51,(*)
Methidation,Nội tạng ăn được của gia cầm,0.02,"0,001",51,(*)
Methidation,Củ cải ri/ Củ cải,0.05,"0,001",51,(*)
Methidation,Hạt cải dầu,0.1,"0,001",51,
Methidation,Hạt cây rum,0.1,"0,001",51,
Methidation,Mỡ cừu,0.02,"0,001",51,(*)
Methidation,Lúa miến,0.2,"0,001",51,
Methidation,Các loại gia vị từ quả và quả mọng,0.02,"0,001",51,
Methidation,Các loại,0.05,"0,001",51,
Methidation,gia vị từ củ và thân rễ,,"0,001",51,
Methidation,Củ cải đường,0.05,"0,001",51,(*)
Methidation,Hạt hướng dương,0.5,"0,001",51,
Methidation,"Trà xanh, đen",0.5,"0,001",51,
Methidation,Cà chua,0.1,"0,001",51,
Methidation,Các loại quả óc chó,0.05,"0,001",51,(*)
Methidation,Lúa mạch,0.05,"0,001",51,(*)
Methidation,Cải Brussels,0.05,"0,001",51,(*)
Methidation,Các loại bắp cải,0.1,"0,001",51,
Methidation,Hoa lơ,0.1,"0,001",51,
Methidation,Quả phỉ,0.05,"0,001",51,(*)
Methidation,Tỏi tây,0.5,"0,001",51,
Methidation,Rau xà lách,0.05,"0,001",51,(*)
Methidation,Ngô,0.05,"0,001",51,(*)
Methidation,"Các loại dưa, trừ dưa hấu",0.2,"0,001",51,
Methidation,Củ hành,0.5,"0,001",51,
Methidation,Các loại đậu (khô),0.1,"0,001",51,
Methidation,Đậu (quả và hạt mọng non),0.1,"0,001",51,
Methidation,Ớt ngọt (gồm cả ớt ngọt Pimento),2.0,"0,001",51,
Methidation,Khoai tây,0.05,"0,001",51,(*)
Methidation,Hạt cải dầu,0.05,"0,001",51,(*)
Methidation,Các loại gia vị từ quả và quả mọng,0.07,"0,001",51,
Methidation,Các loại gia vị từ củ và thân rễ,0.1,"0,001",51,
Methidation,Dâu tây,1.0,"0,001",51,
Methidation,Củ cải đường,0.05,"0,001",51,(*)
Methidation,Hạt hướng,0.05,"0,001",51,(*)
Methidation,dương,,"0,001",51,
Methidation,Lúa mì,0.05,"0,001",51,(*)
Methomyl,Táo,0.3,"0,02",94,
Methomyl,Măng tây,2.0,"0,02",94,
Methomyl,Lúa mạch,2.0,"0,02",94,
Methomyl,Đậu (khô),0.05,"0,02",94,
Methomyl,Đậu đỗ các loại (trừ đậu tằm và đậu tương),1.0,"0,02",94,
Methomyl,Hạt cây bông,0.2,"0,02",94,
Methomyl,Quả có múi thuộc họ cam quýt,1.0,"0,02",94,
Methomyl,Đậu thường (quả và/hoặc hạt non),1.0,"0,02",94,
Methomyl,Dầu hạt cây bông,0.04,"0,02",94,
Methomyl,Nội tạng ăn được của động vật có vú,0.02,"0,02",94,(*)
Methomyl,Trứng,0.02,"0,02",94,(*)
Methomyl,Các loại rau bầu bí,0.1,"0,02",94,
Methomyl,Các loại nho,0.3,"0,02",94,
Methomyl,Rau xà lách,0.2,"0,02",94,
Methomyl,Lá rau diếp,0.2,"0,02",94,
Methomyl,Ngô,0.02,"0,02",94,(*)
Methomyl,Dầu ngô ăn được,0.02,"0,02",94,(*)
Methomyl,"Thịt động vật có vú, trừ động vật có vú ở biển",0.02,"0,02",94,(*)
Methomyl,Sữa nguyên liệu,0.02,"0,02",94,(*)
Methomyl,Quả xuân đào,0.2,"0,02",94,
Methomyl,Yến mạch,0.02,"0,02",94,(*)
Methomyl,Củ hành,0.2,"0,02",94,
Methomyl,Quả đào,0.2,"0,02",94,
Methomyl,Lê,0.3,"0,02",94,
Methomyl,Đậu (quả và hạt mọng non),5.0,"0,02",94,
Methomyl,Các loại ớt,0.7,"0,02",94,
Methomyl,Ớt ta khô,10.0,"0,02",94,
Methomyl,Các loại mận (bao gồm cả mận khô),1.0,"0,02",94,
Methomyl,Khoai tây,0.02,"0,02",94,(*)
Methomyl,Thịt gia cầm,0.02,"0,02",94,(*)
Methomyl,Nội tạng ăn được của gia cầm,0.02,"0,02",94,(*)
Methomyl,Hạt cải dầu,0.05,"0,02",94,
Methomyl,Đậu tương (khô),0.2,"0,02",94,
Methomyl,Dầu đậu tương thô,0.2,"0,02",94,
Methomyl,Dầu đậu tương tinh luyện,0.2,"0,02",94,
Methomyl,Các loại gia vị từ quả và quả mọng,0.07,"0,02",94,
Methomyl,Cà chua,1.0,"0,02",94,
Methomyl,Lúa mì,2.0,"0,02",94,
Methomyl,Cám lúa mì chưa chế biến,3.0,"0,02",94,
Methomyl,Bột lúa mì,0.03,"0,02",94,
Methomyl,Mầm lúa mì,2.0,"0,02",94,
Methomyl,Củ hẹ tây,0.2,"0,02",94,(7)
Methomyl,Đậu bắp,0.5,"0,02",94,(7)
Methoprene,Hạt ngũ cốc,10.0,"0 - 0,09 (đối với R,S racemate) 0 - 0,05 (đối với S- methopren e)",147,Po
Methoprene,Nội tạng ăn được của động vật có vú,0.02,"0 - 0,09 (đối với R,S racemate) 0 - 0,05 (đối với S- methopren e)",147,
Methoprene,Trứng,0.02,"0 - 0,09 (đối với R,S racemate) 0 - 0,05 (đối với S- methopren e)",147,
Methoprene,Dầu ngô thô,200.0,"0 - 0,09 (đối với R,S racemate) 0 - 0,05 (đối với S- methopren e)",147,PoP
Methoprene,"Thịt động vật có vú, trừ động vật có vú ở biển",0.2,"0 - 0,09 (đối với R,S racemate) 0 - 0,05 (đối với S- methopren e)",147,(fat)
Methoprene,Sữa nguyên liệu,0.1,"0 - 0,09 (đối với R,S racemate) 0 - 0,05 (đối với S- methopren e)",147,F
Methoprene,Thịt gia cầm,0.02,"0 - 0,09 (đối với R,S racemate) 0 - 0,05 (đối với S- methopren e)",147,
Methoprene,Nội tạng ăn được của gia cầm,0.02,"0 - 0,09 (đối với R,S racemate) 0 - 0,05 (đối với S- methopren e)",147,
Methoprene,Cám lúa mì chưa chế biến,25.0,"0 - 0,09 (đối với R,S racemate) 0 - 0,05 (đối với S- methopren e)",147,
Methoprene,Trấu gạo,40.0,"0 - 0,09 (đối với R,S racemate) 0 - 0,05 (đối với S- methopren e)",147,PoP
Methoxyfenozide,Quả bơ,0.7,"0 - 0,1",209,
Methoxyfenozide,Đậu (khô),0.5,"0 - 0,1",209,
Methoxyfenozide,Đậu hạt đã bóc vỏ,0.3,"0 - 0,1",209,
Methoxyfenozide,Quả việt quất xanh (sim Mỹ),4.0,"0 - 0,1",209,
Methoxyfenozide,Bông lơ xanh,3.0,"0 - 0,1",209,
Methoxyfenozide,Các loại bắp cải,7.0,"0 - 0,1",209,
Methoxyfenozide,Cà rốt,0.5,"0 - 0,1",209,
Methoxyfenozide,Cần tây,15.0,"0 - 0,1",209,
Methoxyfenozide,Quả có múi thuộc họ cam quýt,2.0,"0 - 0,1",209,
Methoxyfenozide,Đậu thường (quả và/hoặc hạt non),2.0,"0 - 0,1",209,
Methoxyfenozide,Hạt cây bông,7.0,"0 - 0,1",209,
Methoxyfenozide,Đậu đũa (khô),5.0,"0 - 0,1",209,
Methoxyfenozide,Quả nam việt quất,0.7,"0 - 0,1",209,
Methoxyfenozide,Nho khô (gồm cả quả lý chua khô và nho khô không hạt),2.0,"0 - 0,1",209,
Methoxyfenozide,Nội tạng ăn được của động vật có vú,0.2,"0 - 0,1",209,
Methoxyfenozide,Trứng,0.01,"0 - 0,1",209,
Methoxyfenozide,Các loại rau bầu bí,0.3,"0 - 0,1",209,trừ dưa hấu
Methoxyfenozide,Các loại nho,1.0,"0 - 0,1",209,
Methoxyfenozide,Rau xà lách,15.0,"0 - 0,1",209,
Methoxyfenozide,Lá rau diếp,30.0,"0 - 0,1",209,
Methoxyfenozide,Ngô,0.02,"0 - 0,1",209,(*)
Methoxyfenozide,Mỡ động vật có vú (trừ chất béo sữa),0.3,"0 - 0,1",209,
Methoxyfenozide,"Thịt động vật có vú, trừ động vật có vú ở biển",0.3,"0 - 0,1",209,(fat)
Methoxyfenozide,Sữa nguyên liệu,0.05,"0 - 0,1",209,
Methoxyfenozide,Cây mù tạt,30.0,"0 - 0,1",209,
Methoxyfenozide,Đu đủ,1.0,"0 - 0,1",209,
Methoxyfenozide,Hạt lạc,0.03,"0 - 0,1",209,
Methoxyfenozide,Dầu lạc ăn được,0.1,"0 - 0,1",209,
Methoxyfenozide,Các loại đậu (khô),5.0,"0 - 0,1",209,
Methoxyfenozide,Đậu (quả và hạt mọng non),2.0,"0 - 0,1",209,
Methoxyfenozide,Đậu đã tách vỏ (hạt mọng),0.3,"0 - 0,1",209,
Methoxyfenozide,Các loại ớt,2.0,"0 - 0,1",209,
Methoxyfenozide,Ớt ta khô,20.0,"0 - 0,1",209,
Methoxyfenozide,Quả dạng táo,2.0,"0 - 0,1",209,
Methoxyfenozide,Thịt gia cầm,0.01,"0 - 0,1",209,(*)
Methoxyfenozide,Nội tạng ăn được của gia cầm,0.01,"0 - 0,1",209,(*)
Methoxyfenozide,Mận khô,2.0,"0 - 0,1",209,
Methoxyfenozide,Củ cải ri/ Củ cải,0.4,"0 - 0,1",209,
Methoxyfenozide,Lá củ cải (gồm cả lá cây họ cải),7.0,"0 - 0,1",209,
Methoxyfenozide,Các loại quả có hạt,2.0,"0 - 0,1",209,
Methoxyfenozide,Dâu tây,2.0,"0 - 0,1",209,
Methoxyfenozide,Củ cải đường,0.3,"0 - 0,1",209,
Methoxyfenozide,Ngô ngọt,0.02,"0 - 0,1",209,
Methoxyfenozide,(nguyên bắp),,"0 - 0,1",209,
Methoxyfenozide,Khoai lang,0.02,"0 - 0,1",209,
Methoxyfenozide,Cà chua,2.0,"0 - 0,1",209,
Methoxyfenozide,Các loại quả hạch,0.1,"0 - 0,1",209,
Methyl Bromide,Bánh mì và các sản phẩm ngũ cốc đã qua chế biến,0.01,,52,"(3), (*)"
Methyl Bromide,Hạt cacao,5.0,,52,"(4), Po"
Methyl Bromide,Hạt ngũ cốc,5.0,,52,"(4), Po"
Methyl Bromide,Sản phẩm ca cao,0.01,,52,"(3), (*), Po"
Methyl Bromide,Quả khô,0.01,,52,"(3), (*), Po"
Methyl Bromide,Quả khô,2.0,,52,"(4), Po"
Methyl Bromide,Sản phẩm ngũ cốc xay,1.0,,52,"(4), Po"
Methyl Bromide,Sản phẩm ngũ cốc xay,0.01,,52,"(3), (*), Po"
Methyl Bromide,Hạt lạc,0.01,,52,"(3), (*), Po"
Methyl Bromide,Hạt lạc,10.0,,52,"(4), Po"
Methyl Bromide,Các loại quả hạch,0.01,,52,"(3), (*), Po"
Methyl Bromide,Các loại quả hạch,10.0,,52,"(4), Po"
Metrafenone,Lúa mạch,0.5,"0 - 0,3",278,
Metrafenone,Dưa chuột,0.2,"0 - 0,3",278,
Metrafenone,Nho khô (gồm cả quả lý chua khô và nho khô không hạt),20.0,"0 - 0,3",278,
Metrafenone,Nội tạng ăn được của động vật có vú,0.01,"0 - 0,3",278,
Metrafenone,Trứng,0.01,"0 - 0,3",278,(*)
Metrafenone,Dưa chuột ri,0.2,"0 - 0,3",278,
Metrafenone,Các loại nho,5.0,"0 - 0,3",278,
Metrafenone,Mỡ động vật có vú (trừ chất béo sữa),0.01,"0 - 0,3",278,(*)
Metrafenone,"Thịt động vật có vú,",0.01,"0 - 0,3",278,(*)
Metrafenone,trừ động vật có vú ở biển,,"0 - 0,3",278,
Metrafenone,Sữa nguyên liệu,0.01,"0 - 0,3",278,(*)
Metrafenone,Nấm,0.5,"0 - 0,3",278,
Metrafenone,Yến mạch,0.5,"0 - 0,3",278,
Metrafenone,Ớt ta,2.0,"0 - 0,3",278,
Metrafenone,Ớt ta khô,20.0,"0 - 0,3",278,
Metrafenone,Ớt ngọt (gồm cả ớt ngọt Pimento),2.0,"0 - 0,3",278,
Metrafenone,Mỡ gia cầm,0.01,"0 - 0,3",278,(*)
Metrafenone,Thịt gia cầm,0.01,"0 - 0,3",278,(*)
Metrafenone,Nội tạng ăn được của gia cầm,0.01,"0 - 0,3",278,(*)
Metrafenone,Lúa mạch đen,0.06,"0 - 0,3",278,
Metrafenone,Bí mùa hè,0.06,"0 - 0,3",278,
Metrafenone,Dâu tây,0.6,"0 - 0,3",278,
Metrafenone,Cà chua,0.4,"0 - 0,3",278,
Metrafenone,Lúa mì lai lúa mạch đen,0.06,"0 - 0,3",278,
Metrafenone,Lúa mì,0.06,"0 - 0,3",278,
Metrafenone,Cám lúa mì chưa chế biến,0.25,"0 - 0,3",278,
Metrafenone,Lúa mì chưa rây,0.08,"0 - 0,3",278,
Myclobutanil,Đậu đỗ các loại (trừ đậu tằm và đậu tương),0.8,"0,03",181,
Myclobutanil,"Các loại rau họ bắp cải, cải bắp, cải bông",0.05,"0,03",181,
Myclobutanil,Rau củ,0.06,"0,03",181,
Myclobutanil,Anh đào,3.0,"0,03",181,
Myclobutanil,"Quả lý chua đen, quả lý chua đỏ, quả lý chua trắng",0.9,"0,03",181,
Myclobutanil,Nho khô (gồm cả quả lý chua khô và nho khô không hạt),6.0,"0,03",181,
Myclobutanil,Nội tạng ăn được của động vật có vú,0.01,"0,03",181,(*)
Myclobutanil,Trứng,0.01,"0,03",181,(*)
Myclobutanil,Các loại rau bầu bí,0.2,"0,03",181,
Myclobutanil,Các loại nho,0.9,"0,03",181,
Myclobutanil,Hoa bia khô,5.0,"0,03",181,
Myclobutanil,Rau ăn lá,0.05,"0,03",181,
Myclobutanil,Mỡ động vật có vú (trừ chất béo sữa),0.01,"0,03",181,(*)
Myclobutanil,"Thịt động vật có vú, trừ động vật có vú ở biển",0.01,"0,03",181,(*)
Myclobutanil,Sữa nguyên liệu,0.01,"0,03",181,(*)
Myclobutanil,Quả họ đào (bao gồm cả quả xuân đào và quả mơ),3.0,"0,03",181,
Myclobutanil,Các loại ớt,3.0,"0,03",181,
Myclobutanil,Ớt ta khô,20.0,"0,03",181,
Myclobutanil,Các loại mận (bao gồm cả mận khô),2.0,"0,03",181,
Myclobutanil,Quả dạng táo,0.6,"0,03",181,
Myclobutanil,Mỡ gia cầm,0.01,"0,03",181,(*)
Myclobutanil,Thịt gia cầm,0.01,"0,03",181,(*)
Myclobutanil,Nội tạng ăn được của gia cầm,0.01,"0,03",181,(*)
Myclobutanil,Các loại rau từ rễ và củ,0.06,"0,03",181,
Myclobutanil,Dâu tây,0.8,"0,03",181,
Myclobutanil,Cà chua,0.3,"0,03",181,
Novaluron,Đậu (khô),0.1,"0 - 0,01",217,
Novaluron,Quả việt quất xanh (sim Mỹ),7.0,"0 - 0,01",217,
Novaluron,"Các loại rau họ bắp cải, cải bắp, cải bông",0.7,"0 - 0,01",217,
Novaluron,Củ cải Thụy Sỹ,15.0,"0 - 0,01",217,
Novaluron,Đậu thường (quả và/hoặc hạt non),0.7,"0 - 0,01",217,
Novaluron,Hạt cây bông,0.5,"0 - 0,01",217,
Novaluron,Nội tạng ăn được của động vật có vú,0.7,"0 - 0,01",217,
Novaluron,Trứng,0.1,"0 - 0,01",217,
Novaluron,Các loại rau ăn quả (trừ bầu bí),0.7,"0 - 0,01",217,trừ ngô ngọt
Novaluron,Các loại rau bầu bí,0.2,"0 - 0,01",217,
Novaluron,"Thịt động vật có vú, trừ động vật có vú ở biển",10.0,"0 - 0,01",217,(fat)
Novaluron,Các loại chất béo từ sữa,7.0,"0 - 0,01",217,
Novaluron,Sữa nguyên liệu,0.4,"0 - 0,01",217,
Novaluron,Cây mù tạt,25.0,"0 - 0,01",217,
Novaluron,Quả dạng táo,3.0,"0 - 0,01",217,
Novaluron,Khoai tây,0.01,"0 - 0,01",217,(*)
Novaluron,Thịt gia cầm,0.5,"0 - 0,01",217,(fat)
Novaluron,Nội tạng ăn được của gia cầm,0.1,"0 - 0,01",217,
Novaluron,Mận khô,3.0,"0 - 0,01",217,
Novaluron,Đậu tương (hạt non),0.01,"0 - 0,01",217,(*)
Novaluron,Các loại quả có hạt,7.0,"0 - 0,01",217,
Novaluron,Dâu tây,0.5,"0 - 0,01",217,
Novaluron,Mía,0.5,"0 - 0,01",217,
Omethoate,Các loại gia vị từ quả và quả mọng,0.01,"0,002 cho hỗn hợp Dimethoat e và Omethoat e",55,tồn dư do sử dụng Dimethoat e
Omethoate,Các loại gia vị từ củ và thân rễ,0.05,"0,002 cho hỗn hợp Dimethoat e và Omethoat e",55,tồn dư do sử dụng Dimethoat e
Omethoate,Đậu đũa yardlong,0.05,"0,002 cho hỗn hợp Dimethoat e và Omethoat e",55,(7)
Oxamyl,Cà rốt,0.1,"0,009",126,
Oxamyl,Quả có múi thuộc họ cam quýt,5.0,"0,009",126,
Oxamyl,Hạt cây bông,0.2,"0,009",126,
Oxamyl,Dưa chuột,2.0,"0,009",126,
Oxamyl,"Nội tạng ăn được của gia súc, dê, ngựa, lợn và cừu",0.02,"0,009",126,(*)
Oxamyl,Trứng,0.02,"0,009",126,(*)
Oxamyl,"Thịt động vật có vú, trừ động vật có vú ở biển",0.02,"0,009",126,(*)
Oxamyl,"Các loại dưa, trừ dưa hấu",2.0,"0,009",126,
Oxamyl,Sữa nguyên liệu,0.02,"0,009",126,(*)
Oxamyl,Hạt lạc,0.05,"0,009",126,
Oxamyl,Ớt ngọt (gồm cả ớt ngọt Pimento),2.0,"0,009",126,
Oxamyl,Khoai tây,0.1,"0,009",126,
Oxamyl,Thịt gia cầm,0.02,"0,009",126,(*)
Oxamyl,Nội tạng ăn được của gia cầm,0.02,"0,009",126,(*)
Oxamyl,Các loại gia vị từ quả và quả mọng,0.07,"0,009",126,
Oxamyl,Các loại gia vị từ,0.05,"0,009",126,
Oxamyl,củ và thân rễ,,"0,009",126,
Oxamyl,Cà chua,2.0,"0,009",126,
Oxamyl,Mỡ gia súc,0.05,"0,009",126,(*)
Oxamyl,Hoa lơ,0.01,"0,009",126,(*)
Oxamyl,Đậu thường (khô),0.1,"0,009",126,
Oxamyl,Hạt cây bông,0.05,"0,009",126,
Oxamyl,Trứng,0.05,"0,009",126,(*)
Oxamyl,Cải xoăn (bao gom cả cải thân cao thẳng),0.01,"0,009",126,(*)
Oxamyl,Su hào,0.05,"0,009",126,
Oxamyl,Chanh tây,0.2,"0,009",126,
Oxamyl,"Thịt gia súc, lợn và cừu",0.05,"0,009",126,(*)
Oxamyl,Sữa nguyên liệu,0.01,"0,009",126,(*)
Oxamyl,Lê,0.05,"0,009",126,
Oxamyl,Mỡ lợn,0.05,"0,009",126,(*)
Oxamyl,Khoai tây,0.01,"0,009",126,(*)
Oxamyl,Mỡ gia cầm,0.05,"0,009",126,(*)
Oxamyl,Thịt gia cầm,0.05,"0,009",126,(*)
Oxamyl,Lúa mạch đen,0.02,"0,009",126,(*)
Oxamyl,Mỡ cừu,0.05,"0,009",126,(*)
Oxamyl,Củ cải đường,0.01,"0,009",126,(*)
Oxamyl,Lúa mì,0.02,"0,009",126,(*)
Paraquat,Quả nhiệt đới và cận nhiệt đới các loại có vỏ không ăn được,0.01,"0 - 0,005",57,(*)
Paraquat,Các loại quả mọng và quả nhỏ khác,0.01,"0 - 0,005",57,(*)
Paraquat,Quả có múi thuộc họ cam quýt,0.02,"0 - 0,005",57,
Paraquat,Hạt cây bông,2.0,"0 - 0,005",57,
Paraquat,Nội tạng ăn được của động vật có vú,0.05,"0 - 0,005",57,
Paraquat,Trứng,0.005,"0 - 0,005",57,(*)
Paraquat,Các loại rau ăn quả (trừ bầu bí),0.05,"0 - 0,005",57,
Paraquat,Các loại rau bầu bí,0.02,"0 - 0,005",57,
Paraquat,Hoa bia khô,0.1,"0 - 0,005",57,
Paraquat,Rau ăn lá,0.07,"0 - 0,005",57,
Paraquat,Ngô,0.03,"0 - 0,005",57,
Paraquat,Bột ngô,0.05,"0 - 0,005",57,
Paraquat,"Thịt động vật có vú, trừ động vật có vú ở biển",0.005,"0 - 0,005",57,
Paraquat,Sữa nguyên liệu,0.005,"0 - 0,005",57,(*)
Paraquat,Quả ôliu,0.1,"0 - 0,005",57,
Paraquat,Quả dạng táo,0.01,"0 - 0,005",57,(*)
Paraquat,Thịt gia cầm,0.005,"0 - 0,005",57,(*)
Paraquat,Nội tạng ăn được của gia cầm,0.005,"0 - 0,005",57,(*)
Paraquat,Các loại đậu lăng,0.5,"0 - 0,005",57,
Paraquat,Gạo,0.05,"0 - 0,005",57,
Paraquat,Các loại rau từ rễ và củ,0.05,"0 - 0,005",57,
Paraquat,Lúa miến,0.03,"0 - 0,005",57,
Paraquat,Các loại quả có hạt,0.01,"0 - 0,005",57,(*)
Paraquat,Hạt hướng dương,2.0,"0 - 0,005",57,
Paraquat,"Trà xanh, đen",0.2,"0 - 0,005",57,
Paraquat,Các loại quả hạch,0.05,"0 - 0,005",57,
Parathion,Các loại gia vị từ quả và quả mọng,0.2,"0,004",58,
Parathion,Các loại gia vị từ củ và thân,0.2,"0,004",58,
Parathion,rễ,,"0,004",58,
Parathion,Các loại gia vị dạng hạt,0.1,"0,004",58,(*)
Parathion-Methyl,Táo,0.2,"0,003",59,
Parathion-Methyl,Đậu (khô),0.05,"0,003",59,(*)
Parathion-Methyl,Các loại bắp cải,0.05,"0,003",59,
Parathion-Methyl,Nho khô (gồm cả quả lý chua khô và nho khô không hạt),1.0,"0,003",59,
Parathion-Methyl,Nho,0.5,"0,003",59,
Parathion-Methyl,Quả xuân đào,0.3,"0,003",59,
Parathion-Methyl,Đào lông,0.3,"0,003",59,
Parathion-Methyl,Các loại đậu (khô),0.3,"0,003",59,
Parathion-Methyl,Khoai tây,0.05,"0,003",59,(*)
Parathion-Methyl,Các loại gia vị từ quả và quả mọng,5.0,"0,003",59,
Parathion-Methyl,Các loại gia vị từ củ và thân rễ,3.0,"0,003",59,
Parathion-Methyl,Các loại gia vị dạng hạt,5.0,"0,003",59,
Parathion-Methyl,Củ cải đường,0.05,"0,003",59,(*)
Penconazole,Thịt gia súc,0.05,"0 - 0,03",182,(*)
Penconazole,Sữa gia súc,0.01,"0 - 0,03",182,(*)
Penconazole,Nội tạng ăn được của gia súc,0.05,"0 - 0,03",182,(*)
Penconazole,Trứng gà,0.05,"0 - 0,03",182,(*)
Penconazole,Thịt gà,0.05,"0 - 0,03",182,(*)
Penconazole,Dưa chuột,0.1,"0 - 0,03",182,
Penconazole,Nho khô (gồm cả quả lý chua khô và nho khô không hạt),0.5,"0 - 0,03",182,
Penconazole,Các loại nho,0.2,"0 - 0,03",182,
Penconazole,Hoa bia khô,0.5,"0 - 0,03",182,
Penconazole,"Các loại dưa, trừ dưa hấu",0.1,"0 - 0,03",182,
Penconazole,Quả xuân đào,0.1,"0 - 0,03",182,
Penconazole,Quả đào,0.1,"0 - 0,03",182,
Penconazole,Quả dạng táo,0.2,"0 - 0,03",182,
Penconazole,Dâu tây,0.1,"0 - 0,03",182,
Penconazole,Cà chua,0.2,"0 - 0,03",182,
Penconazole,Đậu đỗ các loại (trừ đậu tằm và đậu tương),3.0,"0 - 0,03",182,vỏ xanh và hạt non
Penconazole,Đậu hạt đã bóc vỏ,0.3,"0 - 0,03",182,
Penconazole,Các loại bắp cải,4.0,"0 - 0,03",182,
Penconazole,Cà rốt,0.6,"0 - 0,03",182,
Penconazole,Cần tây,15.0,"0 - 0,03",182,
Penconazole,Hạt cây bông,0.5,"0 - 0,03",182,
Penconazole,Nội tạng ăn được của động vật có vú,0.08,"0 - 0,03",182,
Penconazole,Trứng,0.03,"0 - 0,03",182,
Penconazole,Các loại cải bông (bao gồm cải làn và hoa lơ),5.0,"0 - 0,03",182,
Penconazole,Các loại rau ăn quả (trừ bầu bí),2.0,"0 - 0,03",182,trừ ngô ngọt và nấm
Penconazole,Các loại rau bầu bí,0.5,"0 - 0,03",182,
Penconazole,Rau ăn lá,30.0,"0 - 0,03",182,trừ rau ăn lá của họ cải
Penconazole,Ngô,0.01,"0 - 0,03",182,
Penconazole,Bột ngô,0.05,"0 - 0,03",182,
Penconazole,Dầu ngô thô,0.15,"0 - 0,03",182,
Penconazole,Mỡ động vật có vú (trừ chất béo sữa),0.05,"0 - 0,03",182,
Penconazole,"Thịt động vật có vú, trừ động vật có vú ở biển",0.04,"0 - 0,03",182,
Penconazole,Sữa nguyên liệu,0.04,"0 - 0,03",182,
Penconazole,"Hạt kê (bao gồm kê lồng vực, kê cỏ nến, kê thường, kê chân vịt, kê đuôi chồn, kê nhỏ)",0.8,"0 - 0,03",182,
Penconazole,Yến mạch,0.2,"0 - 0,03",182,
Penconazole,Củ hành,0.7,"0 - 0,03",182,
Penconazole,Hành ta,4.0,"0 - 0,03",182,
Penconazole,Hạt lạc,0.05,"0 - 0,03",182,
Penconazole,Dầu lạc ăn được,0.5,"0 - 0,03",182,
Penconazole,Đậu (quả và hạt mọng non),3.0,"0 - 0,03",182,
Penconazole,Đậu đã tách vỏ (hạt mọng),0.3,"0 - 0,03",182,
Penconazole,Ớt ta khô,14.0,"0 - 0,03",182,
Penconazole,Quả dạng táo,0.4,"0 - 0,03",182,
Penconazole,Khoai tây,0.05,"0 - 0,03",182,
Penconazole,Mỡ gia cầm,0.03,"0 - 0,03",182,
Penconazole,Thịt gia cầm,0.03,"0 - 0,03",182,
Penconazole,Nội tạng ăn được của gia cầm,0.03,"0 - 0,03",182,
Penconazole,Các loại đậu lăng,0.3,"0 - 0,03",182,trừ đậu tương
Penconazole,Củ cải ri/Củ cải,3.0,"0 - 0,03",182,
Penconazole,Hạt cải dầu,0.5,"0 - 0,03",182,
Penconazole,Dầu hạt cải thô,1.0,"0 - 0,03",182,
Penconazole,Dầu hạt cải dầu ăn được,1.0,"0 - 0,03",182,
Penconazole,Lúa mạch đen,0.1,"0 - 0,03",182,
Penconazole,Lúa miến,0.8,"0 - 0,03",182,
Penconazole,Đậu tương (khô),0.3,"0 - 0,03",182,
Penconazole,Hành hoa,4.0,"0 - 0,03",182,
Penconazole,Các loại quả có hạt,4.0,"0 - 0,03",182,
Penconazole,Dâu tây,3.0,"0 - 0,03",182,
Penconazole,Củ cải đường,0.5,"0 - 0,03",182,
Penconazole,Hạt hướng dương,1.5,"0 - 0,03",182,
Penconazole,Ngô ngọt (nguyên bắp),0.02,"0 - 0,03",182,
Penconazole,Các loại quả hạch,0.05,"0 - 0,03",182,
Penconazole,Lúa mì lai lúa mạch đen,0.1,"0 - 0,03",182,
Penconazole,Lá củ cải đỏ,50.0,"0 - 0,03",182,
Penconazole,Lúa mì,0.1,"0 - 0,03",182,
Penconazole,"Cám lúa mì, đã chế biến",0.1,"0 - 0,03",182,
Penconazole,Cám lúa mì chưa chế biến,0.2,"0 - 0,03",182,
Penconazole,Mầm lúa mì,0.2,"0 - 0,03",182,
Permethrin,Hạnh nhân,0.1,"0,05",120,
Permethrin,Măng tây,1.0,"0,05",120,
Permethrin,Đậu (khô),0.1,"0,05",120,
Permethrin,Quả dâu đen (dâu ta),1.0,"0,05",120,
Permethrin,Bông lơ xanh,2.0,"0,05",120,
Permethrin,Cải Brussels,1.0,"0,05",120,
Permethrin,Bấp cải xa voa,5.0,"0,05",120,
Permethrin,Các loại bắp cải,5.0,"0,05",120,
Permethrin,Cà rốt,0.1,"0,05",120,
Permethrin,Hoa lơ,0.5,"0,05",120,
Permethrin,Cần tây,2.0,"0,05",120,
Permethrin,Hạt ngũ cốc,2.0,"0,05",120,Po
Permethrin,Cải bẹ trắng (dạng pe-,5.0,"0,05",120,
Permethrin,tsai),,"0,05",120,
Permethrin,Quả có múi thuộc họ cam quýt,0.5,"0,05",120,
Permethrin,Hạt cà phê,0.05,"0,05",120,(*)
Permethrin,Đậu thường (quả và/hoặc hạt non),1.0,"0,05",120,
Permethrin,Dầu hạt cây bông,0.1,"0,05",120,
Permethrin,Hạt cây bông,0.5,"0,05",120,
Permethrin,Dưa chuột,0.5,"0,05",120,
Permethrin,"Quả lý chua đen, quả lý chua đỏ, quả lý chua trắng",2.0,"0,05",120,
Permethrin,Quả mâm xôi (gồm cả mâm xôi lai và mâm xôi đỏ sẫm),1.0,"0,05",120,
Permethrin,Nội tạng ăn được của động vật có vú,0.1,"0,05",120,(1)
Permethrin,Cà tím,1.0,"0,05",120,
Permethrin,Trứng,0.1,"0,05",120,
Permethrin,Dưa chuột ri,0.5,"0,05",120,
Permethrin,Quả lý gai,2.0,"0,05",120,
Permethrin,Các loại nho,2.0,"0,05",120,
Permethrin,Hoa bia khô,50.0,"0,05",120,
Permethrin,Củ cải ngựa,0.5,"0,05",120,
Permethrin,Cải xoăn (bao gồm cả cải thân cao thẳng),5.0,"0,05",120,
Permethrin,Quả kiwi,2.0,"0,05",120,
Permethrin,Su hào,0.1,"0,05",120,
Permethrin,Tỏi tây,0.5,"0,05",120,
Permethrin,Rau xà lách,2.0,"0,05",120,
Permethrin,"Thịt động vật có vú, trừ động vật có vú",1.0,"0,05",120,"(1), (fat)"
Permethrin,ở biển,,"0,05",120,
Permethrin,"Các loại dưa, trừ dưa hấu",0.1,"0,05",120,
Permethrin,Sữa nguyên liệu,,"0,05",120,F
Permethrin,Nấm,0.1,"0,05",120,
Permethrin,Quả ôliu,1.0,"0,05",120,
Permethrin,Hạt lạc,0.1,"0,05",120,
Permethrin,Đậu đã tách vỏ (hạt mọng),0.1,"0,05",120,
Permethrin,Các loại ớt,1.0,"0,05",120,
Permethrin,Ớt ta khô,10.0,"0,05",120,
Permethrin,Hạt dẻ cười,0.05,"0,05",120,(*)
Permethrin,Quả dạng táo,2.0,"0,05",120,
Permethrin,Khoai tây,0.05,"0,05",120,(*)
Permethrin,Thịt gia cầm,0.1,"0,05",120,
Permethrin,Củ cải ri Nhật Bản/ Củ cải Nhật bản,0.1,"0,05",120,
Permethrin,Hạt cải dầu,0.05,"0,05",120,(*)
Permethrin,Quả mâm xôi (phúc bồn tử/ngấy hương/dâ u rừng) đen và đỏ,1.0,"0,05",120,
Permethrin,Đậu tương (khô),0.05,"0,05",120,(*)
Permethrin,Dầu đậu tương thô,0.1,"0,05",120,
Permethrin,Các loại gia vị,0.05,"0,05",120,(*)
Permethrin,Rau chân vịt,2.0,"0,05",120,
Permethrin,Hành hoa,0.5,"0,05",120,
Permethrin,Bí mùa hè,0.5,"0,05",120,
Permethrin,Các loại quả có hạt,2.0,"0,05",120,
Permethrin,Dâu tây,1.0,"0,05",120,
Permethrin,Củ cải đường,0.05,"0,05",120,(*)
Permethrin,Hạt hướng dương,1.0,"0,05",120,
Permethrin,Dầu hạt hướng,1.0,"0,05",120,
Permethrin,dương ăn được,,"0,05",120,
Permethrin,Dầu hạt hướng dương thô,1.0,"0,05",120,
Permethrin,Ngô ngọt (nguyên bắp),0.1,"0,05",120,
Permethrin,"Trà xanh, đen",20.0,"0,05",120,
Permethrin,Cà chua,1.0,"0,05",120,
Permethrin,Cám lúa mì chưa chế biến,5.0,"0,05",120,PoP
Permethrin,Bột lúa mì,0.5,"0,05",120,PoP
Permethrin,Mầm lúa mì,2.0,"0,05",120,PoP
Permethrin,Lúa mì chưa rây,2.0,"0,05",120,PoP
Permethrin,Bí mùa đông,0.5,"0,05",120,
Phenthoate,Các loại gia vị từ hạt,7.0,"0,003",128,
Phorate,Đậu (khô),0.05,"0 - 0,0007",112,(*)
Phorate,Hạt cà phê,0.05,"0 - 0,0007",112,(*)
Phorate,Đậu thường (quả và/hoặc hạt non),0.05,"0 - 0,0007",112,(*)
Phorate,Hạt cây bông,0.05,"0 - 0,0007",112,
Phorate,Nội tạng ăn được của động vật có vú,0.02,"0 - 0,0007",112,(*)
Phorate,Trứng,0.05,"0 - 0,0007",112,(*)
Phorate,Ngô,0.05,"0 - 0,0007",112,(*)
Phorate,Bột ngô,0.05,"0 - 0,0007",112,
Phorate,Dầu ngô thô,0.1,"0 - 0,0007",112,
Phorate,Dầu ngô ăn được,0.02,"0 - 0,0007",112,
Phorate,"Thịt động vật có vú, trừ động vật có vú ở biển",0.02,"0 - 0,0007",112,(*)
Phorate,Sữa nguyên liệu,0.01,"0 - 0,0007",112,(*)
Phorate,Khoai tây,0.3,"0 - 0,0007",112,
Phorate,Thịt gia cầm,0.05,"0 - 0,0007",112,(*)
Phorate,Lúa miến,0.05,"0 - 0,0007",112,(*)
Phorate,Đậu tương (khô),0.05,"0 - 0,0007",112,(*)
Phorate,Các loại gia vị từ quả và quả mọng,0.1,"0 - 0,0007",112,(*)
Phorate,Các loại gia vị từ củ và thân rễ,0.1,"0 - 0,0007",112,(*)
Phorate,Các loại gia vị từ hạt,0.5,"0 - 0,0007",112,
Phorate,Củ cải đường,0.05,"0 - 0,0007",112,(*)
Phosalone,Hạnh nhân,0.1,"0,02",60,
Phosalone,Táo,5.0,"0,02",60,
Phosalone,Quả phỉ,0.05,"0,02",60,(*)
Phosalone,Quả dạng táo,2.0,"0,02",60,
Phosalone,Các loại gia vị từ quả và quả mọng,2.0,"0,02",60,
Phosalone,Các loại gia vị từ củ và thân rễ,3.0,"0,02",60,
Phosalone,Các loại gia vị từ hạt,2.0,"0,02",60,
Phosalone,Các loại quả có hạt,2.0,"0,02",60,
Phosalone,Các loại quả óc chó,0.05,"0,02",60,(*)
Phosalone,Quả sầu riêng,1.0,"0,02",60,(7)
Phosmet,Quả mơ,10.0,"0 - 0,01",103,
Phosmet,Quả việt quất xanh (sim Mỹ),10.0,"0 - 0,01",103,
Phosmet,Thịt gia súc,1.0,"0 - 0,01",103,"(fat), V"
Phosmet,Quả có múi thuộc họ cam quýt,3.0,"0 - 0,01",103,trừ quất
Phosmet,Hạt cây bông,0.05,"0 - 0,01",103,
Phosmet,Quả nam việt quất,3.0,"0 - 0,01",103,
Phosmet,Các loại,10.0,"0 - 0,01",103,
Phosmet,nho,,"0 - 0,01",103,
Phosmet,Sữa nguyên liệu,0.02,"0 - 0,01",103,
Phosmet,Quả xuân đào,10.0,"0 - 0,01",103,
Phosmet,Quả đào,10.0,"0 - 0,01",103,
Phosmet,Quả dạng táo,10.0,"0 - 0,01",103,
Phosmet,Khoai tây,0.05,"0 - 0,01",103,(*)
Phosmet,Các loại quả hạch,0.2,"0 - 0,01",103,
Picoxystrobin,Anh đào Acerola,99.0,"0 - 0,09",258,
Piperonyl Butoxide,Thận gia súc,0.3,"0,2",62,(1)
Piperonyl Butoxide,Gan gia súc,1.0,"0,2",62,
Piperonyl Butoxide,Thịt gia súc,5.0,"0,2",62,"(1), (fat)"
Piperonyl Butoxide,Sữa gia súc,0.2,"0,2",62,(1)
Piperonyl Butoxide,Hạt ngũ cốc,30.0,"0,2",62,Po
Piperonyl Butoxide,Quả có múi thuộc họ cam quýt,5.0,"0,2",62,
Piperonyl Butoxide,Nước chanh ép,0.05,"0,2",62,
Piperonyl Butoxide,Quả khô,0.2,"0,2",62,Po
Piperonyl Butoxide,Trứng,1.0,"0,2",62,(1)
Piperonyl Butoxide,Các loại rau bầu bí,1.0,"0,2",62,
Piperonyl Butoxide,"Thận của gia súc, dê, lợn và cừu",0.2,"0,2",62,trừ thận gia súc
Piperonyl Butoxide,Lá rau diếp,50.0,"0,2",62,
Piperonyl Butoxide,"Gan của gia súc, dê, lợn và cừu",1.0,"0,2",62,
Piperonyl Butoxide,Dầu ngô thô,80.0,"0,2",62,PoP
Piperonyl Butoxide,"Thịt động vật có vú, trừ động vật có vú ở biển",2.0,"0,2",62,"trừ thịt gia súc, (fat)"
Piperonyl Butoxide,Sữa nguyên liệu,0.05,"0,2",62,F
Piperonyl Butoxide,Cây mù tạt,50.0,"0,2",62,
Piperonyl Butoxide,Lạc nguyên củ,1.0,"0,2",62,
Piperonyl Butoxide,Các loại ớt,2.0,"0,2",62,
Piperonyl Butoxide,Ớt ta khô,20.0,"0,2",62,
Piperonyl Butoxide,Thịt gia cầm,7.0,"0,2",62,"(1), (fat)"
Piperonyl Butoxide,Nội tạng ăn được của gia cầm,10.0,"0,2",62,
Piperonyl Butoxide,Các loại đậu lăng,0.2,"0,2",62,Po
Piperonyl Butoxide,Lá củ cải (gồm cả lá cây họ cải),50.0,"0,2",62,
Piperonyl Butoxide,Các loại rau từ rễ và củ,0.5,"0,2",62,trừ cà rốt
Piperonyl Butoxide,Rau chân vịt,50.0,"0,2",62,
Piperonyl Butoxide,Cà chua,2.0,"0,2",62,
Piperonyl Butoxide,Nước ép cà chua,0.3,"0,2",62,
Piperonyl Butoxide,Cám lúa mì chưa chế biến,80.0,"0,2",62,
Piperonyl Butoxide,Bột lúa mì,10.0,"0,2",62,PoP
Piperonyl Butoxide,Mầm lúa mì,90.0,"0,2",62,PoP
Piperonyl Butoxide,Lúa mì chưa rây,30.0,"0,2",62,PoP
Pirimicarb,Artiso (cả cây),5.0,"0 - 0,02",101,
Pirimicarb,Măng tây,0.01,"0 - 0,02",101,(*)
Pirimicarb,Các loại quả mọng và quả nhỏ khác,1.0,"0 - 0,02",101,trừ dâu tây và nho
Pirimicarb,"Các loại rau họ bắp cải, cải bắp, cải bông",0.5,"0 - 0,02",101,
Pirimicarb,Hạt ngũ cốc,0.05,"0 - 0,02",101,trừ gạo
Pirimicarb,Quả có múi thuộc họ cam quýt,3.0,"0 - 0,02",101,trừ quất
Pirimicarb,Nội tạng ăn được của động vật có vú,0.01,"0 - 0,02",101,(*)
Pirimicarb,Trứng,0.01,"0 - 0,02",101,(*)
Pirimicarb,Các loại,0.5,"0 - 0,02",101,trừ nấm ăn
Pirimicarb,rau ăn quả (trừ bầu bí),,"0 - 0,02",101,được và ngô ngọt
Pirimicarb,Các loại rau bầu bí,1.0,"0 - 0,02",101,trừ dưa và dưa hấu
Pirimicarb,Tỏi,0.1,"0 - 0,02",101,
Pirimicarb,Cải xoăn (bao gồm cả cải thân cao thẳng),0.3,"0 - 0,02",101,
Pirimicarb,Rau họ đậu,0.7,"0 - 0,02",101,trừ đậu tương
Pirimicarb,Rau xà lách,5.0,"0 - 0,02",101,
Pirimicarb,Lá rau diếp,5.0,"0 - 0,02",101,
Pirimicarb,"Thịt động vật có vú, trừ động vật có vú ở biển",0.01,"0 - 0,02",101,(*)
Pirimicarb,"Các loại dưa, trừ dưa hấu",0.2,"0 - 0,02",101,
Pirimicarb,Sữa nguyên liệu,0.01,"0 - 0,02",101,(*)
Pirimicarb,Củ hành,0.1,"0 - 0,02",101,
Pirimicarb,Ớt ta khô,20.0,"0 - 0,02",101,
Pirimicarb,Quả dạng táo,1.0,"0 - 0,02",101,
Pirimicarb,Thịt gia cầm,0.01,"0 - 0,02",101,(*)
Pirimicarb,Nội tạng ăn được của gia cầm,0.01,"0 - 0,02",101,(*)
Pirimicarb,Các loại đậu lăng,0.2,"0 - 0,02",101,trừ đậu tương khô
Pirimicarb,Hạt cải dầu,0.05,"0 - 0,02",101,
Pirimicarb,Các loại rau từ rễ và củ,0.05,"0 - 0,02",101,
Pirimicarb,Các loại gia vị từ hạt,5.0,"0 - 0,02",101,
Pirimicarb,Các loại quả có hạt,3.0,"0 - 0,02",101,
Pirimicarb,Hạt hướng dương,0.1,"0 - 0,02",101,
Pirimicarb,Ngô ngọt (hạt),0.05,"0 - 0,02",101,
Pirimiphos-Methyl,Hạt ngũ cốc,7.0,"0 - 0,03",86,Po
Pirimiphos-Methyl,Nội tạng ăn được của động vật có vú,0.01,"0 - 0,03",86,(*)
Pirimiphos-Methyl,Trứng,0.01,"0 - 0,03",86,
Pirimiphos-Methyl,"Thịt động vật có vú, trừ động vật có vú ở biển",0.01,"0 - 0,03",86,(*)
Pirimiphos-Methyl,Sữa nguyên liệu,0.01,"0 - 0,03",86,
Pirimiphos-Methyl,Thịt gia cầm,0.01,"0 - 0,03",86,(*)
Pirimiphos-Methyl,Nội tạng ăn được của gia cầm,0.01,"0 - 0,03",86,(*)
Pirimiphos-Methyl,Các loại gia vị từ quả và quả mọng,0.5,"0 - 0,03",86,
Pirimiphos-Methyl,Cám lúa mì chưa chế biến,15.0,"0 - 0,03",86,PoP
Pirimiphos-Methyl,Các loại gia vị từ hạt,3.0,"0 - 0,03",86,
Prochloraz,Quả nhiệt đới và cận nhiệt đới các loại có vỏ không ăn được,7.0,"0 - 0,01",142,Po
Prochloraz,Hạt ngũ cốc,2.0,"0 - 0,01",142,
Prochloraz,Quả có múi thuộc họ cam quýt,10.0,"0 - 0,01",142,Po
Prochloraz,Nội tạng ăn được của động vật có vú,10.0,"0 - 0,01",142,
Prochloraz,Trứng,0.1,"0 - 0,01",142,
Prochloraz,Hạt lanh,0.05,"0 - 0,01",142,(*)
Prochloraz,"Thịt động vật có vú, trừ động vật có vú ở biển",0.5,"0 - 0,01",142,(fat)
Prochloraz,Sữa nguyên liệu,0.05,"0 - 0,01",142,(*)
Prochloraz,Nấm,3.0,"0 - 0,01",142,
Prochloraz,Hạt tiêu,10.0,"0 - 0,01",142,
Prochloraz,"đen, hạt tiêu trắng",,"0 - 0,01",142,
Prochloraz,Thịt gia cầm,0.05,"0 - 0,01",142,(*)
Prochloraz,Nội tạng ăn được của gia cầm,0.2,"0 - 0,01",142,
Prochloraz,Hạt cải dầu,0.7,"0 - 0,01",142,
Prochloraz,Hạt hướng dương,0.5,"0 - 0,01",142,
Prochloraz,Cám lúa mì chưa chế biến,7.0,"0 - 0,01",142,
Prochloraz,Dầu hạt hướng dương ăn được,1.0,"0 - 0,01",142,
Profenofos,Nội tạng ăn được của động vật có vú,0.05,"0 - 0,03",171,(*)
Profenofos,Hạt cây bông,3.0,"0 - 0,03",171,
Profenofos,Trứng,0.02,"0 - 0,03",171,(*)
Profenofos,Xoài,0.2,"0 - 0,03",171,
Profenofos,Măng cụt,10.0,"0 - 0,03",171,
Profenofos,"Thịt động vật có vú, trừ động vật có vú ở biển",0.05,"0 - 0,03",171,(*)
Profenofos,Sữa nguyên liệu,0.01,"0 - 0,03",171,(*)
Profenofos,Ớt ta,3.0,"0 - 0,03",171,
Profenofos,Ớt ta khô,20.0,"0 - 0,03",171,
Profenofos,Thịt gia cầm,0.05,"0 - 0,03",171,(*)
Profenofos,Nội tạng ăn được của gia cầm,0.05,"0 - 0,03",171,(*)
Profenofos,Các loại gia vị từ quả và quả mọng,0.07,"0 - 0,03",171,
Profenofos,Các loại gia vị từ củ và thân rễ,0.05,"0 - 0,03",171,
Profenofos,Các loại trà (trà và trà thảo mộc),0.5,"0 - 0,03",171,
Profenofos,Cà chua,10.0,"0 - 0,03",171,
Profenofos,Bưởi đào/ Bưởi,2.0,"0 - 0,03",171,(7)
Propamocarb,Bông lơ xanh,3.0,"0 - 0,4",148,
Propamocarb,Cải Brussels,2.0,"0 - 0,4",148,
Propamocarb,Hoa lơ,2.0,"0 - 0,4",148,
Propamocarb,Nội tạng ăn được của động vật có vú,0.01,"0 - 0,4",148,(*)
Propamocarb,Cà tím,0.3,"0 - 0,4",148,
Propamocarb,Trứng,0.01,"0 - 0,4",148,(*)
Propamocarb,Các loại rau bầu bí,5.0,"0 - 0,4",148,
Propamocarb,Tỏi tây,30.0,"0 - 0,4",148,
Propamocarb,Rau xà lách,100.0,"0 - 0,4",148,
Propamocarb,Lá rau diếp,100.0,"0 - 0,4",148,
Propamocarb,"Thịt động vật có vú, trừ động vật có vú ở biển",0.01,"0 - 0,4",148,(*)
Propamocarb,Sữa nguyên liệu,0.01,"0 - 0,4",148,(*)
Propamocarb,Củ hành,2.0,"0 - 0,4",148,
Propamocarb,Ớt ta khô,10.0,"0 - 0,4",148,
Propamocarb,Ớt ngọt (gồm cả ớt ngọt Pimento),3.0,"0 - 0,4",148,
Propamocarb,Khoai tây,0.3,"0 - 0,4",148,
Propamocarb,Mỡ gia cầm,0.01,"0 - 0,4",148,(*)
Propamocarb,Thịt gia cầm,0.01,"0 - 0,4",148,(*)
Propamocarb,Nội tạng ăn được của gia cầm,0.01,"0 - 0,4",148,(*)
Propamocarb,Củ cải ri/ Củ cải,1.0,"0 - 0,4",148,
Propamocarb,Rau chân vịt,40.0,"0 - 0,4",148,
Propamocarb,Cà chua,2.0,"0 - 0,4",148,
Propamocarb,Rau diếp xoăn,2.0,"0 - 0,4",148,
Propargite,Hạnh nhân,0.1,"0,01",113,(*)
Propargite,Táo,3.0,"0,01",113,
Propargite,Nước táo ép,0.2,"0,01",113,
Propargite,Đậu (khô),0.3,"0,01",113,
Propargite,Đậu tằm (khô),0.3,"0,01",113,
Propargite,Đậu gà (khô),0.3,"0,01",113,
Propargite,Quả có múi thuộc họ cam quýt,3.0,"0,01",113,
Propargite,Hạt cây bông,0.1,"0,01",113,
Propargite,Dầu hạt cây bông,0.2,"0,01",113,
Propargite,Nho khô (gồm cả quả lý chua khô và nho khô không hạt),12.0,"0,01",113,
Propargite,Nội tạng ăn được của động vật có vú,0.1,"0,01",113,(*)
Propargite,Trứng,0.1,"0,01",113,(*)
Propargite,Nước nho ép,1.0,"0,01",113,
Propargite,Các loại nho,7.0,"0,01",113,
Propargite,Hoa bia khô,100.0,"0,01",113,
Propargite,Đậu lupin (khô),0.3,"0,01",113,
Propargite,Ngô,0.1,"0,01",113,(*)
Propargite,Bột ngô,0.2,"0,01",113,
Propargite,Dầu ngô thô,0.7,"0,01",113,
Propargite,Dầu ngô ăn được,0.5,"0,01",113,
Propargite,"Thịt động vật có vú, trừ động vật có vú ở biển",0.1,"0,01",113,"(*), (fat)"
Propargite,Sữa nguyên liệu,0.1,"0,01",113,(*) F
Propargite,Nước cam ép,0.3,"0,01",113,
Propargite,Hạt lạc,0.1,"0,01",113,(*)
Propargite,Dầu lạc thô,0.3,"0,01",113,
Propargite,Dầu lạc ăn được,0.3,"0,01",113,
Propargite,Khoai tây,0.03,"0,01",113,
Propargite,Thịt gia cầm,0.1,"0,01",113,"(*), (fat)"
Propargite,Nội tạng ăn được của gia cầm,0.1,"0,01",113,(*)
Propargite,Các loại quả có hạt,4.0,"0,01",113,
Propargite,"Trà xanh, đen",5.0,"0,01",113,
Propargite,Cà chua,2.0,"0,01",113,
Propargite,Các loại quả óc chó,0.3,"0,01",113,
Propiconazole,Chuối,0.1,"0 - 0,07",160,
Propiconazole,Lúa mạch,0.2,"0 - 0,07",160,
Propiconazole,Hạt cà phê,0.02,"0 - 0,07",160,
Propiconazole,Quả nam việt quất,0.3,"0 - 0,07",160,
Propiconazole,Nội tạng ăn được của động vật có vú,0.5,"0 - 0,07",160,
Propiconazole,Trứng,0.01,"0 - 0,07",160,(*)
Propiconazole,Ngô,0.05,"0 - 0,07",160,
Propiconazole,Mỡ động vật có vú (trừ chất béo sữa),0.01,"0 - 0,07",160,(*)
Propiconazole,"Thịt động vật có vú, trừ động vật có vú ở biển",0.01,"0 - 0,07",160,"(*), (fat)"
Propiconazole,Sữa nguyên liệu,0.01,"0 - 0,07",160,(*)
Propiconazole,"Các loại cam ngọt, cam chua (gồm cả các quả lai giống cam)",9.0,"0 - 0,07",160,Po
Propiconazole,Quả đào,5.0,"0 - 0,07",160,Po
Propiconazole,Quả hồ đào Pecan,0.02,"0 - 0,07",160,(*)
Propiconazole,Dứa,0.02,"0 - 0,07",160,(*)
Propiconazole,Các loại mận (bao gồm cả mận khô),0.6,"0 - 0,07",160,Po
Propiconazole,Bỏng ngô,0.05,"0 - 0,07",160,
Propiconazole,Thịt gia cầm,0.01,"0 - 0,07",160,"(*), (fat)"
Propiconazole,Hạt cải dầu,0.02,"0 - 0,07",160,
Propiconazole,Lúa mạch đen,0.02,"0 - 0,07",160,
Propiconazole,Đậu tương (khô),0.07,"0 - 0,07",160,
Propiconazole,Củ cải đường,0.02,"0 - 0,07",160,
Propiconazole,Mía,0.02,"0 - 0,07",160,(*)
Propiconazole,Ngô ngọt (nguyên bắp),0.05,"0 - 0,07",160,
Propiconazole,Cà chua,3.0,"0 - 0,07",160,Po
Propiconazole,Lúa mì lai lúa mạch đen,0.02,"0 - 0,07",160,
Propiconazole,Lúa mì,0.02,"0 - 0,07",160,
Prothioconazole,Lúa mạch,0.2,"0 - 0,05",232,
Prothioconazole,Các loại quả mọng,1.5,"0 - 0,05",232,
Prothioconazole,Quả nam việt quất,0.15,"0 - 0,05",232,
Prothioconazole,Nội tạng ăn được của động vật có vú,0.5,"0 - 0,05",232,
Prothioconazole,Các loại rau bầu bí,0.2,"0 - 0,05",232,trừ dưa hấu
Prothioconazole,Ngô,0.1,"0 - 0,05",232,
Prothioconazole,"Thịt động vật có vú, trừ động vật có vú ở biển",0.01,"0 - 0,05",232,
Prothioconazole,Sữa nguyên liệu,0.004,"0 - 0,05",232,(*)
Prothioconazole,Yến mạch,0.05,"0 - 0,05",232,
Prothioconazole,Hạt lạc,0.02,"0 - 0,05",232,(*)
Prothioconazole,Bỏng ngô,0.1,"0 - 0,05",232,
Prothioconazole,Khoai tây,0.02,"0 - 0,05",232,(*)
Prothioconazole,Các loại đậu lăng,1.0,"0 - 0,05",232,trừ đậu tương khô
Prothioconazole,Hạt cải dầu,0.1,"0 - 0,05",232,
Prothioconazole,Lúa mạch đen,0.05,"0 - 0,05",232,
Prothioconazole,Đậu tương (khô),0.2,"0 - 0,05",232,
Prothioconazole,Củ cải,0.3,"0 - 0,05",232,
Prothioconazole,đường,,"0 - 0,05",232,
Prothioconazole,Ngô ngọt (nguyên bắp),0.02,"0 - 0,05",232,
Prothioconazole,Lúa mì lai lúa mạch đen,0.05,"0 - 0,05",232,
Prothioconazole,Lúa mì,0.1,"0 - 0,05",232,
Pyraclostrobin,Táo,0.5,"0 - 0,03",210,
Pyraclostrobin,Artiso (cả cây),2.0,"0 - 0,03",210,
Pyraclostrobin,Chuối,0.02,"0 - 0,03",210,(*)
Pyraclostrobin,Lúa mạch,1.0,"0 - 0,03",210,
Pyraclostrobin,Đậu (khô),0.2,"0 - 0,03",210,
Pyraclostrobin,Quả dâu đen (dâu ta),3.0,"0 - 0,03",210,
Pyraclostrobin,Quả việt quất xanh (sim Mỹ),4.0,"0 - 0,03",210,
Pyraclostrobin,Cải Brussels,0.3,"0 - 0,03",210,
Pyraclostrobin,Các loại bắp cải,0.2,"0 - 0,03",210,
Pyraclostrobin,Dưa vàng,0.2,"0 - 0,03",210,
Pyraclostrobin,Cà rốt,0.5,"0 - 0,03",210,
Pyraclostrobin,Anh đào,3.0,"0 - 0,03",210,
Pyraclostrobin,Quả có múi thuộc họ cam quýt,2.0,"0 - 0,03",210,
Pyraclostrobin,Dầu cam chanh ăn được,10.0,"0 - 0,03",210,
Pyraclostrobin,Hạt cà phê,0.3,"0 - 0,03",210,
Pyraclostrobin,Nho khô (gồm cả quả lý chua khô và nho khô không hạt),5.0,"0 - 0,03",210,
Pyraclostrobin,Nội tạng ăn được của động vật có vú,0.05,"0 - 0,03",210,(*)
Pyraclostrobin,Cà tím,0.3,"0 - 0,03",210,
Pyraclostrobin,Trứng,0.05,"0 - 0,03",210,(*)
Pyraclostrobin,Các loại cải bông (bao gồm cải làn và hoa lơ),0.1,"0 - 0,03",210,
Pyraclostrobin,Các loại rau bầu bí,0.5,"0 - 0,03",210,
Pyraclostrobin,Tỏi,0.15,"0 - 0,03",210,
Pyraclostrobin,Các loại nho,2.0,"0 - 0,03",210,
Pyraclostrobin,Hoa bia khô,15.0,"0 - 0,03",210,
Pyraclostrobin,Cải xoăn (bao gồm cả cải thân cao thẳng),1.0,"0 - 0,03",210,
Pyraclostrobin,Tỏi tây,0.7,"0 - 0,03",210,
Pyraclostrobin,Đậu lăng (khô),0.5,"0 - 0,03",210,
Pyraclostrobin,Rau xà lách,2.0,"0 - 0,03",210,
Pyraclostrobin,Ngô,0.02,"0 - 0,03",210,(*)
Pyraclostrobin,Xoài,0.05,"0 - 0,03",210,(*)
Pyraclostrobin,"Thịt động vật có vú, trừ động vật có vú ở biển",0.5,"0 - 0,03",210,(fat)
Pyraclostrobin,Sữa nguyên liệu,0.03,"0 - 0,03",210,
Pyraclostrobin,Yến mạch,1.0,"0 - 0,03",210,
Pyraclostrobin,Hạt có dầu (trừ lạc),0.4,"0 - 0,03",210,
Pyraclostrobin,Củ hành,1.5,"0 - 0,03",210,
Pyraclostrobin,Đu đủ,0.15,"0 - 0,03",210,
Pyraclostrobin,Quả họ đào (bao gồm cả quả xuân đào và quả mơ),0.3,"0 - 0,03",210,
Pyraclostrobin,Lạc nguyên củ,0.02,"0 - 0,03",210,(*)
Pyraclostrobin,Các loại đậu (khô),0.3,"0 - 0,03",210,
Pyraclostrobin,Đậu (quả và hạt mọng non),0.02,"0 - 0,03",210,(*)
Pyraclostrobin,Các loại ớt,0.5,"0 - 0,03",210,
Pyraclostrobin,Hạt dẻ cười,1.0,"0 - 0,03",210,
Pyraclostrobin,Các loại mận (bao gồm cả mận khô),0.8,"0 - 0,03",210,
Pyraclostrobin,Khoai tây,0.02,"0 - 0,03",210,(*)
Pyraclostrobin,Thịt gia cầm,0.05,"0 - 0,03",210,"(*), (fat)"
Pyraclostrobin,Nội tạng ăn được,0.05,"0 - 0,03",210,(*)
Pyraclostrobin,của gia cầm,,"0 - 0,03",210,
Pyraclostrobin,Củ cải ri/ Củ cải,0.5,"0 - 0,03",210,
Pyraclostrobin,Lá củ cải (gồm cả lá cây họ cải),20.0,"0 - 0,03",210,
Pyraclostrobin,Quả mâm xôi (phúc bồn tử/ngấy hương/dâ u rừng) đen và đỏ,3.0,"0 - 0,03",210,
Pyraclostrobin,Lúa mạch đen,0.2,"0 - 0,03",210,
Pyraclostrobin,Lúa miến,0.5,"0 - 0,03",210,
Pyraclostrobin,Đậu tương (khô),0.05,"0 - 0,03",210,
Pyraclostrobin,Lúa mì Spelta,0.2,"0 - 0,03",210,
Pyraclostrobin,Hành hoa,1.5,"0 - 0,03",210,
Pyraclostrobin,Dâu tây,1.5,"0 - 0,03",210,
Pyraclostrobin,Củ cải đường,0.2,"0 - 0,03",210,
Pyraclostrobin,Cà chua,0.3,"0 - 0,03",210,
Pyraclostrobin,Các loại quả hạch,0.02,"0 - 0,03",210,"trừ hạt dẻ cười, (*)"
Pyraclostrobin,Lúa mì lai lúa mạch đen,0.2,"0 - 0,03",210,
Pyraclostrobin,Lúa mì,0.2,"0 - 0,03",210,
Pyrethrins,Hạt ngũ cốc,0.3,"0 - 0,04",63,Po
Pyrethrins,Quả có múi thuộc họ cam quýt,0.05,"0 - 0,04",63,
Pyrethrins,Quả khô,0.2,"0 - 0,04",63,Po
Pyrethrins,Các loại rau bầu bí,0.05,"0 - 0,04",63,(*)
Pyrethrins,Hạt lạc,0.5,"0 - 0,04",63,Po
Pyrethrins,Các loại ớt,0.05,"0 - 0,04",63,(*)
Pyrethrins,Ớt ta khô,0.5,"0 - 0,04",63,
Pyrethrins,Các loại đậu lăng,0.1,"0 - 0,04",63,Po
Pyrethrins,Các loại rau từ rễ và củ,0.05,"0 - 0,04",63,(*)
Pyrethrins,Cà chua,0.05,"0 - 0,04",63,(*)
Pyrethrins,Các loại quả hạch,0.5,"0 - 0,04",63,"(*), Po"
Pyrimethanil,Hạnh nhân,0.2,"0 - 0,2",226,
Pyrimethanil,Chuối,0.1,"0 - 0,2",226,
Pyrimethanil,Cà rốt,1.0,"0 - 0,2",226,
Pyrimethanil,Anh đào,4.0,"0 - 0,2",226,Po
Pyrimethanil,Quả có múi thuộc họ cam quýt,7.0,"0 - 0,2",226,Po
Pyrimethanil,Đậu thường (quả và/hoặc hạt non),3.0,"0 - 0,2",226,
Pyrimethanil,Nho khô (gồm cả quả lý chua khô và nho khô không hạt),5.0,"0 - 0,2",226,
Pyrimethanil,Nội tạng ăn được của động vật có vú,0.1,"0 - 0,2",226,
Pyrimethanil,Đậu trồng (khô),0.5,"0 - 0,2",226,
Pyrimethanil,Sâm khô (kể cả sâm đỏ),1.5,"0 - 0,2",226,
Pyrimethanil,Các loại nho,4.0,"0 - 0,2",226,
Pyrimethanil,Rau xà lách,3.0,"0 - 0,2",226,
Pyrimethanil,Cây quả mọng phát triển chậm,3.0,"0 - 0,2",226,
Pyrimethanil,"Thịt động vật có vú, trừ động vật có vú ở biển",0.05,"0 - 0,2",226,(*)
Pyrimethanil,Sữa nguyên liệu,0.01,"0 - 0,2",226,
Pyrimethanil,Quả xuân đào,4.0,"0 - 0,2",226,
Pyrimethanil,Củ hành,0.2,"0 - 0,2",226,
Pyrimethanil,Quả đào,4.0,"0 - 0,2",226,
Pyrimethanil,Các loại mận (bao gồm cả mận khô),2.0,"0 - 0,2",226,
Pyrimethanil,Quả dạng táo,15.0,"0 - 0,2",226,Po
Pyrimethanil,Khoai tây,0.05,"0 - 0,2",226,(*)
Pyrimethanil,Hành hoa,3.0,"0 - 0,2",226,
Pyrimethanil,Cà chua,0.7,"0 - 0,2",226,
Pyriproxifen,Thịt gia súc,0.01,"0,1",200,"(*), (fat)"
Pyriproxifen,Nội tạng ăn được của gia súc,0.01,"0,1",200,(*)
Pyriproxifen,Quả có múi thuộc họ cam quýt,0.5,"0,1",200,
Pyriproxifen,Hạt cây bông,0.05,"0,1",200,
Pyriproxifen,Dầu hạt bông thô,0.01,"0,1",200,
Pyriproxifen,Dầu hạt cây bông,0.01,"0,1",200,
Pyriproxifen,Thịt dê,0.01,"0,1",200,"(*), (fat)"
Pyriproxifen,Nội tạng ăn được của dê,0.01,"0,1",200,(*)
Quinoxyfen,Lúa mạch,0.01,"0 - 0,2",222,(*)
Quinoxyfen,Anh đào,0.4,"0 - 0,2",222,
Quinoxyfen,Quả lý chua đen,1.0,"0 - 0,2",222,
Quinoxyfen,Nội tạng ăn được của động vật có vú,0.01,"0 - 0,2",222,(*)
Quinoxyfen,Trứng,0.01,"0 - 0,2",222,(*)
Quinoxyfen,Các loại nho,2.0,"0 - 0,2",222,
Quinoxyfen,Hoa bia khô,1.0,"0 - 0,2",222,
Quinoxyfen,Rau xà lách,8.0,"0 - 0,2",222,
Quinoxyfen,Lá rau diếp,20.0,"0 - 0,2",222,
Quinoxyfen,"Thịt động vật có vú, trừ động vật có vú ở biển",0.2,"0 - 0,2",222,(fat)
Quinoxyfen,"Các loại dưa, trừ dưa hấu",0.1,"0 - 0,2",222,
Quinoxyfen,Các loại chất béo từ sữa,0.2,"0 - 0,2",222,
Quinoxyfen,Sữa nguyên liệu,0.01,"0 - 0,2",222,
Quinoxyfen,Các loại ớt,1.0,"0 - 0,2",222,
Quinoxyfen,Ớt ta khô,10.0,"0 - 0,2",222,
Quinoxyfen,Thịt gia cầm,0.02,"0 - 0,2",222,(fat)
Quinoxyfen,Nội tạng ăn được của gia cầm,0.01,"0 - 0,2",222,
Quinoxyfen,Dâu tây,1.0,"0 - 0,2",222,
Quinoxyfen,Củ cải đường,0.03,"0 - 0,2",222,
Quinoxyfen,Lúa mì,0.01,"0 - 0,2",222,(*)
Quinoxyfen,Bông lơ xanh,0.05,"0 - 0,2",222,
Quinoxyfen,Các loại bắp cải,0.1,"0 - 0,2",222,
Quinoxyfen,Thịt gà,0.1,"0 - 0,2",222,"(*), (fat)"
Quinoxyfen,Nội tạng ăn được của gà,0.1,"0 - 0,2",222,(*)
Quinoxyfen,Đậu thường (khô),0.02,"0 - 0,2",222,
Quinoxyfen,Hạt cây bông,0.01,"0 - 0,2",222,
Quinoxyfen,Đậu thường (quả và/hoặc hạt non),0.1,"0 - 0,2",222,
Quinoxyfen,Trứng,0.03,"0 - 0,2",222,(*)
Quinoxyfen,Ngô,0.01,"0 - 0,2",222,(*)
Quinoxyfen,Hạt lạc,0.5,"0 - 0,2",222,
Quinoxyfen,Các loại đậu (khô),0.01,"0 - 0,2",222,
Quinoxyfen,Ớt ta khô,0.1,"0 - 0,2",222,
Quinoxyfen,Ớt ngọt (gồm cả ớt ngọt Pimento),0.05,"0 - 0,2",222,(*)
Quinoxyfen,Đậu tương (khô),0.01,"0 - 0,2",222,(*)
Quinoxyfen,Các loại gia vị từ quả và quả mọng,0.02,"0 - 0,2",222,
Quinoxyfen,Các loại gia vị từ củ và thân rễ,2.0,"0 - 0,2",222,
Quinoxyfen,Các loại gia vị từ hạt,0.1,"0 - 0,2",222,
Quinoxyfen,Củ cải đường,0.01,"0 - 0,2",222,(*)
Quinoxyfen,Cà chua,0.02,"0 - 0,2",222,
Quinoxyfen,Lúa mì,0.01,"0 - 0,2",222,
Saflufenacil,Chuối,0.01,"0 - 0,05",251,
Saflufenacil,Hạt ngũ cốc,0.01,"0 - 0,05",251,
Saflufenacil,Quả có múi thuộc họ cam quýt,0.01,"0 - 0,05",251,
Saflufenacil,Hạt cà phê,0.01,"0 - 0,05",251,
Saflufenacil,Hạt cây bông,0.2,"0 - 0,05",251,
Saflufenacil,Nội tạng ăn được của động vật có vú,0.3,"0 - 0,05",251,
Saflufenacil,Các loại nho,0.01,"0 - 0,05",251,
Saflufenacil,Mỡ động vật có vú (trừ chất béo sữa),0.01,"0 - 0,05",251,
Saflufenacil,"Thịt động vật có vú, trừ động vật có vú ở biển",0.01,"0 - 0,05",251,
Saflufenacil,Sữa nguyên liệu,0.01,"0 - 0,05",251,
Saflufenacil,Đậu (quả và hạt mọng non),0.01,"0 - 0,05",251,
Saflufenacil,Đậu đã tách vỏ (hạt mọng),0.01,"0 - 0,05",251,
Saflufenacil,Quả dạng táo,0.01,"0 - 0,05",251,
Saflufenacil,Các loại đậu lăng,0.3,"0 - 0,05",251,
Saflufenacil,Hạt cải dầu,0.6,"0 - 0,05",251,
Saflufenacil,Đậu tương (hạt non),0.01,"0 - 0,05",251,
Saflufenacil,Các loại quả có hạt,0.01,"0 - 0,05",251,
Saflufenacil,Hạt hướng dương,0.7,"0 - 0,05",251,
Saflufenacil,Ngô ngọt,0.01,"0 - 0,05",251,
Saflufenacil,Các loại quả hạch,0.01,"0 - 0,05",251,
Sedaxane,Hạt ngũ cốc,0.01,"0 - 0,1",259,(*)
Sedaxane,Nội tạng ăn được,0.01,"0 - 0,1",259,(*)
Sedaxane,của động vật có vú,,"0 - 0,1",259,
Sedaxane,Trứng,0.01,"0 - 0,1",259,(*)
Sedaxane,Mỡ động vật có vú (trừ chất béo sữa),0.01,"0 - 0,1",259,(*)
Sedaxane,"Thịt động vật có vú, trừ động vật có vú ở biển",0.01,"0 - 0,1",259,"(*), (fat)"
Sedaxane,Các loại chất béo từ sữa,0.01,"0 - 0,1",259,(*)
Sedaxane,Sữa nguyên liệu,0.01,"0 - 0,1",259,(*)
Sedaxane,Khoai tây,0.02,"0 - 0,1",259,
Sedaxane,Mỡ gia cầm,0.01,"0 - 0,1",259,(*)
Sedaxane,Thịt gia cầm,0.01,"0 - 0,1",259,(*)
Sedaxane,Nội tạng ăn được của gia cầm,0.01,"0 - 0,1",259,(*)
Sedaxane,Các loại đậu lăng,0.01,"0 - 0,1",259,(*)
Sedaxane,Hạt cải dầu,0.01,"0 - 0,1",259,(*)
Sedaxane,Ngô ngọt (nguyên bắp),0.01,"0 - 0,1",259,(*)
Spinetoram,Đậu đỗ các loại (trừ đậu tằm và đậu tương),0.05,"0 - 0,05",233,quả xanh và hạt non
Spinetoram,Quả việt quất xanh (sim Mỹ),0.2,"0 - 0,05",233,
Spinetoram,"Các loại rau họ bắp cải, cải bắp, cải bông",0.3,"0 - 0,05",233,
Spinetoram,Cần tây,6.0,"0 - 0,05",233,
Spinetoram,Nội tạng ăn được của động vật có vú,0.01,"0 - 0,05",233,(*)
Spinetoram,Trứng,0.01,"0 - 0,05",233,(*)
Spinetoram,Các loại nho,0.3,"0 - 0,05",233,
Spinetoram,Rau xà,10.0,"0 - 0,05",233,
Spinetoram,lách,,"0 - 0,05",233,
Spinetoram,Lá rau diếp,10.0,"0 - 0,05",233,
Spinetoram,"Thịt động vật có vú, trừ động vật có vú ở biển",0.2,"0 - 0,05",233,(fat)
Spinetoram,Các loại chất béo từ sữa,0.1,"0 - 0,05",233,
Spinetoram,Sữa nguyên liệu,0.01,"0 - 0,05",233,(*)
Spinetoram,Quả xuân đào,0.3,"0 - 0,05",233,
Spinetoram,Củ hành,0.01,"0 - 0,05",233,(*)
Spinetoram,Hành ta,0.8,"0 - 0,05",233,
Spinetoram,"Các loại cam ngọt, cam chua (gồm cả các quả lai giống cam)",0.07,"0 - 0,05",233,
Spinetoram,Quả đào,0.3,"0 - 0,05",233,
Spinetoram,Quả dạng táo,0.05,"0 - 0,05",233,
Spinetoram,Mỡ gia cầm,0.01,"0 - 0,05",233,(*)
Spinetoram,Thịt gia cầm,0.01,"0 - 0,05",233,
Spinetoram,Nội tạng ăn được của gia cầm,0.01,"0 - 0,05",233,(*)
Spinetoram,Quả mâm xôi (phúc bồn tử/ngấy hương/dâ u rừng) đen và đỏ,0.8,"0 - 0,05",233,
Spinetoram,Rau chân vịt,8.0,"0 - 0,05",233,
Spinetoram,Hành hoa,0.8,"0 - 0,05",233,
Spinetoram,Củ cải đường,0.01,"0 - 0,05",233,(*)
Spinetoram,Cà chua,0.06,"0 - 0,05",233,
Spinetoram,Các loại quả hạch,0.01,"0 - 0,05",233,
Spinozad,Táo,0.1,"0 - 0,02",203,
Spinozad,Quả dâu đen (dâu ta),1.0,"0 - 0,02",203,
Spinozad,Quả việt,0.4,"0 - 0,02",203,
Spinozad,quất xanh (sim Mỹ),,"0 - 0,02",203,
Spinozad,"Các loại rau họ bắp cải, cải bắp, cải bông",2.0,"0 - 0,02",203,
Spinozad,Thận gia súc,1.0,"0 - 0,02",203,(1)
Spinozad,Gan gia súc,2.0,"0 - 0,02",203,(1)
Spinozad,Thịt gia súc,3.0,"0 - 0,02",203,"(1), (fat)"
Spinozad,Sữa gia súc,1.0,"0 - 0,02",203,(1)
Spinozad,Chất béo từ sữa gia súc,5.0,"0 - 0,02",203,
Spinozad,Cần tây,2.0,"0 - 0,02",203,
Spinozad,Hạt ngũ cốc,1.0,"0 - 0,02",203,Po
Spinozad,Quả có múi thuộc họ cam quýt,0.3,"0 - 0,02",203,
Spinozad,Hạt cây bông,0.01,"0 - 0,02",203,(*)
Spinozad,Dầu hạt bông thô,0.01,"0 - 0,02",203,(*)
Spinozad,Dầu hạt cây bông,0.01,"0 - 0,02",203,(*)
Spinozad,Quả nam việt quất,0.02,"0 - 0,02",203,
Spinozad,Quả mâm xôi (gồm cả mâm xôi lai và mâm xôi đỏ sẫm),1.0,"0 - 0,02",203,
Spinozad,Nho khô (gồm cả quả lý chua khô và nho khô không hạt),1.0,"0 - 0,02",203,
Spinozad,Nội tạng ăn được của động vật có vú,0.5,"0 - 0,02",203,trừ gia súc
Spinozad,Trứng,0.01,"0 - 0,02",203,
Spinozad,Các loại rau bầu bí,0.2,"0 - 0,02",203,
Spinozad,Các loại nho,0.5,"0 - 0,02",203,
Spinozad,Quả kiwi,0.05,"0 - 0,02",203,
Spinozad,Rau ăn lá,10.0,"0 - 0,02",203,
Spinozad,Rau họ đậu,0.3,"0 - 0,02",203,
Spinozad,"Thịt động vật có vú, trừ động vật có vú ở biển",2.0,"0 - 0,02",203,(fat)
Spinozad,Củ hành,0.1,"0 - 0,02",203,
Spinozad,Chanh leo,0.7,"0 - 0,02",203,
Spinozad,Các loại ớt,0.3,"0 - 0,02",203,
Spinozad,Ớt ta khô,3.0,"0 - 0,02",203,
Spinozad,Khoai tây,0.01,"0 - 0,02",203,(*)
Spinozad,Thịt gia cầm,0.2,"0 - 0,02",203,(fat)
Spinozad,Quả mâm xôi (phúc bồn tử/ngấy hương/dâ u rừng) đen và đỏ,1.0,"0 - 0,02",203,
Spinozad,Đậu tương (khô),0.01,"0 - 0,02",203,(*)
Spinozad,Hành hoa,4.0,"0 - 0,02",203,
Spinozad,Các loại quả có hạt,0.2,"0 - 0,02",203,
Spinozad,Ngô ngọt (nguyên bắp),0.01,"0 - 0,02",203,(*)
Spinozad,Cà chua,0.3,"0 - 0,02",203,
Spinozad,Các loại quả hạch,0.07,"0 - 0,02",203,
Spinozad,Cám lúa mì chưa chế biến,2.0,"0 - 0,02",203,
Spirodiclofen,Quả bơ,0.9,"0 - 0,01",237,
Spirodiclofen,Quả việt quất xanh (sim Mỹ),4.0,"0 - 0,01",237,
Spirodiclofen,Quả có múi thuộc họ cam quýt,0.4,"0 - 0,01",237,
Spirodiclofen,Hạt cà phê,0.03,"0 - 0,01",237,(*)
Spirodiclofen,Dưa chuột,0.07,"0 - 0,01",237,
Spirodiclofen,"Quả lý chua đen, quả lý chua đỏ, quả lý chua trắng",1.0,"0 - 0,01",237,
Spirodiclofen,Nho khô (gồm cả quả lý,0.3,"0 - 0,01",237,
Spirodiclofen,chua khô và nho khô không hạt),,"0 - 0,01",237,
Spirodiclofen,Nội tạng ăn được của động vật có vú,0.05,"0 - 0,01",237,(*)
Spirodiclofen,Dưa chuột ri,0.07,"0 - 0,01",237,
Spirodiclofen,Các loại nho,0.2,"0 - 0,01",237,
Spirodiclofen,Hoa bia khô,40.0,"0 - 0,01",237,
Spirodiclofen,"Thịt động vật có vú, trừ động vật có vú ở biển",0.01,"0 - 0,01",237,"(*), (fat)"
Spirodiclofen,Sữa nguyên liệu,0.004,"0 - 0,01",237,(*)
Spirodiclofen,Đu đủ,0.03,"0 - 0,01",237,(*)
Spirodiclofen,Ớt ngọt (gồm cả ớt ngọt Pimento),0.2,"0 - 0,01",237,
Spirodiclofen,Quả dạng táo,0.8,"0 - 0,01",237,
Spirodiclofen,Các loại quả có hạt,2.0,"0 - 0,01",237,
Spirodiclofen,Dâu tây,2.0,"0 - 0,01",237,
Spirodiclofen,Cà chua,0.5,"0 - 0,01",237,
Spirodiclofen,Các loại quả hạch,0.05,"0 - 0,01",237,
Spirodiclofen,Các loại quả mọng,1.5,"0 - 0,01",237,
Spirodiclofen,Các loại bắp cải,2.0,"0 - 0,01",237,
Spirodiclofen,Cần tây,4.0,"0 - 0,01",237,
Spirodiclofen,Quả có múi thuộc họ cam quýt,0.5,"0 - 0,01",237,
Spirodiclofen,Hạt cây bông,0.4,"0 - 0,01",237,
Spirodiclofen,Quả nam việt quất,0.2,"0 - 0,01",237,
Spirodiclofen,Nho khô (gồm cả quả lý chua khô và nho khô không,4.0,"0 - 0,01",237,
Spirodiclofen,hạt),,"0 - 0,01",237,
Spirodiclofen,Nội tạng ăn được của động vật có vú,1.0,"0 - 0,01",237,
Spirodiclofen,Trứng,0.01,"0 - 0,01",237,
Spirodiclofen,Các loại cải bông (bao gồm cải làn và hoa lơ),1.0,"0 - 0,01",237,
Spirodiclofen,Các loại rau ăn quả (trừ bầu bí),1.0,"0 - 0,01",237,"trừ ngô ngọt, nấm và ớt ta"
Spirodiclofen,Các loại rau bầu bí,0.2,"0 - 0,01",237,
Spirodiclofen,Các loại nho,2.0,"0 - 0,01",237,
Spirodiclofen,Hoa bia khô,15.0,"0 - 0,01",237,
Spirodiclofen,Quả kiwi,0.02,"0 - 0,01",237,(*)
Spirodiclofen,Rau ăn lá,7.0,"0 - 0,01",237,
Spirodiclofen,Rau họ đậu,1.5,"0 - 0,01",237,
Spirodiclofen,Quả vải,15.0,"0 - 0,01",237,
Spirodiclofen,Xoài,0.3,"0 - 0,01",237,
Spirodiclofen,"Thịt động vật có vú, trừ động vật có vú ở biển",0.05,"0 - 0,01",237,
Spirodiclofen,Sữa nguyên liệu,0.005,"0 - 0,01",237,
Spirodiclofen,Củ hành,0.4,"0 - 0,01",237,
Spirodiclofen,Đu đủ,0.4,"0 - 0,01",237,
Spirodiclofen,Ớt ta,2.0,"0 - 0,01",237,
Spirodiclofen,Ớt ta khô,15.0,"0 - 0,01",237,
Spirodiclofen,Quả dạng táo,0.7,"0 - 0,01",237,
Spirodiclofen,Khoai tây,0.8,"0 - 0,01",237,
Spirodiclofen,Thịt gia cầm,0.01,"0 - 0,01",237,(*)
Spirodiclofen,Nội tạng ăn được của gia cầm,0.01,"0 - 0,01",237,
Spirodiclofen,Mận khô,5.0,"0 - 0,01",237,
Spirodiclofen,Các loại đậu lăng,2.0,"0 - 0,01",237,trừ đậu tương khô
Spirodiclofen,Đậu tương (khô),4.0,"0 - 0,01",237,
Spirodiclofen,Các loại,3.0,"0 - 0,01",237,
Spirodiclofen,quả có hạt,,"0 - 0,01",237,
Spirodiclofen,Các loại quả hạch,0.5,"0 - 0,01",237,
Sulfoxaflor,Lúa mạch,0.6,"0 - 0,05",252,
Sulfoxaflor,Đậu (khô),0.3,"0 - 0,05",252,
Sulfoxaflor,Bông lơ xanh,3.0,"0 - 0,05",252,
Sulfoxaflor,Các loại bắp cải,0.4,"0 - 0,05",252,
Sulfoxaflor,Cà rốt,0.05,"0 - 0,05",252,
Sulfoxaflor,Hoa lơ,0.04,"0 - 0,05",252,
Sulfoxaflor,Cần tây,1.5,"0 - 0,05",252,
Sulfoxaflor,Hạt cây bông,0.4,"0 - 0,05",252,
Sulfoxaflor,Anh đào,1.5,"0 - 0,05",252,
Sulfoxaflor,Nho khô (gồm cả quả lý chua khô và nho khô không hạt),6.0,"0 - 0,05",252,
Sulfoxaflor,Nội tạng ăn được của động vật có vú,0.6,"0 - 0,05",252,
Sulfoxaflor,Trứng,0.1,"0 - 0,05",252,
Sulfoxaflor,Các loại rau ăn quả (trừ bầu bí),1.5,"0 - 0,05",252,trừ ngô ngọt và nấm
Sulfoxaflor,Các loại rau bầu bí,0.5,"0 - 0,05",252,
Sulfoxaflor,Tỏi,0.01,"0 - 0,05",252,(*)
Sulfoxaflor,Các loại nho,2.0,"0 - 0,05",252,
Sulfoxaflor,Rau ăn lá,6.0,"0 - 0,05",252,
Sulfoxaflor,Chanh tây và chanh ta bao gồm cả chanh yên (thanh yên),0.4,"0 - 0,05",252,
Sulfoxaflor,Mỡ động vật có vú (trừ chất béo sữa),0.1,"0 - 0,05",252,
Sulfoxaflor,Các loại quýt (gồm cả các quả lai giống quýt),0.8,"0 - 0,05",252,
Sulfoxaflor,"Thịt động vật có vú, trừ động",0.3,"0 - 0,05",252,
Sulfoxaflor,vật có vú ở biển,,"0 - 0,05",252,
Sulfoxaflor,Sữa nguyên liệu,0.2,"0 - 0,05",252,
Sulfoxaflor,Củ hành,0.01,"0 - 0,05",252,(*)
Sulfoxaflor,"Các loại cam ngọt, cam chua (gồm cả các quả lai giống cam)",0.8,"0 - 0,05",252,
Sulfoxaflor,Quả họ đào (bao gồm cả quả xuân đào và quả mơ),0.4,"0 - 0,05",252,
Sulfoxaflor,Ớt ta khô,15.0,"0 - 0,05",252,
Sulfoxaflor,Các loại mận (bao gồm cả mận khô),0.5,"0 - 0,05",252,
Sulfoxaflor,Quả dạng táo,0.3,"0 - 0,05",252,
Sulfoxaflor,Mỡ gia cầm,0.03,"0 - 0,05",252,
Sulfoxaflor,Thịt gia cầm,0.1,"0 - 0,05",252,
Sulfoxaflor,Nội tạng ăn được của gia cầm,0.3,"0 - 0,05",252,
Sulfoxaflor,Bưởi Đông Nam Á và Bưởi chùm (bao gồm các dòng lai giống bưởi ngoài giống bưởi chùm),0.15,"0 - 0,05",252,
Sulfoxaflor,Hạt cải dầu,0.15,"0 - 0,05",252,
Sulfoxaflor,Các loại rau từ rễ và củ,0.03,"0 - 0,05",252,trừ cà rốt
Sulfoxaflor,Đậu tương (khô),0.3,"0 - 0,05",252,
Sulfoxaflor,Hành hoa,0.7,"0 - 0,05",252,
Sulfoxaflor,Dâu tây,0.5,"0 - 0,05",252,
Sulfoxaflor,Lúa mì lai lúa mạch đen,0.2,"0 - 0,05",252,
Sulfoxaflor,Lúa mì,0.2,"0 - 0,05",252,
Sulfoxaflor,Cám ngũ cốc đã chế biến,0.1,"0 - 0,05",252,Po
Sulfoxaflor,Hạt ngũ cốc,0.05,"0 - 0,05",252,Po
Sulfoxaflor,Quả khô,0.06,"0 - 0,05",252,Po
Sulfoxaflor,Bột ngô,0.1,"0 - 0,05",252,Po
Sulfoxaflor,Bột ngô xay thô,0.1,"0 - 0,05",252,Po
Sulfoxaflor,Gạo đã xát vỏ,0.1,"0 - 0,05",252,Po
Sulfoxaflor,Gạo được đánh bóng,0.1,"0 - 0,05",252,Po
Sulfoxaflor,Bột lúa mạch đen,0.1,"0 - 0,05",252,Po
Sulfoxaflor,Lúa mạch đen chưa rây,0.1,"0 - 0,05",252,Po
Sulfoxaflor,Các loại quả hạch,3.0,"0 - 0,05",252,Po
Sulfoxaflor,Bột lúa mì,0.1,"0 - 0,05",252,Po
Sulfoxaflor,Mầm lúa mì,0.1,"0 - 0,05",252,Po
Sulfoxaflor,Lúa mì chưa rây,0.1,"0 - 0,05",252,Po
Tebuconazole,Táo,1.0,"0 - 0,03",189,
Tebuconazole,Quả mơ,2.0,"0 - 0,03",189,
Tebuconazole,Artiso (cả cây),0.6,"0 - 0,03",189,
Tebuconazole,Chuối,0.05,"0 - 0,03",189,
Tebuconazole,Lúa mạch,2.0,"0 - 0,03",189,
Tebuconazole,Đậu (khô),0.3,"0 - 0,03",189,
Tebuconazole,Bông lơ xanh,0.2,"0 - 0,03",189,
Tebuconazole,Cải Brussels,0.3,"0 - 0,03",189,
Tebuconazole,Các loại bắp cải,1.0,"0 - 0,03",189,
Tebuconazole,Cà rốt,0.4,"0 - 0,03",189,
Tebuconazole,Hoa lơ,0.05,"0 - 0,03",189,(*)
Tebuconazole,Anh đào,4.0,"0 - 0,03",189,
Tebuconazole,Hạt cà phê,0.1,"0 - 0,03",189,
Tebuconazole,Hạt cây bông,2.0,"0 - 0,03",189,
Tebuconazole,Dưa chuột,0.15,"0 - 0,03",189,
Tebuconazole,Nho khô (gồm cả quả lý chua khô và nho khô không hạt),7.0,"0 - 0,03",189,
Tebuconazole,Nội tạng ăn được của động vật có vú,0.2,"0 - 0,03",189,
Tebuconazole,Cà tím,0.1,"0 - 0,03",189,
Tebuconazole,Trứng,0.05,"0 - 0,03",189,(*)
Tebuconazole,Quả cây cơm cháy,1.5,"0 - 0,03",189,
Tebuconazole,Tỏi,0.1,"0 - 0,03",189,
Tebuconazole,Các loại nho,6.0,"0 - 0,03",189,
Tebuconazole,Hoa bia khô,40.0,"0 - 0,03",189,
Tebuconazole,Tỏi tây,0.7,"0 - 0,03",189,
Tebuconazole,Rau xà lách,5.0,"0 - 0,03",189,
Tebuconazole,Xoài,0.05,"0 - 0,03",189,
Tebuconazole,Thịt động vật có vú trừ động vật có vú ở biển,0.05,"0 - 0,03",189,(*)
Tebuconazole,"Các loại dưa, trừ dưa hấu",0.15,"0 - 0,03",189,
Tebuconazole,Sữa nguyên liệu,0.01,"0 - 0,03",189,(*)
Tebuconazole,Quả xuân đào,2.0,"0 - 0,03",189,
Tebuconazole,Yến mạch,2.0,"0 - 0,03",189,
Tebuconazole,Quả ôliu,0.05,"0 - 0,03",189,(*)
Tebuconazole,Củ hành,0.1,"0 - 0,03",189,
Tebuconazole,Đu đủ,2.0,"0 - 0,03",189,
Tebuconazole,Chanh leo,0.1,"0 - 0,03",189,
Tebuconazole,Quả đào,2.0,"0 - 0,03",189,
Tebuconazole,Hạt lạc,0.15,"0 - 0,03",189,
Tebuconazole,Lê,1.0,"0 - 0,03",189,
Tebuconazole,Ớt ta khô,10.0,"0 - 0,03",189,
Tebuconazole,Ớt ngọt (gồm cả ớt ngọt Pimento),1.0,"0 - 0,03",189,
Tebuconazole,Các loại mận (bao gồm cả mận khô),1.0,"0 - 0,03",189,trừ mận khô
Tebuconazole,Thịt gia cầm,0.05,"0 - 0,03",189,(*)
Tebuconazole,Nội tạng ăn được của gia cầm,0.05,"0 - 0,03",189,(*)
Tebuconazole,Mận khô,3.0,"0 - 0,03",189,
Tebuconazole,Hạt cải dầu,0.3,"0 - 0,03",189,
Tebuconazole,Gạo,1.5,"0 - 0,03",189,
Tebuconazole,Lúa mạch đen,0.15,"0 - 0,03",189,
Tebuconazole,Đậu tương (khô),0.15,"0 - 0,03",189,
Tebuconazole,Bí mùa hè,0.2,"0 - 0,03",189,
Tebuconazole,Ngô ngọt (nguyên bắp),0.6,"0 - 0,03",189,
Tebuconazole,Cà chua,0.7,"0 - 0,03",189,
Tebuconazole,Các loại quả hạch,0.05,"0 - 0,03",189,(*)
Tebuconazole,Lúa mì lai lúa mạch đen,0.15,"0 - 0,03",189,
Tebuconazole,Lúa mì,0.15,"0 - 0,03",189,
Tebufenozide,Hạnh nhân,0.05,"0 - 0,02",196,
Tebufenozide,Quả bơ,1.0,"0 - 0,02",196,
Tebufenozide,Quả việt quất xanh (sim Mỹ),3.0,"0 - 0,02",196,
Tebufenozide,Bông lơ xanh,0.5,"0 - 0,02",196,
Tebufenozide,Các loại bắp cải,5.0,"0 - 0,02",196,
Tebufenozide,Sữa gia súc,0.05,"0 - 0,02",196,
Tebufenozide,Quả có múi thuộc họ cam quýt,2.0,"0 - 0,02",196,
Tebufenozide,Quả nam việt quất,0.5,"0 - 0,02",196,
Tebufenozide,Nho khô (gồm cả quả lý chua khô và nho khô không hạt),2.0,"0 - 0,02",196,
Tebufenozide,Nội tạng ăn được của động vật có vú,0.02,"0 - 0,02",196,(*)
Tebufenozide,Trứng,0.02,"0 - 0,02",196,(*)
Tebufenozide,Các loại nho,2.0,"0 - 0,02",196,
Tebufenozide,Quả kiwi,0.5,"0 - 0,02",196,
Tebufenozide,Rau ăn lá,10.0,"0 - 0,02",196,
Tebufenozide,"Thịt động vật có vú, trừ động vật có vú ở biển",0.05,"0 - 0,02",196,(fat)
Tebufenozide,Sữa nguyên liệu,0.01,"0 - 0,02",196,(*)
Tebufenozide,Các loại bạc hà,20.0,"0 - 0,02",196,
Tebufenozide,Quả xuân đào,0.5,"0 - 0,02",196,
Tebufenozide,Quả đào,0.5,"0 - 0,02",196,
Tebufenozide,Quả hồ đào Pecan,0.01,"0 - 0,02",196,(*)
Tebufenozide,Các loại ớt,1.0,"0 - 0,02",196,
Tebufenozide,Ớt ta khô,10.0,"0 - 0,02",196,
Tebufenozide,Quả dạng táo,1.0,"0 - 0,02",196,
Tebufenozide,Thịt gia cầm,0.02,"0 - 0,02",196,(*)
Tebufenozide,Hạt cải dầu,2.0,"0 - 0,02",196,
Tebufenozide,Quả mâm xôi (phúc bồn tử/ngấy hương/dâ u rừng) đen và đỏ,2.0,"0 - 0,02",196,
Tebufenozide,Gạo đã xát vỏ,0.1,"0 - 0,02",196,
Tebufenozide,Mía,1.0,"0 - 0,02",196,
Tebufenozide,Cà chua,1.0,"0 - 0,02",196,
Tebufenozide,Các loại quả óc chó,0.05,"0 - 0,02",196,
Tecnazene,Khoai tây,20.0,"0,02",115,Được rửa trước khi phân tích; Po
Teflubenzuron,Cải Brussels,0.5,"0,01",190,
Teflubenzuron,Các loại bắp cải,0.2,"0,01",190,
Teflubenzuron,Các loại mận (bao gồm cả mận khô),0.1,"0,01",190,
Teflubenzuron,Quả dạng táo,1.0,"0,01",190,
Teflubenzuron,Khoai tây,0.05,"0,01",190,(*)
Terbufos,Chuối,0.05,"0 - 0,0006",167,
Terbufos,Hạt cà phê,0.05,"0 - 0,0006",167,(*)
Terbufos,Nội tạng ăn được của động vật có vú,0.05,"0 - 0,0006",167,(*)
Terbufos,Trứng,0.01,"0 - 0,0006",167,(*)
Terbufos,Ngô,0.01,"0 - 0,0006",167,(*)
Terbufos,"Thịt động vật có vú, trừ động vật có vú ở biển",0.05,"0 - 0,0006",167,(*)
Terbufos,Sữa nguyên liệu,0.01,"0 - 0,0006",167,(*)
Terbufos,Thịt gia cầm,0.05,"0 - 0,0006",167,(*)
Terbufos,Nội tạng ăn được của gia cầm,0.05,"0 - 0,0006",167,(*)
Terbufos,Lúa miến,0.01,"0 - 0,0006",167,(*)
Terbufos,Củ cải đường,0.02,"0 - 0,0006",167,
Terbufos,Ngô ngọt (nguyên bắp),0.01,"0 - 0,0006",167,
Terbufos,Chuối,5.0,"0 - 0,0006",167,Po
Terbufos,Thận gia súc,1.0,"0 - 0,0006",167,
Terbufos,Gan gia súc,0.3,"0 - 0,0006",167,
Terbufos,Thịt gia súc,0.1,"0 - 0,0006",167,
Terbufos,Sữa gia súc,0.2,"0 - 0,0006",167,
Terbufos,Quả có múi thuộc họ cam quýt,7.0,"0 - 0,0006",167,Po
Terbufos,Trứng,0.1,"0 - 0,0006",167,
Terbufos,Xoài,5.0,"0 - 0,0006",167,Po
Terbufos,Nấm,60.0,"0 - 0,0006",167,
Terbufos,Đu đủ,10.0,"0 - 0,0006",167,Po
Terbufos,Quả dạng táo,3.0,"0 - 0,0006",167,Po
Terbufos,Khoai tây,15.0,"0 - 0,0006",167,Po
Terbufos,Thịt gia cầm,0.05,"0 - 0,0006",167,
Terbufos,Rau diếp,0.05,"0 - 0,0006",167,(*)
Terbufos,xoăn,,"0 - 0,0006",167,
Thiacloprid,Các loại quả mọng và quả nhỏ khác,1.0,"0 - 0,01",223,
Thiacloprid,Hạt cây bông,0.02,"0 - 0,01",223,(*)
Thiacloprid,Dưa chuột,0.3,"0 - 0,01",223,
Thiacloprid,Nội tạng ăn được của động vật có vú,0.5,"0 - 0,01",223,
Thiacloprid,Cà tím,0.7,"0 - 0,01",223,
Thiacloprid,Trứng,0.02,"0 - 0,01",223,(*)
Thiacloprid,Quả kiwi,0.2,"0 - 0,01",223,
Thiacloprid,"Thịt động vật có vú, trừ động vật có vú ở biển",0.1,"0 - 0,01",223,
Thiacloprid,"Các loại dưa, trừ dưa hấu",0.2,"0 - 0,01",223,
Thiacloprid,Sữa nguyên liệu,0.05,"0 - 0,01",223,
Thiacloprid,Hạt mù tạc,0.5,"0 - 0,01",223,
Thiacloprid,Ớt ngọt (gồm cả ớt ngọt Pimento),1.0,"0 - 0,01",223,
Thiacloprid,Quả dạng táo,0.7,"0 - 0,01",223,
Thiacloprid,Khoai tây,0.02,"0 - 0,01",223,(*)
Thiacloprid,Thịt gia cầm,0.02,"0 - 0,01",223,(*)
Thiacloprid,Nội tạng ăn được của gia cầm,0.02,"0 - 0,01",223,(*)
Thiacloprid,Hạt cải dầu,0.5,"0 - 0,01",223,
Thiacloprid,Gạo,0.02,"0 - 0,01",223,(*)
Thiacloprid,Bí mùa hè,0.3,"0 - 0,01",223,
Thiacloprid,Các loại quả có hạt,0.5,"0 - 0,01",223,
Thiacloprid,Cà chua,0.5,"0 - 0,01",223,
Thiacloprid,Các loại quả hạch,0.02,"0 - 0,01",223,
Thiacloprid,Dưa hấu,0.2,"0 - 0,01",223,
Thiacloprid,Lúa mì,0.1,"0 - 0,01",223,
Thiacloprid,Bí mùa đông,0.2,"0 - 0,01",223,
Thiamethoxam,Artiso (cả,0.5,"0 - 0,08",245,
Thiamethoxam,cây),,"0 - 0,08",245,
Thiamethoxam,Quả bơ,0.5,"0 - 0,08",245,
Thiamethoxam,Chuối,0.02,"0 - 0,08",245,(*)
Thiamethoxam,Lúa mạch,0.4,"0 - 0,08",245,
Thiamethoxam,Đậu đỗ các loại (trừ đậu tằm và đậu tương),0.3,"0 - 0,08",245,
Thiamethoxam,Các loại quả mọng và quả nhỏ khác,0.5,"0 - 0,08",245,
Thiamethoxam,"Các loại rau họ bắp cải, cải bắp cải bông",5.0,"0 - 0,08",245,
Thiamethoxam,Hạt cacao,0.02,"0 - 0,08",245,(*)
Thiamethoxam,Cần tây,1.0,"0 - 0,08",245,
Thiamethoxam,Quả có múi thuộc họ cam quýt,0.5,"0 - 0,08",245,
Thiamethoxam,Hạt cà phê,0.2,"0 - 0,08",245,
Thiamethoxam,Nội tạng ăn được của động vật có vú,0.01,"0 - 0,08",245,(*)
Thiamethoxam,Trứng,0.01,"0 - 0,08",245,(*)
Thiamethoxam,Các loại rau ăn quả (trừ bầu bí),0.7,"0 - 0,08",245,
Thiamethoxam,Các loại rau bầu bí,0.5,"0 - 0,08",245,
Thiamethoxam,Hoa bia khô,0.09,"0 - 0,08",245,
Thiamethoxam,Rau ăn lá,3.0,"0 - 0,08",245,
Thiamethoxam,Rau họ đậu,0.01,"0 - 0,08",245,(*)
Thiamethoxam,Ngô,0.05,"0 - 0,08",245,
Thiamethoxam,Xoài,0.2,"0 - 0,08",245,
Thiamethoxam,"Thịt động vật có vú, trừ động vật có vú ở biển",0.02,"0 - 0,08",245,
Thiamethoxam,Sữa nguyên liệu,0.05,"0 - 0,08",245,
Thiamethoxam,Các loại bạc hà,1.5,"0 - 0,08",245,
Thiamethoxam,Hạt có dầu,0.02,"0 - 0,08",245,(*)
Thiamethoxam,Đu đủ,0.01,"0 - 0,08",245,(*)
Thiamethoxam,Quả hồ đào Pecan,0.01,"0 - 0,08",245,(*)
Thiamethoxam,Ớt ta khô,7.0,"0 - 0,08",245,
Thiamethoxam,Dứa,0.01,"0 - 0,08",245,(*)
Thiamethoxam,Quả dạng táo,0.3,"0 - 0,08",245,
Thiamethoxam,Bỏng ngô,0.01,"0 - 0,08",245,(*)
Thiamethoxam,Thịt gia cầm,0.01,"0 - 0,08",245,(*)
Thiamethoxam,Nội tạng ăn được của gia cầm,0.01,"0 - 0,08",245,(*)
Thiamethoxam,Các loại đậu lăng,0.04,"0 - 0,08",245,
Thiamethoxam,Các loại rau từ rễ và củ,0.3,"0 - 0,08",245,
Thiamethoxam,Các loại quả có hạt,1.0,"0 - 0,08",245,
Thiamethoxam,Ngô ngọt (nguyên bắp),0.01,"0 - 0,08",245,(*)
Thiamethoxam,"Trà xanh, đen",20.0,"0 - 0,08",245,
Thiamethoxam,Lúa mì,0.05,"0 - 0,08",245,
Tolelofos-Methyl,Rau xà lách,2.0,"0,07",191,
Tolelofos-Methyl,Lá rau diếp,2.0,"0,07",191,
Tolelofos-Methyl,Khoai tây,0.2,"0,07",191,
Tolelofos-Methyl,Củ cải ri/ Củ cải,0.1,"0,07",191,
Tolelofos-Methyl,Dưa chuột,1.0,"0,07",191,
Tolelofos-Methyl,"Quả lý chua đen, quả lý chua đỏ, quả lý chua trắng",0.5,"0,07",191,
Tolelofos-Methyl,Các loại nho,3.0,"0,07",191,
Tolelofos-Methyl,Hoa bia khô,50.0,"0,07",191,
Tolelofos-Methyl,Tỏi tây,2.0,"0,07",191,
Tolelofos-Methyl,Rau xà lách,15.0,"0,07",191,
Tolelofos-Methyl,Ớt ta khô,20.0,"0,07",191,
Tolelofos-Methyl,Ớt ngọt (gồm cả ớt ngọt Pimento),2.0,"0,07",191,
Tolelofos-Methyl,Quả dạng táo,5.0,"0,07",191,
Tolelofos-Methyl,Quả mâm xôi (phúc bồn tử/ngấy hương/dâ u rừng) đen và đỏ,5.0,"0,07",191,
Tolelofos-Methyl,Dâu tây,5.0,"0,07",191,
Tolelofos-Methyl,Cà chua,3.0,"0,07",191,
Tolelofos-Methyl,Artiso (cả cây),0.7,"0,07",191,(5)
Tolelofos-Methyl,Chuối,1.0,"0,07",191,(5)
Tolelofos-Methyl,Hạt ngũ cốc,0.2,"0,07",191,trừ ngô và gạo; (6)
Tolelofos-Methyl,Hạt cà phê,0.5,"0,07",191,(5)
Tolelofos-Methyl,"Quả lý chua đen, quả lý chua đỏ, quả lý chua trắng",0.7,"0,07",191,(5)
Tolelofos-Methyl,Nho khô (gồm cả quả lý chua khô và nho khô không hạt),1.0,"0,07",191,(5)
Tolelofos-Methyl,Nội tạng ăn được của động vật có vú,0.01,"0,07",191,"(6), (*)"
Tolelofos-Methyl,Trứng,0.01,"0,07",191,"(6), (*)"
Tolelofos-Methyl,Các loại rau ăn quả (trừ bầu bí),1.0,"0,07",191,trừ nấm và ngô ngọt; (6)
Tolelofos-Methyl,Các loại rau bầu bí,0.2,"0,07",191,(5)
Tolelofos-Methyl,Các loại nho,0.3,"0,07",191,(5)
Tolelofos-Methyl,"Thịt động vật có vú, trừ động vật có vú",0.02,"0,07",191,(6)
Tolelofos-Methyl,ở biển,,"0,07",191,
Tolelofos-Methyl,Sữa nguyên liệu,0.01,"0,07",191,"(6), (*)"
Tolelofos-Methyl,Ớt ta khô,5.0,"0,07",191,(6)
Tolelofos-Methyl,Dứa,5.0,"0,07",191,"(5), Po"
Tolelofos-Methyl,Thịt gia cầm,0.01,"0,07",191,"(6), (*)"
Tolelofos-Methyl,Nội tạng ăn được của gia cầm,0.01,"0,07",191,"(6), (*)"
Tolelofos-Methyl,Dâu tây,0.7,"0,07",191,(5)
Tolelofos-Methyl,Củ cải đường,0.05,"0,07",191,"(5), (*)"
Tolelofos-Methyl,Artiso (cả cây),0.7,"0,07",191,
Tolelofos-Methyl,Chuối,1.0,"0,07",191,
Tolelofos-Methyl,Hạt ngũ cốc,0.2,"0,07",191,trừ ngô và gạo
Tolelofos-Methyl,Hạt cà phê,0.5,"0,07",191,
Tolelofos-Methyl,"Quả lý chua đen, quả lý chua đỏ, quả lý chua trắng",0.7,"0,07",191,
Tolelofos-Methyl,Nho khô (gồm cả quả lý chua khô và nho khô không hạt),1.0,"0,07",191,(5)
Tolelofos-Methyl,Nội tạng ăn được của động vật có vú,0.01,"0,07",191,(*)
Tolelofos-Methyl,Trứng,0.01,"0,07",191,(*)
Tolelofos-Methyl,Các loại rau ăn quả (trừ bầu bí),1.0,"0,07",191,trừ nấm và ngô ngọt
Tolelofos-Methyl,Các loại rau bầu bí,0.2,"0,07",191,
Tolelofos-Methyl,Các loại nho,0.3,"0,07",191,
Tolelofos-Methyl,"Thịt động vật có vú, trừ động vật có vú ở biển",0.02,"0,07",191,
Tolelofos-Methyl,Sữa nguyên liệu,0.01,"0,07",191,(*) F
Tolelofos-Methyl,Ớt ta khô,5.0,"0,07",191,
Tolelofos-Methyl,Dứa,5.0,"0,07",191,Po
Tolelofos-Methyl,Thịt gia cầm,0.01,"0,07",191,(*)
Tolelofos-Methyl,Nội tạng ăn được của gia cầm,0.01,"0,07",191,(*)
Tolelofos-Methyl,Dâu tây,0.7,"0,07",191,
Tolelofos-Methyl,Củ cải đường,0.05,"0,07",191,(*)
Triazophos,Hạt cây bông,0.2,"0 - 0,001",143,
Triazophos,Dầu hạt bông thô,1.0,"0 - 0,001",143,
Triazophos,Gạo được đánh bóng,0.6,"0 - 0,001",143,
Triazophos,Đậu tương (hạt non),0.5,"0 - 0,001",143,
Triazophos,Đậu tương (quả non),1.0,"0 - 0,001",143,
Triazophos,Các loại gia vị từ quả và quả mọng,0.07,"0 - 0,001",143,
Triazophos,Các loại gia vị từ củ và thân rễ,0.1,"0 - 0,001",143,
Triazophos,Đậu đũa Yardlong,0.4,"0 - 0,001",143,(7)
Triazophos,Chuối,0.05,"0 - 0,001",143,
Triazophos,Lúa mạch,0.5,"0 - 0,001",143,
Triazophos,Cải Brussels,0.1,"0 - 0,001",143,
Triazophos,Các loại bắp cải,0.5,"0 - 0,001",143,
Triazophos,Cà rốt,0.1,"0 - 0,001",143,
Triazophos,Cần tây,1.0,"0 - 0,001",143,
Triazophos,Quả có múi thuộc họ cam quýt,0.5,"0 - 0,001",143,
Triazophos,Nho khô (gồm cả quả lý chua khô và nho khô không hạt),5.0,"0 - 0,001",143,
Triazophos,Cà tím,0.7,"0 - 0,001",143,
Triazophos,Trứng,0.04,"0 - 0,001",143,(*)
Triazophos,Các loại,0.5,"0 - 0,001",143,
Triazophos,cải bông (bao gồm cải làn và hoa lơ),,"0 - 0,001",143,
Triazophos,Các loại rau bầu bí,0.3,"0 - 0,001",143,
Triazophos,Các loại nho,3.0,"0 - 0,001",143,
Triazophos,Hoa bia khô,40.0,"0 - 0,001",143,
Triazophos,"Thận của gia súc, dê, lợn và cừu",0.04,"0 - 0,001",143,(*)
Triazophos,Tỏi tây,0.7,"0 - 0,001",143,
Triazophos,Rau xà lách,15.0,"0 - 0,001",143,
Triazophos,"Gan của gia súc, dê, lợn và cừu",0.05,"0 - 0,001",143,
Triazophos,Ngô,0.02,"0 - 0,001",143,
Triazophos,"Thịt động vật có vú, trừ động vật có vú ở biển",0.05,"0 - 0,001",143,(fat)
Triazophos,Sữa nguyên liệu,0.02,"0 - 0,001",143,(*)
Triazophos,Dầu oliu tinh luyện,1.2,"0 - 0,001",143,
Triazophos,Dầu oliu nguyên chất,0.9,"0 - 0,001",143,
Triazophos,Quả ôliu,0.3,"0 - 0,001",143,
Triazophos,Đu đủ,0.6,"0 - 0,001",143,
Triazophos,Hạt lạc,0.02,"0 - 0,001",143,(*)
Triazophos,Ớt ngọt (gồm cả ớt ngọt Pimento),0.3,"0 - 0,001",143,
Triazophos,Quả dạng táo,0.7,"0 - 0,001",143,
Triazophos,Khoai tây,0.02,"0 - 0,001",143,(*)
Triazophos,Thịt gia cầm,0.04,"0 - 0,001",143,"(*), (fat)"
Triazophos,Nội tạng ăn được của gia cầm,0.04,"0 - 0,001",143,(*)
Triazophos,Củ cải ri/ Củ cải,0.08,"0 - 0,001",143,
Triazophos,Lá củ cải (gồm cả lá cây họ cải),15.0,"0 - 0,001",143,
Triazophos,Gạo,5.0,"0 - 0,001",143,
Triazophos,Cám gạo chưa chế biến,7.0,"0 - 0,001",143,
Triazophos,Các loại quả có hạt,3.0,"0 - 0,001",143,
Triazophos,Dâu tây,1.0,"0 - 0,001",143,
Triazophos,Củ cải đường,0.05,"0 - 0,001",143,
Triazophos,Mật củ cải đường,0.1,"0 - 0,001",143,
Triazophos,Cà chua,0.7,"0 - 0,001",143,
Triazophos,Các loại quả hạch,0.02,"0 - 0,001",143,(*)
Triazophos,Lúa mì,0.2,"0 - 0,001",143,
Triazophos,Cám lúa mì chưa chế biến,0.5,"0 - 0,001",143,
Triflumizole,Anh đào,4.0,"0 - 0,04",270,
Triflumizole,Dưa chuột,0.5,"0 - 0,04",270,
Triflumizole,Nội tạng ăn được của động vật có vú,0.1,"0 - 0,04",270,
Triflumizole,Các loại nho,3.0,"0 - 0,04",270,
Triflumizole,Hoa bia khô,30.0,"0 - 0,04",270,
Triflumizole,Mỡ động vật có vú (trừ chất béo sữa),0.02,"0 - 0,04",270,
Triflumizole,"Thịt động vật có vú, trừ động vật có vú ở biển",0.03,"0 - 0,04",270,(fat)
Triflumizole,Sữa nguyên liệu,0.02,"0 - 0,04",270,(*)
Triflumizole,Đu đủ,2.0,"0 - 0,04",270,
Triflumizole,Nội tạng ăn được của động vật có vú,0.01,"0 - 0,04",270,(*)
Triflumizole,Cà tím,1.0,"0 - 0,04",270,
Triflumizole,Mỡ động vật có vú (trừ chất béo sữa),0.01,"0 - 0,04",270,(*)
Triflumizole,"Thịt động vật có vú,",0.01,"0 - 0,04",270,(*)
Triflumizole,trừ động vật có vú ở biển,,"0 - 0,04",270,
Triflumizole,Sữa nguyên liệu,0.01,"0 - 0,04",270,(*)
Triflumizole,Cà chua,0.7,"0 - 0,04",270,
Trinexapac-ethyl,Lúa mạch,3.0,"0 - 0,3",271,
Trinexapac-ethyl,"Cám lúa mạch, đã chế biến",6.0,"0 - 0,3",271,
Trinexapac-ethyl,Nội tạng ăn được của động vật có vú,0.1,"0 - 0,3",271,
Trinexapac-ethyl,Trứng,0.01,"0 - 0,3",271,(*)
Trinexapac-ethyl,Mỡ động vật có vú (trừ chất béo sữa),0.01,"0 - 0,3",271,(*)
Trinexapac-ethyl,"Thịt động vật có vú, trừ động vật có vú ở biển",0.01,"0 - 0,3",271,(*)
Trinexapac-ethyl,Sữa nguyên liệu,0.005,"0 - 0,3",271,(*)
Trinexapac-ethyl,Yến mạch,3.0,"0 - 0,3",271,
Trinexapac-ethyl,Mỡ gia cầm,0.01,"0 - 0,3",271,(*)
Trinexapac-ethyl,Thịt gia cầm,0.01,"0 - 0,3",271,(*)
Trinexapac-ethyl,Nội tạng ăn được của gia cầm,0.05,"0 - 0,3",271,
Trinexapac-ethyl,Hạt cải dầu,1.5,"0 - 0,3",271,
Trinexapac-ethyl,Mía,0.5,"0 - 0,3",271,
Trinexapac-ethyl,Lúa mì lai lúa mạch đen,3.0,"0 - 0,3",271,
Trinexapac-ethyl,Lúa mì,3.0,"0 - 0,3",271,
Trinexapac-ethyl,Cám lúa mì chưa chế biến,8.0,"0 - 0,3",271,
Vinclozolin,Các loại gia vị,0.05,"0,01",159,(*)
Zoxamide,Nho khô (gồm cả quả lý chua khô và nho khô không,15.0,"0 - 0,5",227,
Zoxamide,hạt),,"0 - 0,5",227,
Zoxamide,Các loại rau bầu bí,2.0,"0 - 0,5",227,
Zoxamide,Các loại nho,5.0,"0 - 0,5",227,
Zoxamide,Khoai tây,0.02,"0 - 0,5",227,
Zoxamide,Cà chua,2.0,"0 - 0,5",227,
