Tên thương phẩm,Hoạt chất,Nhóm,Công ty đăng ký,Cây trồng,Dịch hại,Ghi chú sửa đổi
Ababetter 5EC,Abamectin (min 90%),Thuốc trừ sâu,Công ty TNHH MTV Lucky,lúa; quýt,nhện đỏ; sâu cuốn lá,
Abacare 5EW,Abamectin (min 90%),Thuốc trừ sâu,Công ty CP ACE Biochem Việt Nam,cam; chè,nhện đỏ,
Abafax 1.8EC,Abamectin (min 90%),Thuốc trừ sâu,Công ty TNHH SX - TM Tô Ba,chè; lúa,bọ cánh tơ; sâu cuốn lá; sâu đục thân,
Abagold 65EC,Abamectin (min 90%),Thuốc trừ sâu,Công ty TNHH thuốc BVTV Mekong,cam; chè; lúa,bọ trĩ; nhện gié; nhện đỏ; sâu cuốn lá,
Abagro 4.0EC,Abamectin (min 90%),Thuốc trừ sâu,Asiagro Pacific Ltd,cam; chè; cà chua; cải bắp; dưa hấu; lúa; lạc,bọ trĩ; nhện đỏ; sâu cuốn lá; sâu tơ; sâu vẽ bùa; sâu xanh,
"Abakill 3.6EC, 10WP",Abamectin (min 90%),Thuốc trừ sâu,Công ty TNHH TM DV Nông Hưng,cam; dưa hấu; lúa; rầy; xoài,bọ trĩ; nâu; rầy nâu; sâu cuốn lá; sâu vẽ bùa,
Abamec-MQ 50EC,Abamectin (min 90%),Thuốc trừ sâu,Công ty CP Sunseaco Việt Nam,chè; lạc; nhện,sâu khoang; đỏ,
"Abamine 3.6EC, 5WG",Abamectin (min 90%),Thuốc trừ sâu,Công ty CP Thanh Điền,bắp cải; bọ; cam; dưa hấu; lúa; nhện; sâu; sâu đục; điều; đậu tương,bọ xít muỗi; ngọn; nhện gié; sâu cuốn lá; sâu tơ; trĩ; tơ; xanh; đỏ,
Aba-navi 4.0EC,Abamectin (min 90%),Thuốc trừ sâu,Công ty CP Khử trùng Nam Việt,lúa,nhện gié,
Abapro 5.8EC,Abamectin (min 90%),Thuốc trừ sâu,Sundat (S) Pte Ltd,cam; chè; lúa; nhện; sâu cuốn,lá; rầy xanh; đỏ,
Abasuper 1.8EC,Abamectin (min 90%),Thuốc trừ sâu,Công ty TNHH Phú Nông,bắp cải; cam; cà chua; lúa; xoài; đậu tương,bọ trĩ; bọ xít; dòi đục lá; nhện gié; nhện đỏ; rầy bông; rầy chổng cánh; rầy nâu; rệp muội; sâu cuốn lá; sâu tơ; sâu vẽ bùa; sâu ăn bông; sâu đục thân,
Aba thai 5.4EC,Abamectin (min 90%),Thuốc trừ sâu,Công ty TNHH Thuốc BVTV Đồng Vàng,cam; lúa; xoài,nhện; rầy nâu; sâu cuốn lá; sâu vẽ bùa,
Abatimec 3.6EC,Abamectin (min 90%),Thuốc trừ sâu,Công ty CP Đồng Xanh,cam; dưa hấu; lúa,bọ trĩ; nhện gié; nhện đỏ; sâu cuốn lá,
Abatin 5.4 EC,Abamectin (min 90%),Thuốc trừ sâu,Map Pacific Pte Ltd,bắp cải; cà chua; dưa chuột; dưa hấu; lúa; lạc,bọ trĩ; dòi đục lá; sâu cuốn lá; sâu tơ; sâu xanh da láng; sâu xanh ăn lá,
Abatox 3.6EC,Abamectin (min 90%),Thuốc trừ sâu,Công ty TNHH Hóa nông Á Châu Hà Nội,bắp cải; cam; chè; cà chua; lúa; xoài; đậu tương,bọ trĩ; bọ xít; dòi đục lá; nhện gié; nhện đỏ; rầy bông; rầy chổng cánh; rầy nâu; rầy xanh; rệp muội; sâu cuốn lá; sâu tơ; sâu vẽ bùa; sâu ăn bông; sâu đục thân,
Abavua 36EC,Abamectin (min 90%),Thuốc trừ sâu,Công ty TNHH CEC Việt Nam,lúa,sâu cuốn lá,
Abavec super 5.5EC,Abamectin (min 90%),Thuốc trừ sâu,Công ty TNHH TM Tân Thành,bắp cải; lúa; xoài,bọ trĩ; nhện gié; rầy bông; rầy nâu; sâu cuốn lá; sâu tơ,
Abekal 3.6EC,Abamectin (min 90%),Thuốc trừ sâu,Công ty TNHH Vật tư NN Phương Đông,lúa,rầy nâu; sâu cuốn lá,
Abinsec 1.8EC,Abamectin (min 90%),Thuốc trừ sâu,"Shandong Weifang Rainbow Chemical Co., Ltd",lúa,sâu cuốn lá,
Abvertin 3.6EC,Abamectin (min 90%),Thuốc trừ sâu,Công ty TNHH Hóa Nông Lúa Vàng,cam; lúa; lạc,nhện gié; sâu cuốn lá; sâu khoang; sâu vẽ bùa,
Aceny 3.6EC,Abamectin (min 90%),Thuốc trừ sâu,Công ty TNHH TM và SX Ngọc Yến,cam; lúa,nhện gié; nhện đỏ; rầy chổng cánh; rầy nâu; sâu cuốn lá; sâu vẽ bùa,
"Acimetin 5EC, 100WG",Abamectin (min 90%),Thuốc trừ sâu,Công ty TNHH Hóa sinh Á Châu,bọ xít; chè; lúa; sâu cuốn,lá; muỗi; rầy nâu,
Agbamex 5EC,Abamectin (min 90%),Thuốc trừ sâu,Công ty CP Global Farm,bắp cải; lúa,bọ trĩ; sâu cuốn lá; sâu tơ; sâu xanh; sâu đục bẹ,
"Agromectin 1.8 EC, 5.0WG",Abamectin (min 90%),Thuốc trừ sâu,Công ty TNHH Nam Bắc,bắp cải; bọ; cải; cải thảo; lúa; sâu; sâu xanh bướm; súp lơ,nhảy; nhện gié; trắng; tơ; xanh,
Agrovertin 50EC,Abamectin (min 90%),Thuốc trừ sâu,Công ty TNHH Việt Hoá Nông,bắp cải; cam; cà chua; dưa hấu; lúa; sâu cuốn; sâu vẽ,bùa; bọ trĩ; lá; nhện đỏ; sâu tơ,
"Akka 3.6EC, 22.2WP",Abamectin (min 90%),Thuốc trừ sâu,"Eastchem Co., Ltd",bắp cải; cà chua; cải bắp; dưa hấu; lúa,bọ trĩ; nhện gié; rầy nâu; sâu cuốn lá; sâu cuốn lá nhỏ; sâu tơ; sâu xanh; tơ,
Alfatin 18 EC,Abamectin (min 90%),Thuốc trừ sâu,Công ty TNHH Alfa (Sài gòn),bắp cải; lúa; sâu cuốn,lá; sâu tơ,
Alibaba 6.0EC,Abamectin (min 90%),Thuốc trừ sâu,Công ty TNHH TM Thái Nông,bắp cải; lúa; lạc; sâu,bọ trĩ; khoang; nhện gié; rầy nâu; sâu cuốn lá; sâu tơ,
Amazin’s 3.6EC,Abamectin (min 90%),Thuốc trừ sâu,Công ty CP Lion Agrevo,bắp cải; bọ trĩ; lúa; sâu cuốn,lá; sâu tơ,
Amectinaic 36EC,Abamectin (min 90%),Thuốc trừ sâu,Công ty CP Hoá chất Nông nghiệp và Công nghiệp AIC,bắp cải; lúa; nhãn; nhện lông,bọ trĩ; nhung; nhện gié; rầy nâu; sâu cuốn lá; sâu tơ; sâu xanh; sâu đục bẹ,
"AMETINannong 5.55EC, 10WP",Abamectin (min 90%),Thuốc trừ sâu,Công ty TNHH An Nông,bắp cải; cà chua; dưa hấu; lúa; đậu tương,bọ trĩ; nhện gié; rầy nâu; sâu cuốn lá; sâu phao; sâu phao đục bẹ; sâu tơ; sâu xanh,
"Anb40 Super 1.8EC, 22.2WP",Abamectin (min 90%),Thuốc trừ sâu,Công ty TNHH MTV Gold Ocean,bắp cải; bọ trĩ; chè; cà chua; dưa hấu; lúa; nhện gié; rầy nâu; sâu phao; sâu phao sâu đục; đậu tương,bẹ; bọ trĩ; nhện gié; nhện đỏ; rầy nâu; sâu cuốn lá; sâu phao đục bẹ; sâu tơ; sâu xanh; sâu xanh da láng,
"Andomec 5EC, 5WP",Abamectin (min 90%),Thuốc trừ sâu,Công ty CP XNK Nông dược Hoàng Ân,bắp cải; cà phê; lúa; nhãn; rau cải; rầy; rệp; sâu; sâu xanh da; xoài,bông; lá; láng; nhện lông nhung; sáp; sâu đục bẹ; tơ,
Ankamec 3.6EC,Abamectin (min 90%),Thuốc trừ sâu,Công ty CP Bell,lúa,sâu cuốn lá,
Aremec 45EC,Abamectin (min 90%),Thuốc trừ sâu,Công ty CP Quốc tế Hòa Bình,bắp cải; lúa,bọ trĩ; nhện gié; rầy nâu; sâu cuốn lá; sâu tơ; sâu đục bẹ; sâu đục thân,
Azimex 40EC,Abamectin (min 90%),Thuốc trừ sâu,Asiatic Agricultural Industries Pte Ltd,bắp cải; cam; chè; cà chua; cà phê; cải bó xôi; dưa hấu; lúa; lạc; nho; nhãn; rau cải; điều,bọ trĩ; bọ xít muỗi; nhện gié; nhện đỏ; ruồi hại lá; rệp sáp; sâu cuốn lá; sâu khoang; sâu phao đục bẹ; sâu tơ; sâu vẽ bùa; sâu xanh; sâu xanh da láng,
B40 Super 3.6EC,Abamectin (min 90%),Thuốc trừ sâu,Công ty TNHH TM DV Tấn Hưng,bắp cải; cam; dưa hấu; lúa; đậu xanh,bọ trĩ; nhện gié; nhện đỏ; sâu cuốn lá; sâu phao; sâu tơ; sâu xanh,
"Bamectin 5.55EC, 22.2WG",Abamectin (min 90%),Thuốc trừ sâu,Công ty TNHH TM - SX Phước Hưng,bắp cải; cam; chôm chôm; lúa; sầu riêng,bọ nhảy; sâu cuốn lá; sâu tơ; sâu vẽ bùa; sâu xanh bướm trắng; sâu ăn lá; sâu đục thân,
Binhtox 3.8EC,Abamectin (min 90%),Thuốc trừ sâu,"Bailing Agrochemical Co., Ltd",bông xoài; cam; dưa hấu; lúa; đậu tương,bọ trĩ; nhện gié; nhện đỏ; rầy; sâu cuốn lá; sâu đục quả,
Brightin 4.0EC,Abamectin (min 90%),Thuốc trừ sâu,Công ty CP Hợp Trí Summit,bắp cải; cam; cà chua; dưa hấu; lúa; lạc; đậu tương,bọ trĩ; dòi đục lá; nhện gié; nhện đỏ; sâu cuốn lá; sâu khoang; sâu tơ; sâu vẽ bùa; sâu xanh da láng; sâu đục quả,
BN-Tegosuper 5SC,Abamectin (min 90%),Thuốc trừ sâu,Công ty CP Bảo Nông Việt,hồ tiêu,tuyến trùng,
Bnongduyen 4.0EC,Abamectin (min 90%),Thuốc trừ sâu,Công ty CP SAM,bắp cải; cam; dưa hấu; lúa,bọ trĩ; nhện đỏ; rầy nâu; sâu cuốn lá; sâu tơ,
Boama 2.0EC,Abamectin (min 90%),Thuốc trừ sâu,Công ty TNHH MTV Trí Văn Nông,lúa,nhện gié; sâu cuốn lá,
BP Dy Gan 5.4EC,Abamectin (min 90%),Thuốc trừ sâu,Công ty TNHH TM Bình Phương,bắp cải; lúa; lạc,bọ trĩ; rầy nâu; sâu cuốn lá; sâu khoang; sâu tơ; sâu xanh; sâu xanh bướm trắng,
"Carbamec 75EC, 100WP",Abamectin (min 90%),Thuốc trừ sâu,Công ty CP Khoa học Công nghệ cao American,bắp cải; lúa,bọ trĩ; sâu tơ; sâu đục bẹ,
Car pro 3.6EC,Abamectin (min 90%),Thuốc trừ sâu,Công ty CP Bốn Đúng,cà chua; cải xanh; lúa,dòi đuc lá; sâu cuốn lá; sâu xanh,
Catcher 2EC,Abamectin (min 90%),Thuốc trừ sâu,Sinon Corporation,bắp cải; cam; chè; dưa hấu; lúa; rau bó xôi,bọ trĩ; dòi đục lá; nhện gié; nhện đỏ; sâu cuốn lá; sâu tơ; sâu vẽ bùa; sâu đục bẹ,
"Catex 3.6EC, 100WG",Abamectin (min 90%),Thuốc trừ sâu,Công ty CP Nicotex,cam; chè; cải xanh; dưa chuột; hành; lúa; quýt; vải; xoài; đậu xanh,bọ cánh tơ; bọ trĩ; lá; nhện gié; nhện lông nhung; nhện đỏ; sâu cuốn lá nhỏ; sâu tơ; sâu vẽ bùa; sâu xanh; sâu xanh bướm trắng; sâu xanh da láng; sâu đục bẹ; sâu đục quả,
Chitin 3.6EC,Abamectin (min 90%),Thuốc trừ sâu,Công ty TNHH Hóa chất Đại Nam Á,chè,nhện đỏ,
Đầu trâu Merci 1.8EC,Abamectin (min 90%),Thuốc trừ sâu,Công ty CP Bình Điền MeKong,lúa,rầy nâu,
Daphamec 5.0EC,Abamectin (min 90%),Thuốc trừ sâu,Công ty TNHH Kinh doanh hóa chất Việt Bình Phát,cà phê; xoài,rầy bông; rệp sáp,
DB-genji 3.2 EC,Abamectin (min 90%),Thuốc trừ sâu,"Công ty TNHH Hóa chất Phân bón, Thuốc BVTV Dubai",lạc,sâu khoang,
"Dibamec 3.6EC, 5WG",Abamectin (min 90%),Thuốc trừ sâu,Công ty TNHH XNK Quốc tế SARA,bắp cải; cam; chè; cà chua; cà phê; cải xanh; dưa hấu; lúa; nhãn; thuốc lá; vải; xoài; điều; đậu tương,bọ trĩ; bọ xít; dòi đục lá; nhện gié; nhện đỏ; rầy bông; rầy chổng cánh; rầy xanh; rệp; rệp muội; rệp sáp; sâu cuốn lá; sâu keo; sâu khoang; sâu tơ; sâu vẽ bùa; sâu xanh; sâu xanh da láng; sâu xám; sâu đục cành,
DT Aba 60.5EC,Abamectin (min 90%),Thuốc trừ sâu,Công ty TNHH TM DV SX XNK Đức Thành,lúa,bọ trĩ,
Fanty 3.6EC,Abamectin (min 90%),Thuốc trừ sâu,Công ty TNHH TM SX Thôn Trang,bắp cải; dưa hấu; lúa,bọ trĩ; nhện gié; sâu cuốn lá; sâu tơ; sâu xanh; sâu đục bẹ,
Haihamec 3.6EC,Abamectin (min 90%),Thuốc trừ sâu,Công ty TNHH SX TM Hải Hằng,bắp cải; cam; dưa hấu; hồ tiêu; lúa; điều,bọ trĩ; nhện gié; nhện đỏ; rệp sáp; sâu cuốn lá; sâu tơ; sâu xanh; sâu đục bẹ,
Hifi 3.6EC,Abamectin (min 90%),Thuốc trừ sâu,Công ty TNHH – TM ACP,lúa,sâu cuốn lá,
Honest 54EC,Abamectin (min 90%),Thuốc trừ sâu,Công ty CP Hóc Môn,bắp cải; bọ; dưa hấu; lúa; lạc; nhãn,nhện gié; nhện lông nhung; rầy nâu; sâu cuốn lá; sâu khoang; sâu tơ; trĩ,
Invert 1.8EC,Abamectin (min 90%),Thuốc trừ sâu,Công ty TNHH Adama Việt Nam,lúa,sâu cuốn lá,
"Javitin 36EC, 100WP",Abamectin (min 90%),Thuốc trừ sâu,Công ty CP Nông dược Nhật Việt,chè; lúa; lạc; vải; xoài; đậu tương,bọ cánh tơ; bọ trĩ; bọ xít muỗi; láng; nhện gié; nhện lông nhung; rầy xanh; sâu cuốn lá; sâu khoang; sâu đục bẹ; sâu đục quả,
Jianontin 3.6EC,Abamectin (min 90%),Thuốc trừ sâu,Công ty CP Jia Non Biotech (VN),bắp cải; cam; lúa,nhện gié; nhện đỏ; sâu cuốn lá; sâu tơ,
"Longphaba 3.6EC, 88SC",Abamectin (min 90%),Thuốc trừ sâu,Công ty TNHH MTV BVTV Omega,bắp cải; lúa; nhện,gié; nhện gié; sâu cuốn lá; sâu tơ,
Limectin 4.5EC,Abamectin (min 90%),Thuốc trừ sâu,Công ty TNHH TM Thiên Nông,lúa,sâu cuốn lá,
Mahal 3.6EC,Abamectin (min 90%),Thuốc trừ sâu,Công ty TNHH TM-SX GNC,lúa,sâu cuốn lá,
"Megamectin 20EC, 126WG",Abamectin (min 90%),Thuốc trừ sâu,Công ty TNHH Hóa chất và TM Trần Vũ,hồ tiêu; lúa; tuyến; vải,sâu đục quả; thân; trùng,
Melia 3.6EC,Abamectin (min 90%),Thuốc trừ sâu,Công ty CP Thuốc BVTV Việt Trung,bắp cải; chè; lúa,bọ nhảy; rầy xanh; sâu cuốn lá; sâu tơ,
Miktin 3.6 EC,Abamectin (min 90%),Thuốc trừ sâu,Công ty CP Nông dược Minh Khai,bắp cải; cam; chè; cà chua; lúa; vải; xoài; đậu tương,bọ trĩ; bọ xít; bọ xít muỗi; nhện gié; nhện đỏ; rầy bông; rầy chổng cánh; rầy nâu; rầy xanh; rệp; sâu cuốn lá nhỏ; sâu tơ; sâu vẽ bùa; sâu xanh; sâu xanh bướm trắng; sâu xanh da láng; sâu đục bẹ; sâu đục quả,TT28/2026: đổi tổ chức đăng ký
Nafat 3.6EC,Abamectin (min 90%),Thuốc trừ sâu,Công ty TNHH Kiên Nam,lúa; nhện; sắn,nhện gié; sâu cuốn lá; đỏ,
Nas 60EC,Abamectin (min 90%),Thuốc trừ sâu,Công ty TNHH Hoá sinh,lúa,sâu cuốn lá,
"Newsodant 5.5EC, 5.5WG",Abamectin (min 90%),Thuốc trừ sâu,Công ty TNHH TM SX Khánh Phong,bắp cải; cam; cà chua; dưa hấu; lúa,bùa; bọ trĩ; nhện gié; nhện đỏ; sâu cuốn lá; sâu tơ; sâu xanh bướm trắng; sâu xanh sọc trắng; sâu đục bẹ,
Nimbus 6.0EC,Abamectin (min 90%),Thuốc trừ sâu,Công ty TNHH VT BVTV Phương Mai,bắp cải; cam; chè; cà chua; dưa hấu; lúa; lạc; vải,bọ cánh tơ; bọ trĩ; dòi đục lá; nhện đỏ; sâu cuốn lá nhỏ; sâu khoang; sâu tơ; sâu vẽ bùa; sâu xanh; sâu đục bẹ; sâu đục quả,
"Nockout 3.6GR, 3.6EC",Abamectin (min 90%),Thuốc trừ sâu,Công ty TNHH TM - DV Thanh Sơn Hóa Nông,cà phê; cải bắp,khoang; tuyến trùng,
Novimec 3.6EC,Abamectin (min 90%),Thuốc trừ sâu,Công ty CP Nông Việt,bắp cải; cam; dưa hấu; lúa,bọ trĩ; nhện đỏ; sâu cuốn lá; sâu tơ; sâu đục bẹ,
Nouvo 3.6EC,Abamectin (min 90%),Thuốc trừ sâu,Công ty CP Nông dược HAI,chè; lúa; quýt; điều,bọ cánh tơ; bọ xít muỗi; nhện đỏ; rầy nâu; sâu cuốn lá,
NP Pheta 3.6EC,Abamectin (min 90%),Thuốc trừ sâu,Công ty CP Vật tư NN Tiền Giang,bắp cải; cam; cà chua; dưa hấu; lúa; lạc; thuốc lá; xoài,bọ trĩ; dòi đục lá; nhện gié; nhện đỏ; rầy bông; rầy nâu; sâu cuốn lá; sâu tơ; sâu xanh; sâu xanh bướm trắng; vẽ bùa,
N.Zigel 1.8 EC,Abamectin (min 90%),Thuốc trừ sâu,Công ty TNHH MTV Nam Thịnh Hòa Bình,lạc,sâu khoang,
Obamausa 55EC,Abamectin (min 90%),Thuốc trừ sâu,Công ty CP Vật tư Liên Việt,lúa,nhện gié; sâu cuốn lá,
Oxatin 6.5EC,Abamectin (min 90%),Thuốc trừ sâu,Công ty CP Sumit Agrochem Việt Nam,bắp cải; cam; chè; dưa hấu; lúa,bọ cánh tơ; bọ trĩ; nhện đỏ; rầy nâu; sâu cuốn lá; sâu tơ; sâu xanh,
Parma 3.6EC,Abamectin (min 90%),Thuốc trừ sâu,Công ty TNHH BVTV Đồng Phát,lúa,bọ trĩ; nhện gié; rầy nâu; sâu cuốn lá,
Phesoltin 5.5EC,Abamectin (min 90%),Thuốc trừ sâu,Công ty TNHH World Vision (VN),bắp cải; cam; lúa; nhện; sâu,bọ trĩ; nhện gié; sâu cuốn lá; tơ; đỏ,
Phi ưng 4.0 EC,Abamectin (min 90%),Thuốc trừ sâu,Công ty TNHH Nông nghiệp Xanh,lúa,nhện gié; sâu cuốn lá,
Phumai 3.6EC,Abamectin (min 90%),Thuốc trừ sâu,Công ty CP ĐTKTNN và PTNT Trung ương,bắp cải; cam; chè; cà chua; lúa; lạc; vải,bọ cánh tơ; bọ trĩ; dòi đục lá; nhện đỏ; sâu cuốn lá nhỏ; sâu khoang; sâu tơ; sâu vẽ bùa; sâu xanh; sâu đục quả,
Plutel 5EC,Abamectin (min 90%),Thuốc trừ sâu,"Guizhou CUC INC. (Công ty TNHH TM Hồng Xuân Kiệt, Quý Châu, Trung Quốc)",bắp cải; cam; chè; cà chua; cà phê; dưa chuột; dưa hấu; lúa; lạc; nho; nhãn; vải thiều; xoài; điều,bọ cánh tơ; bọ trĩ; bọ xít; bọ xít muỗi; nhện gié; nhện đỏ; rầy; rầy xanh; rệp muội; rệp sáp; sâu cuốn lá; sâu khoang; sâu tơ; sâu vẽ bùa; sâu xanh; sâu đục thân,
Queson 5.0EC,Abamectin (min 90%),Thuốc trừ sâu,Công ty TNHH TM & SX Gia Phúc,cam; chè; cà phê; cải xanh; dưa hấu; lúa; nhãn; vải; xoài,bọ trĩ; nhện gié; nhện đỏ; rầy chổng cánh; rệp sáp; sâu cuốn lá; sâu tơ; sâu xanh; sâu đục bẹ,
"Reasgant 3.6EC, 5WG",Abamectin (min 90%),Thuốc trừ sâu,Công ty TNHH Việt Thắng,bắp cải; cam; chè; cà chua; cà pháo; cà phê; cà tím; cải thảo; dưa chuột; dưa hấu; hoa hồng; hành; hồ tiêu; hồng; lúa; lạc; mồng tơi; na; nho; nhãn; rau cải; su hào; sâu; sâu khoang; súp lơ; sắn dây; thông; vải; xoài; điều,bọ cánh tơ; bọ nhảy; bọ trĩ; bọ xít; bọ xít muỗi; nhện; nhện gié; nhện đỏ; rầy; rầy xanh; rệp muội; rệp sáp; sâu cuốn lá; sâu khoang; sâu róm; sâu tơ; sâu vẽ bùa; sâu xanh; sâu xanh da láng; sâu ăn lá; sâu đo; sâu đục bẹ; sâu đục thân; tơ,
"Redsuper 20WG, 39EC",Abamectin (min 90%),Thuốc trừ sâu,Công ty CP Vagritex,lúa,bẹ; sâu cuốn lá,
Sauaba 3.6EC,Abamectin (min 90%),Thuốc trừ sâu,Công ty TNHH TM Thái Phong,bắp cải; bọ xít; cam; chè; lúa; quýt; sâu vẽ,bùa; bọ nhảy; muỗi; nhện; nhện gié; sâu cuốn lá,
Sau tiu 3.6EC,Abamectin (min 90%),Thuốc trừ sâu,Công ty CP TST Cần Thơ,bắp cải; dưa hấu; lúa,bọ trĩ; nhện gié; sâu cuốn lá nhỏ; sâu tơ; sâu xanh da láng; sâu đục bẹ,
Shertin 5.0EC,Abamectin (min 90%),Thuốc trừ sâu,Công ty CP Công nghệ cao Thuốc BVTV USA,bắp cải; dưa hấu; lúa; nho,bọ trĩ; nhện gié; rầy lưng trắng; rầy nâu; sâu cuốn lá; sâu khoang; sâu phao đục bẹ; sâu tơ; sâu xanh; sâu xám bọ nhảy,
Sieusher 3.6EC,Abamectin (min 90%),Thuốc trừ sâu,Công ty TNHH MTV BVTV Thạnh Hưng,bắp cải; cam; lúa,bọ trĩ; nhện gié; nhện đỏ; sâu cuốn lá; sâu tơ,
"Silsau 6.5EC, 10WP",Abamectin (min 90%),Thuốc trừ sâu,Công ty TNHH ADC,bắp cải; bọ cánh tơ; cam; chè; cà chua; dưa chuột; dưa hấu; lúa; lạc; rầy; đậu tương; đậu xanh; ớt,bọ trĩ; nhện gié; nhện đỏ; sâu cuốn lá; sâu cuốn lá nhỏ; sâu tơ; sâu vẽ bùa; sâu xanh da láng; sâu đục bẹ; sâu đục thân; xanh,
Sittomectin 5.0EC,Abamectin (min 90%),Thuốc trừ sâu,Công ty TNHH Sitto Việt Nam,bắp cải; cam; cà chua; cải xanh; lúa; xoài,dòi đục lá; rầy bông; sâu cuốn lá; sâu tơ; sâu vẽ bùa; sâu xanh; sâu đục bẹ,
Tập Kỳ 1.8EC,Abamectin (min 90%),Thuốc trừ sâu,Viện Di truyền Nông nghiệp,bắp cải,sâu tơ,
Tigibamec 6.0EC,Abamectin (min 90%),Thuốc trừ sâu,Công ty CP Lan Anh,lúa; lạc,rầy nâu; sâu cuốn lá; sâu xanh da láng,
Tiger five 5EC,Abamectin (min 90%),Thuốc trừ sâu,Công ty TNHH P-H,lúa,sâu cuốn lá,
Tikabamec 3.6EC,Abamectin (min 90%),Thuốc trừ sâu,Công ty CP XNK Thọ Khang,bắp cải; cam; chè; cà chua; cải xanh; dưa hấu; lúa; xoài,bọ cánh tơ; bọ nhảy; bọ trĩ; dòi đục lá; nhện đỏ; rầy bông; rầy chổng cánh; rầy nâu; rầy xanh; rệp; sâu cuốn lá; sâu khoang; sâu tơ; sâu vẽ bùa; sâu xanh bướm trắng; sâu đục thân,
Tictak 50EC,Abamectin (min 90%),Thuốc trừ sâu,Công ty TNHH Quốc tế Balakie,lạc,sâu xanh da láng,
"Tineromec 3.6EC, 70WG",Abamectin (min 90%),Thuốc trừ sâu,Công ty CP Quốc tế Agritech Hoa Kỳ,bắp cải; cam; chè; cải bắp; lúa; xoài; điều,bọ cánh tơ; bọ trĩ; nhện đỏ; rầy bông; rầy nâu; rầy xanh; rệp; sâu cuốn lá; sâu tơ; sâu vẽ bùa; sâu đục thân; tơ,
Tungatin 3.6 EC,Abamectin (min 90%),Thuốc trừ sâu,Công ty CP SX - TM - DV Ngọc Tùng,bắp cải; cam; chè; cà chua; cải xanh; dưa chuột; dưa hấu; lúa; đậu tương,bọ cánh tơ; bọ trĩ; bọ xít hôi; dòi đục lá; nhện gié; nhện đỏ; rầy xanh; sâu cuốn lá nhỏ; sâu phao; sâu tơ; sâu vẽ bùa; sâu xanh; sâu đục bẹ; sâu đục quả; sâu đục thân,
Tervigo 020SC,Abamectin (min 90%),Thuốc trừ sâu,Công ty TNHH Syngenta Việt Nam,cam; cà phê; hồ tiêu; khoai tây; sầu riêng; thanh long,tuyến trùng,
Vibamec 5.55EC,Abamectin (min 90%),Thuốc trừ sâu,Công ty CP Thuốc sát trùng Việt Nam,cam; chè; cải xanh; dưa hấu; lúa; nho,bọ trĩ; nhện gié; nhện đỏ; rầy nâu; rầy xanh; sâu cuốn lá; sâu năn; sâu xanh; sâu đục bẹ,
Vdimectin 10SC,Abamectin (min 90%),Thuốc trừ sâu,Công ty CP Quốc tế Việt Đức,lạc,sâu xanh,
"Voi thai 3.6EC, 25WP",Abamectin (min 90%),Thuốc trừ sâu,Công ty TNHH TM Nông Phát,bắp cải; cam; cà chua; dưa hấu; lúa; lạc; nhện gié; rầy; thuốc lá; xoài,bọ trĩ; dòi đục lá; nhện gié; nhện đỏ; nâu; rầy bông; sâu cuốn lá; sâu tơ; sâu vẽ bùa; sâu xanh; sâu xanh bướm trắng,
Voiduc 42EC,Abamectin (min 90%),Thuốc trừ sâu,Công ty TNHH Việt Đức,lúa,nhện gié; sâu cuốn lá,
"Waba 3.6EC, 18WP",Abamectin (min 90%),Thuốc trừ sâu,Công ty TNHH US.Chemical,bắp cải; bọ trĩ; cà chua; dưa hấu; lúa; nhện; sâu cuốn lá; sâu phao; sâu phao đục bẹ; đậu tương,bọ trĩ; gié; nhện gié; rầy nâu; sâu cuốn lá; sâu phao đục bẹ; sâu tơ; sâu xanh,
Lanotin 4EC,Abamectin 1% + Acetamiprid 3%,Thuốc trừ sâu,Công ty CP Hóa nông Lâm Ngọc,lạc,sâu khoang,
Acelant 40EC,Abamectin 10g/l + Acetamiprid 30g/l,Thuốc trừ sâu,Công ty CP BVTV An Hưng Phát,bông vải; lúa,bọ trĩ; rầy nâu; rệp,
Newtoc 250EC,Abamectin 20g/l + Acetamiprid 230g/l,Thuốc trừ sâu,Công ty CP Công nghệ cao Thuốc BVTV USA,lúa,rầy nâu,
Safari 250EC,Abamectin 20g/l + Acetamiprid 230g/l,Thuốc trừ sâu,Công ty TNHH TM-SX GNC,lúa,rầy nâu,
Shepatin 90EC,Abamectin 36g/l + Alpha-cypermethrin 54g/l,Thuốc trừ sâu,Công ty CP Quốc tế Hòa Bình,lúa; sâu; đậu xanh,bọ trĩ; rầy nâu; sâu cuốn lá; sâu đục thân; xanh,
Siutox 50EC,Abamectin 18 g/l + Alpha-cypermethrin 32g/l,Thuốc trừ sâu,Công ty CP XNK Nông dược Hoàng Ân,lúa,sâu cuốn lá,
B thai 136EC,Abamectin 36g/l + Alpha-cypermethrin 100g/l,Thuốc trừ sâu,Công ty CP Vật tư NN Tiền Giang,khoai lang; lúa,bọ hà; nhện gié; sâu cuốn lá; sâu đục bẹ,
Azaba 0.8EC,Abamectin 0.5% + Azadirachtin 0.3%,Thuốc trừ sâu,Công ty TNHH Nông Sinh,bắp cải; cam; chè; lúa; thuốc lá; vải; đậu trạch,nhện đỏ; rầy nâu; rầy xanh; sâu cuốn lá; sâu tơ; sâu vẽ bùa; sâu xanh; sâu ăn lá; sâu đục quả,
Agassi 55EC,Abamectin 54g/l + Azadirachtin 1g/l,Thuốc trừ sâu,Công ty TNHH Vbook Hoa Kỳ,bắp cải; chè; dưa hấu; lúa; lạc; nho; vải; xoài,bọ cánh tơ; bọ trĩ; bọ xít muỗi; nhện lông nhung; nhện đỏ; rầy xanh; sâu tơ; sâu xanh da láng; sâu đục bẹ; sâu đục gân lá; sâu đục quả,
Fimex 36EC,Abamectin 10g/l + Azadirachtin 26g/l,Thuốc trừ sâu,Công ty CP Công nghệ cao thuốc BVTV USA,bắp cải; cam; chè; cà chua; cải xanh; dưa hấu; lúa; xoài; đậu tương,bọ cánh tơ; bọ trĩ; dòi đục lá; nhện đỏ; rầy bông; rầy nâu; rầy xanh; rệp; sâu cuốn lá; sâu khoang; sâu tơ; sâu vẽ bùa; sâu xanh; sâu xanh bướm trắng; sâu đục thân,
Azetin 36EC,Abamectin 10g/l + Azadirachtin 26g/l,Thuốc trừ sâu,Công ty TNHH ADC,bưởi; cam,nhện đỏ; sâu vẽ bùa,
"Goldmectin 36EC, 60SC, 70SG","Abamectin 35.8g/l (59.9g/l), (69g/kg) + Azadirachtin 0.2g/l (0.1g/l), (1g/kg)",Thuốc trừ sâu,Công ty CP Quốc tế Agritech Hoa Kỳ,bắp cải; cam; chè; dưa hấu; hồ tiêu 60SC; lúa; ngô; thuốc lá; điều; đậu tương,bọ cánh tơ; bọ trĩ; dòi đục lá; nhện đỏ; rệp; rệp sáp; sâu cuốn lá; sâu khoang; sâu tơ; sâu vẽ bùa; sâu đục bẹ; tơ,
Mectinsuper 37EC,Abamectin 36g/l + Azadirachtin 1g/l,Thuốc trừ sâu,Công ty TNHH MTV BVTV Omega,bưởi; bắp cải; lúa,bọ nhảy; rầy nâu; sâu cuốn lá; sâu tơ; sâu vẽ bùa,
Vinup 40 EC,Abamectin 37 g/l + Azadirachtin 3 g/l,Thuốc trừ sâu,Công ty TNHH US.Chemical,bắp cải; cam; chanh leo; chè; cà chua; cà phê; lúa; súp lơ; thuốc lá; vải; đậu tương,bọ cánh tơ; bọ trĩ; bọ xít muỗi; nhện đỏ; rầy nâu; rầy xanh; rệp đào; sâu cuốn lá; sâu khoang; sâu phao đục bẹ; sâu tơ; sâu xanh; sâu xanh da láng; sâu đục cuống; sâu đục quả,
Elincol 12ME,Abamectin 6 g/l + Azadirachtin 1g/l + Emamectin benzoate 5g/l,Thuốc trừ sâu,Công ty CP ENASA Việt Nam,bắp cải; cam; chè; lúa,bọ cánh tơ; nhện đỏ; rầy xanh; sâu cuốn lá; sâu tơ,
"Kuraba WP, 3.6EC",Abamectin 0.1% (3.5%) + Bacillus thuringiensis var.kurstaki 1.9% (0.1%),Thuốc trừ sâu,Công ty TNHH Sản phẩm Công Nghệ Cao,bắp cải; cà chua; dưa chuột; lạc; ngô; đậu tương,bọ trĩ; dòi đục lá; sâu khoang; sâu tơ; sâu xanh; sâu đo; sâu đục quả; sâu đục thân,
ABT 2 WP,Abamectin 0.9% + Bacillus thuringiensis var. kurstaki 1.1% (4.5 x 1010 cfu/g),Thuốc trừ sâu,Công ty TNHH Nông Sinh,bắp cải; chè; lúa; thuốc lá; vải,bọ trĩ; nhện đỏ; sâu cuốn lá; sâu tơ; sâu xanh bướm trắng; sâu đục cuống; sâu đục gân lá; sâu đục quả,
Akido 20WP,Abamectin 1g/kg + Bacillus thuringiensis var.kurstaki 19g/kg,Thuốc trừ sâu,Công ty TNHH MTV BVTV Omega,bưởi; bắp cải; lúa; rầy nâu; sâu cuốn; sâu vẽ,bùa; bọ nhảy; lá; sâu tơ,
"Atimecusa 20WP, 54EC",Abamectin 2g/kg (53g/l) + Bacillus thuringiensis var. kurstaki 18 g/kg (1g/l),Thuốc trừ sâu,Công ty CP Quốc tế Agritech Hoa Kỳ,bắp cải; cam; chè; cà chua; dưa hấu; lúa; ngô; xoài; đậu tương,bọ cánh tơ; bọ trĩ; dòi đục lá; nhện đỏ; rầy bông; rầy nâu; rệp; sâu cuốn lá; sâu khoang; sâu tơ; sâu vẽ bùa; sâu đục thân,
Tridan 21.8WP,Abamectin 1.8g/kg + Bacillus thuringiensis 20g/kg (1010 bào tử/g),Thuốc trừ sâu,Công ty CP Kỹ thuật công nghệ Klever,bắp cải; cam; chè; cà phê; dưa hấu; lúa; vải; xoài; đậu tương,bọ cánh tơ; bọ trĩ; bọ xít; nhện lông nhung; ruồi đục quả; rầy xanh; rệp sáp; sâu cuốn lá; sâu tơ; sâu vẽ bùa; sâu xanh da láng; sâu đục bẹ,
Smash 45EC,Abamectin 30g/l + Beta-cypermethrin 15g/l,Thuốc trừ sâu,Công ty TNHH VT BVTV Phương Mai,lúa,rầy nâu; sâu cuốn lá; sâu đục thân,
Abazateha 20SC,Abamectin 1% + Bifenazate 19%,Thuốc trừ sâu,Công ty TNHH BVTV Hoàng Anh,lạc,nhện đỏ,
Banazat 20SC,Abamectin 1% + Bifenazate 19%,Thuốc trừ sâu,Công ty CP Khử trùng Nam Việt,sắn,nhện đỏ,
MDChlorbentin 30SC,Abamectin 0.3% + Chlorbenzuron 29.7%,Thuốc trừ sâu,Công ty TNHH CP Mạnh Đan,lạc,sâu cuốn lá,
Confitin 18EC,Abamectin 17.5g/l + Chlorfluazuron 0.5g/l,Thuốc trừ sâu,Công ty CP Hóa Nông Mỹ Việt Đức,bắp cải; chè; cà chua; cải xanh; dưa hấu; lúa; lạc; đậu tương; đậu xanh; đậu đũa,bọ cánh tơ; bọ nhảy; bọ trĩ; dòi đục lá; nhện gié; nhện đỏ; rầy nâu; rầy xanh; rệp; sâu cuốn lá; sâu khoang; sâu tơ; sâu xanh; sâu xanh bướm trắng; sâu xanh da láng; sâu đục bẹ; sâu đục quả; sâu đục thân,
Voliam Targo 063SC,Abamectin 18 g/l + Chlorantraniliprole 45g/l,Thuốc trừ sâu,Công ty TNHH Syngenta Việt Nam,khoai tây; lúa; ngô,nhện gié; ruồi đục lá; sâu cuốn lá; sâu keo mùa thu; sâu đục thân,
Getsau 10EW,Abamectin 0.5% + Chlorfenapyr 9.5%,Thuốc trừ sâu,Công ty TNHH TM DV Việt Phát,đậu xanh,sâu xanh,
Glan 130EC,Abamectin 10g/l + Chlorfenapyr 100g/l + Lambda-cyhalothrin 20g/l,Thuốc trừ sâu,Công ty CP Thuốc BVTV Việt Trung,lúa,rầy lưng trắng,
Nongtac 150EC,Abamectin 18 g/l + Cypermethrin 132 g/l,Thuốc trừ sâu,Công ty CP XNK Nông dược Hoàng Ân,lúa,sâu cuốn lá,
Cyrotat 31SC,Abamectin 0.7% + Cyromazine 30.3%,Thuốc trừ sâu,Công ty TNHH A2T Việt Nam,cam,sâu vẽ bùa,
Globalhuk 31SC,Abamectin 0.7% + Cyromazine 30.3%,Thuốc trừ sâu,Công ty TNHH Agrofarm,đậu tương,ruồi đục lá,
Cymazin 35SC,Abamectin 1% + Cyromazine 34%,Thuốc trừ sâu,Công ty TNHH B.Helmer,cam,sâu vẽ bùa,
Song Mã 63EC,Abamectin 60g/l + (dầu khoáng và dầu hoa tiêu) 3g/l,Thuốc trừ sâu,Công ty TNHH Vật tư và Nông sản Song Mã,lúa,sâu cuốn lá,
Dinosingold 300WG,Abamectin 100g/kg + Dinotefuran 200g/kg,Thuốc trừ sâu,Công ty TNHH Hóa chất và TM Trần Vũ,lúa,rầy nâu,
Dofamec 177EC,Abamectin 22g/l + Dinotefuran 100g/l + Emamectin benzoate 55g/l,Thuốc trừ sâu,Công ty TNHH BVTV Đồng Phát,lạc,sâu khoang,
Abavec gold 9.99EC,Abamectin 8.45% + Emamectin benzoate 1.54%,Thuốc trừ sâu,Công ty TNHH TM Tân Thành,lúa,sâu cuốn lá,
"Acprodi 65EC, 11.2WP, 75WG","Abamectin 64g/l (7.2%), (25g/kg) + Emamectin benzoate 1g/l (4.0%), (50g/kg)",Thuốc trừ sâu,Công ty TNHH Hóa Sinh Á Châu,lúa; sâu cuốn; vải,lá; nhện đỏ,
"B52duc 56EC, 56SG, 68WG","Abamectin 36g/l (36g/kg), (18g/kg) + Emamectin",Thuốc trừ sâu,Công ty TNHH Việt Đức,lúa; rầy,nâu; sâu cuốn lá,
"Divasusa 21EC, 126WG",Abamectin 18g/l (1g/kg) + Emamectin benzoate 3g/l (125g/kg),Thuốc trừ sâu,Công ty CP Thuốc BVTV Việt Trung,bắp cải; cam; chè; dưa hấu; lúa; thông,bọ nhảy; bọ trĩ; bọ xít muỗi; lá; nhện đỏ; rầy xanh; sâu cuốn lá; sâu róm; sâu tơ; sâu vẽ bùa; sâu xanh; sâu đục bẹ,
"Dofama 77EC, 150WG",Abamectin 22g/l (50g/kg) + Emamectin benzoate 55g/l (100g/kg),Thuốc trừ sâu,Công ty TNHH BVTV Đồng Phát,cam; lúa; nhện,gié; sâu cuốn lá; đỏ,
"Footsure 55EC, 108WG",Abamectin 30 g/l (38g/kg) + Emamectin benzoate 25g/l (70g/kg),Thuốc trừ sâu,Công ty TNHH Minh Thành,lúa; lạc,lá; sâu khoang,
"Emalusa 70SG, 75EC",Abamectin 35g/kg (35g/l) + Emamectin benzoate 35g/kg (40g/l),Thuốc trừ sâu,Công ty CP Quốc tế Agritech Hoa Kỳ,bắp cải; chè,sâu tơ; tơ,
Daiwantin 5EC,Abamectin 3% + Emamectin benzoate 2%,Thuốc trừ sâu,Công ty CP Futai,lúa; đậu tương,nhện gié; sâu cuốn lá; sâu xanh da láng,
Jia-mixper 5EC,Abamectin 3% + Emamectin benzoate 2%,Thuốc trừ sâu,Công ty CP Jia Non Biotech (VN),lúa; sâu cuốn; đậu tương,lá; sâu xanh da láng,
Uni-dualpack 5EC,Abamectin 3% + Emamectin benzoate 2%,Thuốc trừ sâu,Công ty TNHH World Vision (VN),lúa; sâu xanh da; đậu tương,láng; sâu cuốn lá,
"Unimectin 20EC, 116WG",Abamectin 18g/l (78g/kg) + Emamectin benzoate 2g/l (38g/kg),Thuốc trừ sâu,Công ty TNHH Hóa chất và TM Trần Vũ,hồ tiêu; lúa; tuyến,bọ trĩ; lá; trùng,
Voi tuyệt vời 67EC,Abamectin 47g/l + Emamectin benzoate 20g/l,Thuốc trừ sâu,Công ty TNHH TM Nông Phát,lúa,rầy nâu; sâu cuốn lá,
Sieufatoc 36EC,Abamectin 35g/l + Emamectin benzoate 1g/l,Thuốc trừ sâu,Công ty CP Khoa học Công nghệ cao American,bắp cải; chè; cải xanh; dưa hấu; lúa; xoài; đậu tương,bọ cánh tơ; bọ trĩ; bọ xít muỗi; rầy bông; rầy nâu; rầy xanh; rệp; sâu cuốn lá; sâu khoang; sâu tơ; sâu xanh; sâu xanh bướm trắng; sâu đục thân,
Sitto Password 42.2EC,Abamectin 42g/l + Emamectin benzoate 0.2g/l,Thuốc trừ sâu,Công ty CP Châu Á Thái Bình Dương (Asia Pacific),bắp cải; chè; dưa hấu; lúa; xoài; đậu tương,bọ trĩ; rầy bông; rầy nâu; rầy xanh; sâu cuốn lá; sâu khoang; sâu tơ; sâu xanh; sâu xanh bướm trắng; sâu đục thân,
Newmexone 80WG,Abamectin 10g/kg + Emamectin benzoate 70g/kg,Thuốc trừ sâu,Công ty CP Vagritex,lúa,sâu cuốn lá,
Hải cẩu 3.0EC,Abamectin 2% + Emamectin benzoate 1%,Thuốc trừ sâu,Công ty TNHH Nông nghiệp Xanh,lúa; đậu tương,sâu cuốn lá; sâu xanh da láng,
S-H Thôn Trang 4.8EC,Abamectin 43g/l + Emamectin benzoate 5g/l,Thuốc trừ sâu,Công ty TNHH TM SX Thôn Trang,lúa,sâu cuốn lá,
TC-Năm Sao 20EC,Abamectin 18g/l + Emamectin benzoate 2g/l,Thuốc trừ sâu,Công ty TNHH Việt Thắng,bắp cải; bọ; chè; dưa hấu; lúa; nhãn; rệp; sâu; sâu cuốn; vải,bọ cánh tơ; lá; muội; trĩ; tơ; xít,
Vdcpenalduc 145EC,Abamectin 20g/l + Emamectin benzoate 5g/l + Imidacloprid 120g/l,Thuốc trừ sâu,Công ty TNHH Việt Đức,lúa,rầy nâu; sâu cuốn lá,
Atoto 10SC,Abamectin 20g/l + Emamectin benzoate 5g/l + Imidacloprid 120g/l,Thuốc trừ sâu,Công ty TNHH Rồng Đại Dương,lạc,sâu khoang,
AF-Exatin 15SC,Abamectin 3% (30g/l) + Etoxazole 12% (120g/l),Thuốc trừ sâu,Công ty TNHH Agrifuture,lạc,nhện đỏ,
Ω-Etosuper 150EC,Abamectin 3% (30g/l) + Etoxazole 12% (120g/l),Thuốc trừ sâu,Công ty TNHH Á Châu Hoá Sinh,bắp cải; chè; lúa; sâu; sâu cuốn,lá; nhện đỏ; tơ,
Bonich 20SC,Abamectin 4% + Etoxazole 16%,Thuốc trừ sâu,Công ty CP ĐT TM và PTNN ADI,hoa hồng,nhện đỏ,
Etoggo 20SC,Abamectin 4% + Etoxazole 16%,Thuốc trừ sâu,Công ty TNHH Nông nghiệp Công nghệ xanh Bắc Giang,đậu tương,sâu xanh da láng,
Tpower 40SC,Abamectin 5% + Etoxazole 35%,Thuốc trừ sâu,Công ty CP Nông dược Nhật Thành,phật thủ,nhện đỏ,
Laura 160SC,Abamectin 50 g/l + Etoxazole 110 g/l,Thuốc trừ sâu,Công ty TNHH TM SX Thôn Trang,đậu tương,nhện đỏ,
Atoxa 250SC,Abamectin 50 g/l + Etoxazole 200 g/l,Thuốc trừ sâu,Công ty CP BVTV Asata Hoa Kỳ,lúa,sâu cuốn lá,
Etomec 25SC,Abamectin 5% + Etoxazole 20%,Thuốc trừ sâu,Công ty CP Nicotex,hoa hồng,nhện đỏ,
Nabazole 20SC,Abamectin 5% + Etoxazole 15%,Thuốc trừ sâu,"Nanjing Agrochemical Co., Ltd",sắn,nhện đỏ,
"Abathi 10.5GR, 10ME",Abamectin 0.5% (0.48%) + Fosthiazate 10% (9.52%),Thuốc trừ sâu,"Beijing Bioseen Crop Sciences Co., Ltd",cà phê; hồ tiêu,trùng; tuyến trùng,
Foszatin 10.5GR,Abamectin 5 g/kg + Fosthiazate 100 g/kg,Thuốc trừ sâu,Công ty CP BVTV Asata Hoa Kỳ,hồ tiêu,tuyến trùng,
ADU-Nonema 50GR,Abamectin 0.45% + Fosthiazate 4.55%,Thuốc trừ sâu,Công ty TNHH ADU Việt Nam,cà phê,tuyến trùng,
Biofos 11GR,Abamectin 1% + Fosthiazate 10%,Thuốc trừ sâu,Công ty CP Nicotex Đông Thái,cà phê,tuyến trùng,
Coxbus 11GR,Abamectin 1% + Fosthiazate 10%,Thuốc trừ sâu,Công ty TNHH Nam Bắc,cà phê,tuyến trùng,
Uron Extra 2.5EC,Abamectin 0.4% + Hexaflumuron 2.1%,Thuốc trừ sâu,Công ty TNHH Pesticide Thụy Sĩ,cải bắp,sâu tơ,
Abamix 1.45WP,Abamectin 0.45% + Imidacloprid 1.0%,Thuốc trừ sâu,Công ty CP Nicotex,lúa,bọ trĩ,
"Talor 10.8EC, 26.8WP",Abamectin 10g/l (1.8%) + Imidacloprid 98g/l (25%),Thuốc trừ sâu,Công ty TNHH TM SX Thôn Trang,lúa,bọ trĩ; nâu; rầy nâu,
Aba-plus 100EC,Abamectin 10g/l + Imidacloprid 90g/l,Thuốc trừ sâu,Công ty CP SX TM Bio Vina,lúa; đậu tương,bọ trĩ; bọ xít hôi; rầy nâu; rệp muội; sâu cuốn lá,
Emicide 105EC,Abamectin 15g/l + Imidacloprid 90g/l,Thuốc trừ sâu,Công ty TNHH TM Tân Thành,lúa,rầy nâu; sâu cuốn lá; sâu đục bẹ,
Nosauray 120EC,Abamectin 30g/l + Imidacloprid 90g/l,Thuốc trừ sâu,Công ty TNHH TM Nông Phát,lúa,sâu đục bẹ,
"Vetsemex 40EC, 135WG",Abamectin 37g/l (108g/kg) + Imidacloprid 3g/l (27g/kg),Thuốc trừ sâu,Công ty CP Nông dược Việt Nam,bông vải; lúa; lạc; thuốc lá; thông; điều; đậu tương; đậu xanh,bọ trĩ; dòi đục lá; khoang; nhện gié; rầy nâu; rệp; sâu cuốn lá; sâu hồng; sâu khoang; sâu róm; sâu xanh da láng; sâu đục bẹ; sâu đục thân,
Nospider 190EC,Abamectin 35g/l + Imidacloprid 5g/l + Pyridaben 150g/l,Thuốc trừ sâu,Công ty TNHH Hóa chất và TM Trần Vũ,lúa,nhện gié,
Dugamite 27.5EC,Abamectin 18.5g/l + Imidacloprid 3.5g/l + Pyridaben 5.5g/l,Thuốc trừ sâu,Công ty CP Nông dược Nhật Việt,lúa,sâu cuốn lá,
Forces Cap 12SC,Abamectin 2% + Indoxacarb 10%,Thuốc trừ sâu,Công ty TNHH Hóa sinh Mũ Xanh,ngô,sâu keo mùa thu,
Sixsess 65EC,Abamectin 15g/l + Indoxacarb 50g/l,Thuốc trừ sâu,Công ty TNHH Hóa Nông Lúa Vàng,lúa,sâu cuốn lá; sâu năn,
Abacarb-HB 50EC,Abamectin 36g/l + Indoxacarb 14g/l,Thuốc trừ sâu,Công ty CP Quốc tế Hòa Bình,lúa,sâu cuốn lá,
Superworm 90SC,Abamectin 30g/l + Indoxacarb 60g/l,Thuốc trừ sâu,Công ty TNHH TAT Hà Nội,ngô,sâu keo mùa thu,
"Karatimec 54EC, 90WG",Abamectin 9g/l (18g/kg) + Lambda-cyhalothrin 45g/l (72g/kg),Thuốc trừ sâu,Công ty CP Nông dược Việt Nam,lúa; lạc; sâu,khoang; lá; sâu cuốn lá; sâu phao đục bẹ,
Actamec 75EC,Abamectin 36g/l + Lambda-cyhalothrin 39g/l,Thuốc trừ sâu,Công ty CP Quốc tế Hòa Bình,lúa; đậu xanh,rầy nâu; sâu cuốn lá; sâu xanh; sâu đục thân,
Bavella 99.9EC,Abamectin 30g/l + Lambda- cyhalothrin 50g/l + Phoxim 19.9g/l,Thuốc trừ sâu,Công ty CP Thuốc BVTV Việt Trung,lúa,rầy lưng trắng,
"Kakasuper 85EC, 120EW, 421WP, 41ME, 266SC","Abamectin 30g/l (20g/l), (20g/kg), (10g/l), (1g/l) + Lambda-cyhalothrin 50g/l (50g/l), (1g/kg), (30g/l), (110g/l) + Thiamethoxam 5g/l (50g/l), (400g/kg), (1g/l), (155g/l)",Thuốc trừ sâu,Công ty CP Thuốc BVTV Việt Trung,lúa; lúa 266SC,nâu,
Ametrintox 6EC,Abamectin 1g/l + Matrine 5g/l,Thuốc trừ sâu,Công ty TNHH An Nông,bắp cải; cà chua; dưa hấu; lúa; lạc; xoài; đậu tương,bọ trĩ; nhện gié; rầy nâu; sâu cuốn lá; sâu phao; sâu phao đục bẹ; sâu tơ; sâu xanh; sâu ăn hoa,
Aga 25EC,Abamectin 20g/l + Matrine 5g/l,Thuốc trừ sâu,Công ty TNHH TM & SX Gia Phúc,bông vải; bắp cải; cam; chè; cà chua; cà phê; cải xanh; dưa hấu; lúa; nhãn; thuốc lá; vải; xoài; điều; đậu tương; đậu xanh,bọ nhảy; bọ trĩ; bọ xít; bọ xít muỗi; dòi đục lá; nhện đỏ; rầy bông; rầy chổng cánh; rầy nâu; rầy xanh; rệp; rệp muội; rệp sáp; sâu cuốn lá; sâu khoang; sâu tơ; sâu vẽ bùa; sâu xanh; sâu ăn bông; sâu đục quả,
Luckyler 25EC,Abamectin 20g/l + Matrine 5g/l,Thuốc trừ sâu,Công ty CP Công nghệ cao Thuốc BVTV USA,bắp cải; cải xanh; lúa; đậu đũa,bọ nhảy; bọ trĩ; nhện gié; rầy nâu; rệp; sâu tơ; sâu xanh bướm trắng; sâu đục bẹ; sâu đục quả; sâu đục thân,
Miktox 2.0EC,Abamectin 1.8% + Matrine 0.2%,Thuốc trừ sâu,Công ty CP Nông dược Minh Khai,bắp cải; cam; chè; cà chua; lúa; vải; xoài; đậu tương,bọ trĩ; bọ xít; bọ xít muỗi; nhện gié; nhện đỏ; rầy bông; rầy chổng cánh; rầy nâu; rầy xanh; rệp; sâu cuốn lá nhỏ; sâu tơ; sâu vẽ bùa; sâu xanh; sâu xanh bướm trắng; sâu xanh da láng; sâu đục bẹ; sâu đục quả,TT28/2026: đổi tổ chức đăng ký
Sudoku 22EC,Abamectin 20g/l (2.0%) + Matrine 2g/l (0.2%),Thuốc trừ sâu,Công ty TNHH Hoá chất và TM Trần Vũ,bắp cải; cam; chè; hồ tiêu; lúa; nho; vải; điều; đậu đũa,bọ cánh tơ; bọ trĩ; nhện đỏ; rầy chổng cánh; rầy xanh; sâu cuốn lá; sâu tơ; sâu xanh; sâu đục cuống quả; sâu đục gân lá; sâu đục quả; tuyến trùng,
Tramictin 2.2EC,Abamectin 20g/l (2.0%) + Matrine 2g/l (0.2%),Thuốc trừ sâu,Công ty TNHH TM SX Thôn Trang,bắp cải; cam; chè; lúa; đậu tương,bọ cánh tơ; bọ trĩ; nhện gié; nhện đỏ; rầy chổng cánh; rầy nâu; rầy xanh; sâu cuốn lá; sâu tơ; sâu xanh bướm trắng; sâu xanh da láng; sâu đục bẹ,
Newlitoc 36EC,Abamectin 35g/l + Matrine 1g/l,Thuốc trừ sâu,Công ty CP Khoa học Công nghệ cao American,bắp cải; chè; cải xanh; dưa hấu; lúa; xoài; đậu tương,bọ cánh tơ; bọ trĩ; bọ xít muỗi; rầy bông; rầy nâu; rầy xanh; rệp; sâu cuốn lá; sâu khoang; sâu tơ; sâu xanh; sâu xanh bướm trắng; sâu đục thân,
Tinero 54.2EC,Abamectin 54g/l + Matrine 0.2g/l,Thuốc trừ sâu,Công ty CP Quốc tế Agritech Hoa Kỳ,bắp cải; cam; chè; dưa hấu; lúa; lạc; ngô; xoài; đậu trạch,bọ cánh tơ; bọ trĩ; dòi đục lá; nhện đỏ; rầy bông; rầy nâu; rệp; sâu cuốn lá; sâu khoang; sâu tơ; sâu vẽ bùa; sâu đục thân,
Amara 55EC,Abamectin 50 g/l + Matrine 5 g/l,Thuốc trừ sâu,Công ty CP SX - TM - DV Ngọc Tùng,bắp cải; cam; chè; cà chua; cải xanh; dưa hấu; lúa; xoài; đậu tương; đậu xanh,bọ trĩ; bọ xít muỗi; dòi đục lá; nhện gié; nhện đỏ; rầy bông; rệp; sâu cuốn lá; sâu tơ; sâu vẽ bùa; sâu xanh; sâu xanh da láng; sâu đục bẹ; sâu đục quả; sâu đục thân,
Abecyny 75EC,Abamectin 50g/l + Matrine 25g/l,Thuốc trừ sâu,Công ty TNHH TM và SX Ngọc Yến,lúa,rầy nâu; sâu cuốn lá,
Fenaba 100SC,Abamectin 20g/l + Methoxyfenozide 80g/l,Thuốc trừ sâu,Công ty TNHH Á Châu Hoá Sinh,ngô,sâu keo mùa thu,
Noble 100SC,Abamectin 20g/l + Methoxyfenozide 80g/l,Thuốc trừ sâu,Công ty CP SX và TM Công nghệ Châu Âu,lạc,sâu xanh da láng,
Amethoggo 10SC,Abamectin 2% + Methoxyfenozide 8%,Thuốc trừ sâu,Công ty TNHH TM Nam Hải Group,lạc,sâu xanh da láng,
Gatuso 10SC,Abamectin 2% + Methoxyfenozide 8%,Thuốc trừ sâu,Công ty TNHH Hóa chất Mạnh Hùng,đậu tương,dòi đục lá,
Kentak 10SC,Abamectin 2% + Methoxyfenozide 8%,Thuốc trừ sâu,Công ty TNHH Được Mùa,đậu tương,sâu khoang,
"Pompom 3.9EC, 11.6WG",Abamectin 4g/l (2g/kg) + Methylamine avermectin 35g/l (114g/kg),Thuốc trừ sâu,Công ty TNHH Vật tư và Nông sản Song Mã,lúa,sâu cuốn lá,
Abatap 30ME,Abamectin 0.2% + Monosultap 29.8%,Thuốc trừ sâu,Công ty TNHH BVTV TAT Hà Nội,lạc,sâu khoang,
Fisau 135EC,Abamectin 35 g/l + Permethrin 100g/l,Thuốc trừ sâu,Công ty CP ND Quốc tế Nhật Bản,lúa,sâu cuốn lá,
Dotimec 9EC,Abamectin 2% + Permethrin 7%,Thuốc trừ sâu,Công ty TNHH MTV BVTV Thạnh Hưng,lúa,sâu cuốn lá,
SBC-Thon Trang 190EC,Abamectin 40 g/l + Permethrin 150 g/l,Thuốc trừ sâu,Công ty TNHH TM SX Thôn Trang,lúa,sâu cuốn lá,
Đầu trâu Bihopper 270EC,Abamectin 20g/l + Petroleum oil 250g/l,Thuốc trừ sâu,Công ty CP Bình Điền MeKong,chè; cà phê; rệp,nhện đỏ; sáp,
Koimire 24.5EC,Abamectin 0.2% + Petroleum oil 24.3%,Thuốc trừ sâu,Công ty CP Nông dược Nhật Việt,bắp cải; cam; chè; cà phê; dưa hấu; lúa; vải; xoài; đậu tương,bọ cánh tơ; bọ trĩ; nhện lông nhung; nhện đỏ; rầy nâu; rầy xanh; rệp sáp; sâu cuốn lá nhỏ; sâu tơ; sâu vẽ bùa; sâu xanh da láng; sâu đục bẹ; sâu đục quả,
Petis 24.5 EC,Abamectin 0.2% + Petroleum oil 24.3%,Thuốc trừ sâu,Công ty TNHH TM Tùng Dương,cam,nhện đỏ,
Soka 25 EC,Abamectin 0.5% (5g/l) + Petroleum oil 24.5% (245g/l),Thuốc trừ sâu,Công ty TNHH Trường Thịnh,bí xanh; bông vải; cam; cà phê; dưa chuột; dưa hấu; lúa; lạc; nhãn; quýt; thuốc lá; vải; đậu tương,bọ trĩ; bọ xít dài; dòi đục lá; nhện gié; nhện lông nhung; nhện đỏ; ruồi đục quả; rầy chổng cánh; rệp sáp; sâu cuốn lá; sâu khoang; sâu vẽ bùa; sâu xanh da láng; sâu đục bẹ; sâu đục quả; sâu đục thân,
Tikrice 25EC,Abamectin 0.5% (5g/l) + Petroleum oil 24.5% (245g/l),Thuốc trừ sâu,Công ty CP XNK Thọ Khang,bắp cải; cam; chè; dưa hấu; lúa,bọ cánh tơ; bọ nhảy; bọ trĩ; nhện đỏ; rầy canh; sâu cuốn lá; sâu tơ; sâu vẽ bùa; sâu xanh; sâu đục bẹ,
Feat 25EC,Abamectin 0.2% + Petroleum oil 24.8%,Thuốc trừ sâu,Công ty TNHH Nam Bắc,bí xanh; bắp cải; cam; cà chua; dưa chuột; dưa hấu; lúa; lạc; nhãn,bọ trĩ; dòi đục lá; nhện lông nhung; nhện đỏ; sâu cuốn lá; sâu khoang; sâu tơ,
Batas 25EC,Abamectin 1% + Petroleum oil 24%,Thuốc trừ sâu,Công ty TNHH Sản phẩm Công nghệ cao,bắp cải; cam; chè; dưa hấu; hồ tiêu; lúa; lạc; vải; xoài; đậu tương,bọ cánh tơ; bọ trĩ; nhện lông nhung; nhện đỏ; rầy bông; rầy chổng cánh; rầy xanh; rệp sáp; sâu cuốn lá; sâu khoang; sâu tơ; sâu vẽ bùa; sâu xanh bướm trắng; sâu xanh da láng; sâu đục quả,
Visober 88.3EC,Abamectin 0.3% + Petroleum oil 88%,Thuốc trừ sâu,Công ty CP Thuốc sát trùng Việt Nam,cam; cà phê; nhãn,nhện lông nhung; nhện đỏ; rệp sáp; sâu vẽ bùa,
Sword 60EC,Abamectin 55g/l + Petroleum oil 5g/l,Thuốc trừ sâu,Công ty TNHH Hóa sinh Á Châu,nhãn; nhện lông; vải,nhung; nhện đỏ,
Aramectin 400EC,Abamectin 5g/l + Petroleum oil 395g/l,Thuốc trừ sâu,Công ty CP Quốc tế Agritech Hoa Kỳ,bắp cải; cam; chè; dưa hấu; lúa; lạc; ngô; xoài; đậu trạch,bọ cánh tơ; bọ trĩ; dòi đục lá; nhện đỏ; rầy bông; rầy nâu; rệp; sâu cuốn lá; sâu khoang; sâu tơ; sâu vẽ bùa; sâu đục thân,
Blutoc 360EC,Abamectin 18g/l + Petroleum oil 342g/l,Thuốc trừ sâu,Công ty CP Quốc tế Hòa Bình,bắp cải; cam; chè; cà chua; cải xanh; dưa hấu; lúa; xoài; đậu tương,bọ cánh tơ; bọ trĩ; dòi đục lá; nhện đỏ; rầy bông; rầy nâu; rầy xanh; rệp; sâu cuốn lá; sâu khoang; sâu tơ; sâu vẽ bùa; sâu xanh; sâu xanh bướm trắng; sâu đục thân,
Sieulitoc 250EC,Abamectin 9g/l + Petroleum oil 241g/l,Thuốc trừ sâu,Công ty CP Công nghệ cao Thuốc BVTV USA,bắp cải; cà chua; cải xanh; lúa; đậu tương,bọ trĩ; dòi đục lá; rầy nâu; rệp; sâu cuốn lá; sâu khoang; sâu tơ; sâu xanh bướm trắng; sâu đục thân,
Super site 200EC,Abamectin 2g/l + Phoxim 198g/l,Thuốc trừ sâu,Công ty TNHH Tấn Hưng Việt Nam,đậu tương,sâu khoang,
Nara 37EC,Abamectin 2% + Profenofos 35%,Thuốc trừ sâu,Công ty CP Bigfive Việt Nam,mía; ngô,rệp bông xơ; sâu keo mùa thu,
Drama 200EC,Abamectin 10g/l + Profenofos 190g/l,Thuốc trừ sâu,Công ty CP Nông dược Việt Thành,lạc,sâu khoang,
Fidasuper 210EC,Abamectin 10g/l + Profenofos 50g/l + Pyridaben 150g/l,Thuốc trừ sâu,Công ty TNHH Thuốc BVTV Liên doanh Nhật Mỹ,lúa; nhện; đậu tương,gié; nhện đỏ,
Newprojet 210EC,Abamectin 10g/l + Profenofos 50g/l + Pyridaben 150g/l,Thuốc trừ sâu,Công ty CP thuốc BVTV Việt Trung,đậu tương,nhện đỏ,
Mitetv 406ME,Abamectin 6 g/l + Propargite 400 g/l,Thuốc trừ sâu,Công ty CP Newfarm Việt Nam,hoa hồng,nhện đỏ,
Abachezt 666WG,Abamectin 116g/kg + Pymetrozine 550g/kg,Thuốc trừ sâu,Công ty TNHH Hóa chất và TM Trần Vũ,lúa,rầy nâu,
Hadatin 6.8EC,Abamectin 0.1% + Pyridaben 6.7%,Thuốc trừ sâu,Công ty CP TM Hải Ánh,lạc,Sâu khoang,
Ababen 10.5EC,Abamectin 0.3% + Pyridaben 10.2%,Thuốc trừ sâu,Công ty TNHH Rhone Việt Nam,lạc,sâu khoang,
Pymite 10.5EC,Abamectin 0.3% + Pyridaben 10.2%,Thuốc trừ sâu,Công ty TNHH Visanto,lạc,nhện đỏ,
Zozavic 10.5EC,Abamectin 0.3% + Pyridaben 10.2%,Thuốc trừ sâu,Công ty CP Multiagro,mía,rệp bông xơ,
Aben 168EC,Abamectin 18 g/l + Pyridaben 150 g/l,Thuốc trừ sâu,Công ty CP SX - TM - DV Ngọc Tùng,bông vải; bọ xít; cà phê; hồ tiêu; lúa; điều,muỗi; nhện gié; rầy nâu; rệp; rệp sáp; sâu hồng,
Nomite-Sạch nhện 180EC,Abamectin 20g/l + Pyridaben 160g/l,Thuốc trừ sâu,Công ty TNHH Nông Nghiệp Xanh,lúa,nhện gié,
Sieu fitoc 150EC,Abamectin 12g/l + Quinalphos 138g/l,Thuốc trừ sâu,Công ty CP Hóa Nông Mỹ Việt Đức,lúa,nhện gié,
Acpratin 250EC,Abamectin 12 g/l + Quinalphos 238 g/l,Thuốc trừ sâu,Công ty CP Công nghệ cao Thuốc BVTV USA,lúa,sâu cuốn lá,
Aterkil 45SC,Abamectin 20g/l + Spinosad 25 g/l,Thuốc trừ sâu,Công ty TNHH Hóa Nông Lúa Vàng,bắp cải; cam; hành; lúa; lạc,nhện đỏ; sâu cuốn lá; sâu khoang; sâu tơ; sâu xanh da láng,
Rice NP 47SC,Abamectin 22g/l + Spinosad 25g/l,Thuốc trừ sâu,Công ty TNHH TM Nông Phát,vải,sâu đục quả,
Nhện chúa 200SC,Abamectin 1% + Spirodiclofen 19%,Thuốc trừ sâu,Công ty CP Multiagro,hoa hồng,nhện đỏ,
Movemite 130EW,Abamectin 1% + Spirodiclofen 12%,Thuốc trừ sâu,Công ty TNHH TM DV Việt Phát,hoa hồng,nhện đỏ,
Ω-Spira 20SC,Abamectin 2% + Spirodiclofen 18%,Thuốc trừ sâu,Công ty TNHH MTV BVTV Omega,chè,nhện đỏ,
Himasiro 22SC,Abamectin 2% + Spirodiclofen 20%,Thuốc trừ sâu,Công ty TNHH Pesticide Nhật Bản,đậu tương,nhện đỏ,
Sunmite 25SC,Abamectin 5% + Spirodiclofen 20%,Thuốc trừ sâu,Công ty TNHH Nam Bắc,phật thủ,nhện đỏ,
SV-Proman 25SC,Abamectin 5% + Spirodiclofen 20%,Thuốc trừ sâu,Công ty TNHH Saturn Chemical Việt Nam,lạc,nhện đỏ,
Kaiser-Pro 35SC,Abamectin 5% + Spirodiclofen 30%,Thuốc trừ sâu,Công ty TNHH Radiant AG,sắn,bọ phấn,
Akita-Spirofen 240SC,Abamectin 30g/l + Spirodiclofen 210g/l,Thuốc trừ sâu,Công ty TNHH BVTV Akita Việt Nam,sắn,nhện đỏ,
Ω-Aromat 120SC,Abamectin 20g/l + Spirotetramat 100g/l,Thuốc trừ sâu,Công ty TNHH MTV BVTV Omega,cam; chè,nhện đỏ,
ET-Cyvil 24SC,Abamectin 3% + Spirotetramat 21%,Thuốc trừ sâu,"Shanghai E-tong Chemical Co., Ltd",khoai tây,bọ phấn,
Pilaravia 155SC,Abamectin 31g/l + Spirotetramat 124 g/l,Thuốc trừ sâu,"Pilarquim (Shanghai) Co., Ltd",hồ tiêu,rệp sáp,
Solvigo 108SC,Abamectin 36g/l + Thiamethoxam 72g/l,Thuốc trừ sâu,Công ty TNHH Syngenta Việt Nam,cà phê; hồ tiêu,rệp sáp; tuyến trùng,
Aba-top 960WP,Abamectin 10 g/kg + Thiosultap-sodium (Monosultap) 950g/kg,Thuốc trừ sâu,Công ty CP SX TM Bio Vina,lúa,bọ trĩ; bọ xít hôi; rầy nâu; sâu cuốn lá; sâu đục thân,
MDAbamuron 50SC,Abamectin 3g/l + Triflumuron (min 97%) 47g/l,Thuốc trừ sâu,Công ty CP Mạnh Đan,ngô,sâu keo mùa thu,
Aba B2 50EC,Abamectin B2 (min 90%),Thuốc trừ sâu,Công ty CP BVTV Asata Hoa Kỳ,cải bắp,sâu tơ,
Tuyen trung B2 50EC,Abamectin B2 (min 90%),Thuốc trừ sâu,Công ty CP Nông nghiệp HP,hồ tiêu,tuyến trùng,
"Acerhone 300EC, 300WP",Acetamiprid (min 97%),Thuốc trừ sâu,Công ty TNHH Rhone Việt Nam,mía; sắn,bọ phấn; xơ,
"Actatoc 200WP, 200EC",Acetamiprid (min 97%),Thuốc trừ sâu,Công ty CP Công nghệ cao Thuốc BVTV USA,cà phê; lúa; mía,nâu; rầy nâu; rệp bông xơ; rệp sáp,
Advice 3EC,Acetamiprid (min 97%),Thuốc trừ sâu,Công ty TNHH XNK Quốc tế Sara,cà phê; rệp; sắn,rệp sáp bột hồng; sáp,
Afeno 30WP,Acetamiprid (min 97%),Thuốc trừ sâu,Công ty CP Nông nghiệp Việt Nam,lúa,rầy nâu,
Amender 200SP,Acetamiprid (min 97%),Thuốc trừ sâu,Công ty TNHH Hóa Nông Lúa Vàng,lúa,rầy nâu,
Amsipilan 20SP,Acetamiprid (min 97%),Thuốc trừ sâu,Công ty TNHH Việt Hóa Nông,lúa,sâu cuốn lá,
Ascend 200SP,Acetamiprid (min 97%),Thuốc trừ sâu,Công ty TNHH Alfa (Sài gòn),bọ; cà phê; lúa; rầy; điều,nâu; rệp sáp; trĩ,
Cayman 25WP,Acetamiprid (min 97%),Thuốc trừ sâu,Công ty CP SX Thuốc BVTV Omega,lúa,rầy nâu,
Daiwance 200SP,Acetamiprid (min 97%),Thuốc trừ sâu,Công ty CP Futai,lúa,rầy nâu,
"Dominic 20SL, 40WG",Acetamiprid (min 97%),Thuốc trừ sâu,Công ty CP Bigfive Việt Nam,lạc,rệp muội,
"Domosphi 10SP, 20EC",Acetamiprid (min 97%),Thuốc trừ sâu,Công ty CP Thanh Điền,bông vải; cà phê; hồ tiêu; lúa; lạc; sâu cuốn; sâu xanh da; đậu tương,bọ trĩ; lá; láng; rầy nâu; rầy xanh; rệp sáp; sáp; sâu xanh,
Google 30WP,Acetamiprid (min 97%),Thuốc trừ sâu,Công ty TNHH TM-SX GNC,lúa,rầy nâu,
Hotray 200SL,Acetamiprid (min 97%),Thuốc trừ sâu,Công ty TNHH TM Thái Phong,lúa,rầy nâu,
Melycit 20SP,Acetamiprid (min 97%),Thuốc trừ sâu,Công ty CP Long Hiệp,ca cao; lúa; rệp,rầy nâu; sáp,
Mopride 20 WP,Acetamiprid (min 97%),Thuốc trừ sâu,Công ty CP Nông nghiệp HP,cà phê; lúa; điều,bọ trĩ; rầy nâu; rệp sáp; sâu cuốn lá,
"Mosflannong 30EC, 200WP, 300SC, 600WG",Acetamiprid (min 97%),Thuốc trừ sâu,Công ty TNHH An Nông,lúa; rầy; sâu cuốn lá,nâu; rầy nâu,
"Mospilan 3EC, 20SP",Acetamiprid (min 97%),Thuốc trừ sâu,Sumitomo Corporation Vietnam LLC,bông vải; bọ; cà phê; hồ tiêu; lúa; rầy lưng trắng; rầy nâu; vừng,bọ trĩ; rầy xanh; rệp sáp; xít,
Motilan 20SP,Acetamiprid (min 97%),Thuốc trừ sâu,Công ty TNHH SX & TM HAI Long An,điều,bọ xít muỗi,
Motsuper 36WG,Acetamiprid (min 97%),Thuốc trừ sâu,Công ty CP ĐT TM và PTNN ADI,lúa,rầy nâu,
Nired 3EC,Acetamiprid (min 97%),Thuốc trừ sâu,Công ty CP Nicotex,lúa,bọ trĩ; rầy nâu,
Otoxes 200SP,Acetamiprid (min 97%),Thuốc trừ sâu,Công ty TNHH Việt Thắng,lúa,rầy nâu,
Presing 20SL,Acetamiprid (min 97%),Thuốc trừ sâu,Công ty TNHH Deutschland Việt Nam,mía,rệp bông xơ,
Raysuper 30EC,Acetamiprid (min 97%),Thuốc trừ sâu,Công ty TNHH TM DV Quỳnh Giao,lúa,rầy nâu,
Sadamir 200WP,Acetamiprid (min 97%),Thuốc trừ sâu,Công ty CP Quốc tế Hòa Bình,lúa,rầy nâu,
Sếu đỏ 3EC,Acetamiprid (min 97%),Thuốc trừ sâu,Công ty CP BVTV Sài Gòn,lúa,rầy nâu,
Tace 20SP,Acetamiprid (min 97%),Thuốc trừ sâu,Công ty TNHH TM Tùng Dương,đậu tương,rệp muội,
Tosi 30WG,Acetamiprid (min 97%),Thuốc trừ sâu,Công ty CP BMC Vĩnh Phúc,lúa,rầy nâu,
Uni-aceta 20SP,Acetamiprid (min 97%),Thuốc trừ sâu,Công ty TNHH World Vision (VN),bọ; lúa; điều,rầy nâu; trĩ,
Mospha 80 EC,Acetamiprid 30g/l + Alpha-cypermethrin 50g/l,Thuốc trừ sâu,Công ty CP Đồng Xanh,lúa; sâu; đậu tương,khoang; sâu cuốn lá,
Acerin 50WG,Acetamiprid 25% + Bifenthrin 25%,Thuốc trừ sâu,"Shandong Weifang Rainbow Chemical Co., Ltd",điều,bọ xít muỗi,
Sieuray 250WP,Acetamiprid 10% (100g/kg) + Buprofezin 15% (150g/kg),Thuốc trừ sâu,Công ty CP Hoá nông Mỹ Việt Đức,lúa,rầy nâu,
Uni-acetafezin 25WP,Acetamiprid 10% (100g/kg) + Buprofezin 15% (150g/kg),Thuốc trừ sâu,Công ty TNHH World Vision (VN),lúa,rầy nâu,
Vakala 250WP,Acetamiprid 10% (100g/kg) + Buprofezin 15% (150g/kg),Thuốc trừ sâu,Công ty TNHH Radiant AG,sắn,rệp sáp,
Penalty 40WP,Acetamiprid 20% + Buprofezin 20%,Thuốc trừ sâu,Công ty TNHH ADC,lúa,rầy lưng trắng; rầy nâu,
Binova 45WP,Acetamiprid 20% + Buprofezin 25%,Thuốc trừ sâu,Công ty CP Đồng Xanh,lúa,rầy nâu,
Khongray 54WP,Acetamiprid 24% + Buprofezin 30%,Thuốc trừ sâu,Công ty TNHH TM Nông Phát,lúa,rầy nâu,
Ba Đăng 500WP,Acetamiprid 150g/kg + Buprofezin 350g/kg,Thuốc trừ sâu,Công ty TNHH Việt Thắng,cà phê; lúa,bọ trĩ; rầy nâu; rệp sáp giả,
Sun Atlanta 400WP,Acetamiprid 200g/kg + Buprofezin 200g/kg,Thuốc trừ sâu,Công ty TNHH Đầu tư và Phát triển Hagrochem,sắn,bọ phấn trắng,
Acetapro 500WP,Acetamiprid 250 g/kg + Buprofezin 250g/kg,Thuốc trừ sâu,Kital Ltd,lúa,rầy nâu,
Everest 500WP,Acetamiprid 250 g/kg + Buprofezin 250g/kg,Thuốc trừ sâu,Công ty TNHH Nam Bộ,cà phê; lúa; rệp,rầy nâu; sáp,
Asimo super 550WP,Acetamiprid 170g/kg + Buprofezin 380g/kg,Thuốc trừ sâu,Công ty TNHH TM SX Thôn Trang,lúa,rầy nâu,
Atylo 650WP,Acetamiprid 400g/kg + Buprofezin 250g/kg,Thuốc trừ sâu,Công ty TNHH TM Thái Nông,cà phê; lúa,rầy lưng trắng; rầy nâu; rệp sáp,
"Chavez 230EC, 600WP",Acetamiprid 10g/l (300g/kg) + Buprofezin 20g/l (200g/kg) + Fenobucarb 200g/l (100g/kg),Thuốc trừ sâu,Công ty CP thuốc BVTV Việt Trung,lúa,rầy nâu,
Rakotajapane 500WP,Acetamiprid 100 g/kg + Buprofezin 300g/kg + Imidacloprid 100g/kg,Thuốc trừ sâu,Công ty TNHH TM SX Thôn Trang,lúa,rầy nâu,
Calira 555WP,Acetamiprid 150g/kg + Buprofezin 255g/kg + Imidacloprid 150g/kg,Thuốc trừ sâu,Công ty CP Quốc tế Hoà Bình,lúa,rầy nâu,
"Chesone 300WP, 370EC",Acetamiprid 100 g/kg (50g/l) + Buprofezin 150g/kg (20g/l) + Isoprocarb 50g/kg (300g/l),Thuốc trừ sâu,Công ty CP Thuốc BVTV Việt Trung,lúa; rầy lưng,rầy nâu; trắng,
Osioi 800.8WP,Acetamiprid 450g/kg + Buprofezin 300g/kg + Thiamethoxam 50.8g/kg,Thuốc trừ sâu,Công ty TNHH An Nông,lúa,rầy nâu,
Hugo 95SP,Acetamiprid 3% + Cartap hydrochloride 92%,Thuốc trừ sâu,Công ty CP Hóc Môn,cà phê; lúa; lạc; rệp; sâu,khoang; sáp; sâu cuốn lá,
Acnal 400WP,Acetamiprid 150g/kg + Dinotefuran 250g/kg,Thuốc trừ sâu,Công ty TNHH TM Thái Nông,bông vải; cà phê; lúa,bọ trĩ; rầy nâu; rệp muội; rệp sáp,
Mitoc-HB 300WP,Acetamiprid 150g/kg + Dinotefuran 150g/kg,Thuốc trừ sâu,Công ty CP Quốc tế Hòa Bình,lúa,rầy nâu,
Jojotino 350WP,Acetamiprid 300g/kg + Emamectin benzoate 50g/kg,Thuốc trừ sâu,Công ty CP Nông nghiệp HP,lúa,bọ trĩ,
Supertac gold 400EC,Acetamiprid 50 g/l + Fenobucarb 350 g/l,Thuốc trừ sâu,Công ty CP Quốc tế Hòa Bình,lúa,rầy nâu,
Acetago 35WG,Acetamiprid 15% + Flonicamid 20%,Thuốc trừ sâu,Công ty TNHH Agrofarm,hoa cúc,bọ trĩ,
AU-Takamid F 35WG,Acetamiprid 15% + Flonicamid 20%,Thuốc trừ sâu,Công ty TNHH Authentique Việt Nam,hoa cúc,bọ trĩ,
Cetamiusavb 35WG,Acetamiprid 15% + Flonicamid 20%,Thuốc trừ sâu,Công ty TNHH Vbook Hoa Kỳ,hoa cúc,bọ trĩ,
Fennik 50WG,Acetamiprid 20% + Flonicamid 30%,Thuốc trừ sâu,Công ty CP US Farm Việt Nam,ngô,rệp muội,
"Sutin 5EC, 50SC, 50WP, 50WG","Acetamiprid 3% (30g/l), (30g/kg), (30g/kg) + Imidacloprid 2% (20g/l), (20g/kg), (20g/kg)",Thuốc trừ sâu,Công ty CP BVTV I TW,lúa; lúa 50SC,bọ trĩ; nâu; rầy nâu,
Nongiahy 155SL,Acetamiprid 100 g/l + Imidacloprid 55 g/l,Thuốc trừ sâu,Công ty TNHH – TM Thái Phong,bọ; cà phê; lúa; rầy nâu,rệp sáp; trĩ,
Sachray 200WP,Acetamiprid 70g/kg + Imidacloprid 130g/kg,Thuốc trừ sâu,Công ty CP Nông dược Việt Nam,lúa,rầy nâu,
Mã lục 250WP,Acetamiprid 125g/kg + Imidacloprid 125g/kg,Thuốc trừ sâu,Công ty TNHH Việt Thắng,lúa,bọ trĩ; rầy nâu,
Vip super 300WP,Acetamiprid 100 g/kg + Imidacloprid 200g/kg,Thuốc trừ sâu,Công ty TNHH TM DV Tấn Hưng,lúa,rầy nâu,
Caymangold 33WP,Acetamiprid 25% + Imidacloprid 8%,Thuốc trừ sâu,Công ty TNHH TM Nông Phát,lúa,rầy nâu,
Rid up 35WG,Acetamiprid 25% + Imidacloprid 10%,Thuốc trừ sâu,"Shanghai E-tong Chemical Co., Ltd",cà phê,rệp sáp,
Setusa 350WP,Acetamiprid 150 g/kg + Imidacloprid 200g/kg,Thuốc trừ sâu,Công ty TNHH TM SX Thôn Trang,lúa,rầy nâu,
Azorin 400WP,Acetamiprid 200g/kg + Imidacloprid 200g/kg,Thuốc trừ sâu,Công ty TNHH Nông dược HAI Quy Nhơn,lúa,rầy nâu,
Acetat 250EC,Acetamiprid 200g/l + Lambda-cyhalothrin 50g/l,Thuốc trừ sâu,Công ty TNHH A2T Việt Nam,mía,rệp bông xơ,
Diệt rầy 277WP,Acetamiprid 77g/kg + Metolcarb (min 98%) 200g/kg,Thuốc trừ sâu,Công ty TNHH Hoá sinh Phong Phú,lúa,rầy nâu,
New Nova 180EC,Acetamiprid 80 g/l + Novaluron 100 g/l,Thuốc trừ sâu,Công ty CP S New Rice,lạc,sâu khoang,
Apazin-HB 450WP,Acetamiprid 150g/kg + Pymetrozine 300g/kg,Thuốc trừ sâu,Công ty CP Quốc tế Hòa Bình,lúa,rầy nâu,
"Secso 500WP, 700WG",Acetamiprid 250g/kg (400g/kg) + Pymetrozine 250g/kg (300g/kg),Thuốc trừ sâu,Công ty TNHH Hóa Nông Lúa Vàng,bọ xít; lúa; lạc; rầy; điều,muỗi; nâu; sâu khoang,
Centrum 75WG,Acetamiprid 25% + Pymetrozine 50%,Thuốc trừ sâu,Công ty CP Thuốc sát trùng Việt Nam,lúa,rầy nâu,
Pycasu 600WG,Acetamiprid 580g/kg + Pymetrozine 20g/kg,Thuốc trừ sâu,Công ty TNHH hỗ trợ phát triển kỹ thuật và chuyển giao công nghệ,lúa,rầy nâu,
Beetliss 20ME,Acetamiprid 10% + Pyridaben 10%,Thuốc trừ sâu,Công ty TNHH Brightmart Cropscience (Việt Nam),lạc,nhện đỏ,
Kingpower 42WP,Acetamiprid 21% + Pyridaben 21%,Thuốc trừ sâu,Công ty TNHH TM Hải Thụy,cà phê,rệp sáp,
Sedox 200EC,Acetamiprid 30g/l + Pyridaben 170g/l,Thuốc trừ sâu,Công ty CP Quốc tế Hòa Bình,lúa,nhện gié,
Trivor 310DC,Acetamiprid 186g/l + Pyriproxyfen 124g/l,Thuốc trừ sâu,Công ty TNHH DVTM Witip,hồ tiêu,rệp sáp,TT28/2026: đổi tổ chức đăng ký
Goldra 250WG,Acetamiprid 10 g/kg + Thiamethoxam 240g/kg,Thuốc trừ sâu,Công ty CP Nông dược Việt Nam,lúa; mía; rệp bông,rầy nâu; xơ,
B-41 350WG,Acetamiprid 100 g/kg + Thiamethoxam 250g/kg,Thuốc trừ sâu,Công ty TNHH TM DV Tấn Hưng,lúa,bọ trĩ; rầy nâu,
Alfatac 600WP,Acetamiprid 50g/kg + Thiosultap-sodium (Nereistoxin) 550g/kg,Thuốc trừ sâu,Công ty CP Công nghệ cao Thuốc BVTV USA,lúa,sâu cuốn lá; sâu đục thân,
Goldan 750WP,Acetamiprid 50 g/kg + Thiosultap-sodium (Nereistoxin) 700g/kg,Thuốc trừ sâu,Công ty CP Quốc tế Hòa Bình,lúa,sâu cuốn lá,
Mallot 50DC,Afidopyropen (min 92.5%),Thuốc trừ sâu,"BASF Vietnam Co., Ltd",cam; cà chua; cà phê; dưa chuột; sắn; ớt,bọ phấn trắng; bọ trĩ; rệp sáp,
Ace 5EC,Alpha-cypermethrin (min 90%),Thuốc trừ sâu,Công ty CP TST Cần Thơ,lúa,sâu phao,
Alfacua 10EC,Alpha-cypermethrin (min 90%),Thuốc trừ sâu,Công ty CP Đồng Xanh,bọ xít; cà phê; lúa; lạc; rệp; sâu; điều,khoang; muỗi; sáp; sâu đục bẹ,
Alfathrin 50EC,Alpha-cypermethrin (min 90%),Thuốc trừ sâu,Công ty TNHH Alfa (Sài Gòn),khoai lang; lúa; điều,bọ xít muỗi; sâu cuốn lá nhỏ; sâu khoang,
"Alpha 10EC, 10SC",Alpha-cypermethrin (min 90%),Thuốc trừ sâu,Map Pacific Pte Ltd,bọ; bọ xít; cà phê; lúa; lạc; sâu; điều,khoang; kiến; muỗi; sâu khoang; trĩ,
Alpha Ggo 10EC,Alpha-cypermethrin (min 90%),Thuốc trừ sâu,Công ty TNHH Nông nghiệp Công nghệ xanh Bắc Giang,đậu tương,rệp muội,
Alphacide 100EC,Alpha-cypermethrin (min 90%),Thuốc trừ sâu,Công ty TNHH TM Đức Nông,lúa,bọ xít,
Altach 5EC,Alpha-cypermethrin (min 90%),Thuốc trừ sâu,Công ty CP Nông dược HAI,lúa; lạc; ngô; đậu xanh,bọ xít; rệp muội; sâu cuốn lá,
"Anphatox 5EC, 25EW, 100SC",Alpha-cypermethrin (min 90%),Thuốc trừ sâu,Công ty TNHH An Nông,bọ; cà phê; lúa; lạc; sâu đục; đậu tương,bẹ; rệp muội; sâu khoang; sâu đục quả; trĩ; xít,
Antaphos 50EC,Alpha-cypermethrin (min 90%),Thuốc trừ sâu,Công ty CP XNK Nông dược Hoàng Ân,lúa; đậu tương,sâu cuốn lá; sâu keo; sâu đục quả,
Bestox5EC,Alpha-cypermethrin (min 90%),Thuốc trừ sâu,Công ty TNHH FMC Việt Nam,lúa; đậu tương,bọ trĩ; bọ xít; rệp; sâu cuốn lá,
Bpalatox 100EC,Alpha-cypermethrin (min 90%),Thuốc trừ sâu,Công ty TNHH TM Bình Phương,lạc,sâu khoang,
Caterice 5EC,Alpha-cypermethrin (min 90%),Thuốc trừ sâu,"Hextar Chemicals Sdn, Bhd",lúa,bọ trĩ,
Cyper-Alpha 5 EC,Alpha-cypermethrin (min 90%),Thuốc trừ sâu,Công ty TNHH TM - DV Thanh Sơn Hóa Nông,lúa,bọ trĩ; sâu cuốn lá,
Dantox 5 EC,Alpha-cypermethrin (min 90%),Thuốc trừ sâu,Công ty TNHH XNK Quốc tế SARA,bông vải; cà phê; lúa; rệp; sâu,bọ trĩ; sáp; xanh,
Fastac 5 EC,Alpha-cypermethrin (min 90%),Thuốc trừ sâu,"BASF Vietnam Co., Ltd",cà phê; lúa,bọ trĩ; bọ xít; rầy; rệp; sâu cuốn lá,
Fascist 5EC,Alpha-cypermethrin (min 90%),Thuốc trừ sâu,Công ty CP Long Hiệp,lúa; điều,bọ xít; bọ xít muỗi; sâu cuốn lá,
Fastocid 5 EC,Alpha-cypermethrin (min 90%),Thuốc trừ sâu,Công ty CP Vật tư NN Tiền Giang,khoai lang; lúa; điều,bọ xít muỗi; sâu cuốn lá; sâu khoang,
Fastphos 50EC,Alpha-cypermethrin (min 90%),Thuốc trừ sâu,Công ty TNHH TM SX Thôn Trang,lúa,sâu cuốn lá,
Fentac 2.0 EC,Alpha-cypermethrin (min 90%),Thuốc trừ sâu,Công ty TNHH XNK Hóa chất Công nghệ cao Việt Nam,đậu tương,sâu đục quả,
FM-Tox 25EC,Alpha-cypermethrin (min 90%),Thuốc trừ sâu,Công ty TNHH Việt Thắng,cà phê; lúa; lạc; rệp; điều,bọ trĩ; bọ xít muỗi; sáp; sâu cuốn lá; sâu khoang,
Fortac 5 EC,Alpha-cypermethrin (min 90%),Thuốc trừ sâu,Forward International Ltd,lúa; lạc; sâu,khoang; sâu cuốn lá,
Fortox 50 EC,Alpha-cypermethrin (min 90%),Thuốc trừ sâu,Công ty TNHH DV TM Ánh Dương,lúa; lạc,bọ trĩ; sâu cuốn lá; sâu khoang,
Motox 5EC,Alpha-cypermethrin (min 90%),Thuốc trừ sâu,Công ty CP SX - TM - DV Ngọc Tùng,cà phê; hồ tiêu; điều; đậu xanh,bọ xít muỗi; rệp sáp; sâu đục quả,
Newalpha 10EC,Alpha-cypermethrin (min 90%),Thuốc trừ sâu,Công ty TNHH A2T Việt Nam,sắn,rệp sáp,
"Pertox 5EC, 100EW, 250WP",Alpha-cypermethrin (min 90%),Thuốc trừ sâu,Công ty CP Quốc tế Hòa Bình,lúa; lúa 100EW; sâu đục,bọ trĩ; sâu cuốn lá; sâu đục thân; thân,
Pytax-s 5EC,Alpha-cypermethrin (min 90%),Thuốc trừ sâu,Công ty TNHH Hóa chất Đại Nam Á,lúa,sâu cuốn lá,
Sapen-Alpha 5 EC,Alpha-cypermethrin (min 90%),Thuốc trừ sâu,Công ty CP BVTV Sài Gòn,bông vải; lúa; lúa cạn,bọ trĩ; bọ xít hôi; sâu cuốn lá; sâu hồng,
"Speedter 10EC, 10SC",Alpha-cypermethrin (min 90%),Thuốc trừ sâu,Công ty CP Hóa chất SAM,lạc,sâu khoang,
Supertox 100EC,Alpha-cypermethrin (min 90%),Thuốc trừ sâu,Công ty CP Khoa học CNC American,lúa,sâu cuốn lá; sâu đục thân,
Thanatox 5EC,Alpha-cypermethrin (min 90%),Thuốc trừ sâu,Công ty CP ND Việt Nam,lúa,sâu cuốn lá,
Tiper-Alpha 5EC,Alpha-cypermethrin (min 90%),Thuốc trừ sâu,Công ty TNHH TM Thái Phong,hồ tiêu; lúa,bọ xít; rệp muội; sâu năn,
Unitox 5EC,Alpha-cypermethrin (min 90%),Thuốc trừ sâu,Công ty TNHH UPL Việt Nam,bọ xít; lúa; điều,bọ xít; muỗi,
"Vifast 5EC, 10SC",Alpha-cypermethrin (min 90%),Thuốc trừ sâu,Công ty CP Thuốc sát trùng Việt Nam,cao su; cà phê; lúa; điều,bọ trĩ; bọ xít muỗi; mối; sâu cuốn lá; xít,
Cupvang 250EC,Alpha-cypermethrin 120g/l + Chlorfenapyr 100g/l + Emamectin benzoate 30g/l,Thuốc trừ sâu,Công ty TNHH TM SX Thôn Trang,lúa,sâu cuốn lá,
Extrausa 300SE,Alpha-cypermethrin 100g/l + Chlorfenapyr 90g/l + Indoxacarb 110g/l,Thuốc trừ sâu,Công ty TNHH TM SX Thôn Trang,lúa,sâu cuốn lá,
Alfos 50EC,Alpha-cypermethrin 20% + Chlorpyrifos-methyl 30%,Thuốc trừ sâu,Công ty CP Global Farm,lạc,sâu khoang,
Ablane 425EC,Alpha-cypermethrin 25 g/l + Dimethoate 400 g/l,Thuốc trừ sâu,Công ty TNHH Hóa Nông Lúa Vàng,cà phê; sâu xanh da; đậu tương,láng; rệp sáp,
Cyfitox 300EC,Alpha-cypermethrin 20g/l + Dimethoate 280g/l,Thuốc trừ sâu,Công ty CP Quốc tế Hòa Bình,cà phê; lúa; mía,bọ trĩ; rệp; rệp sáp; sâu cuốn lá; sâu đục thân,
Dinosinjapane 350WP,Alpha-cypermethrin 150g/kg + Dinotefuran 200g/kg,Thuốc trừ sâu,Công ty TNHH Hóa chất và TM Trần Vũ,lúa,rầy nâu,
Emarin 86EC,Alpha-cypermethrin 50g/l + Emamectin benzoate 36g/l,Thuốc trừ sâu,Công ty TNHH Hóa sinh Mùa Vàng,lúa,sâu cuốn lá,
Redtoc 100EC,Alpha-cypermethrin 50g/l + Emamectin benzoate 50g/l,Thuốc trừ sâu,Công ty TNHH Vipes Việt Nam,lúa,sâu cuốn lá,
"Sieugon 85GR, 370WP, 530EC, 80EW","Alpha-cypermethrin 5g/kg (10g/kg), (30g/l), (60g/l) + Fenobucarb 50g/kg (10g/kg), (450g/l), (10g/l) + Isoprocarb 30g/kg, (350g/kg), (50g/l), (10g/l)",Thuốc trừ sâu,Công ty TNHH Thuốc BVTV Liên doanh Nhật Mỹ,lúa; lúa 80EW; sâu cuốn,lá; nâu; rầy lưng trắng,
Alphador 50EC,Alpha-cypermethrin 30g/l + Imidacloprid 20g/l,Thuốc trừ sâu,Công ty CP Thanh Điền,cà phê; hồ tiêu; lúa; lạc; điều,bọ xít; bọ xít muỗi; rầy nâu; rệp sáp; rệp vảy; sâu cuốn lá; sâu khoang,
Zap 350SC,Alpha-cypermethrin 50g/l + Imidacloprid 100g/l + Thiamethoxam 200g/l,Thuốc trừ sâu,Công ty CP Tập đoàn Điện Bàn,lúa,rầy nâu,
"Ktedo 85EC, 120EW",Alpha-cypermethrin 50g/l (50g/l) + Permethrin 5g/l (50g/l) + Profenofos 30g/l (20g/l),Thuốc trừ sâu,Công ty TNHH Thuốc BVTV Liên doanh Nhật Mỹ,lúa,bọ trĩ; lá,
"Kasakiusa 95EC, 130EW",Alpha-cypermethrin 50g/l (100 g/l) + Phoxim 45g/l (30 g/l),Thuốc trừ sâu,Công ty CP Thuốc BVTV Việt Trung,lúa,bọ trĩ; lá,
Profast 210EC,Alpha-cypermethrin 10g/l + Profenofos 200g/l,Thuốc trừ sâu,"Arysta LifeScience Vietnam Co., Ltd",cà phê; lúa; đậu tương,rệp sáp; rệp vảy; sâu cuốn lá; sâu xanh; sâu đục bẹ; sâu đục quả,
Actatac 300EC,Alpha-cypermethrin 30g/l + Profenofos 270g/l,Thuốc trừ sâu,Công ty CP Quốc tế Agritech Hoa Kỳ,lúa,sâu đục thân,
Anofos 650EC,Alpha-cypermethrin 150g/l + Profenofos 500g/l,Thuốc trừ sâu,Công ty TNHH TM Anh Thơ,ngô,sâu keo mùa thu,
Pymestar 550WG,Alpha-cypermethrin 150g/kg + Pymetrozine 400g/kg,Thuốc trừ sâu,Công ty TNHH Hóa Chất và TM Trần Vũ,lúa,rầy nâu,
Moclodan 300EC,Alpha-cypermethrin 30g/l + Quinalphos 270g/l,Thuốc trừ sâu,Công ty CP Quốc tế Agritech Hoa Kỳ,lúa,sâu cuốn lá,
Focotoc 250EC,Alpha-cypermethrin 35g/l + Quinalphos 215g/l,Thuốc trừ sâu,Công ty CP Công nghệ cao Thuốc BVTV USA,lạc,sâu khoang,
Imunit 150SC,Alpha-cypermethrin 75g/l + Teflubenzuron (min 97%) 75g/l,Thuốc trừ sâu,"BASF Vietnam Co., Ltd",lạc; ngô; sâu keo mùa,sâu xanh da láng; thu,
Amino 15SL,Amino acid,Thuốc trừ sâu,Công ty TNHH TM DV SX XNK Đức Thành,lúa,rầy nâu,
Binhtac 20EC,Amitraz (min 97%),Thuốc trừ sâu,"Bailing Agrochemical Co., Ltd",lúa,nhện gié,
Bunchuk 200EC,Amitraz (min 97%),Thuốc trừ sâu,Công ty CP MT QT Rainbow,hoa hồng,nhện đỏ,
Mitac 20EC,Amitraz (min 97%),Thuốc trừ sâu,Công ty TNHH UPL Việt Nam,lúa,nhện gié,
Map nano 450WP,Amitraz 350g/kg + Hexythiazox 100g/kg,Thuốc trừ sâu,Map Pacific Pte Ltd,lúa,nhện gié,
TT-Anonin 1EC,Annonin (min 95%),Thuốc trừ sâu,Công ty TNHH TM Tân Thành,bắp cải; cam; cà chua; lúa; sâu; xoài,nhện gié; rầy bông; sâu cuốn lá; sâu vẽ bùa; sâu xanh; tơ,
Agiaza 4.5EC,Azadirachtin (min 15%),Thuốc trừ sâu,Công ty TNHH SX TM DV Thu Loan,bắp cải; cam; chè; cà pháo; cải xanh; hoa hồng; lúa; na; thuốc lá; đậu tương; ớt,bọ cánh tơ; nhện đỏ; rầy xanh; rệp; rệp sáp; sâu cuốn lá nhỏ; sâu tơ; sâu vẽ bùa; sâu xanh; sâu xanh da láng; sâu đục quả; sâu đục thân,
Altivi 0.3EC,Azadirachtin (min 15%),Thuốc trừ sâu,Công ty CP Nicotex,cam; chè; lúa; quýt; rau cải xanh,nhện gié; nhện đỏ; rầy xanh; sâu cuốn lá; sâu tơ; sâu vẽ bùa; sâu xanh; sâu đục bẹ,
Aza 0.15EC,Azadirachtin (min 15%),Thuốc trừ sâu,Công ty TNHH Phan Lê,bắp cải,sâu tơ,
A-Z annong 0.15EC,Azadirachtin (min 15%),Thuốc trừ sâu,Công ty TNHH An Nông,bắp cải; cam; chè; cà phê; cải bông; lúa; thuốc lá,bọ cánh tơ; cuốn lá; nhện đỏ; rầy nâu; rầy xanh; rệp muội; rệp sáp; sâu tơ; sâu xanh da láng,
Bio Azadi 0.3SL,Azadirachtin (min 15%),Thuốc trừ sâu,Công ty TNHH CNSH Điền Trang Xanh,nho,bọ trĩ,
Boaza 0.3EC,Azadirachtin (min 15%),Thuốc trừ sâu,Công ty TNHH Nông Duyên,bắp cải,sâu tơ,
Cittioke 0.6EC,Azadirachtin (min 15%),Thuốc trừ sâu,"Eastchem Co., Ltd",bắp cải; cà chua; lúa,bọ trĩ; rầy nâu; sâu cuốn lá; sâu tơ; sâu xanh,
Econeem Plus 1EC,Azadirachtin (min 15%),Thuốc trừ sâu,Công ty CP Biocont Việt Nam,dưa chuột; hoa cúc; hoa hồng,bọ trĩ; nhện đỏ; ruồi đục quả; sâu vẽ bùa,
Goldgun 0.6EC,Azadirachtin (min 15%),Thuốc trừ sâu,Công ty TNHH MTV Gold Ocean,bắp cải; cam; chè; cà chua; cà phê; lúa; súp lơ; thuốc lá; đậu tương,bọ cánh tơ; bọ trĩ; nhện đỏ; rầy nâu; rầy xanh; rệp sáp; rệp đào; sâu cuốn lá; sâu phao đục bẹ; sâu tơ; sâu xanh; sâu xanh da láng,
Hoaneem 0.3EC,Azadirachtin (min 15%),Thuốc trừ sâu,Công ty CP Quốc tế Agritech Hoa Kỳ,bưởi; bắp cải; chè; lúa; đậu tương,bọ nhảy; nhện đỏ; sâu cuốn lá; sâu tơ; sâu vẽ bùa; sâu xanh da láng,
Jasper 0.3 EC,Azadirachtin (min 15%),Thuốc trừ sâu,Công ty TNHH XNK Quốc tế SARA,chè; cây có múi; cải xanh; lúa; nho; nhện; rầy; sâu; thuốc lá,bông; rệp; sâu cuốn lá; tơ; xanh; đỏ,
Kozomi 0.15EC,Azadirachtin (min 15%),Thuốc trừ sâu,Công ty CP Thuốc BVTV Việt Trung,bắp cải; chè; lúa,bọ cánh tơ; bọ nhảy; nhện đỏ; rầy nâu,
Minup 0.3EC,Azadirachtin (min 15%),Thuốc trừ sâu,Công ty TNHH US.Chemical,bắp cải; cam; chanh leo; chè; cà chua; cà phê; lúa; súp lơ; thuốc lá; vải; xoài; đậu tương,bọ cánh tơ; bọ nhảy; bọ trĩ; bọ xít muỗi; nhện đỏ; rầy nâu; rầy xanh; rệp; rệp sáp; rệp đào; sâu cuốn lá; sâu khoang; sâu phao đục bẹ; sâu tơ; sâu vẽ bùa; sâu xanh; sâu xanh da láng; sâu đục cuống quả; sâu đục quả,
Misec 1.0EC,Azadirachtin (min 15%),Thuốc trừ sâu,Viện Khoa học vật liệu ứng dụng,bắp cải; lúa,bọ nhảy; sâu cuốn lá; sâu tơ; sâu xanh bướm trắng; sâu đục thân,
Mothian 0.35EC,Azadirachtin (min 15%),Thuốc trừ sâu,Công ty CP Nông nghiệp Thiên An,bắp cải; cam; cà tím; cải thảo; mồng tơi; rau cải; rau dền; rau muống; su hào; súp lơ; đậu côve; ớt,bọ nhảy; nhện đỏ; sâu khoang; sâu tơ; sâu đục quả,
Neem Nim Xoan Xanh Green 0.3 EC,Azadirachtin (min 15%),Thuốc trừ sâu,Công ty TNHH Ngân Anh,bắp cải; bọ cánh; chè; cà phê; cải bó xôi; cải bông; rệp; sâu; sâu xanh da; tuyến,láng; ruồi đục lá; sáp; trùng; tơ,
Nimbecidine 0.03EC,Azadirachtin (min 15%),Thuốc trừ sâu,Công ty TNHH Bioactive Việt Nam,ngô,sâu keo mùa thu,
Sarkozy 0.3EC,Azadirachtin (min 15%),Thuốc trừ sâu,Công ty TNHH Thuốc BVTV Liên doanh Nhật Mỹ,bắp cải; cam; chè; dưa hấu; lúa,bọ nhảy; bọ trĩ; bọ xít muỗi; nhện đỏ; rầy xanh; sâu cuốn lá; sâu tơ; sâu vẽ bùa; sâu xanh; sâu đục bẹ,
Sokotin 0.3EC,Azadirachtin (min 15%),Thuốc trừ sâu,Công ty TNHH Vật tư NN Phương Đông,bắp cải; chè; lúa; đậu tương,nhện đỏ; rầy nâu; rầy xanh; sâu cuốn lá; sâu tơ; sâu xanh bướm trắng; sâu xanh da láng,
Super Fitoc 10EC,Azadirachtin (min 15%),Thuốc trừ sâu,Công ty CP Công nghệ cao Thuốc BVTV USA,bắp cải; cam; chè; cà chua; cải xanh; dưa hấu; lúa; xoài; đậu tương,bọ cánh tơ; bọ trĩ; dòi đục lá; nhện đỏ; rầy bông; rầy nâu; rầy xanh; rệp; sâu cuốn lá; sâu khoang; sâu tơ; sâu vẽ bùa; sâu xanh; sâu xanh bướm trắng; sâu đục thân,
SV-Biocides 5EC,Azadirachtin (min 15%),Thuốc trừ sâu,Công ty TNHH Saturn Chemical Việt Nam,lúa,sâu cuốn lá,
Trutat 0.32EC,Azadirachtin (min 15%),Thuốc trừ sâu,Công ty TNHH Nam Bắc,bắp cải; cam; chè; cà phê; cải bẹ; lúa; rau cải; thuốc lá; đậu tương,bọ nhảy; bọ trĩ; nhện đỏ; rệp muội; rệp sáp; sâu cuốn lá; sâu tơ; sâu vẽ bùa; sâu xanh da láng; sâu đục quả,
Vineem 1500EC,Azadirachtin (min 15%),Thuốc trừ sâu,Công ty CP Thuốc sát trùng Việt Nam,bắp cải; chè; cải thảo; lúa,bọ nhảy; bọ trĩ; bọ xít muỗi; nhện đỏ; rầy xanh; rệp; sâu cuốn lá; sâu xanh bướm trắng,
Mig 18 207WG,Azadirachtin 1.5g/kg + Chlorfluazuron 200g/kg + Emamectin benzoate 5.5g/kg,Thuốc trừ sâu,Công ty TNHH TM DV Tấn Hưng,lúa,nhện gié; sâu cuốn lá; sâu đục thân,
Ramec 18EC,Azadirachtin 9g/l + Emamectin benzoate 9g/l,Thuốc trừ sâu,Công ty CP Công nghệ cao Thuốc BVTV USA,bắp cải; cam; chè; cà chua; cải xanh; dưa hấu; lúa; xoài; đậu tương,bọ cánh tơ; bọ trĩ; dòi đục lá; nhện đỏ; rầy bông; rầy nâu; rầy xanh; rệp; sâu cuốn lá; sâu khoang; sâu tơ; sâu vẽ bùa; sâu xanh; sâu xanh bướm trắng; sâu đục thân,
"Emacinmec 40.2EC, 75SC, 103SG","Azadirachtin 0.2g/l, (0.1g/l), (0.1g/kg) + Emamectin benzoate 40g/l (74.9g/l), (102.9g/kg)",Thuốc trừ sâu,Công ty CP Quốc tế Agritech Hoa Kỳ,bắp cải; cam; chè; lúa; xoài; đậu tương,nhện đỏ; nâu; rầy xanh; rệp bông; sâu cuốn lá; sâu khoang; sâu tơ; tơ,
"Promathion 25EC, 55WG",Azadirachtin 3 g/l (3g/kg) + Emamectin benzoate 22 g/l (52g/kg),Thuốc trừ sâu,Công ty TNHH Hoá chất và TM Trần Vũ,bắp cải; cam; lúa; đậu tương,nhện đỏ; sâu cuốn lá; sâu tơ; sâu xanh; xanh,
Dragonfly 116WG,Azadirachtin 1g/kg + Emamectin benzoate 115g/kg,Thuốc trừ sâu,Công ty CP Đầu tư và PT TM QT Thăng Long,lúa,sâu cuốn lá,
Agrimorstop 66.124EC,Azadirachtin 0.124% + Extract of Neem oil 66%,Thuốc trừ sâu,Kital Ltd,lạc,sâu khoang,
Lambada 5EC,Azadirachtin 3 g/l + Matrine 2 g/l,Thuốc trừ sâu,Công ty TNHH Hóa Nông Lúa Vàng,bắp cải; hành; lúa; lạc,sâu cuốn lá; sâu khoang; sâu tơ; sâu xanh da láng,
Golmec 9EC,Azadirachtin 5g/l + Matrine 4g/l,Thuốc trừ sâu,Công ty CP Công nghệ cao Thuốc BVTV USA,bắp cải; cam; chè; cà chua; cải xanh; dưa hấu; lúa; xoài; đậu tương,bọ cánh tơ; bọ trĩ; dòi đục lá; nhện đỏ; rầy bông; rầy nâu; rầy xanh; rệp; sâu cuốn lá; sâu khoang; sâu tơ; sâu vẽ bùa; sâu xanh; sâu xanh bướm trắng; sâu đục thân,
Biomax 1 EC,Azadirachtin 0.6% + Matrine 0.4%,Thuốc trừ sâu,Công ty TNHH Vật tư NN Phương Đông,bắp cải; cam; chè; cà chua; cải làn; cải xanh; lúa; quýt; đậu tương,bọ cánh tơ; bọ nhảy; nhện đỏ; rầy nâu; rầy xanh; rệp muội; sâu cuốn lá; sâu tơ; sâu vẽ bùa; sâu xanh bướm trắng; sâu xanh da láng,
Navi-art 1EC,Azadirachtin 0.6% + Matrine 0.4%,Thuốc trừ sâu,Công ty CP Khử trùng Nam Việt,lúa,sâu cuốn lá,
Dompass 20SC,Azadirachtin 3g/l + Spinosad 17g/l,Thuốc trừ sâu,Công ty TNHH Agricare Việt Nam,bắp cải,sâu tơ,
Clotin@top 250WP,Azocyclotin (min 98%),Thuốc trừ sâu,Công ty TNHH Pesticide Nhật Bản,hoa hồng,nhện đỏ,
"G-Fox 10EC, 25WP",Azocyclotin (min 98%),Thuốc trừ sâu,Công ty TNHH TM Gem Sky,hoa hồng,nhện đỏ,
"Usagtox 360SC, 750WP",Azocyclotin 150g/l (450g/kg) + Buprofezin 60g/l (250g/kg) + Diflubenzuron 150g/l (50g/kg),Thuốc trừ sâu,Công ty TNHH An Nông,cà phê; lúa,bọ phấn trắng; nhện gié; rầy nâu; sâu cuốn lá; đỏ,
Bung 700WP,Azocyclotin 400 g/kg + Cyflumetofen 300g/kg,Thuốc trừ sâu,Công ty TNHH An Nông,lúa,nhện gié,
Etoclotin 23SC,Azocyclotin 18% + Etoxazole 5%,Thuốc trừ sâu,Công ty TNHH Nông dược CKD Việt Nam,hoa hồng,nhện đỏ,
"Autopro 360SC, 700WP",Azocyclotin 100g/l (600g/kg) + Flonicamid 260g/l (100g/kg),Thuốc trừ sâu,Công ty TNHH An Nông,cà phê; lúa; rầy,nhện đỏ; nâu; rệp sáp,
Flotin 700WP,Azocyclotin 600g/kg + Flonicamid 100g/kg,Thuốc trừ sâu,Công ty CP Kiên Nam,cà phê; hoa cúc,bọ trĩ; rệp sáp,
"Trextot 350SC, 700WP",Azocyclotin 150g/l (300g/kg) + Spiromesifen (200g/l) 400g/kg,Thuốc trừ sâu,Công ty TNHH An Nông,lúa; rầy nâu; sâu cuốn,lá; nhện gié,
Super SH 16WP,Bacillus thuringiensis,Thuốc trừ sâu,Công ty TNHH Tấn Hưng Việt Nam,cải bắp,sâu tơ,
Multigreen SC,Bacillus thuringiensis,Thuốc trừ sâu,Công ty CP Multiagro,cải bắp,sâu tơ,
Elyday WP,Bacillus thuringiensis 1x1010 spores/g + Emamectin benzoate 0.3%,Thuốc trừ sâu,Công ty CP Nông dược Việt Thành,cải bắp,sâu tơ,
Amatic (1010 bào tử/ml) SC,Bacillus thuringiensis. var. 7216,Thuốc trừ sâu,Công ty TNHH Trường Thịnh,bắp cải; cà chua; lúa; lạc; thuốc lá; đậu côve,sâu cuốn lá; sâu khoang; sâu tơ; sâu xanh bướm trắng; sâu xanh da láng; sâu đục thân,
Pethian (4000 IU) SC,Bacillus thuringiensis. var. 7216,Thuốc trừ sâu,Công ty CP Nông nghiệp Thiên An,bắp cải; cà chua; lúa; lạc; su hào; thuốc lá; đậu cove,sâu cuốn lá; sâu khoang; sâu tơ; sâu xanh bướm trắng; sâu xanh da láng,
Enasin 32WP,Bacillus thuringiensis,Thuốc trừ sâu,Công ty CP ENASA Việt Nam,bắp cải; cải thảo; lúa; mồng tơi; rau cải; rau dền; sâu; đậu đũa,Sâu cuốn lá; sâu khoang; sâu tơ; sâu đục quả; sâu đục thân; tơ,TT28/2026: đổi thông tin hoạt chất
TP-Thần tốc 16.000 IU,Bacillus thuringiensis var. T36,Thuốc trừ sâu,Công ty CP Genta Thụy Sĩ,chè; cà chua; lúa,bọ trĩ; nhện đỏ; rầy xanh; sâu xanh; sâu đục thân,
Agree 50WP,Bacillus thuringiensis var.aizawai,Thuốc trừ sâu,"Behn Meyer Agricare Vietnam Co., Ltd",cà chua; cải bắp,sâu tơ; sâu xanh da láng,
Aizabin WP,Bacillus thuringiensis var.aizawai,Thuốc trừ sâu,Công ty TNHH Sản phẩm Công Nghệ Cao,bông vải; bắp cải; cam; cà chua; lạc; thuốc lá; đậu tương,sâu cuốn lá; sâu khoang; sâu tơ; sâu xanh; sâu đo; sâu đục quả,
Aztron WG 35000 DMB U,Bacillus thuringiensis var.aizawai,Thuốc trừ sâu,Công ty TNHH Ngân Anh,cà chua; cây có múi; cải bắp; cải xanh; hồng xiêm; xoài,sâu khoang; sâu tơ; sâu vẽ bùa; sâu xanh da láng; sâu đục quả,
Map-Biti WP 50000 IU/mg,Bacillus thuringiensis var.aizawai,Thuốc trừ sâu,Map Pacific Pte Ltd,bắp cải; cà chua; dưa hấu; rau cải; thuốc lá; đậu tương,sâu khoang; sâu tơ; sâu xanh,
Xentari 35WG,Bacillus thuringiensis var.aizawai,Thuốc trừ sâu,Công ty TNHH Hóa chất Sumitomo Việt Nam,bắp cải; nho; sâu,khoang; sâu tơ,
An huy (8000 IU/mg) WP,Bacillus thuringiensis var.kurstaki,Thuốc trừ sâu,Công ty TNHH Trường Thịnh,bắp cải; cà chua; lúa; lạc; thuốc lá; đậu cô ve,sâu cuốn lá; sâu khoang; sâu tơ; sâu xanh bướm trắng; sâu xanh da láng; sâu đục thân,
"Biocin 16WP, 8000SC",Bacillus thuringiensis var.kurstaki,Thuốc trừ sâu,Công ty CP BVTV Sài Gòn,bắp cải; lạc; rau cải; sâu xanh da,láng; sâu tơ; sâu xanh da láng,
Baolus 50000 IU/mg WP,Bacillus thuringiensis var.kurstaki,Thuốc trừ sâu,Công ty TNHH Hóa chất Đại Nam Á,bắp cải,sâu tơ,
Bicilus 18WP,Bacillus thuringiensis var.kurstaki,Thuốc trừ sâu,Công ty CP Tập đoàn King Elong,lạc,sâu khoang,
Bio-T Plus 16SL,Bacillus thuringiensis var.kurstaki,Thuốc trừ sâu,Công ty CP Công nghệ Nông nghiệp Chiến Thắng,cải bắp; vải,sâu tơ; sâu đục cuống quả,
Comazol (16000 IU/mg) WP,Bacillus thuringiensis var.kurstaki,Thuốc trừ sâu,Công ty CP Nicotex,bắp cải; chè,nhện đỏ; rầy xanh; sâu tơ; sâu xanh,
Crymax 35 WP,Bacillus thuringiensis var.kurstaki,Thuốc trừ sâu,Công ty CP Cali Agritech USA,bắp cải,sâu tơ,
Delfin WG (32 BIU),Bacillus thuringiensis var.kurstaki,Thuốc trừ sâu,Công ty TNHH Việt Thắng Hà Nội,bắp cải; cà chua; hoa hồng; hành; lạc; rau cải; thông; vải; đậu đũa,sâu khoang; sâu róm; sâu tơ; sâu xanh; sâu xanh da láng; sâu đo; sâu đục quả,
Dipel 6.4WG,Bacillus thuringiensis var.kurstaki,Thuốc trừ sâu,Công ty TNHH Hóa chất Sumitomo Việt Nam,bắp cải; bọ xít muỗi; chè; ngô; sâu cuốn,lá; sâu keo mùa thu; sâu tơ,
Forwabit 32WP,Bacillus thuringiensis var.kurstaki,Thuốc trừ sâu,Forward International Ltd,bông vải; bắp cải; sâu ăn,lá; sâu xanh,
Halt 5% WP (32000 IU/mg),Bacillus thuringiensis var.kurstaki,Thuốc trừ sâu,Công ty CP Công nghệ tiêu chuẩn sinh học Vĩnh Thịnh,bắp cải; lạc,sâu tơ; sâu xanh da láng,
"Jiabat 15WG, (50000 IU/mg) WP",Bacillus thuringiensis var.kurstaki,Thuốc trừ sâu,Công ty CP Jia Non Biotech (VN),bắp cải; cải bắp (50000; mg)WP: sâu,IU; sâu tơ; sâu xanh bướm trắng; tơ,
Kuang Hwa Bao WP 16000 IU/ mg,Bacillus thuringiensis var.kurstaki,Thuốc trừ sâu,Bion Tech Inc,bắp cải,sâu tơ; sâu xanh bướm trắng,
MVP 10FS,Bacillus thuringiensis var.kurstaki,Thuốc trừ sâu,Công ty CP Quốc tế Agritech Hoa Kỳ,bắp cải,sâu tơ; sâu xanh,
"Newdelpel (16000 IU/mg) WP, (64000 IU/mg) WG",Bacillus thuringiensis var.kurstaki,Thuốc trừ sâu,Công ty TNHH An Nông,bắp cải; chè; cà chua; lúa,bọ cánh tơ; rầy xanh; sâu cuốn lá nhỏ; sâu tơ; sâu xanh,
Shian 32 WP (3200 IU/mg),Bacillus thuringiensis var.kurstaki,Thuốc trừ sâu,Công ty TNHH MTV Tô Nam Biotech,rau cải,sâu tơ,
"Thuricide HP (16 000 IU/mg) WP, OF 36 BIU",Bacillus thuringiensis var.kurstaki,Thuốc trừ sâu,Công ty TNHH Việt Thắng,bắp cải; cà chua; hoa hồng; hành; lạc; sâu; thông; thông OF; vải,khoang; sâu khoang; sâu róm; sâu tơ; sâu xanh; sâu xanh da láng; sâu đục quả,
Vbtusa (16000 IU/mg) WP,Bacillus thuringiensis var.kurstaki,Thuốc trừ sâu,Công ty CP Thuốc BVTV Việt Trung,bắp cải; cam; lúa; thông,bọ nhảy; sâu cuốn lá; sâu róm; sâu tơ; sâu vẽ bùa,
Vi-BT 32000WP,Bacillus thuringiensis var.kurstaki,Thuốc trừ sâu,Công ty CP Thuốc sát trùng Việt Nam,bắp cải; lạc; sâu xanh da,láng; sâu tơ,
V.K 16 WP,Bacillus thuringiensis var.kurstaki,Thuốc trừ sâu,Công ty CP BVTV I TW,bông vải; bắp cải; chè; sâu; sâu cuốn,lá; sâu xanh; tơ,
Bitadin WP,Bacillus thuringiensis var. kurstaki 16.000 IU + Granulosis virus 108 PIB,Thuốc trừ sâu,Công ty TNHH Nông Sinh,bông vải; bắp cải; lúa; mía; ngô; thuốc lá; thông,rệp bông xơ; sâu cuốn lá; sâu keo mùa thu; sâu khoang; sâu róm; sâu tơ; sâu xanh; sâu xanh da láng; sâu ăn lá; sâu đục quả; sâu đục thân,
BT-Virus WP,Bacillus thuringiensis 16000 IU/mg + Pieris rapae granulosis virus (PrGV) 10000 PIB/mg,Thuốc trừ sâu,Công ty TNHH Nông nghiệp Công nghệ xanh Bắc Giang,cải bắp; lạc,sâu tơ; sâu xanh da láng,
Xi-men 2SC,Bacillus thuringiensis var. kurstaki 1.6% (12.800 IU/mg) + Spinosad 0.4%,Thuốc trừ sâu,Công ty TNHH MTV Lucky,bắp cải; cà chua; dưa chuột; hành; lúa; lạc; đậu tương,bọ phấn; dòi đục lá; nhện đỏ; rệp muội; sâu cuốn lá; sâu khoang; sâu tơ; sâu xanh; sâu xanh da láng,
Ace bee 210OD,Beauveria bassiana Vuill,Thuốc trừ sâu,Công ty CP ACE Biochem Việt Nam,chè; cải bắp; sâu,rầy xanh; tơ,
Ances-B 108 CFU/g WP,Beauveria bassiana Vuill,Thuốc trừ sâu,Công ty CP Tập đoàn Lộc Trời,lúa; na,rầy nâu; rệp sáp,
Brigade-B 1.15WP,Beauveria bassiana Vuill,Thuốc trừ sâu,Công ty CP Newfarm Việt Nam,hồ tiêu,rệp sáp,
Bio Power 1.15WP,Beauveria bassiana Vuill,Thuốc trừ sâu,Công ty TNHH Bioactive Việt Nam,cải bắp,rệp muội,
Biovip 1.5 x 109 bào tử/g,Beauveria bassiana Vuill,Thuốc trừ sâu,Viện Lúa đồng bằng sông Cửu Long,lúa,bọ xít; rầy nâu,
Muskardin 10WP,Beauveria bassiana Vuill,Thuốc trừ sâu,Công ty CP TST Cần Thơ,cà chua; lúa; ngô; rầy,nâu; sâu xanh da láng; sâu đục thân,
Trắng xanh WP,Beauveria bassiana 1x109 bào tử/g + Metarhizium anisopliae 0.5 x 109 bào tử/g,Thuốc trừ sâu,Công ty TNHH TM DV SX XNK Đức Thành,lúa,rầy nâu,
TKS-Nakisi WP,Beauveria bassiana 1x109 bào tử/g + Metarhizium anisopliae 0.5 x 109 bào tử/g,Thuốc trừ sâu,Công ty TNHH Thủy Kim Sinh,hồ tiêu,rệp sáp,
Pretiny 99.9WP,Bensultap (min 98%),Thuốc trừ sâu,Công ty TNHH TM và SX Ngọc Yến,cà phê; điều; đậu tương,bọ trĩ; rệp sáp; sâu đục quả,
Orchestra 10SC,Benzpyrimoxan (min 92%),Thuốc trừ sâu,Công ty TNHH Nichino Việt Nam,lúa,rầy nâu,
Chix 2.5EC,Beta-cypermethrin (min 98%),Thuốc trừ sâu,Công ty TNHH UPL Việt Nam,cà phê; lúa; lạc,bọ trĩ; bọ xít; rệp sáp; sâu cuốn lá; sâu khoang,
Daphatox 35EC,Beta-cypermethrin (min 98%),Thuốc trừ sâu,Công ty TNHH Kinh doanh hóa chất Việt Bình Phát,cà phê; lúa,rệp sáp; sâu cuốn lá; sâu keo,
Mixki Plus 4.5EW,Beta-cypermethrin (min 98%),Thuốc trừ sâu,Công ty TNHH Pesticide Thụy Sĩ,lạc,sâu xanh da láng,
Nevi-Beta 2GR,Beta-cypermethrin (min 98%),Thuốc trừ sâu,Công ty CP Newfarm Việt Nam,mía,sùng trắng,
Nicyper 4.5EC,Beta-cypermethrin (min 98%),Thuốc trừ sâu,Công ty CP Nicotex,cà phê; lúa; rệp; sâu cuốn; đậu xanh,lá; sâu xanh; vẩy,
"Okamex 100EC, 120WP, 210SC","Beta-cypermethrin 50g/l, (60g/kg), (10g/l) + Buprofezin 50g/l, (60g/kg), (200g/l)",Thuốc trừ sâu,Công ty TNHH Thuốc BVTV Liên doanh Nhật Mỹ,lúa,lá; nâu; sâu đục thân,
Shilika 5.5ME,Beta-cypermethrin 5% + Emamectin benzoate 0.5%,Thuốc trừ sâu,Công ty TNHH Brightmart Cropscience (Việt Nam),ngô,sâu keo mùa thu,
Caranygold 120EC,Beta-cypermethrin 50g/l + Emamectin benzoate 10g/l + Lufenuron 60g/l,Thuốc trừ sâu,Công ty CP thuốc BVTV Việt Trung,lúa,Sâu cuốn lá,
Fluronusavb 5EC,Beta-cypermethrin 3.8% + Hexaflumuron 1.2%,Thuốc trừ sâu,Công ty TNHH Vbook Hoa Kỳ,lạc,sâu khoang,
Beta-cy 22EC,Beta-cypermethrin 2% + Phoxim 20%,Thuốc trừ sâu,Công ty TNHH Rồng Đại Dương,lạc,sâu xanh da láng,
AF-Primus 25EC,Beta-cypermethrin 2.5% + Phoxim 22.5%,Thuốc trừ sâu,Công ty TNHH Agrifuture,lạc,sâu khoang,
Betaxim 25EC,Beta-cypermethrin 2.5% + Phoxim 22.5%,Thuốc trừ sâu,Công ty TNHH TAT Hà Nội,lạc,sâu khoang,
"Akulagold 260EW, 275SC, 420WP, 570EC","Beta-cypermethrin 10g/l, (15g/l), (20g/kg) (20g/l) + Profenofos 200 g/l (100g/l), (300g/kg) (500g/l) + Thiamethoxam 50 g/l (160g/l), (100g/kg) (50g/l)",Thuốc trừ sâu,Công ty CP thuốc BVTV Việt Trung,cà phê; lúa,nâu; rệp sáp; sâu đục thân; trắng,
Fucarb 20EC,"Beta-cypermethrin 10g/l, (15g/l), (20g/kg) (20g/l) + Profenofos 200 g/l (100g/l), (300g/kg) (500g/l) + Thiamethoxam 50 g/l (160g/l), (100g/kg) (50g/l)",Thuốc trừ sâu,,cà phê; lúa; rầy,nâu; tuyến trùng,
"Oncol 5GR, 20EC, 25WP","Beta-cypermethrin 10g/l, (15g/l), (20g/kg) (20g/l) + Profenofos 200 g/l (100g/l), (300g/kg) (500g/l) + Thiamethoxam 50 g/l (160g/l), (100g/kg) (50g/l)",Thuốc trừ sâu,Công ty TNHH UPL Việt Nam,,,
Ac-Bifen 43SC,Bifenazate (min 95%),Thuốc trừ sâu,Công ty TNHH Hóa sinh Á Châu,chè,nhện đỏ,
Ace bifez 43SC,Bifenazate (min 95%),Thuốc trừ sâu,Công ty CP ACE Biochem Việt Nam,cam,nhện đỏ,
Banter 500WG,Bifenazate (min 95%),Thuốc trừ sâu,Công ty TNHH UPL Việt Nam,cam,nhện đỏ,
Bifengo 43SC,Bifenazate (min 95%),Thuốc trừ sâu,Công ty TNHH Nông nghiệp Công nghệ xanh Bắc Giang,hoa hồng,nhện đỏ,
Bifemite 43SC,Bifenazate (min 95%),Thuốc trừ sâu,Công ty TNHH Agrohao VN,cam; rệp sáp bột; sắn,hồng; nhện đỏ,
Bizatetv 400WG,Bifenazate (min 95%),Thuốc trừ sâu,Công ty CP Nông dược Unichem Việt Nam,hoa hồng,nhện đỏ,
Buti 43SC,Bifenazate (min 95%),Thuốc trừ sâu,Công ty CP BMC Vĩnh Phúc,cam; hoa cúc; hoa hồng,nhện đỏ,
Clorfena 43SC,Bifenazate (min 95%),Thuốc trừ sâu,Công ty TNHH Trường Thịnh,chè,nhện đỏ,
Floramite 240SC,Bifenazate (min 95%),Thuốc trừ sâu,"Arysta LifeScience Vietnam Co., Ltd",hoa hồng,nhện đỏ,
Lion Messifen 240SC,Bifenazate (min 95%),Thuốc trừ sâu,Công ty CP Kỹ thuật Công nghệ Klever,cam; hoa hồng,nhện đỏ,
Mafente Xtra 50WG,Bifenazate (min 95%),Thuốc trừ sâu,"Shandong Weifang Rainbow Chemical Co., Ltd",hoa hồng,nhện đỏ,
Miteafv 24SC,Bifenazate (min 95%),Thuốc trừ sâu,Công ty CP Agrifarm Việt Nam,hoa hồng,nhện đỏ,
Onshu 43SC,Bifenazate (min 95%),Thuốc trừ sâu,Công ty CP BVTV I TW,cam; chè,nhện đỏ,
SV-Optimus 43SC,Bifenazate (min 95%),Thuốc trừ sâu,Công ty TNHH Saturn Chemical Việt Nam,lạc,nhện đỏ,
Topmite 43SC,Bifenazate (min 95%),Thuốc trừ sâu,Công ty CP KHNN Vinacoop,hoa hồng,nhện đỏ,
Ttiger 22.6SC,Bifenazate (min 95%),Thuốc trừ sâu,Công ty CP Nông dược Nhật Thành,cam,nhện đỏ,
TVOutmite 43SC,Bifenazate (min 95%),Thuốc trừ sâu,Công ty TNHH Vbook Hoa Kỳ,lạc,nhện đỏ,
Zircon 43SC,Bifenazate (min 95%),Thuốc trừ sâu,Công ty CP Thuốc sát trùng Việt Nam,cam,nhện đỏ,
Ω-Bifena 24SC,Bifenazate (min 95%),Thuốc trừ sâu,Công ty TNHH MTV BVTV Omega,chanh; chè,nhện đỏ,
Bifenzin 300SC,Bifenazate 200g/l + Clofentezine 100 g/l,Thuốc trừ sâu,Công ty CP BVTV Asata Hoa Kỳ,hoa hồng,nhện đỏ,
Bifenclo 30SC,Bifenazate 20% + Clofentezine 10%,Thuốc trừ sâu,Công ty CP thuốc BVTV Tiên Tiến,chè,nhện đỏ,
Birafen 30SC,Bifenazate 10% + Cyenopyrafen 20%,Thuốc trừ sâu,Công ty CP Global Farm,cam,nhện đỏ,
Enter 250SC,Bifenazate 22.5% + Etoxazole 2.5%,Thuốc trừ sâu,Công ty TNHH Fujimoto Nhật Bản,hoa hồng,nhện đỏ,
Redmite 300SC,Bifenazate 200g/l + Etoxazole 100g/l,Thuốc trừ sâu,Công ty TNHH Sản phẩm Công nghệ cao,cam; chè; dưa hấu,nhện đỏ,
Vadabest 40SC,Bifenazate 30% + Etoxazole 10%,Thuốc trừ sâu,Công ty TNHH TM-DV VAD,hoa hồng,nhện đỏ,
Etobi cap 45SC,Bifenazate 30% + Etoxazole 15%,Thuốc trừ sâu,Công ty TNHH Hóa sinh Mũ Xanh,hoa cúc,nhện đỏ,
Etovam 45SC,Bifenazate 30% + Etoxazole 15%,Thuốc trừ sâu,Công ty CP Nông dược Quốc tế Nhật Bản,hoa hồng; sầu riêng,nhện đỏ,
Fairy 45SC,Bifenazate 30% + Etoxazole 15%,Thuốc trừ sâu,Công ty TNHH Thuốc BVTV Nam Nông,cam; hoa hồng; vải,nhện lông nhung; nhện đỏ,
Kill-mite 45SC,Bifenazate 30% + Etoxazole 15%,Thuốc trừ sâu,Công ty TNHH TM DV XNK Global Ecotech,đậu tương,nhện đỏ,
Etbifen 50SC,Bifenazate 30% + Etoxazole 20%,Thuốc trừ sâu,Công ty TNHH Thuốc BVTV Bông Sen Vàng,chanh dây; hoa hồng,nhện đỏ,
Clicks 500SC,Bifenazate 300g/l + Etoxazole 200g/l,Thuốc trừ sâu,Công ty TNHH Phú Nông,cam,nhện đỏ,
Willmer 500SC,Bifenazate 300g/l + Etoxazole 200g/l,Thuốc trừ sâu,Công ty TNHH Đầu tư và Phát triển Ngọc Lâm,hoa hồng,nhện đỏ,
Amatozole 40SC,Bifenazate 25% + Etoxazole 15%,Thuốc trừ sâu,Công ty TNHH Agrofarm,hoa hồng,nhện đỏ,
Portia 40SC,Bifenazate 25% + Etoxazole 15%,Thuốc trừ sâu,Công ty TNHH BVTV Akita Việt Nam,cam,nhện đỏ,
Bee Red 400SC,Bifenazate 250g/l + Etoxazole 150g/l,Thuốc trừ sâu,Công ty TNHH Hóa nông Á Châu Hà Nội,cam,nhện đỏ,
Pilarforce 443SC,Bifenazate 277g/l + Etoxazole 166g/l,Thuốc trừ sâu,"Pilarquim (Shanghai) Co., Ltd",hoa hồng,nhện đỏ,
Winning Shot 23WG,Bifenazate 18% + Flufenoxuron 5%,Thuốc trừ sâu,Công ty TNHH hỗ trợ phát triển kỹ thuật và chuyển giao công nghệ,hoa hồng,nhện đỏ,
Birodi 30SC,Bifenazate 15% + Spirodiclofen 15%,Thuốc trừ sâu,Công ty TNHH Gap Agro,chè,nhện đỏ,
Spider 240SC,Bifenazate 16% + Spirodiclofen 8%,Thuốc trừ sâu,Công ty TNHH Fujimoto Việt Nam,hoa hồng,nhện đỏ,
Anmite 40SC,Bifenazate 20% + Spirodiclofen 20%,Thuốc trừ sâu,Công ty CP Tập đoàn Lộc Trời,cam; cà chua; dâu tây; sầu riêng,nhện đỏ; rầy phấn,
Owen Extra 40SC,Bifenazate 20% + Spirodiclofen 20%,Thuốc trừ sâu,Công ty TNHH One Bee Việt Nam,hoa cúc,nhện đỏ,
Akita-panzer 36SC,Bifenazate 24% + Spirodiclofen 12%,Thuốc trừ sâu,Công ty TNHH Hóa chất Mạnh Hùng,cam,nhện đỏ,
Goldstar 450SC,Bifenazate 300g/l + Spirodiclofen 150g/l,Thuốc trừ sâu,Công ty TNHH Phú Nông,thanh long,bọ trĩ,
Kil Spider 450SC,Bifenazate 300g/l + Spirodiclofen 150g/l,Thuốc trừ sâu,Công ty CP Kiên Nam,chè; hoa hồng,nhện đỏ,
Rosser 450SC,Bifenazate 300g/l + Spirodiclofen 150g/l,Thuốc trừ sâu,Công ty TNHH Đầu tư và Phát triển Ngọc Lâm,hoa hồng,nhện đỏ,
Spiro Extra 450SC,Bifenazate 300g/l + Spirodiclofen 150g/l,Thuốc trừ sâu,Công ty TNHH TM SX Thôn Trang,hoa hồng,nhện đỏ,
Biclofen Plus 400SC,Bifenazate 300g/l + Spirodiclofen 100g/l,Thuốc trừ sâu,"Shandong Weifang Rainbow Chemical Co., Ltd",cam; hoa hồng,nhện đỏ,
Bispiro 360SC,Bifenazate 240g/l + Spirotetramat 120g/l,Thuốc trừ sâu,Công ty CP Thịnh Vượng Việt,cam; cải xanh; na,nhện đỏ; rệp muội; rệp sáp,
Epicenter 360SC,Bifenazate 240g/l + Spirotetramat 120g/l,Thuốc trừ sâu,Công ty TNHH Hóa nông Á Châu Hà Nội,cam,nhện đỏ,
Bifen Fast 100EC,Bifenthrin (min 97%),Thuốc trừ sâu,Công ty CP Hóa sinh Alpha,đậu tương,sâu xanh da láng,
Bifenav 100EC,Bifenthrin (min 97%),Thuốc trừ sâu,Công ty CP Agrifarm Việt Nam,lạc,sâu khoang,
Bifenpesti 100EC,Bifenthrin (min 97%),Thuốc trừ sâu,Công ty TNHH XNK Kết Nông,lạc,sâu cuốn lá,
BifenusaVB 10EW,Bifenthrin (min 97%),Thuốc trừ sâu,Công ty TNHH Vbook Hoa Kỳ,lạc,sâu khoang,
BM-Star 25EC,Bifenthrin (min 97%),Thuốc trừ sâu,"Behn Meyer Agricare Vietnam Co., Ltd",điều,bọ xít muỗi,
ET-Birin 100EC,Bifenthrin (min 97%),Thuốc trừ sâu,"Shanghai E-tong Chemical Co., Ltd",lạc,sâu khoang,
Habirin 25EC,Bifenthrin (min 97%),Thuốc trừ sâu,Công ty CP TM Hải Ánh,đậu tương,sâu xanh da láng,
Maingo 100EC,Bifenthrin (min 97%),Thuốc trừ sâu,Công ty CP Hóc Môn,khoai lang; lạc,sâu khoang; sâu xanh da láng,
Talstar 25EC,Bifenthrin (min 97%),Thuốc trừ sâu,Công ty TNHH FMC Việt Nam,bọ xít; điều; đậu tương,muỗi; sâu xanh da láng,
VT-rin 25EC,Bifenthrin (min 97%),Thuốc trừ sâu,Công ty CP Thuốc BVTV Việt Trung,đậu tương,sâu xanh da láng,
Omega-Secbi 10SC,Bifenthrin 3% + Chlorfenapyr 7%,Thuốc trừ sâu,Công ty TNHH MTV BVTV Omega,cà phê; hoa hồng; nhện,rệp sáp; đỏ,
Gaulua 20SC,Bifenthrin 6% + Chlorfenapyr 14%,Thuốc trừ sâu,Công ty TNHH Nông dược Việt Hưng,ngô,sâu keo mùa thu,
Birin Extra 10SC,Bifenthrin 5% + Clothianidin 5%,Thuốc trừ sâu,Công ty TNHH One Bee Việt Nam,ngô,rệp muội,
Tomcat 20SC,Bifenthrin 10% + Clothianidin 10%,Thuốc trừ sâu,Công ty TNHH TM Hải Thụy,đậu tương,sâu xanh da láng,
Hotnhat 550WP,Bifenthrin 100 g/kg + Diflubenzuron 450 g/kg,Thuốc trừ sâu,Công ty TNHH An Nông,lúa,sâu cuốn lá,
SV-Jupiter X 15 OD,Bifenthrin 6% + Dinotefuran 9%,Thuốc trừ sâu,Công ty TNHH Saturn Chemical Việt Nam,lạc,sâu khoang,
Anrayrep 20SC,Bifenthrin 10% + Flonicamid 10%,Thuốc trừ sâu,Công ty CP Tập đoàn Lộc Trời,sắn,rệp sáp bột hồng,
Flobi 30SC,Bifenthrin 15%+ Flonicamid 15%,Thuốc trừ sâu,Công ty TNHH TM Agri Green,sắn,bọ phấn trắng,
Bithrin 15SC,Bifenthrin 5% + Flonicamid 10%,Thuốc trừ sâu,Công ty TNHH Thuốc BVTV Bông Sen Vàng,lạc; sắn; đậu tương,bọ phấn trắng; rầy xanh; rệp muội,
Cining 15SC,Bifenthrin 5% + Flonicamid 10%,Thuốc trừ sâu,"Henan Vision Agricultural Science and Technology Co., Ltd",cà phê,rệp sáp,
Robot 15SC,Bifenthrin 5% + Flonicamid 10%,Thuốc trừ sâu,Công ty TNHH Nông dược Việt Hưng,sắn,bọ phấn trắng,
Rocky 150SC,Bifenthrin 50g/l + Flonicamid 100g/l,Thuốc trừ sâu,Công ty CP Phát triển Dịch vụ Nông nghiệp IPM,sắn,bọ phấn trắng,
Vote 34.2SC,Bifenthrin 17.1% + Imidacloprid 17.1%,Thuốc trừ sâu,Công ty TNHH Phú Nông,ngô,sâu đục thân,
Afenthin 300SC,Bifenthrin 50g/l + Imidacloprid 250g/l,Thuốc trừ sâu,Công ty TNHH BVTV Akita Việt Nam,ngô,sâu keo mùa thu,
Galil 300SC,Bifenthrin 50g/l + Imidacloprid 250g/l,Thuốc trừ sâu,Công ty TNHH Adama Việt Nam,lúa,bọ trĩ; nhện gié; rầy nâu,
Paketa 250SL,Bifenthrin 100g/l + Nitenpyram 150g/l,Thuốc trừ sâu,Công ty TNHH Hóa chất Mạnh Hùng,sắn,bọ phấn,
Rimon Fast 100SC,Bifenthrin 50g/l + Novaluron 50g/l,Thuốc trừ sâu,Công ty TNHH Adama Việt Nam,cà phê; lạc; mía; mọt đục; sâu đục,cành; sâu xanh da láng; thân,
Bipyrhone 20EC,Bifenthrin 10% + Pyriproxyfen 10%,Thuốc trừ sâu,Công ty TNHH Rhone Việt Nam,sắn,rệp sáp,
Natramat 24SC,Bifenthrin 4% + Spirotetramat 20%,Thuốc trừ sâu,"Nanjing Agrochemical Co., Ltd",cà phê,rệp sáp,
AF-Fenromat 26SC,Bifenthrin 6% + Spirotetramat 20%,Thuốc trừ sâu,Công ty TNHH Agrifuture,lạc,sâu khoang,
Aurus 30WG,Bifenthrin 10% + Thiamethoxam 20%,Thuốc trừ sâu,Công ty TNHH Golden Bells Việt Nam,lạc; ngô,rầy xanh; sâu đục thân,
Vadata 35SC,Bifenthrin 14.5% + Thiamethoxam 20.5%,Thuốc trừ sâu,Công ty TNHH TM-DV VAD,ngô,rệp muội,
Brofreya 5SC,Broflanilide (min 98.6%),Thuốc trừ sâu,"Mitsui Chemicals Crop & Life Solutions, Inc",cải bắp; cải xanh,bọ nhảy sọc cong; sâu tơ,
Annongaplau,Buprofezin (min 98%),Thuốc trừ sâu,Công ty TNHH An Nông,lúa,rầy nâu,
"100WP, 250SC, 400WG",Buprofezin (min 98%),Thuốc trừ sâu,,,,
Anproud 70WG,Buprofezin (min 98%),Thuốc trừ sâu,Công ty CP Tập đoàn Lộc Trời,lúa,rầy nâu,
"Aperlaur 500EC, 250WP, 700WG",Buprofezin (min 98%),Thuốc trừ sâu,Công ty CP Quốc tế Hòa Bình,lúa,rầy nâu,
"Apolo 25WP, 25SC",Buprofezin (min 98%),Thuốc trừ sâu,Công ty TNHH - TM Thái Nông,cà phê; lúa; rệp; xoài,nâu; rầy; rầy nâu; sáp,
"Applaud 25SC, 25WP",Buprofezin (min 98%),Thuốc trừ sâu,Công ty TNHH Nichino Việt Nam,cam; lúa; rệp,nâu; rầy nâu; sáp,
"Asmai 100WP, 500WG",Buprofezin (min 98%),Thuốc trừ sâu,Công ty TNHH Việt Thắng,lúa,rầy nâu,
Bolo 25SC,Buprofezin (min 98%),Thuốc trừ sâu,Công ty TNHH UPL Việt Nam,lúa,rầy nâu,
Bombi 300WP,Buprofezin (min 98%),Thuốc trừ sâu,Công ty TNHH TM DV Tấn Hưng,lúa,rầy nâu,
Bush 700WG,Buprofezin (min 98%),Thuốc trừ sâu,Công ty CP Nông nghiệp HP,lúa,rầy nâu,
Butal 25WP,Buprofezin (min 98%),Thuốc trừ sâu,"Bailing Agrochemical Co., Ltd",cam; chè; cà phê; lúa; xoài; điều,bọ xít muỗi; rầy chổng cánh; rầy nâu; rầy xanh; rệp sáp,
"Butyl 10WP, 40WG, 400SC",Buprofezin (min 98%),Thuốc trừ sâu,Công ty CP BVTV Sài Gòn,chè; lúa; xoài,bông; nâu; rầy bông; rầy lưng trắng; rầy nâu; rầy nâu nhỏ; rầy xanh,
Difluent 25WP,Buprofezin (min 98%),Thuốc trừ sâu,Công ty TNHH XNK Quốc tế SARA,lúa; na; rệp,rầy nâu; sáp,
Encofezin 250WP,Buprofezin (min 98%),Thuốc trừ sâu,Công ty TNHH Alfa (Sài gòn),lúa,rầy nâu,
"Hello 250WP, 700WG",Buprofezin (min 98%),Thuốc trừ sâu,Công ty CP SX - TM - DV Ngọc Tùng,bọ xít; cam; chè; cà phê; dưa hấu; lúa; lạc; rầy; rệp; xoài; điều,bông; bọ xít muỗi; muỗi; muội; nâu; rầy bông; rầy chổng cánh; rầy nâu; rầy xanh; rệp; rệp sáp; sáp; xanh,
Lobby 25WP,Buprofezin (min 98%),Thuốc trừ sâu,Công ty TNHH ADC,lúa,rầy lưng trắng; rầy nâu,
Map-Judo 25 WP,Buprofezin (min 98%),Thuốc trừ sâu,Map Pacific Pte Ltd,cam; lúa; rệp,rầy nâu; sáp,
Oneplaw 10WP,Buprofezin (min 98%),Thuốc trừ sâu,Công ty TNHH Hóa sinh,lúa,rầy nâu,
Pajero 30WP,Buprofezin (min 98%),Thuốc trừ sâu,Công ty TNHH MTV BVTV Thạnh Hưng,lúa,rầy nâu,
Partin 25WP,Buprofezin (min 98%),Thuốc trừ sâu,Công ty TNHH BVTV Đồng Phát,cà phê; hồ tiêu; lúa; rệp,rầy nâu; sáp,
"Profezin 250WP, 400SC",Buprofezin (min 98%),Thuốc trừ sâu,Công ty CP Hóc Môn,chè; lúa; rầy; xoài,bông; muỗi; nâu; rầy nâu,
Ranadi 10 WP,Buprofezin (min 98%),Thuốc trừ sâu,Công ty CP Đồng Xanh,lúa,rầy nâu,
"Sấm sét 25WP, 400SC",Buprofezin (min 98%),Thuốc trừ sâu,Công ty TNHH TM và SX Ngọc Yến,lúa; rầy; xoài,bông; nâu; rầy nâu,
Shadevil 250WP,Buprofezin (min 98%),Thuốc trừ sâu,Công ty TNHH MTV SNY,lúa,rầy nâu,
Thần công 25WP,Buprofezin (min 98%),Thuốc trừ sâu,Công ty TNHH TM Nông Phát,lúa,rầy nâu,
Tiffy Super 500WG,Buprofezin (min 98%),Thuốc trừ sâu,Công ty CP Nông nghiệp HP,lúa,rầy nâu,
Tiksun 250WP,Buprofezin (min 98%),Thuốc trừ sâu,Công ty TNHH BVTV Hoàng Anh,lúa,rầy nâu,
Uni-prozin 25WP,Buprofezin (min 98%),Thuốc trừ sâu,Công ty TNHH World Vision (VN),lúa,rầy nâu,
Viappla 25WP,Buprofezin (min 98%),Thuốc trừ sâu,Công ty CP Thuốc sát trùng Việt Nam,chè; lúa; rầy,rầy nâu; xanh,
Nikita 400WP,Buprofezin 200g/kg + Clothianidin 200g/kg,Thuốc trừ sâu,Công ty TNHH Hóa sinh Mùa Vàng,lúa,bọ trĩ; rầy nâu,
Mastercide 45SC,Buprofezin 400g/l + Deltamethrin 50g/l,Thuốc trừ sâu,Sundat (S) Pte Ltd,bọ xít; cà phê; lúa; rệp; điều,muỗi; rầy nâu; sáp,
Season 450SC,Buprofezin 400g/l + Deltamethrin 50g/l,Thuốc trừ sâu,Công ty TNHH TM DV SX XNK Đức Thành,cà phê; lúa; điều,bọ xít muỗi; mọt đục cành; rầy nâu; rệp sáp; sâu cuốn lá; sâu phao; sâu đục quả,
Sieubup 200WP,Buprofezin 150g/kg + Dinotefuran 50g/kg,Thuốc trừ sâu,Công ty TNHH Nam Nông Phát,lúa,rầy nâu,
Osinaic 250WP,Buprofezin 200g/kg + Dinotefuran 50g/kg,Thuốc trừ sâu,Công ty CP Hoá chất Nông nghiệp và Công nghiệp AIC,lúa,rầy nâu,
Bupte-HB 300WP,Buprofezin 150g/kg + Dinotefuran 150g/kg,Thuốc trừ sâu,Công ty CP Quốc tế Hòa Bình,lúa,rầy nâu,
Apta 300WP,Buprofezin 25% + Dinotefuran 5%,Thuốc trừ sâu,Công ty TNHH ADC,bọ cánh; bọ xít; chè; lúa; điều,muỗi; rầy nâu; tơ,
Dino-top 300WP,Buprofezin 180g/kg + Dinotefuran 120g/kg,Thuốc trừ sâu,Công ty CP Khử trùng Nam Việt,lúa,rầy nâu,
Lotoshine 400WP,Buprofezin 150g/kg + Dinotefuran 250g/kg,Thuốc trừ sâu,Công ty CP Nông nghiệp Việt Nam,lúa,rầy nâu,
Party 400WP,Buprofezin 150g/kg + Dinotefuran 250g/kg,Thuốc trừ sâu,Công ty TNHH BVTV Đồng Phát,bọ xít; cà phê; lúa; rệp; điều,muỗi; rầy nâu; sáp,
Raynanusa 400WP,Buprofezin 150g/kg + Dinotefuran 250g/kg,Thuốc trừ sâu,Công ty TNHH Thuốc BVTV Nam Nông,lúa,rầy nâu,
Dorino 285EC,Buprofezin 100 g/l + Dinotefuran 150 g/l + Emamectin benzoate 35 g/l,Thuốc trừ sâu,Công ty TNHH BVTV Đồng Phát,xoài,rầy bông,
"Bluecat 450WP, 568WG",Buprofezin 155g/kg (180g/kg) + Dinotefuran 150g/kg (193g/kg) + Imidacloprid 145g/kg (195g/kg),Thuốc trừ sâu,Công ty CP Cali Agritech USA,lúa,rầy nâu,
"Sinevagold 81EW, 455EC, 500WP","Buprofezin 20g/l (54.5g/l), (90g/kg) + Dinotefuran 0.5g/l (0.5 g/l), (10g/kg) + Isoprocarb 60.5g/l (400g/l), (400g/kg)",Thuốc trừ sâu,Công ty CP Thuốc BVTV Việt Trung,cà phê; lúa; rệp,bọ trĩ; nâu; sáp,
Applaud-Bas 27 WP,Buprofezin 7% + Fenobucarb 20%,Thuốc trừ sâu,Công ty CP Thuốc sát trùng Việt Nam,lúa,rầy nâu,
Hoptara2 600EC,Buprofezin 100g/l + Fenobucarb 500g/l,Thuốc trừ sâu,Công ty TNHH TM Tân Thành,lúa,rầy nâu,
"Roverusa 85GR, 600EC, 650WP","Buprofezin 5g/kg, (100g/l), (300g/kg) + Fenobucarb 80g/kg, (500g/l), (350g/kg)",Thuốc trừ sâu,Công ty TNHH MTV BVTV Omega,lúa,rầy nâu,
Gold-cow 675EC,Buprofezin 250g/l + Fenobucarb 425g/l,Thuốc trừ sâu,Công ty CP SX - TM - DV Ngọc Tùng,bọ; cà phê; hồ tiêu; lúa; lạc; đậu xanh,rầy nâu; rệp; rệp sáp; sâu xanh; xít,
"Helloone 140WP, 370SC, 550EC","Buprofezin 120g/kg, (10g/l), (20g/l) + Fenobucarb 10g/kg (10g/l), (500g/l) + Thiamethoxam 10g/kg (350g/l), (1g/l), (30g/l)",Thuốc trừ sâu,Công ty CP Thuốc BVTV Việt Trung,lúa; lúa 140WP,nâu; rầy lưng trắng,
"Buccas 120WP, 550EC",Buprofezin 100g/kg (20g/l) + Fenobucarb 10g/kg (500g/l) + Thiamethoxam 10g/kg (30g/l),Thuốc trừ sâu,Công ty TNHH Thuốc BVTV Liên doanh Nhật Mỹ,lúa,rầy lưng trắng,
Imiprid 10WP,Buprofezin 6.7% + Imidacloprid 3.3%,Thuốc trừ sâu,Công ty CP BVTV An Hưng Phát,lúa,rầy nâu,
Byeray 250WP,Buprofezin 150g/kg + Imidacloprid 100g/kg,Thuốc trừ sâu,Công ty TNHH CEC Việt Nam,lúa,rầy nâu,
Cytoc 250WP,Buprofezin 150g/kg + Imidacloprid 100g/kg,Thuốc trừ sâu,Công ty CP Khoa học Công nghệ cao American,lúa,rầy nâu,
Shepatoc 250WP,Buprofezin 150g/kg + Imidacloprid 100g/kg,Thuốc trừ sâu,Công ty CP Quốc tế Hoà Bình,lúa,rầy nâu,
Anchies 250WP,Buprofezin 200g/kg + Imidacloprid 50g/kg,Thuốc trừ sâu,Công ty CP XNK Nông dược Hoàng Ân,lúa,rầy nâu,
Ascophy 220WP,Buprofezin 195g/kg + Imidacloprid 25g/kg,Thuốc trừ sâu,Công ty TNHH Hóa Nông Lúa Vàng,lúa,rầy nâu,
Efferayplus 275WP,Buprofezin 250g/kg + Imidacloprid 25g/kg,Thuốc trừ sâu,Công ty TNHH Nông nghiệp Xanh,lúa,rầy nâu,
Daiphat 30WP,Buprofezin 10% + Imidacloprid 20%,Thuốc trừ sâu,Công ty CP Futai,lúa,bọ trĩ; rầy nâu,
Uni-prozindor 30WP,Buprofezin 10% + Imidacloprid 20%,Thuốc trừ sâu,Công ty TNHH World Vision (VN),lúa,rầy nâu,
Hasuper 300WP,Buprofezin 200g/kg + Imidacloprid 100g/kg,Thuốc trừ sâu,Công ty TNHH hỗ trợ phát triển kỹ thuật và chuyển giao công nghệ,lúa,rầy nâu,
Imburad 300WP,Buprofezin 200g/kg + Imidacloprid 100g/kg,Thuốc trừ sâu,Công ty CP Bình Điền MeKong,lúa,rầy nâu,
Tvdan 300WP,Buprofezin 200g/kg + Imidacloprid 100g/kg,Thuốc trừ sâu,Công ty TNHH Hóa chất và TM Trần Vũ,lúa,rầy nâu,
Babsax 300WP,Buprofezin 250g/kg + Imidacloprid 50g/kg,Thuốc trừ sâu,Công ty TNHH Việt Thắng,lúa,rầy nâu,
Map spin 350WP,Buprofezin 250g/kg + Imidacloprid 100g/kg,Thuốc trừ sâu,Map Pacific Pte Ltd,lúa,rầy nâu,
Thần Công Gold 39WP,Buprofezin 22% + Imidacloprid 17%,Thuốc trừ sâu,Công ty TNHH TM Nông Phát,lúa,rầy nâu,
IMI.R4 40WP,Buprofezin 25% + Imidacloprid 15%,Thuốc trừ sâu,Công ty CP Thanh Điền,bông vải; cà phê; lúa; điều,bọ trĩ; bọ xít muỗi; rầy nâu; rầy xanh; rệp sáp,
Wegajapane 450WP,Buprofezin 300 g/kg + Imidacloprid 150g/kg,Thuốc trừ sâu,Công ty TNHH TM SX Thôn Trang,lúa,rầy nâu,
Gold Tress 50WP,Buprofezin 40% + Imidacloprid 10%,Thuốc trừ sâu,Công ty CP Nông nghiệp HP,cà phê; hồ tiêu; lúa,rầy nâu; rệp sáp,
Diflower 600WP,Buprofezin 450g/kg + Imidacloprid 150g/kg,Thuốc trừ sâu,Công ty TNHH CN KH Mùa màng Anh - Rê,lúa,rầy nâu,
"VK.Superlau 120WP, 250EC, 400SC, 750WG","Buprofezin 20g/kg, (50g/l), (200g/l), (250g/kg) + Imidacloprid 100g/kg, (200g/l), (200g/l), (500g/kg)",Thuốc trừ sâu,Công ty TNHH MTV BVTV Omega,lúa; lúa 250EC; rầy,nâu; rầy nâu,
Topogold 450WP,Buprofezin 20g/kg + Imidacloprid 20g/kg + Isoprocarb 410g/kg,Thuốc trừ sâu,Công ty CP Thuốc BVTV Việt Trung,lúa,rầy lưng trắng,
"Iltersuper 380SC, 750WP",Buprofezin 300g/l (550g/kg) + Imidacloprid 30g/l (150g/kg) + Lambda-cyhalothrin 50g/l (50g/kg),Thuốc trừ sâu,Công ty TNHH An Nông,lúa,rầy nâu,
"Actaone 246WP, 350WG",Buprofezin 190g/kg (150g/kg) + Imidacloprid 18g/kg (150g/kg) + Thiosultap-sodium 38g/kg (50g/kg),Thuốc trừ sâu,Công ty CP Thuốc BVTV Việt Trung,lúa,bọ trĩ; nâu; rầy nâu,
Applaud-Mipc 25SP,Buprofezin 5% (50g/kg) + Isoprocarb 20% (200 g/kg),Thuốc trừ sâu,Công ty CP Thuốc sát trùng Việt Nam,lúa,rầy,
Apromip 250WP,Buprofezin 5% (50g/kg) + Isoprocarb 20% (200 g/kg),Thuốc trừ sâu,Công ty TNHH Alfa (Sài gòn),hồ tiêu; lúa; rầy,rầy nâu; xanh,
Jabara 25WP,Buprofezin 5% (50g/kg) + Isoprocarb 20% (200 g/kg),Thuốc trừ sâu,"FarmHannong Co., Ltd",lúa,rầy nâu,
Sanvant 25EC,Buprofezin 6% + Isoprocarb 19%,Thuốc trừ sâu,Công ty CP Môi trường Quốc tế Rainbow,lúa,rầy nâu,
Superista 25EC,Buprofezin 6% + Isoprocarb 19%,Thuốc trừ sâu,Công ty TNHH Sản phẩm Công Nghệ Cao,cà phê; lúa; rệp,rầy nâu; sáp,
VT-Procarb 25WP,Buprofezin 7% + Isoprocarb 18%,Thuốc trừ sâu,Công ty TNHH CNSH Quốc tế Việt Thái,mía,rệp bông xơ,
Goldcheck 750WP,Buprofezin 200g/kg + Lambda-cyhalothrin 50g/kg + Nitenpyram 500g/kg,Thuốc trừ sâu,Công ty TNHH An Nông,lúa,rầy nâu,
Rosatap 52WP,Buprofezin 12% + Monosultap 40%,Thuốc trừ sâu,Công ty CP Quốc tế Việt Đức,lạc,sâu khoang,
Rết độc 700WG,Buprofezin 60% + Nitenpyram 10%,Thuốc trừ sâu,Công ty CP BVTV ATC,đậu tương,rệp muội,
Pytrozin 450WP,Buprofezin 150g/kg + Pymetrozine 300g/kg,Thuốc trừ sâu,Công ty CP Quốc tế Hòa Bình,lúa,rầy nâu,
"Tvpymemos 300WP, 650WG",Buprofezin 150 g/kg (150g/kg) + Pymetrozine 150 g/kg (500g/kg),Thuốc trừ sâu,Công ty TNHH Hoá chất và TM Trần Vũ,lúa,rầy nâu,
"Chesgold 170WP, 550WG","Buprofezin 150g/kg, (50g/kg) + Pymetrozine 20g/kg, (500g/kg)",Thuốc trừ sâu,Công ty CP thuốc BVTV Việt Trung,lúa,rầy nâu,
"Topchest 400WP, 550WG",Buprofezin 200g/kg (50g/kg) + Pymetrozine 200g/kg (500g/kg),Thuốc trừ sâu,Công ty TNHH Thuốc BVTV Liên doanh Nhật Mỹ,lúa,rầy nâu; trắng,
Biggun 700WP,Buprofezin 200g/kg + Pymetrozine 500g/kg,Thuốc trừ sâu,Công ty TNHH Hóa sinh Mùa Vàng,lúa,rầy nâu,
Andoches-super 500WG,Buprofezin 100g/kg + Pymetrozine 400g/kg,Thuốc trừ sâu,Công ty CP XNK Nông dược Hoàng Ân,lúa,rầy nâu,
Rocking 500WG,Buprofezin 330g/kg + Pymetrozine 170g/kg,Thuốc trừ sâu,Công ty TNHH CEC Việt Nam,lúa,rầy nâu,
Zheds 555WG,Buprofezin 255g/kg + Pymetrozine 300g/kg,Thuốc trừ sâu,Công ty CP Quốc tế APC Việt Nam,lúa,rầy nâu,
Chatot 600WG,Buprofezin 100g/kg + Pymetrozine 500g/kg,Thuốc trừ sâu,Công ty CP ĐT TM và PTNN ADI,lúa,rầy nâu,
Vintarai 600WG,Buprofezin 400g/kg + Pymetrozine 200g/kg,Thuốc trừ sâu,Công ty TNHH Việt Thắng,cà phê; lúa; rệp,rầy nâu; sáp,
Mazzin 650WG,Buprofezin 450g/kg + Pymetrozine 200g/kg,Thuốc trừ sâu,Công ty TNHH hỗ trợ phát triển kỹ thuật và chuyển giao công nghệ,lúa,rầy nâu,
Azatika 60WG,Buprofezin 20g/kg + Pymetrozine 40g/kg,Thuốc trừ sâu,Công ty CP XNK Thọ Khang,lúa,rầy nâu,
Bufe-Pro 330SC,Buprofezin 220g/l + Spirotetramat 110g/l,Thuốc trừ sâu,Công ty TNHH Á Châu Hóa Sinh,cà phê,rệp sáp,
MDSpiro 330SC,Buprofezin 220g/l + Spirotetramat 110g/l,Thuốc trừ sâu,Công ty CP Mạnh Đan,cam,rệp sáp,
Sunprozin 33SC,Buprofezin 22% + Spirotetramat 11%,Thuốc trừ sâu,Công ty TNHH Agrofarm,cà phê,rệp sáp,
Spiro-TAT 39SC,Buprofezin 26% + Spirotetramat 13%,Thuốc trừ sâu,Công ty TNHH A2T Việt Nam,cà phê,rệp sáp,
Jia-ray 15WP,Buprofezin 10% + Tebufenozide 5%,Thuốc trừ sâu,Công ty CP Jia Non Biotech (VN),lúa,rầy nâu,
Quada 15WP,Buprofezin 10% + Tebufenozide 5%,Thuốc trừ sâu,Công ty TNHH Nichino Việt Nam,lúa,rầy nâu; sâu cuốn lá,
Newtime 700WP,Buprofezin 450g/kg + Tebufenpyrad (min 98%) 250g/kg,Thuốc trừ sâu,Công ty TNHH An Nông,cà phê; lúa; nhện,nhện gié; rầy nâu; đỏ,
Acme 300WP,Buprofezin 250 g/kg + Thiamethoxam 50 g/kg,Thuốc trừ sâu,Công ty TNHH Alfa (Sài gòn),lúa,rầy nâu,
"Aplougent 450SC, 500WP",Buprofezin 449g/l (50g/kg) + Thiosultap-sodium (Nereistoxin) 1g/l (450g/kg),Thuốc trừ sâu,Công ty CP Nông dược Việt Nam,lúa,rầy nâu; thân,
OAU 01 6.3EW,Capsaicin,Thuốc trừ sâu,Công ty CP Nông nghiệp hữu cơ OAU,cải bắp,sâu tơ,
Baryl annong 85WP,Carbaryl (min 99%),Thuốc trừ sâu,Công ty TNHH An Nông,cà phê; lúa,sâu đục thân; tuyến trùng,
Carbavin 85WP,Carbaryl (min 99%),Thuốc trừ sâu,Bion Tech Inc,hoa hồng,rầy,
Comet 85WP,Carbaryl (min 99%),Thuốc trừ sâu,Asiatic Agricultural Industries Pte Ltd,lúa,rầy nâu,
Forvin 85WP,Carbaryl (min 99%),Thuốc trừ sâu,Forward International Ltd,lúa,sâu đục thân,
Saivina 430SC,Carbaryl (min 99%),Thuốc trừ sâu,Công ty CP BVTV Sài Gòn,lúa,rầy nâu,
Sebaryl 85SP,Carbaryl (min 99%),Thuốc trừ sâu,Công ty CP Vật tư NN Tiền Giang,lúa; sâu đục; đậu xanh,quả; rầy nâu,
"Afudan 3GR, 20SC",Carbosulfan (min 93%),Thuốc trừ sâu,Công ty TNHH – TM Thái Nông,bông vải; bọ; cà phê; lúa; mía; ngô,rầy nâu; sâu đục thân; thân; trĩ; tuyến trùng,
Amitage 200EC,Carbosulfan (min 93%),Thuốc trừ sâu,Công ty TNHH Việt Hóa Nông,cà phê; hồ tiêu; lúa; mọt đục cành; rệp,rầy nâu; sáp; tuyến trùng,
Carbosan 25EC,Carbosulfan (min 93%),Thuốc trừ sâu,Công ty CP Hợp Trí Summit,lúa,rầy nâu,
"Coral 5GR, 200SC",Carbosulfan (min 93%),Thuốc trừ sâu,Công ty TNHH - TM ACP,cà phê; lúa; rệp,nâu; sáp; sâu đục thân,
"Dibafon 5GR, 200SC",Carbosulfan (min 93%),Thuốc trừ sâu,Công ty TNHH Công nghiệp Khoa học Mùa màng Anh-Rê,cà phê; hồ tiêu; lúa; mía; sắn,rệp sáp bột hồng; sáp; sâu đục thân; tuyến trùng,
Dofacar 5GR,Carbosulfan (min 93%),Thuốc trừ sâu,Công ty TNHH BVTV Đồng Phát,cà phê,Tuyến trùng,
"Marshal 5GR, 200SC",Carbosulfan (min 93%),Thuốc trừ sâu,Công ty TNHH FMC Việt Nam,cà phê; lúa; rầy,nâu; rầy nâu; rệp sáp; sâu đục thân; tuyến trùng; ve sầu,
Vifu-super 5GR,Carbosulfan (min 93%),Thuốc trừ sâu,Công ty CP Thuốc sát trùng Việt Nam,cà phê; hồ tiêu; lúa; mía; ngô,rầy nâu; rệp sáp; sâu năn; sâu đục thân; sùng đất; tuyến trùng,
Sulfaron 250EC,Carbosulfan 200 g/l + Chlorfluazuron 50g/l,Thuốc trừ sâu,Công ty TNHH Hóa Nông Lúa Vàng Hậu Giang,cà phê; lúa; lạc; rệp sáp bột; sắn,hồng; mọt đục cành; nhện gié; rầy nâu; rệp sáp; sâu cuốn lá; sâu keo; sâu xanh láng; sâu đục bẹ; sâu đục thân,
Berbiao 50SP,Cartap (min 97%),Thuốc trừ sâu,Sinon Corporation,mía,sâu đục thân,
"Badannong 10GR, 95SP",Cartap (min 97%),Thuốc trừ sâu,Công ty TNHH An Nông,lúa; lạc; mía; sâu đục,sâu ăn lá; sâu đục thân; thân,
Bazan 5GR,Cartap (min 97%),Thuốc trừ sâu,Công ty TNHH TM - DV Thanh Sơn Hóa Nông,lúa,sâu đục thân,
Caral 95SP,Cartap (min 97%),Thuốc trừ sâu,"Arysta LifeScience Vietnam Co., Ltd",lúa,sâu đục thân,
"Dantac 50GR, 500SP",Cartap (min 97%),Thuốc trừ sâu,Công ty CP Quốc tế Hòa Bình,lúa,bọ trĩ; sâu cuốn lá; sâu đục thân,
"Gà nòi 4GR, 95SP",Cartap (min 97%),Thuốc trừ sâu,Công ty CP BVTV Sài Gòn,lúa; sâu cuốn,lá; sâu đục thân,
Jiatap 95SP,Cartap (min 97%),Thuốc trừ sâu,Công ty CP Jia Non Biotech (VN),lúa,sâu cuốn lá; sâu đục thân,
Kapap 500SP,Cartap (min 97%),Thuốc trừ sâu,Công ty TNHH World Vision (VN),điều,bọ xít muỗi,
"Ledan 4GR, 95SP",Cartap (min 97%),Thuốc trừ sâu,Công ty TNHH TM Bình Phương,lúa,sâu đục thân,
Longkick 50SP,Cartap (min 97%),Thuốc trừ sâu,"FarmHannong Co., Ltd",lúa,sâu đục thân,
Nicata 95SP,Cartap (min 97%),Thuốc trừ sâu,Công ty CP Nicotex,lúa,sâu đục thân,
Padan 95SP,Cartap (min 97%),Thuốc trừ sâu,Công ty TNHH Hóa chất Sumitomo Việt Nam,lúa; lạc; mía,rầy nâu; sâu cuốn lá; sâu khoang; sâu đục thân,
"Patox 4GR, 95SP",Cartap (min 97%),Thuốc trừ sâu,Công ty CP BVTV I TW,lúa; mía,rầy nâu; sâu cuốn lá; sâu đục thân,
Supertar 950SP,Cartap (min 97%),Thuốc trừ sâu,Công ty CP SX - TM - DV Ngọc Tùng,cà phê; hồ tiêu; lúa; lạc; mía; ngô; thuốc lá; điều; đậu tương; đậu xanh,bọ xít; bọ xít muỗi; rệp; rệp sáp; sâu cuốn lá; sâu khoang; sâu xanh; sâu đục hoa; sâu đục thân,
"Wofadan 4GR, 95SP",Cartap (min 97%),Thuốc trừ sâu,Công ty CP Công nghệ cao Thuốc BVTV USA,lúa; ngô,sâu cuốn lá; sâu đục thân; thân,
"Vicarp 4GR, 95WP",Cartap (min 97%),Thuốc trừ sâu,Công ty CP Thuốc sát trùng Việt Nam,lúa; sâu cuốn,lá; sâu đục thân,
Abagent 500WP,Cartap hydrochloride 470g/kg + Imidacloprid 30g/kg,Thuốc trừ sâu,Công ty CP Hóa Nông Mỹ Việt Đức,lúa,sâu cuốn lá,
Nosau 85WP,Cartap 75% + Imidacloprid 10%,Thuốc trừ sâu,Công ty TNHH TM Nông Phát,lúa,sâu cuốn lá,
Ace celaa 1EW,Celastrus angulatus,Thuốc trừ sâu,Công ty CP ACE Biochem Việt Nam,chè,rầy xanh,
Agilatus 1EC,Celastrus angulatus,Thuốc trừ sâu,Công ty TNHH Vật tư NN Phương Đông,bắp cải; cam; chè; lúa; rau cải; thuốc lá; vải; đậu trạch; ớt,bọ nhảy; bọ trĩ; dòi đục lá; nhện đỏ; rệp sáp; sâu cuốn lá nhỏ; sâu khoang; sâu tơ; sâu đục quả; sâu đục thân,
Emnus 1EC,Celastrus angulatus,Thuốc trừ sâu,Công ty TNHH Trường Thịnh,bắp cải; chè; lạc; thuốc lá; đậu tương,bọ trĩ; dòi đục lá; rầy xanh; sâu khoang; sâu tơ; sâu xanh bướm trắng; sâu xanh da láng,
Alimenthon 30 SC,Chlorantraniliprole (min 93%),Thuốc trừ sâu,Công ty CP BVTV I TW,cam,sâu vẽ bùa,
"Bestrole 400SC, 35WG",Chlorantraniliprole (min 93%),Thuốc trừ sâu,"Shandong Weifang Rainbow Chemical Co., Ltd",cam; lạc; ngô,láng; sâu keo mùa thu; sâu vẽ bùa,
BH-Vareton 18.5SC,Chlorantraniliprole (min 93%),Thuốc trừ sâu,Công ty TNHH B.Helmer,lạc,sâu khoang,
"Brethon plus 20SC, 0.4GR",Chlorantraniliprole (min 93%),Thuốc trừ sâu,Công ty TNHH BVTV Thảo Điền,ngô,sâu keo mùa thu; thân,
Chloranlier 200SC,Chlorantraniliprole (min 93%),Thuốc trừ sâu,Công ty TNHH DV TV Đầu tư Kim Cương,đậu tương,sâu xanh da láng,
Ginstarole 18.5SC,Chlorantraniliprole (min 93%),Thuốc trừ sâu,Công ty TNHH Bano Food,ngô,sâu đục thân,
Lipro 150SC,Chlorantraniliprole (min 93%),Thuốc trừ sâu,Công ty TNHH Á Châu Hoá Sinh,cải bắp; hành,sâu tơ; sâu xanh da láng,
NBC Pravthon 1.0GR,Chlorantraniliprole (min 93%),Thuốc trừ sâu,Công ty TNHH Nam Bắc,khoai lang,bọ hà,
Pitakousa 18.5SC,Chlorantraniliprole (min 93%),Thuốc trừ sâu,Công ty CP Quốc tế Việt Đức,ngô,sâu keo mùa thu,
"Prevathon® 0.4GR, 200SC, 35WG",Chlorantraniliprole (min 93%),Thuốc trừ sâu,Công ty TNHH FMC Việt Nam,bắp cải; bọ; cà chua; dưa hấu; hành; khoai lang; lúa; lạc; mía; ngô; sâu cuốn; vải,dòi đục lá; lá; nhảy; sâu cuốn lá; sâu keo mùa thu; sâu khoang; sâu xanh; sâu xanh da láng; sâu xanh sọc trắng; sâu đục bẹ; sâu đục cuống quả; sâu đục củ; sâu đục thân,
Trani cap 200SC,Chlorantraniliprole (min 93%),Thuốc trừ sâu,Công ty TNHH Hóa sinh Mũ Xanh,ngô,sâu keo mùa thu,
Fenrol Cap 30SC,Chlorantraniliprole 10% + Chlorfenapyr 20%,Thuốc trừ sâu,Công ty TNHH Hóa sinh Mũ Xanh,ngô,sâu keo mùa thu,
Bestrole Plus 300SC,Chlorantraniliprole 100g/l + Chlorfenapyr 200g/l,Thuốc trừ sâu,"Shandong Weifang Rainbow Chemical Co., Ltd",lạc,sâu khoang,
Sharking 25SC,Chlorantraniliprole 15% + Chlorfenapyr 10%,Thuốc trừ sâu,Công ty TNHH Hóa sinh Bản Việt,ngô,sâu keo mùa thu,
Tesla 25SC,Chlorantraniliprole 15% + Chlorfenapyr 10%,Thuốc trừ sâu,Công ty TNHH Vestaron,ngô,sâu keo mùa thu,
Cicada 4GR,Chlorantraniliprole 1% + Clothianidin 3%,Thuốc trừ sâu,Công ty CP Bigfive Việt Nam,khoai lang,bọ hà,
Fip-Ggo 16GR,Chlorantraniliprole 4g/kg + Clothianidin 12g/kg,Thuốc trừ sâu,Công ty TNHH Nông nghiệp Công nghệ xanh Bắc Giang,ngô,sâu đục thân,
Idol 500SC,Chlorantraniliprole 50g/l + Diafenthiuron 450g/l,Thuốc trừ sâu,Công ty TNHH Phú Nông,cam,sâu vẽ bùa,
Naliko 16SC,Chlorantraniliprole 12% + Emamectin benzoate 4%,Thuốc trừ sâu,Nanjing Agrochemical Co. Ltd,lạc; ngô,sâu keo mùa thu; sâu khoang,
Samtako 20SC,Chlorantraniliprole 16% + Indoxacarb 4%,Thuốc trừ sâu,Công ty CP Hóa chất SAM,ngô,sâu keo mùa thu,
Pilarfend 150ZC,Chlorantraniliprole 100g/l + Lambda-cyhalothrin 50g/l,Thuốc trừ sâu,"Pilarquim (Shanghai) Co., Ltd",đậu tương,sâu xanh,
Niliprole 108SC,Chlorantraniliprole 54g/l + Lufenuron 54g/l,Thuốc trừ sâu,Công ty TNHH Nam Bắc,lạc,sâu khoang,
Resvo 200SC,Chlorantraniliprole 100g/l + Lufenuron 100g/l,Thuốc trừ sâu,Công ty TNHH Phú Nông,ngô,sâu keo mùa thu,
Viloran 85WG,Chlorantraniliprole 5% + Monosultap 80%,Thuốc trừ sâu,Công ty CP Việt Thắng Group,ngô,sâu keo mùa thu,
Quimbara 13.7SC,Chlorantraniliprole 5.2% + Novaluron 8.5%,Thuốc trừ sâu,Công ty TNHH UPL Việt Nam,ngô,sâu keo mùa thu,
Airforce 300SC,Chlorantraniliprole 80g/l + Spirodiclofen 220g/l,Thuốc trừ sâu,Công ty TNHH Phú Nông,cà chua; sầu riêng,dòi đục lá; rầy nhảy,
Protathon 26.30SC,Chlorantraniliprole 8.8% + Thiamethoxam 17.5%,Thuốc trừ sâu,Công ty TNHH BVTV TAT Hà Nội,ngô,sâu keo mùa thu,
Aragon 40WG,Chlorantraniliprole 20% + Thiamethoxam 20%,Thuốc trừ sâu,Công ty TNHH Á Châu Hóa Sinh,ngô,sâu keo mùa thu,
Virtako 40WG,Chlorantraniliprole 200g/kg + Thiamethoxam 200g/kg,Thuốc trừ sâu,Công ty TNHH Syngenta Việt Nam,lúa; ngô,rầy lưng trắng; rầy nâu; rệp; sâu cuốn lá; sâu đục thân,
Benrontv 25SC,Chlorbenzuron (min 95%),Thuốc trừ sâu,Công ty TNHH Hóa chất và TM Trần Vũ,lạc,sâu khoang,
HTPMite 300WP,Chlorbenzuron 20% + Pyridaben 10%,Thuốc trừ sâu,Công ty TNHH Sản phẩm Công nghệ cao,cà phê,nhện đỏ,
AAC-Napy 240SC,Chlorfenapyr (min 94%),Thuốc trừ sâu,Công ty TNHH Hóa nông Á Châu Hà Nội,lạc,sâu khoang,
AD-Shark 30SC,Chlorfenapyr (min 94%),Thuốc trừ sâu,Công ty TNHH Anh Dẩu Tiền Giang,lạc; đậu tương,sâu cuốn lá đầu đen; sâu xanh da láng,
"Alex 20SC, 50WG",Chlorfenapyr (min 94%),Thuốc trừ sâu,Công ty TNHH Hóa sinh Á Châu,lúa,lá; nhện gié,
Alopy 240SC,Chlorfenapyr (min 94%),Thuốc trừ sâu,Công ty CP Nông dược Việt Nam,mắc ca; ngô,bọ xít muỗi; sâu keo mùa thu,
Chim sâu 250SC,Chlorfenapyr (min 94%),Thuốc trừ sâu,Công ty TNHH Tập đoàn An Nông,đậu tương,sâu xanh da láng,
Chlo-max 36SC,Chlorfenapyr (min 94%),Thuốc trừ sâu,Công ty TNHH Nông nghiệp New Season,đậu tương,sâu cuốn lá,
Chlorferan 240SC,Chlorfenapyr (min 94%),Thuốc trừ sâu,Công ty TNHH TM và SX Ngọc Yến,cà phê; hoa hồng; hoa mai; lúa; điều; đậu tương,bọ trĩ; dòi đục lá; mối; nhện gié; nhện đỏ; rầy nâu; sâu cuốn lá; sâu năn; sâu xanh; sâu xanh da láng; sâu đục bẹ; sâu đục thân,
Danthick 100EC,Chlorfenapyr (min 94%),Thuốc trừ sâu,Công ty CP ĐT TM và PTNN ADI,lúa; sâu; đậu tương,khoang; sâu cuốn lá,
Euroferan gold 30SC,Chlorfenapyr (min 94%),Thuốc trừ sâu,Công ty TNHH United Pesticides,lạc,sâu khoang,
Fan-Extra 350SC,Chlorfenapyr (min 94%),Thuốc trừ sâu,Công ty TNHH Phú Nông,lúa; đậu tương,bọ trĩ; sâu cuốn lá; sâu cắn gié; sâu khoang,
Fenapyr 150WP,Chlorfenapyr (min 94%),Thuốc trừ sâu,Công ty TNHH TM - DV Thanh Sơn Hóa Nông,lúa; lạc; sâu cuốn lá đầu,sâu cuốn lá; đen,
Fenapyr super 30SC,Chlorfenapyr (min 94%),Thuốc trừ sâu,Công ty TNHH Pesticide Nhật Bản,lạc,sâu cuốn lá,
Fenrole 240SC,Chlorfenapyr (min 94%),Thuốc trừ sâu,"Shandong Weifang Rainbow Chemical Co., Ltd",ca cao; lạc; điều,bọ xít muỗi; sâu xanh da láng,
Force excel 240SC,Chlorfenapyr (min 94%),Thuốc trừ sâu,Công ty TNHH Đầu tư và Phát triển Ngọc Lâm,hoa hồng; lúa; đậu tương,nhện đỏ; sâu cuốn lá; sâu xanh,
Igro 240SC,Chlorfenapyr (min 94%),Thuốc trừ sâu,Công ty CP Nông dược HAI,ngô,sâu keo mùa thu,
Kepler 240SC,Chlorfenapyr (min 94%),Thuốc trừ sâu,Công ty TNHH BVTV Akita Việt Nam,ngô,sâu keo mùa thu,
Masterpyr 240SC,Chlorfenapyr (min 94%),Thuốc trừ sâu,Công ty CP Phát triển Dịch vụ Nông nghiệp IPM,lạc,sâu khoang,
Ohayo 100SC,Chlorfenapyr (min 94%),Thuốc trừ sâu,Công ty CP BMC Vĩnh Phúc,đậu xanh,sâu xanh da láng,
Roxco 240SC,Chlorfenapyr (min 94%),Thuốc trừ sâu,Albaugh Asia Pacific Limited,lạc,sâu xanh da láng,
Sampyer 360SC,Chlorfenapyr (min 94%),Thuốc trừ sâu,Công ty CP SAM,đậu tương,sâu xanh da láng,
"Secure 10EC, 10SC",Chlorfenapyr (min 94%),Thuốc trừ sâu,"BASF Vietnam Co., Ltd",lúa; lạc; sâu cuốn; đậu xanh,lá; láng; sâu xanh da láng,
Sender 100EC,Chlorfenapyr (min 94%),Thuốc trừ sâu,Công ty TNHH TM SX Thôn Trang,lúa,sâu cuốn lá,
Solo 350SC,Chlorfenapyr (min 94%),Thuốc trừ sâu,Công ty CP Tập đoàn King Elong,lúa; lạc; đậu xanh,sâu cuốn lá; sâu xanh da láng,
"Superjet 25EC, 110SC",Chlorfenapyr (min 94%),Thuốc trừ sâu,Công ty CP thuốc BVTV Việt Trung,lúa; rầy lưng,rầy lưng trắng; trắng,
Superxe 240 SC,Chlorfenapyr (min 94%),Thuốc trừ sâu,Công ty TNHH Tấn Hưng Việt Nam,lạc,sâu cuốn lá đầu đen,
Spear 240SC,Chlorfenapyr (min 94%),Thuốc trừ sâu,Công ty TNHH Vestaron,lạc,sâu khoang,
SV-Universe 360SC,Chlorfenapyr (min 94%),Thuốc trừ sâu,Công ty TNHH Saturn Chemical Việt Nam,lạc,sâu khoang,
Tofedo 240SC,Chlorfenapyr (min 94%),Thuốc trừ sâu,Công ty CP Công nghệ Nông nghiệp Chiến Thắng,lạc,sâu xanh da láng,
TT Actikil 240SC,Chlorfenapyr (min 94%),Thuốc trừ sâu,Công ty CP Delta Cropcare,đậu tương,sâu xanh da láng,
Tunic 240SC,Chlorfenapyr (min 94%),Thuốc trừ sâu,Công ty TNHH Ngân Anh,lạc,nhện đỏ,
"Yamato 25EC, 110SC",Chlorfenapyr (min 94%),Thuốc trừ sâu,Công ty TNHH Thuốc BVTV Liên doanh Nhật Mỹ,lúa,rầy lưng trắng,
Anstingold 120SC,Chlorfenapyr 100g/l + Cypermethrin 20g/l,Thuốc trừ sâu,Công ty CP Thuốc BVTV Việt Trung,lúa,sâu cuốn lá,
Bugatteegold 120SC,Chlorfenapyr 100g/l + Cypermethrin 20g/l,Thuốc trừ sâu,Công ty TNHH Thuốc BVTV Liên doanh Nhật Mỹ,lúa,sâu cuốn lá,
Hanapy 28SC,Chlorfenapyr 8% + Clothianidin 20%,Thuốc trừ sâu,Công ty CP TM Hải Ánh,ngô,sâu keo mùa thu,
Killmate 28SC,Chlorfenapyr 8% + Clothianidin 20%,Thuốc trừ sâu,Công ty TNHH TAT Hà Nội,lạc,sâu khoang,
Berry 110EC,Chlorfenapyr 10g/l + Chlorfluazuron 100g/l,Thuốc trừ sâu,Công ty CP Thuốc BVTV Việt Trung,lúa,rầy lưng trắng,
Timdiet 250EC,Chlorfenapyr 100g/l + Chlorfluazuron 150g/l,Thuốc trừ sâu,Công ty TNHH TM SX Thôn Trang,lúa,sâu cuốn lá,
AF-Phoenix 30SC,Chlorfenapyr 10% + Diafenthiuron 20%,Thuốc trừ sâu,Công ty TNHH Agrifuture,lạc,nhện đỏ,
Dofengoal 50SC,Chlorfenapyr 10% + Diafenthiuron 40%,Thuốc trừ sâu,Công ty CP SX và TM Hà Thái,đậu tương,nhện đỏ; sâu xanh da láng,
Diafenpyr 350SC,Chlorfenapyr 100g/l + Diafenthiuron 250g/l,Thuốc trừ sâu,Công ty TNHH US Agro,lạc,sâu khoang,
Emaproza 10SC,Chlorfenapyr 9.5% + Emamectin benzoate 0.5%,Thuốc trừ sâu,Công ty CP TM SX - XNK Otuksa Nhật Bản,đậu tương,sâu xanh da láng,
Chapyr 12SC,Chlorfenapyr 10% + Emamectin benzoate 2%,Thuốc trừ sâu,Công ty CP Quốc tế Việt Đức,lạc,sâu xanh da láng,
Chlomectin 12SC,Chlorfenapyr 10% + Emamectin benzoate 2%,Thuốc trừ sâu,Công ty TNHH Thuốc BVTV Bông Sen Vàng,lạc; đậu tương,rầy xanh; sâu cuốn lá,
Fenamec 12SC,Chlorfenapyr 10% + Emamectin benzoate 2%,Thuốc trừ sâu,Công ty CP Global Farm,hoa hồng,nhện đỏ,
Tvabapyr 11.8SC,Chlorfenapyr 10% + Abamectin-aminomethyl 1.8% (Emamectin benzoate 2%),Thuốc trừ sâu,Công ty TNHH Hoá chất và TM Trần Vũ,lạc,sâu khoang,
Chipu 120SC,Chlorfenapyr 100g/l + Emamectin benzoate 20g/l,Thuốc trừ sâu,Công ty TNHH Fujimoto Việt Nam,lạc,sâu xanh da láng,
Etameggo 120SC,Chlorfenapyr 100g/l + Emamectin benzoate 20g/l,Thuốc trừ sâu,Công ty TNHH Nông nghiệp Công nghệ xanh Bắc Giang,đậu tương,sâu khoang,
Escort 120SC,Chlorfenapyr 100g/l + Emamectin benzoate 20g/l,Thuốc trừ sâu,Công ty TNHH Vestaron,lạc,sâu khoang,
Killicron 120SC,Chlorfenapyr 100g/l + Emamectin benzoate 20g/l,Thuốc trừ sâu,"Shandong Weifang Rainbow Chemical Co., Ltd",lạc,sâu khoang,
Tria 12SC,Chlorfenapyr 100g/l + Emamectin benzoate 20g/l,Thuốc trừ sâu,Công ty CP Kỹ thuật NN I.FI,lạc,sâu xanh da láng,
Bạch Hổ 150SC,Chlorfenapyr 100g/l + Emamectin benzoate 50g/l,Thuốc trừ sâu,Công ty TNHH TM và SX Ngọc Yến,bông vải; hoa cúc; lúa; lạc; điều,bọ trĩ; dòi đục lá; nhện gié; rầy nâu; sâu cuốn lá; sâu phao đục bẹ; sâu xanh; sâu xanh da láng; sâu đục thân,
Super Ken 170SC,Chlorfenapyr 150 g/l + Emamectin benzoate 20 g/l,Thuốc trừ sâu,Công ty TNHH TM DV Tấn Hưng,lúa,sâu cuốn lá,
Lorma cap 21SC,Chlorfenapyr 19% + Emamectin benzoate 2%,Thuốc trừ sâu,Công ty TNHH Hóa sinh Mũ Xanh,ngô,sâu keo mùa thu,
Vadasau 21SC,Chlorfenapyr 19% + Emamectin benzoate 2%,Thuốc trừ sâu,Công ty TNHH Hoá Sinh Liên Khương,ngô,sâu keo mùa thu,
Ikander 135EC,Chlorfenapyr 25g/l + Fenpropathrin 110g/l,Thuốc trừ sâu,Công ty TNHH Thuốc BVTV Liên doanh Nhật Mỹ,lúa,rầy lưng trắng,
Apro 200SC,Chlorfenapyr 100g/l + Flufiprole 100g/l,Thuốc trừ sâu,Công ty CP BVTV Asata Hoa Kỳ,cà phê,rệp sáp,
Secsorun 100SC,Chlorfenapyr 50g/l + Hexythiazox 50g/l,Thuốc trừ sâu,Công ty CP Nông Việt,hoa hồng; lúa,nhện gié; nhện đỏ; sâu cuốn lá,
Napyrim 20SC,Chlorfenapyr 10% + Imidacloprid 10%,Thuốc trừ sâu,Công ty TNHH TM Agri Green,lạc,sâu khoang,
Pylagold 170SC,Chlorfenapyr 10g/l + Indoxacarb 160g/l,Thuốc trừ sâu,Công ty CP Thuốc BVTV Việt Trung,lúa,rầy lưng trắng,
Pysedo 170SC,Chlorfenapyr 10g/l + Indoxacarb 160g/l,Thuốc trừ sâu,Công ty TNHH TM - DV Thanh Sơn Hóa Nông,ngô; đậu tương,dòi đục lá; sâu keo mùa thu,
New Fuze 200SC,Chlorfenapyr 100g/l + Indoxacarb 100g/l,Thuốc trừ sâu,Công ty TNHH Phú Nông,hồ tiêu; lúa,nhện gié; rệp sáp; sâu cuốn lá,
Chinock 24SC,Chlorfenapyr 8% + Indoxacarb 16%,Thuốc trừ sâu,Công ty TNHH Nam Bắc,lạc; ngô,sâu keo mùa thu; sâu xanh da láng,
Solaferan 15SC,Chlorfenapyr 10% + Indoxacarb 5%,Thuốc trừ sâu,Công ty CP Genta Thụy Sĩ,ngô,sâu keo mùa thu,
Chlorin 10SC,Chlorfenapyr 7.5% + Indoxacarb 2.5%,Thuốc trừ sâu,Công ty CP Nicotex,lúa,sâu cuốn lá,
Inpyranafv 10SC,Chlorfenapyr 7.5% + Indoxacarb 2.5%,Thuốc trừ sâu,Công ty CP Agrifarm Việt Nam,lạc,sâu khoang,
Larman 28SC,Chlorfenapyr 20% + Indoxacarb 8%,Thuốc trừ sâu,Công ty TNHH Nam Bộ,đậu tương,sâu xanh da láng,
Kungold 35SC,Chlorfenapyr 25% + Indoxacarb 10%,Thuốc trừ sâu,Công ty CP Bigfive Việt Nam,lạc; ngô,sâu keo mùa thu; sâu xanh da láng,
Fenado 35SC,Chlorfenapyr 25% + Indoxacarb 10%,Thuốc trừ sâu,Công ty CP Bệnh viện Cây trồng Nông nghiệp Việt Nam,lạc,sâu cuốn lá,
Dofenapyr 140SC,Chlorfenapyr 100g/l + Indoxacarb 40 g/l,Thuốc trừ sâu,Công ty TNHH B.Helmer,ngô,sâu keo mùa thu,
Kingchlorin 30SC,Chlorfenapyr 18% + Indoxacarb 12%,Thuốc trừ sâu,Công ty CP SX và TM Hà Thái,lạc,sâu xanh da láng,
CK Sam 35SC,Chlorfenapyr 33.3% + Ivermectin (min 95%) 1.7%,Thuốc trừ sâu,Công ty TNHH TM Anh Thơ,ngô,sâu keo mùa thu,
Niss 7.8SC,Chlorfenapyr 5% + Lambda-cyhalothrin 2.8%,Thuốc trừ sâu,Công ty TNHH Agro Việt,lạc,sâu khoang,
Toposa 55EC,Chlorfenapyr 25g/l + Lambda-cyhalothrin 30g/l,Thuốc trừ sâu,Công ty CP Thuốc BVTV Việt Trung,lúa,rầy lưng trắng,
Picana 450EC,Chlorfenapyr 30g/l + Lambda-cyhalothrin 20g/l + Profenofos 400g/l,Thuốc trừ sâu,Công ty CP Thuốc BVTV Việt Trung,lúa,rầy lưng trắng,
Dadygold 50EC,Chlorfenapyr 25g/l + Lufenuron 25g/l,Thuốc trừ sâu,Công ty CP Thuốc BVTV Việt Trung,lúa,rầy lưng trắng,
Alupyr 250SC,Chlorfenapyr 200g/l + Lufenuron 50 g/l,Thuốc trừ sâu,Công ty CP BVTV Asata Hoa Kỳ,đậu tương,sâu xanh da láng,
Liberal 250SC,Chlorfenapyr 200g/l + Lufenuron 50 g/l,Thuốc trừ sâu,Công ty CP Kiên Nam,lạc; đậu tương,rệp muội; sâu xanh da láng,
Fan-Pro 250SC,Chlorfenapyr 200g/l + Lufenuron 50 g/l,Thuốc trừ sâu,Công ty TNHH Phú Nông,khoai lang; lúa; đậu tương; đậu xanh,sâu cuốn lá; sâu khoang; sâu năn; sâu xanh da láng; sâu đục thân,
Foryou plus 30SC,Chlorfenapyr 24% + Lufenuron 6%,Thuốc trừ sâu,Công ty TNHH Hóa chất Mạnh Hùng,lạc,sâu khoang,
Lupyr Cap 30SC,Chlorfenapyr 24% + Lufenuron 6%,Thuốc trừ sâu,Công ty TNHH Hóa sinh Mũ Xanh,ngô,sâu keo mùa thu,
Nafenron 18SC,Chlorfenapyr 15% + Lufenuron 3%,Thuốc trừ sâu,"Nanjing Agrochemical Co., Ltd",lạc; ngô,sâu keo mùa thu; sâu khoang,
Lufen plus 25ME,Chlorfenapyr 15% + Lufenuron 10%,Thuốc trừ sâu,Công ty CP SX và TM Công nghệ Châu Âu,lạc,sâu khoang,
ADU-Fenar 24SC,Chlorfenapyr 19% + Lufenuron 5%,Thuốc trừ sâu,Công ty TNHH ADU Việt Nam,ngô,sâu keo mùa thu,
Chlolufen 240SC,Chlorfenapyr 190g/l + Lufenuron 50g/l,Thuốc trừ sâu,"Shandong Weifang Rainbow Chemical Co., Ltd",lạc; ngô,sâu keo mùa thu; sâu khoang,
Lufenhbr 12SC,Chlorfenapyr 9.5% + Lufenuron 2.5%,Thuốc trừ sâu,Công ty TNHH Hóa nông HBR,lạc,sâu khoang,
Matsu Power 12SC,Chlorfenapyr 9.5% + Lufenuron 2.5%,Thuốc trừ sâu,Công ty TNHH Giải pháp Nông nghiệp Việt Nam,ngô,sâu keo mùa thu,
Vichlor 12SC,Chlorfenapyr 9.5% + Lufenuron 2.5%,Thuốc trừ sâu,"Henan Vision Agricultural Science and Technology Co., Ltd",lạc,sâu khoang,
Asapyr 300SC,Chlorfenapyr 100 g/l + Metaflumizone 200g/l +,Thuốc trừ sâu,Công ty CP BVTV Asata Hoa Kỳ,đậu tương,nhện đỏ,
Vario 300SC,Chlorfenapyr 100 g/l + Metaflumizone 200g/l +,Thuốc trừ sâu,Công ty TNHH Phú Nông,lúa; đậu tương,bọ trĩ; nhện đỏ; sâu cuốn lá,
Metazone 35SC,Chlorfenapyr 15% + Metaflumizone 20%,Thuốc trừ sâu,Công ty TNHH MTV Sao Phương Nam AG,ngô,sâu keo mùa thu,
Pylat 150EC,Chlorfenapyr 100g/l + Phoxim 50g/l,Thuốc trừ sâu,Công ty CP Thuốc BVTV Việt Trung,lạc,sâu khoang,
Palcon 200EC,Chlorfenapyr 150g/l + Profenofos 50g/l,Thuốc trừ sâu,Công ty CP Thuốc BVTV Việt Trung,lạc,sâu khoang,
Fanmax 350SC,Chlorfenapyr 250 g/l + Spirodiclofen 100 g/l,Thuốc trừ sâu,Công ty TNHH Phú Nông,lúa; lạc; ngô; điều; đậu tương,nhện đỏ; rầy phấn trắng; sâu cuốn lá; sâu keo mùa thu; sâu xanh da láng; sâu đục quả,
Ω-Pino 14SC,Chlorfenapyr 11.5% + Spinosad 2.5%,Thuốc trừ sâu,Công ty TNHH MTV BVTV Omega,lạc; rệp; đậu tương,muội; sâu xanh da láng,
AF-Flamingo 12SC,Chlorfenapyr 10% + Spinosad 2%,Thuốc trừ sâu,Công ty TNHH Agrifuture,lạc,sâu xanh da láng,
Coteb 100WP,Chlorfenapyr 30g/kg + Tebufenozide 70g/kg,Thuốc trừ sâu,Công ty TNHH SYC,ngô,sâu keo mùa thu,
NBC-Taboo 280SC,Chlorfenapyr 80g/l + Tebufenozide 200g/l,Thuốc trừ sâu,Công ty TNHH Nam Bắc,lạc,sâu xanh da láng,
Tifena 300SC,Chlorfenapyr 100 g/l + Thiamethoxam 200 g/l,Thuốc trừ sâu,Công ty TNHH MTV Lucky,sắn,bọ phấn trắng,
Tolena 200SC,Chlorfenapyr 100g/l + Tolfenpyrad 100g/l,Thuốc trừ sâu,Công ty TNHH Gap Agro,đậu tương,sâu xanh da láng,
Win extra 30SC,Chlorfenapyr 15% + Tolfenpyrad 15%,Thuốc trừ sâu,Công ty TNHH One Bee Việt Nam,ngô,sâu keo mùa thu,
Alulinette 50EC,Chlorfluazuron (min 94%),Thuốc trừ sâu,Công ty CP Quốc tế Hòa Bình,bắp cải,sâu tơ,
Atabron 5EC,Chlorfluazuron (min 94%),Thuốc trừ sâu,Sumitomo Corporation Vietnam LLC,bắp cải; hành; khoai lang; lạc; đậu tương,sâu khoang; sâu tơ; sâu xanh da láng,
"Atannong 50EC, 50SC",Chlorfluazuron (min 94%),Thuốc trừ sâu,Công ty TNHH An Nông,lúa; lạc; sâu xanh da; đậu xanh,khoang; láng; sâu phao,
Cartaprone 5EC,Chlorfluazuron (min 94%),Thuốc trừ sâu,Công ty TNHH TM - DV Thanh Sơn Hóa Nông,lạc,sâu xanh,
Hama 250SC,Chlorfluazuron (min 94%),Thuốc trừ sâu,Công ty CP BVTV ATC,lạc,sâu khoang,
Kreson 5EC,Chlorfluazuron (min 94%),Thuốc trừ sâu,Công ty TNHH BVTV Việt Thái,lạc,sâu khoang,
Vitto Uron 5EC,Chlorfluazuron (min 94%),Thuốc trừ sâu,Công ty TNHH Rồng Đại Dương,cà phê,mọt đục cành,
TT Glim 270SC,Chlorfluazuron 100g/l + Clothianidin 170g/l,Thuốc trừ sâu,Công ty TNHH TM Tân Thành,cà phê; lúa; rệp,sáp; sâu cuốn lá,
TT Checker 270SC,Chlorfluazuron 110g/l + Dinotefuran 160g/l,Thuốc trừ sâu,Công ty TNHH TM Tân Thành,bắp cải; bọ; chè; cà chua; dưa hấu; lúa; xoài,bọ nhảy; dòi đục lá; phấn; rầy; rầy lưng trắng; rầy nâu; sâu cuốn lá; sâu phao; sâu đục thân; trĩ,
Futoc 42EC,Chlorfluazuron 2g/l + Emamectin benzoate 40g/l,Thuốc trừ sâu,Công ty CP Hóa Nông Mỹ Việt Đức,lúa,sâu cuốn lá,
"Director 70EC, 140WP",Chlorfluazuron 50g/l (100g/kg) + Emamectin benzoate 20g/l (40g/kg),Thuốc trừ sâu,Công ty TNHH TM SX Khánh Phong,bắp cải; bọ; hoa lay ơn; lúa; nhện; sâu cuốn; ớt,lá; sâu tơ; trĩ; đỏ,
AK Dan 75EC,Chlorfluazuron 55g/l + Emamectin benzoate 20g/l,Thuốc trừ sâu,Công ty TNHH TM Tân Thành,lúa,sâu cuốn lá,
Ammeri 150EC,Chlorfluazuron 100g/l + Emamectin benzoate 50g/l,Thuốc trừ sâu,Công ty TNHH Nông nghiệp Xanh,lúa,sâu cuốn lá,
Cabala 150EC,Chlorfluazuron 100g/l + Emamectin benzoate 50g/l,Thuốc trừ sâu,Công ty TNHH Hóa sinh Mùa Vàng,lúa,sâu cuốn lá; sâu đục thân,
Shipper 150EC,Chlorfluazuron 100g/l + Emamectin benzoate 50g/l,Thuốc trừ sâu,Công ty TNHH Vipes Việt Nam,bắp cải,sâu tơ,
"Alantic 140SC, 140WG, 140WP","Chlorfluazuron 100g/l (100g/kg), (100g/kg) + Emamectin benzoate 40g/l (40g/kg), (40g/kg)",Thuốc trừ sâu,Công ty TNHH Nam Bộ,lúa; rầy; sâu cuốn lá,lá; nâu; rầy nâu; sâu cuốn lá,
"Thadant 200SC, 300EC",Chlorfluazuron 50g/l (100g/l) + Emamectin benzoate 50g/l (120g/l) + Indoxacarb 100g/l (80g/l),Thuốc trừ sâu,Công ty TNHH Anh Dẩu Tiền Giang,lúa,lá; nhện gié; sâu cuốn lá,
Cif 220SC,Chlorfluazuron 44g/l + Flonicamid 176g/l,Thuốc trừ sâu,Công ty TNHH Agro Việt,sắn,bọ phấn trắng,
NPellaugold 220SC,Chlorfluazuron 70 g/l + Indoxacarb 150 g/l,Thuốc trừ sâu,Công ty CP SX Thuốc BVTV Omega,lúa,sâu cuốn lá,
Amazon 250SC,Chlorfluazuron 100 g/l + Indoxacarb 150 g/l,Thuốc trừ sâu,Công ty TNHH Vipes Việt Nam,lúa,sâu cuốn lá,
Sinchi 250SC,Chlorfluazuron 100 g/l + Indoxacarb 150 g/l,Thuốc trừ sâu,Agria S.A,khoai lang,sâu xanh da láng,
TT Bite 30SC,Chlorfluazuron 15% + Indoxacarb 15%,Thuốc trừ sâu,Công ty TNHH TM Tân Thành,lúa,nhện gié; sâu cuốn lá; sâu đục thân,
Apigun 150SC,Chlorfluazuron 100 g/l + Lambda-cyhalothrin 50 g/l,Thuốc trừ sâu,Công ty TNHH Vipes Việt Nam,lúa,sâu cuốn lá,
Aniper 99.9WP,Chlorfluazuron 49.9g/kg + Lambda-cyhalothrin 50g/kg,Thuốc trừ sâu,Công ty CP ND Quốc tế Nhật Bản,lúa,sâu cuốn lá,
Fuldie 90EC,Chlorfluazuron 45g/l + Lambda-cyhalothrin 45g/l,Thuốc trừ sâu,Công ty CP Quốc tế Hoà Bình,lúa,sâu cuốn lá,
Onecheck 750WP,Chlorfluazuron 200g/kg + Lambda-cyhalothrin 50g/kg + Nitenpyram 500g/kg,Thuốc trừ sâu,Công ty TNHH An Nông,lúa,rầy nâu,
Messigold 450EC,Chlorfluazuron 50g/l + Pemethrin 100g/l + Profenofos 300g/l,Thuốc trừ sâu,Công ty CP thuốc BVTV Việt Trung,lúa,sâu cuốn lá,
"Bakari 86EW, 275SC, 430WP, 512EC","Chlorfluazuron 5g/l (10g/l), (220g/kg), (1g/l) + Profenofos 71g/l (1g/l), (10g/kg), (510g/l) + Thiamethoxam 10g/l (264g/l), (200g/kg), (1g/l)",Thuốc trừ sâu,Công ty CP Thuốc BVTV Việt Trung,lúa,bọ trĩ; lá; nâu; thân,
"Monttar 3GR, 40EC",Chlorpyrifos Methyl (min 96%),Thuốc trừ sâu,Công ty CP Quốc tế Agritech Hoa kỳ,ngô; đậu tương,láng; sâu đục thân,
"Sago-Super 3GR, 20EC",Chlorpyrifos Methyl (min 96%),Thuốc trừ sâu,Công ty CP BVTV Sài Gòn,cà phê; khoai lang; lúa; mía; ngô; sâu đục; ve; điều,bắp; bọ hà; bọ trĩ; sáp; sâu đục thân; sầu; thân,
Sieusao 40EC,Chlorpyrifos Methyl (min 96%),Thuốc trừ sâu,Công ty TNHH Phú Nông,cam; cà phê; lúa; đậu tương,muỗi hành; rầy nâu; rầy xanh; rệp; rệp muội; rệp sáp; sâu vẽ bùa; sâu đục quả; xử lý hạt giống trừ sâu đục thân,
Taron 50EC,Chlorpyrifos Methyl (min 96%),Thuốc trừ sâu,Map Pacific Pte Ltd,cam; chè; dưa hấu; hành; lúa; nhãn; xoài,bọ trĩ; bọ xít; bọ xít muỗi; rệp sáp; sâu xanh da láng; sâu đục gân lá; sâu đục ngọn,
Map dona 265EC,Chlorpyrifos Methyl 250g/l + Indoxacarb 15g/l,Thuốc trừ sâu,Map Pacific Pte Ltd,lúa; lạc; sâu,sâu cuốn lá; xanh,
Map fang 420WP,Chlorpyrifos Methyl 300g/kg + Pymetrozine 120g/kg,Thuốc trừ sâu,Map Pacific Pte Ltd,lúa,rầy nâu,
Novi-ray 500WP,Chlorpyrifos Methyl 300g/kg + Pymetrozine 200g/kg,Thuốc trừ sâu,Công ty CP Nông Việt,lúa,rầy nâu,
Grandevo WG,Chromobacterium subtsugae strain PRAA4-1T,Thuốc trừ sâu,Công ty CP Hợp Trí Summit,cải xanh; dưa chuột; đậu cove,dòi đục lá; rệp muội; sâu khoang,
Flora 200SC,Clofentezine (min 96%),Thuốc trừ sâu,Công ty CP Khử trùng Việt Nam,cam,nhện đỏ,
MAP Oasis 10WP,Clofentezine (min 96%),Thuốc trừ sâu,Map Pacific Pte Ltd,cam,nhện đỏ,
Tetrazin 20SC,Clofentezine (min 96%),Thuốc trừ sâu,Công ty CP Thuốc sát trùng Việt Nam,cam,nhện đỏ,
Stopmite 500SC,Clofentezine (min 96%),Thuốc trừ sâu,Công ty TNHH Nam Bắc,hoa hồng,nhện đỏ,
Startus 150SC,Clofentezine 100g/l + Fenpyroximate 50g/l,Thuốc trừ sâu,Công ty TNHH Trường Thịnh,đào cảnh,nhện đỏ,
Coman 150WP,Clofentezine 5% (50g/kg) + Pyridaben 10% (100g/kg),Thuốc trừ sâu,Công ty CP Bigfive Việt Nam,hoa hồng; sắn,bọ phấn; nhện đỏ,
Sunvuanhen 15WP,Clofentezine 5% (50g/kg) + Pyridaben 10% (100g/kg),Thuốc trừ sâu,Công ty CP Sunseaco Việt Nam,sắn,nhện đỏ,
Ω-Spilo 24SC,Clofentezine 14% + Spirodiclofen 10%,Thuốc trừ sâu,Công ty TNHH MTV BVTV Omega,cam; chè,nhện đỏ,
Hakigold 50SC,Chromafenozide (min 91%),Thuốc trừ sâu,Công ty CP Hóc Môn,lúa,sâu cuốn lá,
Phares 50SC,Chromafenozide (min 91%),Thuốc trừ sâu,Công ty TNHH Giải pháp Nông nghiệp Việt Nam,lúa; đậu tương,sâu cuốn lá; sâu xanh da láng; sâu đục thân,
Red ruby 50SC,Chromafenozide (min 91%),Thuốc trừ sâu,Công ty TNHH TM và SX Ngọc Yến,lúa,sâu cuốn lá,
Mycheck 750WP,Chromafenozide 100g/kg + Imidacloprid 200g/kg + Nitenpyram 450g/kg,Thuốc trừ sâu,Công ty TNHH An Nông,lúa,rầy nâu,
"Map Logic 90WP, 90WG, 90GR",Clinoptilolite,Thuốc trừ sâu,Map Pacific Pte Ltd,cam; chanh leo; cà chua; cà phê; dưa hấu; hành tím; hồ tiêu; lúa; su su; thanh long,rỉ sắt; thán thư; trùng; tuyến trùng,
Anidin 48SC,Clothianidin (min 95%),Thuốc trừ sâu,Công ty TNHH Pesticide Nhật Bản,ngô,sâu keo mùa thu,
"Dantotsu 16SG, 50WG",Clothianidin (min 95%),Thuốc trừ sâu,Công ty TNHH Hóa chất Sumitomo Việt Nam,bọ; cam; chè; cà chua; dòi đục; dưa hấu; lúa; rầy; sâu vẽ; thanh long; xoài,bùa; bọ trĩ; kiến; lá; rầy bông; rầy chổng cánh; rầy nâu; rệp muội; trĩ; xanh,
Keyrole Xtra 50WG,Clothianidin (min 95%),Thuốc trừ sâu,"Shandong Weifang Rainbow Chemical Co., Ltd",ngô; sắn,bọ phấn trắng; rệp muội,
Thunderan 50WG,Clothianidin (min 95%),Thuốc trừ sâu,Công ty CP Tập đoàn Lộc Trời,lúa,rầy nâu,
Tiptof 16SG,Clothianidin (min 95%),Thuốc trừ sâu,Công ty TNHH Phú Nông,bọ; cam; chè; dưa hấu; lúa; rầy; sâu vẽ,bùa; rầy nâu; trĩ; xanh,
Clodin 360WG,Clothianidin 160g/kg + Dinotefuran 200g/kg,Thuốc trừ sâu,Công ty CP BVTV Kiên Giang,lúa,rầy nâu,
Orgyram 70WP,Clothianidin 10% + Nitenpyram 30% + Pymetrozine 30%,Thuốc trừ sâu,Công ty TNHH Hóa sinh Á Châu,lúa,rầy nâu,
AA-Faros 30SC,Clothianidin 15% + Pymetrozine 15%,Thuốc trừ sâu,Công ty TNHH TM Biochem Việt Á,cà phê,rệp sáp,
Despak 30SC,Clothianidin 5% + Pymetrozine 25%,Thuốc trừ sâu,Công ty TNHH Nam Bắc,sắn,bọ phấn,
T-Clodin 30WG,Clothianidin 5% + Pymetrozine 25%,Thuốc trừ sâu,Công ty CP Nông dược Nhật Thành,lạc,rệp muội,
ACE Cnidn 1EW,Cnidiadin,Thuốc trừ sâu,Công ty CP ACE Biochem Việt Nam,bắp cải; hoa hồng; nho; phấn; sương,mai; sâu tơ; trắng,
Hetsau 0.4EC,Cnidiadin,Thuốc trừ sâu,Công ty TNHH MTV Gold Ocean,bắp cải; chè; vải,bọ cánh tơ; nhện lông nhung; sâu tơ; sâu xanh bướm trắng,
"Benevia® 100OD, 200SC",Cyantraniliprole (min 93%),Thuốc trừ sâu,Công ty TNHH FMC Việt Nam,dưa hấu; lúa,bọ trĩ; dòi đục lá; rầy nâu; sâu cuốn lá; sâu xanh sọc trắng; sâu đục thân,
Minecto Star 60WG,Cyantraniliprole 100g/kg + Pymetrozine 500 g/kg,Thuốc trừ sâu,Công ty TNHH Syngenta Việt Nam,bưởi; dưa chuột; dưa hấu; hoa cúc; hoa hồng; lúa; xoài; ớt,bọ phấn; bọ trĩ; dòi đục lá; rầy bông; rầy nâu; sâu cuốn lá; sâu đục thân,
Teppan 50SL,Cyclaniliprole (min 95%),Thuốc trừ sâu,Công ty TNHH Nufarm Việt Nam,bắp cải; lúa; lạc; sâu cuốn; sâu xanh da,lá; láng; sâu tơ,
Starmite 30SC,Cyenopyrafen (min 93.5%),Thuốc trừ sâu,Công ty TNHH Nissei Corporation Việt Nam,cam; hoa hồng,nhện đỏ,
Antimite 30SC,Cyetpyrafen (Yizuomanjing) (min 98%),Thuốc trừ sâu,Công ty CP ACE Biochem Việt Nam,cam; hoa hồng,nhện đỏ,
Erafen 300SC,Cyetpyrafen (Yizuomanjing) (min 98%),Thuốc trừ sâu,Công ty CP Global Farm,cam; chè; lúa,nhện gié; nhện đỏ,
Danisaraba 20SC,Cyflumetofen (min 97.5%),Thuốc trừ sâu,Sumitomo Corporation Vietnam LLC,hoa hồng,nhện đỏ,
Acemide 20SC,Cyhalodiamide (min 95%),Thuốc trừ sâu,Công ty TNHH Á Châu Hóa sinh,bắp cải; chè; lúa,sâu cuốn lá; sâu tơ,
Diamide 200SC,Cyhalodiamide (min 95%),Thuốc trừ sâu,Công ty TNHH Phú Nông,cam; dòi đục; dưa chuột; lúa; sâu vẽ,bùa; lá; sâu cuốn lá,
Lorcy 265SC,Cyhalodiamide 100 g/l + Chlorfenapyr 165 g/l,Thuốc trừ sâu,Công ty TNHH Á Châu Hoá Sinh,bọ; lúa; lạc; sâu xanh da; điều,láng; sâu cuốn lá; trĩ,
Futsals 240SC,Cyhalodiamide 90 g/l + Chlorfenapyr 150g/l,Thuốc trừ sâu,Công ty TNHH Phú Nông,lúa; đậu tương,sâu cuốn lá; sâu xanh da láng,
Kunda 200SC,Cyhalodiamide 50 g/l + Flufiprole 150 g/l,Thuốc trừ sâu,Công ty CP Nông nghiệp HP,cải bắp; lúa,sâu cuốn lá; sâu tơ,
Votes 200SC,Cyhalodiamide 150g/l + Lufenuron 50g/l,Thuốc trừ sâu,Công ty TNHH Phú Nông,lúa; thanh long,bọ trĩ; sâu cuốn lá,
Lucy 240SC,Cyhalodiamide 180g/l + Lufenuron 60 g/l,Thuốc trừ sâu,Công ty TNHH Á Châu Hoá Sinh,bắp cải; cam; lúa; sâu; sâu vẽ,bùa; sâu đục thân; tơ,
Umeku 200SC,Cyhalodiamide 100g/l + Metaflumizone 100g/l,Thuốc trừ sâu,Công ty CP Nông nghiệp HP,lúa,sâu cuốn lá,
Andoril 250EC,Cypermethrin (min 90%),Thuốc trừ sâu,Công ty TNHH SX TM DV Thu Loan,lúa,bọ xít,
Appencyper 35EC,Cypermethrin (min 90%),Thuốc trừ sâu,Công ty TNHH Kiên Nam,lúa,sâu cuốn lá,
Arrivo 25EC,Cypermethrin (min 90%),Thuốc trừ sâu,Công ty TNHH FMC Việt Nam,lúa; sâu; đậu tương,rầy xanh; xanh,
Biperin 100EC,Cypermethrin (min 90%),Thuốc trừ sâu,Công ty TNHH TM Bình Phương,lúa,sâu cuốn lá,
Classtox 250WP,Cypermethrin (min 90%),Thuốc trừ sâu,Công ty TNHH Nam Nông Phát,lúa,sâu cuốn lá,
Cymerin 25EC,Cypermethrin (min 90%),Thuốc trừ sâu,Công ty CP Quốc tế Hòa Bình,lúa,bọ xít; sâu cuốn lá; sâu đục thân,
Cymkill 25EC,Cypermethrin (min 90%),Thuốc trừ sâu,Forward International Ltd,bông vải,sâu khoang,
Cyper 25EC,Cypermethrin (min 90%),Thuốc trừ sâu,Công ty CP Nông dược HAI,bọ; lúa; đậu tương,sâu cuốn lá; xít,
Cyperan 10EC,Cypermethrin (min 90%),Thuốc trừ sâu,Công ty CP Lion Agrevo,lúa; điều,bọ xít muỗi; sâu cuốn lá; sâu róm,
Cyperkill 25EC,Cypermethrin (min 90%),Thuốc trừ sâu,"Arysta LifeScience Vietnam Co., Ltd",khoai tây; lúa; đậu tương,rầy xanh; sâu cuốn lá; sâu đục quả; sâu đục thân,
Cypermap 25EC,Cypermethrin (min 90%),Thuốc trừ sâu,Map Pacific Pte Ltd,cà phê; lúa,bọ trĩ; bọ xít hôi; rệp sáp; sâu cuốn lá,
Cypetox 500EC,Cypermethrin (min 90%),Thuốc trừ sâu,Công ty CP Thanh Điền,lúa,sâu cuốn lá,
Cyrux 25 EC,Cypermethrin (min 90%),Thuốc trừ sâu,Công ty TNHH UPL Việt Nam,bông vải; cà phê; lúa; rệp,bọ xít hôi; sáp; sâu xanh,
Dibamerin 25 EC,Cypermethrin (min 90%),Thuốc trừ sâu,Công ty TNHH XNK Quốc tế SARA,dòi đục; lúa; đậu tương,lá; sâu cuốn lá; sâu đục thân,
Dosher 25EC,Cypermethrin (min 90%),Thuốc trừ sâu,Công ty TNHH MTV BVTV Thạnh Hưng,lúa,bọ trĩ,
Hacymerin 5EC,Cypermethrin (min 90%),Thuốc trừ sâu,Công ty CP TM Hải Ánh,lạc,sâu khoang,
Indicy 25EC,Cypermethrin (min 90%),Thuốc trừ sâu,Công ty CP Đồng Xanh,lúa,sâu cuốn lá,
Loxa 50EC,Cypermethrin (min 90%),Thuốc trừ sâu,Công ty CP Nông nghiệp HP,lúa,sâu cuốn lá,
Nitrin 10EC,Cypermethrin (min 90%),Thuốc trừ sâu,Công ty CP Nicotex,đậu xanh,sâu xanh,
NP-Cyrin super 250EC,Cypermethrin (min 90%),Thuốc trừ sâu,Công ty TNHH TM Nông Phát,lúa; sâu; đậu tương,sâu cuốn lá; xanh,
Pankill 25EC,Cypermethrin (min 90%),Thuốc trừ sâu,Công ty TNHH TM và SX Ngọc Yến,lúa,sâu cuốn lá,
Power 5EC,Cypermethrin (min 90%),Thuốc trừ sâu,Công ty TNHH XNK Hóa chất Công nghệ cao Việt Nam,lúa,bọ xít,
Pycythrin 5EC,Cypermethrin (min 90%),Thuốc trừ sâu,"Longfat Global Co., Ltd",lúa,sâu phao,
Samcyper 25EC,Cypermethrin (min 90%),Thuốc trừ sâu,Công ty CP SAM,đậu tương,sâu xanh,
SecSaigon 25EC,Cypermethrin (min 90%),Thuốc trừ sâu,Công ty CP BVTV Sài Gòn,bông vải; lúa; sâu cuốn,lá; sâu hồng,
Sherbush 25EC,Cypermethrin (min 90%),Thuốc trừ sâu,Công ty CP Vật tư NN Tiền Giang,bọ; cà phê; lúa; rệp; điều,sáp; sâu keo; xít,
"Shertox 5EC, 10EW",Cypermethrin (min 90%),Thuốc trừ sâu,Công ty TNHH An Nông,cà phê; lúa; lạc; sâu; sâu ăn; đậu tương,bọ xít; khoang; lá; phao; rệp vảy; sáp; sâu keo,
Somethrin 10EC,Cypermethrin (min 90%),Thuốc trừ sâu,Công ty TNHH P-H,lúa,bọ trĩ,
Southsher 10EC,Cypermethrin (min 90%),Thuốc trừ sâu,Công ty TNHH TM - DV Thanh Sơn Hóa Nông,lúa,sâu cuốn lá,
Superrin 100EC,Cypermethrin (min 90%),Thuốc trừ sâu,Công ty CP Khoa học CNC American,lúa,bọ trĩ,
Tiper 25 EC,Cypermethrin (min 90%),Thuốc trừ sâu,Công ty TNHH - TM Thái Phong,bọ; lúa; sâu; điều; đậu tương,khoang; sâu đục thân; xít,
Tornado 25EC,Cypermethrin (min 90%),Thuốc trừ sâu,Asiatic Agricultural Industries Pte Ltd,bọ xít; cà phê; lúa; rệp; điều,muỗi; sáp; sâu cuốn lá,
Tungrin 25EC,Cypermethrin (min 90%),Thuốc trừ sâu,Công ty CP SX - TM - DV Ngọc Tùng,cà phê; lúa; thuốc lá; điều,bọ xít muỗi; rệp; rệp sáp; sâu keo; sâu phao,
"Visher 25EC, 25EW",Cypermethrin (min 90%),Thuốc trừ sâu,Công ty CP Thuốc sát trùng Việt Nam,lúa; sâu; thuốc lá,keo; sâu phao; sâu xanh,
Waja 10EC,Cypermethrin (min 90%),Thuốc trừ sâu,"Hextar Chemicals Sdn, Bhd",khoai lang; lúa; ngô,bọ trĩ; sâu keo mùa thu; sâu khoang,
Wamtox 100EC,Cypermethrin (min 90%),Thuốc trừ sâu,Công ty TNHH Việt Thắng,lúa; lạc; điều,bọ trĩ; bọ xít muỗi; sâu cuốn lá; sâu khoang; sâu đục thân,
Nugor super 450EC,Cypermethrin 50 g/l + Dimethoate 400 g/l,Thuốc trừ sâu,Công ty CP SX - TM - DV Ngọc Tùng,cà phê; lúa; điều; đậu tương; đậu xanh,bọ xít muỗi; mọt đục cành; rầy nâu; rệp sáp giả; sâu cuốn lá; sâu xanh; sâu xanh da láng; sâu đục cành; sâu đục thân,
Cypdime (558) 10 EC,Cypermethrin 2% + Dimethoate 8%,Thuốc trừ sâu,Công ty TNHH Anh Dẩu Tiền Giang,lúa,sâu đục thân,
Nitox 30 EC,Cypermethrin 3% + Dimethoate 27%,Thuốc trừ sâu,Công ty CP Nicotex,cà phê; lúa; điều; đậu tương,rệp; sâu cuốn lá; sâu ăn lá; sâu đục bẹ,
Diditox 40 EC,Cypermethrin 30g/l + Dimethoate 370g/l,Thuốc trừ sâu,Công ty CP BVTV I TW,cà phê; lúa; rệp,rầy nâu; sáp,
Fastny 45EC,Cypermethrin 3% + Dimethoate 42%,Thuốc trừ sâu,Công ty TNHH TM và SX Ngọc Yến,lúa,sâu keo,
Dizorin 35 EC,Cypermethrin 50 g/l + Dimethoate 300g/l,Thuốc trừ sâu,Công ty TNHH TM Tân Thành,lúa; đậu tương,bọ trĩ; bọ xít; nhện gié; rệp; sâu keo; sâu đục bẹ,
Antricis 250EC,Cypermethrin 20g/l + Dimethoate 200g/l + Fenvalerate 30g/l,Thuốc trừ sâu,Công ty CP XNK Nông dược Hoàng Ân,cà phê,sâu đục quả,
TP-Pentin 15 EC,Cypermethrin 2.6% + Fenitrothion 10.5% + Fenvalerate 1.9%,Thuốc trừ sâu,Công ty CP Genta Thụy Sĩ,cà phê; lúa; sâu đục,rệp; thân,
Hacydo 20SC,Cypermethrin 10% + Indoxacarb 10%,Thuốc trừ sâu,Công ty CP TM Hải Ánh,đậu tương,sâu xanh da láng,
Millerusa 400SC,Cypermethrin 260g/l + Indoxacarb 140g/l,Thuốc trừ sâu,Công ty TNHH TM SX Thôn Trang,lúa,sâu cuốn lá,
Metox 809 8 EC,Cypermethrin 2% + Isoprocarb 6%,Thuốc trừ sâu,Công ty CP Nicotex,lúa,rầy nâu; sâu cuốn lá,
Sherzol 205 EC,Cypermethrin 30 g/l + Phosalone 175 g/l,Thuốc trừ sâu,Công ty CP BVTV Sài Gòn,bông vải; hoa cúc; lúa; lạc,bọ xít; rầy; rệp; sâu cuốn lá; sâu gai; sâu keo; sâu xanh; sâu ăn lá; sâu đục quả,
Serthai 28.75EC,Cypermethrin 6.25% + Phosalone 22.5 %,Thuốc trừ sâu,Công ty TNHH Hóa sinh Á Châu,lúa,sâu cuốn lá,
Mia Superxim 20EC,Cypermethrin 1.5% + Phoxim 18.5%,Thuốc trừ sâu,Công ty TNHH Vật Tư Nông nghiệp Trung Phong,lạc,sâu khoang,
BV Supersau 30EC,Cypermethrin 1.5% + Phoxim 28.5%,Thuốc trừ sâu,Công ty TNHH NN Công nghệ cao Bản Việt,ngô,sâu keo mùa thu,
Posy 24EC,Cypermethrin 2% + Phoxim 22%,Thuốc trừ sâu,Công ty TNHH TCT Hà Nội,khoai lang,sâu khoang,
Thaimeta 40EC,Cypermethrin 3% + Phoxim 37%,Thuốc trừ sâu,Công ty TNHH BVTV Việt Thái,lạc,sâu xanh,
Ban Cày 44EC,Cypermethrin 4% + Profenofos 40%,Thuốc trừ sâu,Công ty TNHH NN Công nghệ cao Đức Thành,lạc,sâu khoang,
Bluchip 44EC,Cypermethrin 4% + Profenofos 40%,Thuốc trừ sâu,Công ty CP Nông dược HAI,sắn,rệp sáp bột hồng,
Chirack 44EC,Cypermethrin 4% + Profenofos 40%,Thuốc trừ sâu,Công ty TNHH Nam Bắc,sắn,rệp sáp bột hồng,
Cynofos 44EC,Cypermethrin 4% + Profenofos 40%,Thuốc trừ sâu,Công ty CP SAM,lạc,sâu khoang,
Hacyfos 44EC,Cypermethrin 4% + Profenofos 40%,Thuốc trừ sâu,Công ty CP TM Hải Ánh,đậu tương,sâu xanh da láng,
Kafos 44EC,Cypermethrin 4% + Profenofos 40%,Thuốc trừ sâu,Công ty TNHH A2T Việt Nam,lạc,sâu khoang,
Kingfisher 44EC,Cypermethrin 4% + Profenofos 40%,Thuốc trừ sâu,Công ty TNHH TM DV XNK Global Ecotech,điều,bọ xít muỗi,
Pro-Buster 44EC,Cypermethrin 4% + Profenofos 40%,Thuốc trừ sâu,Công ty TNHH BVTV Akita Việt Nam,lạc,sâu khoang,
Sunmumbai 44EC,Cypermethrin 4% + Profenofos 40%,Thuốc trừ sâu,Công ty CP Sunseaco Việt Nam,lạc,sâu khoang,
RD-Antlion 44EC,Cypermethrin 4% + Profenofos 40%,Thuốc trừ sâu,Công ty TNHH Radiant AG,lạc,sâu xanh da láng,
Supercide 44EC,Cypermethrin 4% + Profenofos 40%,Thuốc trừ sâu,Công ty TNHH Công nghệ Nhật Bản STJ,lạc,sâu khoang,
Acotrin 440EC,Cypermethrin 40g/l + Profenofos 400g/l,Thuốc trừ sâu,Công ty TNHH TM Thái Nông,bông vải; cà phê; lúa,bọ trĩ; nhện đỏ; rệp muội; rệp sáp; sâu cuốn lá,
AF-Pontifex 440EC,Cypermethrin 40g/l + Profenofos 400g/l,Thuốc trừ sâu,Công ty TNHH Agrifuture,lạc,sâu khoang,
Boeing 440EC,Cypermethrin 40g/l + Profenofos 400g/l,Thuốc trừ sâu,Công ty CP Môi trường Quốc tế Rainbow,khoai lang,sâu khoang,
Cyfenfos 440EC,Cypermethrin 40g/l + Profenofos 400g/l,Thuốc trừ sâu,Công ty TNHH US Agro,đậu xanh,sâu khoang,
Dr Shin 440EC,Cypermethrin 40g/l + Profenofos 400g/l,Thuốc trừ sâu,Công ty TNHH Cooperation Bio Đức,lạc; đậu tương,rệp muội; sâu xanh da láng,
Exceed 440EC,Cypermethrin 40g/l + Profenofos 400g/l,Thuốc trừ sâu,Asiatic Agricultural Industries Pte Ltd,khoai tây,bọ phấn,
Fox Extra 440EC,Cypermethrin 40g/l + Profenofos 400g/l,Thuốc trừ sâu,Công ty TNHH One Bee Việt Nam,ngô,sâu keo mùa thu,
Halo-lion 440EC,Cypermethrin 40g/l + Profenofos 400g/l,Thuốc trừ sâu,Công ty CP Hóa chất Nông nghiệp Hà Long,điều,bọ xít muỗi,
Katifos 440EC,Cypermethrin 40g/l + Profenofos 400g/l,Thuốc trừ sâu,Công ty CP Quốc tế Việt Đức,lạc,sâu khoang,
Pro Ggo 440EC,Cypermethrin 40g/l + Profenofos 400g/l,Thuốc trừ sâu,Công ty TNHH Nông nghiệp Công nghệ xanh Bắc Giang,lạc,sâu xanh da láng,
Prophos 440EC,Cypermethrin 40g/l + Profenofos 400g/l,Thuốc trừ sâu,Công ty TNHH Hóa nông HBR,lạc,sâu khoang,
Protitan 440EC,Cypermethrin 40g/l + Profenofos 400g/l,Thuốc trừ sâu,Công ty CP Vật tư Liên Việt,ngô,sâu keo mùa thu,
Tenduring 440EC,Cypermethrin 40g/l + Profenofos 400g/l,Thuốc trừ sâu,Công ty TNHH Tenup,lạc,sâu khoang,
Thibifos 440EC,Cypermethrin 40g/l + Profenofos 400g/l,Thuốc trừ sâu,Công ty TNHH Thuốc BVTV Thiên Bình,lạc,sâu khoang,
Victory Gold 440EC,Cypermethrin 40g/l + Profenofos 400g/l,Thuốc trừ sâu,Công ty CP Công nghệ,mía,rệp bông trắng,
DT carrier 23EC,Cypermethrin 3% + Quinalphos 20%,Thuốc trừ sâu,Công ty TNHH NN Công nghệ cao Đức Thành,lạc,sâu khoang,
Haquifos 23EC,Cypermethrin 3% + Quinalphos 20%,Thuốc trừ sâu,Công ty CP TM Hải Ánh,lạc,sâu khoang,
Quincy 23EC,Cypermethrin 3% + Quinalphos 20%,Thuốc trừ sâu,Công ty TNHH Rhone Việt Nam,lạc,sâu khoang,
Kinagold 23 EC,Cypermethrin 30g/l + Quinalphos 200g/l,Thuốc trừ sâu,Công ty TNHH UPL Việt Nam,cà phê; lúa; thuốc lá; đậu xanh,nhện gié; rệp sáp; sâu cuốn lá; sâu xanh; sâu đục quả; sâu đục thân,
Tungrell 25 EC,Cypermethrin 5% + Quinalphos 20%,Thuốc trừ sâu,Công ty CP SX - TM - DV Ngọc Tùng,cà phê; lúa; ngô; thuốc lá; đậu tương,nhện gié; rệp sáp; sâu cuốn lá; sâu xanh; sâu xanh da láng; sâu đục bẹ; sâu đục thân,
Ajuni 50WP,Cyromazine (min 95%),Thuốc trừ sâu,Công ty CP Nicotex,dòi đục; hoa cúc; khoai tây; sâu vẽ; tỏi; đậu tương,bùa; dòi đục lá; lá,
Amagard 30WP,Cyromazine (min 95%),Thuốc trừ sâu,Công ty TNHH Thuốc BVTV Thiên Bình,hành,dòi đục lá,
AT-cyzine 80WG,Cyromazine (min 95%),Thuốc trừ sâu,Công ty TNHH TM Anh Thơ,khoai tây,dòi đục lá,
Chip 100 SL,Cyromazine (min 95%),Thuốc trừ sâu,Công ty TNHH TM - DV Thanh Sơn Hóa Nông,cây có múi,sâu vẽ bùa,
Cyroma gold 750WP,Cyromazine (min 95%),Thuốc trừ sâu,Công ty TNHH Tấn Hưng Việt Nam,cam,sâu vẽ bùa,
Inesta 800WP,Cyromazine (min 95%),Thuốc trừ sâu,Công ty TNHH Vestaron,đậu tương,dòi đục lá,
Matscot 50SP,Cyromazine (min 95%),Thuốc trừ sâu,Công ty CP BMC Vĩnh Phúc,cà chua; dưa chuột,dòi đục lá,
Mdanzine 800WP,Cyromazine (min 95%),Thuốc trừ sâu,Công ty CP Mạnh Đan,cam; đậu tương,dòi đục lá; sâu vẽ bùa,
Multigard 300SC,Cyromazine (min 95%),Thuốc trừ sâu,Công ty TNHH Deutschland Việt Nam,khoai tây,dòi đục lá,
Muron 80WP,Cyromazine (min 95%),Thuốc trừ sâu,Công ty TNHH Thuốc BVTV Bông Sen vàng,cam,sâu vẽ bùa,
Newsgard 75 WP,Cyromazine (min 95%),Thuốc trừ sâu,Công ty CP Đồng Xanh,cam; dòi đục; dưa hấu,lá; sâu vẽ bùa,
Nôngiahưng 75WP,Cyromazine (min 95%),Thuốc trừ sâu,Công ty TNHH – TM Thái Phong,cam; cà chua; dòi đục,lá; sâu vẽ bùa,
Onik 30SC,Cyromazine (min 95%),Thuốc trừ sâu,Công ty TNHH TM Hải Thụy,khoai tây,dòi đục lá,
Roninda 100SL,Cyromazine (min 95%),Thuốc trừ sâu,Công ty CP BVTV Sài Gòn,cà chua,dòi đục lá,
Thiết Giáp 8.9SL,Cyromazine (min 95%),Thuốc trừ sâu,Công ty TNHH World Vision (VN),cam; hoa cúc,dòi đục lá; sâu vẽ bùa,
Trigard 100 SL,Cyromazine (min 95%),Thuốc trừ sâu,Công ty TNHH Kỹ thuật Sinh học Mekong,dưa chuột; khoai tây,dòi đục lá,
Tumazine 500WP,Cyromazine (min 95%),Thuốc trừ sâu,Công ty TNHH TM Tùng Dương,dưa chuột,dòi đục lá,
Zingard 80WG,Cyromazine (min 95%),Thuốc trừ sâu,Công ty CP Bigfive Việt Nam,cam; cà chua,dòi đục lá; sâu vẽ bùa,
Hotosin 75WP,Cyromazine 25% + Monosultap 50%,Thuốc trừ sâu,Công ty CP SX và TM Công nghệ Châu Âu,lúa,rầy nâu,
Ω-Tiro 60WG,Cyromazine 50% + Thiamethoxam 10%,Thuốc trừ sâu,Công ty TNHH MTV BVTV Omega,bọ; cà phê; rệp; sắn; đậu tương,phấn; sáp; sâu xanh da láng,
Prev-AMTM 5.4ME,D-limonene (Orange oil) (min 94.5%),Thuốc trừ sâu,Oro Agri International B.V,bưởi; cà chua; ớt,bọ trĩ; nhện đỏ; rệp sáp; thán thư,
Thuốc sâu sinh học Thiên Nông 1SL,Dầu botanic + muối kali,Thuốc trừ sâu,Công ty Hóa phẩm Thiên nông,bắp cải; rau cải,sâu tơ,
GC-Mite 70SL,Dầu hạt bông 40% + dầu đinh hương 20% + dầu tỏi 10%,Thuốc trừ sâu,Công ty TNHH Ngân Anh,bưởi; chè; cà phê; hoa hồng; khoai tây; lúa,nhện đỏ; rầy xanh; rệp; rệp sáp; sâu cuốn lá,
Alphaderin 25EC,Deltamethrin (min 98%),Thuốc trừ sâu,Công ty CP Hóa sinh Alpha,lạc,sâu cuốn lá,
Appendelta 2.8 EC,Deltamethrin (min 98%),Thuốc trừ sâu,Công ty TNHH Kiên Nam,bọ xít; cà phê; lúa; rệp sáp; điều,giả; muỗi; rệp sáp; sâu phao,
Daphacis 25 EC,Deltamethrin (min 98%),Thuốc trừ sâu,Công ty TNHH KD HC Việt Bình Phát,lúa; sâu đục; đậu xanh,quả; sâu cuốn lá,
"Decis 2.5EC, 250WG",Deltamethrin (min 98%),Thuốc trừ sâu,Bayer Vietnam Ltd (BVL),bọ; bọ xít; cà phê; lúa; lạc; mọt đục; ngô; rệp; sâu; sâu ăn; thuốc lá; điều; đậu tương,dài; lá; muội; quả; rệp; rệp muội; sâu cuốn lá; sâu khoang; sâu xanh; sâu đục thân; trĩ; xanh,
Dersi-s 2.5EC,Deltamethrin (min 98%),Thuốc trừ sâu,Công ty CP Jia Non Biotech (VN),lúa; điều,bọ trĩ; bọ xít muỗi; sâu cuốn lá,
Delta 2.5 EC,Deltamethrin (min 98%),Thuốc trừ sâu,Công ty TNHH TM - DV Thanh Sơn Hóa Nông,lúa,sâu cuốn lá,
Dentadexit 25EC,Deltamethrin (min 98%),Thuốc trừ sâu,Công ty TNHH Tấn Hưng Việt Nam,lạc,sâu xanh da láng,
Deltaguard 2.5 EC,Deltamethrin (min 98%),Thuốc trừ sâu,Công ty TNHH World Vision (VN),cà phê; lúa; lạc; điều,bọ trĩ; bọ xít muỗi; sâu cuốn lá; sâu xanh da láng; sâu đục quả,
Discid 25EC,Deltamethrin (min 98%),Thuốc trừ sâu,Công ty TNHH Việt Thắng,lúa; lạc; sâu cuốn,lá; sâu khoang,
Meta 2.5 EC,Deltamethrin (min 98%),Thuốc trừ sâu,Công ty TNHH TM Tân Thành,lúa; lạc; đậu xanh,nhện gié; rệp; sâu keo; sâu khoang; sâu phao; sâu đục quả,
Shieldmate 2.5EC,Deltamethrin (min 98%),Thuốc trừ sâu,"Hextar Chemicals Sdn, Bhd",lúa,Sâu cuốn lá,
Supercis 2.5EC,Deltamethrin (min 98%),Thuốc trừ sâu,Công ty CP SX - TM - DV Ngọc Tùng,lúa,Sâu cuốn lá,
"Toxcis 2.5EC, 2.5SC",Deltamethrin (min 98%),Thuốc trừ sâu,Công ty TNHH An Nông,bọ; cà phê; lúa; rệp; đậu tương; đậu xanh,láng; sâu đục bông; vảy; xít,
Videci 2.5 EC,Deltamethrin (min 98%),Thuốc trừ sâu,Công ty CP Thuốc sát trùng Việt Nam,lúa,sâu cuốn lá; sâu phao,
Wofacis 25EC,Deltamethrin (min 98%),Thuốc trừ sâu,Công ty CP Quốc tế Hòa Bình,lúa,sâu đục thân,
Ebato 160SC,Deltamethrin 10g/l + Indoxacarb 150g/l,Thuốc trừ sâu,Công ty CP ENASA Việt Nam,lúa; lạc,nhện gié; sân năn; sâu cuốn lá; sâu xanh da láng,
Chín sâu 300EC,Deltamethrin 50 g/l + Piperonyl Butoxide (min 90%) 250 g/l,Thuốc trừ sâu,Công ty CP ND Quốc tế Nhật Bản,lạc,sâu khoang,
Fuze 24.7SC,Deltamethrin 100g/l + Thiacloprid 147g/l,Thuốc trừ sâu,Công ty CP SX TM Bio Vina,cà phê; lúa; đậu tương,bọ trĩ; bọ xít hôi; rầy nâu; rệp muội; sâu cuốn lá,
Abby Extra 50SC,Diafenthiuron (min 97%),Thuốc trừ sâu,Công ty TNHH One Bee Việt Nam,hoa cúc,nhện đỏ,
Apensus 500SC,Diafenthiuron (min 97%),Thuốc trừ sâu,Công ty TNHH MTV BVTV Omega,vải,nhện lông nhung,
Asiangold 500SC,Diafenthiuron (min 97%),Thuốc trừ sâu,Công ty CP Nông nghiệp HP,cam,nhện đỏ,
BP.Newone 500SC,Diafenthiuron (min 97%),Thuốc trừ sâu,Công ty TNHH TM Bình Phương,hoa hồng,nhện đỏ,
BrahMos 500SC,Diafenthiuron (min 97%),Thuốc trừ sâu,Công ty TNHH B.Helmer,cam,nhện đỏ,
Diasuper 300SC,Diafenthiuron (min 97%),Thuốc trừ sâu,Công ty TNHH Tập đoàn An Nông,cam,nhện đỏ,
Define 500SC,Diafenthiuron (min 97%),Thuốc trừ sâu,Sundat (S) PTe Ltd,bắp cải; nhãn; nhện lông,nhung; sâu tơ,
"Detect 50WP, 500SC",Diafenthiuron (min 97%),Thuốc trừ sâu,Công ty CP Nicotex,cam; chè; hoa hồng,nhện đỏ; đỏ,
Dothiuron 500SC,Diafenthiuron (min 97%),Thuốc trừ sâu,"Shandong Weifang Rainbow Chemical Co., Ltd",cam,nhện đỏ,
Fenuron gold 500SC,Diafenthiuron (min 97%),Thuốc trừ sâu,Công ty CP S New Rice,hoa hồng,nhện đỏ,
"Fier 500WP, 500SC",Diafenthiuron (min 97%),Thuốc trừ sâu,Công ty TNHH Đầu tư và Phát triển Ngọc Lâm,cam,nhện đỏ,
Giefen 500SC,Diafenthiuron (min 97%),Thuốc trừ sâu,Công ty TNHH World Vision (VN),bắp cải; khoai lang,sâu khoang; sâu tơ,
Groupusa 500SC,Diafenthiuron (min 97%),Thuốc trừ sâu,Công ty TNHH TM SX Thôn Trang,hoa hồng,nhện đỏ,
Hadifen 50WP,Diafenthiuron (min 97%),Thuốc trừ sâu,Công ty CP TM Hải Ánh,hoa hồng,nhện đỏ,
Himars 250SC,Diafenthiuron (min 97%),Thuốc trừ sâu,Công ty TNHH TM và PT Phú Thịnh,hoa hồng,nhện đỏ,
"Kyodo 25SC, 50WP",Diafenthiuron (min 97%),Thuốc trừ sâu,Công ty CP BMC Vĩnh Phúc,bắp cải; cam; lúa; nhện,Nhện đỏ; gié; tơ,
Morris 500SC,Diafenthiuron (min 97%),Thuốc trừ sâu,Công ty TNHH Western Agrochemicals,hoa hồng,nhện đỏ,
Pegasus 500SC,Diafenthiuron (min 97%),Thuốc trừ sâu,Công ty TNHH Syngenta Việt Nam,bông vải; bắp cải; cà chua; cây cảnh; dưa chuột; nhãn; súp lơ; vải,bọ phấn; nhện; nhện lông nhung; rệp; sâu tơ; sâu xanh; sâu ăn lá; sâu đục quả,
Penron 50WP,Diafenthiuron (min 97%),Thuốc trừ sâu,Công ty TNHH Master AG,cải bắp,sâu xanh bướm trắng,
"Pesieu 500WP, 500SC",Diafenthiuron (min 97%),Thuốc trừ sâu,Công ty TNHH Việt Thắng,bí xanh; bắp cải; cà pháo; cà tím; cải thảo; hành; lạc; mồng tơi; rau cải; rau dền; rau muống; su hào; súp lơ; đậu côve; đậu đũa; ớt,bọ nhảy; bọ trĩ; láng; nhện đỏ; rầy xanh; sâu baba; sâu khoang; sâu tơ; sâu xanh; sâu xanh da láng; sâu đục quả,
Redmine 500SC,Diafenthiuron (min 97%),Thuốc trừ sâu,Công ty TNHH Hóa sinh Á Châu,vải,nhện lông nhung,
"Sam spider 500WP, 500SC",Diafenthiuron (min 97%),Thuốc trừ sâu,Công ty CP SAM,hoa hồng; nho,chấm; nhện đỏ,
Spirhone 47.8SC,Diafenthiuron (min 97%),Thuốc trừ sâu,Công ty TNHH Rhone Việt Nam,sắn,nhện đỏ,
Subest 500WP,Diafenthiuron (min 97%),Thuốc trừ sâu,Công ty CP Nông dược HAI,cải bắp,sâu tơ,
Tuxedo 500SC,Diafenthiuron (min 97%),Thuốc trừ sâu,Công ty TNHH Fujimoto Việt Nam,hoa hồng,nhện đỏ,
Z-Mai 50SC,Diafenthiuron (min 97%),Thuốc trừ sâu,Công ty CP Quốc tế Việt Đức,hoa hồng,nhện đỏ,
Akitadifena 300SC,Diafenthiuron 290g/l + Abamectin aminomethyl (Emamectin benzoate) 10g/l,Thuốc trừ sâu,Công ty TNHH ADU Việt Nam,lạc,sâu khoang,
Topmitetv 21EW,Diafenthiuron 20%+ Emamectin benzoate 1%,Thuốc trừ sâu,Công ty CP Nông dược Unichem Việt Nam,lạc,nhện đỏ,
Dimafen 43.7SC,Diafenthiuron 42.3% (432g/l) + Emamectin benzoate 1.4% (14g/l),Thuốc trừ sâu,Công ty CP BVTV ACD,ngô,sâu keo mùa thu,
Manly 437SC,Diafenthiuron 42.3% (432g/l) + Emamectin benzoate 1.4% (14g/l),Thuốc trừ sâu,Công ty CP Nông nghiệp HP,chè,nhện đỏ,
Spiderworm 43.7SC,Diafenthiuron 42.3% (432g/l) + Emamectin benzoate 1.4% (14g/l),Thuốc trừ sâu,Công ty TNHH TAT Hà Nội,khoai lang,sâu xanh da láng,
Difeben 280SC,Diafenthiuron 250 g/l + Emamectin benzoate 30 g/l,Thuốc trừ sâu,Công ty TNHH MTV Lucky,lạc; ngô; nhện,sâu keo mùa thu; đỏ,
Koronavi 500WP,Diafenthiuron 463g/kg + Emamectin benzoate 37g/kg,Thuốc trừ sâu,Công ty CP Khử trùng Nam Việt,ngô; sắn,nhện đỏ; sâu keo mùa thu,
Difeggo 42SC,Diafenthiuron 35% + Indoxacarb 7%,Thuốc trừ sâu,Công ty TNHH Nông nghiệp Công nghệ xanh Bắc Giang,ngô,sâu keo mùa thu,
Mecxi 43SC,Diafenthiuron 35.5% + Indoxacarb 7.5%,Thuốc trừ sâu,Công ty CP Multiagro,lạc,sâu khoang,
Vangiakhen 550SC,Diafenthiuron 500 g/kg + Indoxacarb 50 g/kg,Thuốc trừ sâu,Công ty TNHH TM Thái Phong,lúa,bọ trĩ; sâu cuốn lá,
Trust TD 01 500SC,Diafenthiuron 300 g/l + Metaflumizone 200 g/l,Thuốc trừ sâu,Công ty TNHH BVTV Thảo Điền,cà phê,rệp sáp,
Supermite 550WP,Diafenthiuron 200g/kg + Propargite 350g/kg,Thuốc trừ sâu,Công ty TNHH Việt Thắng,lúa,nhện gié,
Wolver 40SC,Diafenthiuron 30% + Tolfenpyrad 10%,Thuốc trừ sâu,Công ty TNHH Golden Bells Việt Nam,ngô,sâu đục thân,
Centro 40SC,Diafenthiuron 32% + Thiacloprid 8%,Thuốc trừ sâu,Công ty TNHH TM Hải Thụy,lạc,sâu khoang,
Akizuron 250WP,Diflubenzuron (min 97%),Thuốc trừ sâu,Công ty TNHH BVTV Akita Việt Nam,đậu tương,sâu xanh da láng,
Goodcheck 780WP,Diflubenzuron 430g/kg + Nitenpyram 350g/kg,Thuốc trừ sâu,Công ty TNHH An Nông,lúa,bọ trĩ; nhện gié; rầy nâu; sâu cuốn lá,
Sieucheck 700WP,Diflubenzuron 100g/kg + Nitenpyram 300g/kg + Pymetrozine 300g/kg,Thuốc trừ sâu,Công ty TNHH An Nông,lúa,rầy nâu,
Superram 750WP,Diflubenzuron 150g/kg + Nitenpyram 450g/kg + Tetramethrin (min 92%) 150g/kg,Thuốc trừ sâu,Công ty TNHH An Nông,lúa,rầy nâu,
TT-gep 625WG,Diflubenzuron 125 g/kg + Pymetrozine 500 g/kg,Thuốc trừ sâu,Công ty TNHH TM Tân Thành,bắp cải; lúa,rầy nâu; sâu cuốn lá; sâu tơ,
Arriphos 40 EC,Dimethoate (min 95%),Thuốc trừ sâu,Công ty CP Nông dược Nhật Thành,bông vải; lúa; lạc; ngô,bọ trĩ; bọ xít; sâu khoang; sâu đục thân,
Bai 58 40 EC,Dimethoate (min 95%),Thuốc trừ sâu,Công ty CP Công nghệ cao Thuốc BVTV USA,cà phê; lúa; sâu đục,bọ xít hôi; quả,
Binh-58 40 EC,Dimethoate (min 95%),Thuốc trừ sâu,"Bailing Agrochemical Co., Ltd",cà phê; lúa; mía; thuốc lá; đậu xanh,bọ trĩ; bọ xít; rầy xanh; rệp; rệp bông xơ; rệp sáp,
Bini 58 40EC,Dimethoate (min 95%),Thuốc trừ sâu,Công ty CP Nicotex,cà phê; mía,rệp,
Bitox 40EC,Dimethoate (min 95%),Thuốc trừ sâu,Công ty CP BVTV I TW,lúa,bọ xít,
Bopindia 40EC,Dimethoate (min 95%),Thuốc trừ sâu,Công ty TNHH SX TM DV Hợp Thịnh,lạc,sâu khoang,
By 90 40EC,Dimethoate (min 95%),Thuốc trừ sâu,Công ty TNHH ADC,lúa,bọ xít,
Cova 40EC,Dimethoate (min 95%),Thuốc trừ sâu,"Hextar Chemicals Sdn, Bhd",cà phê,rệp sáp,
Dibathoate 40EC,Dimethoate (min 95%),Thuốc trừ sâu,Công ty TNHH XNK Quốc tế SARA,cà phê; dòi đục; lúa; đậu tương,lá; nhện; rầy,
Dimecide 40EC,Dimethoate (min 95%),Thuốc trừ sâu,Công ty TNHH Agrimatco Việt Nam,lúa,bọ xít,
Dimenat 20EC,Dimethoate (min 95%),Thuốc trừ sâu,Công ty CP BVTV Sài Gòn,cà phê,rệp sáp,
Dimephos 40EC,Dimethoate (min 95%),Thuốc trừ sâu,Công ty CP Hóa sinh Alpha,lạc,rầy xanh,
Fezmet 40EC,Dimethoate (min 95%),Thuốc trừ sâu,"Zagro Group, Zagro Singapore Pvt Ltd",hoa hồng,sâu ăn lá,
Forgon 40EC,Dimethoate (min 95%),Thuốc trừ sâu,Forward International Ltd,lúa,sâu cuốn lá,
"Nugor 10GR, 40EC",Dimethoate (min 95%),Thuốc trừ sâu,Công ty CP SX - TM - DV Ngọc Tùng,cà phê; khoai lang; lúa; lạc; mía; ngô; rễ cà phê; rễ hồ tiêu; điều,bọ hung; bọ hà; bọ trĩ; bọ xít; lá; rệp sáp; rệp sáp giả; sâu cuốn lá; sâu đục bẹ; sâu đục thân,
Pyxoate 44 EC,Dimethoate (min 95%),Thuốc trừ sâu,"Longfat Global Co., Ltd",ngô,rầy,
Thần châu 58 40EC,Dimethoate (min 95%),Thuốc trừ sâu,Công ty CP Đầu tư VTNN Sài Gòn,cà phê,rệp sáp,
Tigithion 40EC,Dimethoate (min 95%),Thuốc trừ sâu,Công ty CP Vật tư NN Tiền Giang,bọ; cà phê; lúa,rệp sáp; xít,
Watox 400 EC,Dimethoate (min 95%),Thuốc trừ sâu,Công ty TNHH Việt Thắng,cà phê; lúa,bọ trĩ; bọ xít; rệp sáp,
BB-Tigi 5GR,Dimethoate 3% + Fenobucarb 2%,Thuốc trừ sâu,Công ty CP Vật tư NN Tiền Giang,dế; lúa; ngô,dũi; rầy nâu,
Caradan 5GR,Dimethoate 3% + Fenobucarb 2%,Thuốc trừ sâu,Công ty TNHH TM - DV Thanh Sơn Hóa Nông,cà phê; lúa; mía; sâu đục; ấu trùng ve,bọ trĩ; sầu; thân,
Palm 5GR,Dimethoate 3% + Fenobucarb 2%,Thuốc trừ sâu,Công ty CP TST Cần Thơ,lúa,sâu đục thân,
Vibam 5GR,Dimethoate 3% + Fenobucarb 2%,Thuốc trừ sâu,Công ty CP Thuốc sát trùng Việt Nam,lúa; ngô,sâu đục thân,
Mofitox 40EC,Dimethoate 20% + Fenobucarb 20%,Thuốc trừ sâu,Công ty CP BVTV I TW,lúa,rầy nâu,
Bisector 500EC,Dimethoate 400 g/l + Fenobucarb 100 g/l,Thuốc trừ sâu,Công ty TNHH SX TM DV Thu Loan,cà phê; lúa; lạc,bọ trĩ; bọ xít hôi; rầy nâu; rệp sáp; sâu khoang,
Bifentox 30EC,Dimethoate 20% + Fenvalerate 10%,Thuốc trừ sâu,Công ty CP Thuốc sát trùng Việt Nam,cà phê; lúa,bọ xít; rệp sáp,
Fenbis 25EC,Dimethoate 21.5% + Fenvalerate 3.5%,Thuốc trừ sâu,Công ty CP BVTV Sài Gòn,bọ; lúa; điều; đậu tương,rệp; trĩ; xít,
Fentox 25EC,Dimethoate 21.5% + Fenvalerate 3.5%,Thuốc trừ sâu,Công ty CP TST Cần Thơ,cà phê; lúa; điều,bọ trĩ; bọ xít dài; rệp sáp; sâu cuốn lá,
BM-Tigi 5GR,Dimethoate 2% + Isoprocarb 3%,Thuốc trừ sâu,Công ty CP Vật tư NN Tiền Giang,lúa,rầy nâu,
Fitex 300EC,Dimethoate 286 g/l + Lambda-cyhalothrin 14g/l,Thuốc trừ sâu,Công ty CP Công nghệ cao Thuốc BVTV USA,cà phê; lúa; mía; rệp,muội; sáp; sâu cuốn lá,
Vidifen 40EC,Dimethoate 20% + Phenthoate 20%,Thuốc trừ sâu,Công ty CP Thuốc sát trùng Việt Nam,bọ xít; cà phê; lúa; lạc; sâu xanh da,dài; láng; rệp sáp,
Asinjapane 20WP,Dinotefuran (min 89%),Thuốc trừ sâu,Công ty TNHH TM SX Thôn Trang,lúa,rầy nâu,
Carasso 400WP,Dinotefuran (min 89%),Thuốc trừ sâu,Công ty TNHH TM – DV Thanh Sơn Hoá Nông,chè; lúa,bọ cánh tơ; bọ trĩ; rầy nâu,
Chat 20WP,Dinotefuran (min 89%),Thuốc trừ sâu,Công ty CP SX TM Bio Vina,bắp cải; bọ; cam; cà chua; dòi đục; dưa chuột; lúa; rầy; rầy chổng; xoài,bông; cánh; lá; nhảy; phấn; rầy nâu,
Cheer 20WP,Dinotefuran (min 89%),Thuốc trừ sâu,Công ty CP Lion Agrevo,bọ; cà phê; dưa hấu; lúa; rệp,rầy nâu; sáp; trĩ,
Cyo super 200WP,Dinotefuran (min 89%),Thuốc trừ sâu,Công ty CP Tập đoàn Lộc Trời,chè; dưa chuột; lúa; rầy; rệp,muội; rầy nâu; xanh,
Diny 20WP,Dinotefuran (min 89%),Thuốc trừ sâu,Công ty TNHH TM và SX Ngọc Yến,lúa,rầy nâu,
Dito 20SC,Dinotefuran (min 89%),Thuốc trừ sâu,Công ty TNHH Kona Crop Science,sắn,bọ phấn trắng,
Dovasin 20WP,Dinotefuran (min 89%),Thuốc trừ sâu,Công ty TNHH Thuốc BVTV Đồng Vàng,lúa,rầy nâu,
Hakiray 20WP,Dinotefuran (min 89%),Thuốc trừ sâu,Công ty TNHH BVTV Hoàng Anh,lúa,rầy nâu,
"Hitoshi 125ME, 200WP",Dinotefuran (min 89%),Thuốc trừ sâu,Công ty TNHH An Nông,lúa,rầy nâu,
Ikuzu 20WP,Dinotefuran (min 89%),Thuốc trừ sâu,Công ty TNHH MTV BVTV Long An,lúa,rầy nâu,
Janeiro 25WP,Dinotefuran (min 89%),Thuốc trừ sâu,Công ty TNHH TM-SX GNC,lúa,rầy nâu,
Newoshineu 200WP,Dinotefuran (min 89%),Thuốc trừ sâu,Công ty CP Quốc tế Hòa Bình,lúa,rầy nâu,
Oshin,Dinotefuran (min 89%),Thuốc trừ sâu,"Mitsui Chemicals Crop & Life Solutions, Inc",bọ; cà chua; đậu bắp,phấn; rầy xanh,
"1GR, 20WP, 20SG, 100SL",Dinotefuran (min 89%),Thuốc trừ sâu,,bắp cải; bọ; bọ trĩ; bọ xít; cam; chè; cà chua; cà phê; cải xanh; dòi đục; dưa chuột; dưa hấu; hoa cúc; hoa hồng; lúa; rầy; rầy chổng; rệp; xoài; đậu bắp,bọ phấn; bọ trĩ; cánh; lá; muỗi; nhảy; phấn; rầy; rầy nâu; sáp; trĩ; xanh,
Overcin 200WP,Dinotefuran (min 89%),Thuốc trừ sâu,Công ty CP Nông dược Nhật Việt,lúa,rầy nâu,
Phesoldest 50SG,Dinotefuran (min 89%),Thuốc trừ sâu,Công ty TNHH World Vision (VN),ngô,rầy lưng trắng,
Raves 20WP,Dinotefuran (min 89%),Thuốc trừ sâu,Công ty CP Delta Cropcare,lúa,rầy nâu,
Regunta 200WP,Dinotefuran (min 89%),Thuốc trừ sâu,Công ty TNHH Sản phẩm Công Nghệ Cao,lúa,rầy nâu,
Sara.dx 40WP,Dinotefuran (min 89%),Thuốc trừ sâu,Công ty CP Đồng Xanh,lúa,rầy nâu,
Safrice 20WP,Dinotefuran (min 89%),Thuốc trừ sâu,"Công ty TNHH Hóa chất Phân bón, Thuốc BVTV Dubai",lúa,rầy nâu,
Santaone 200WP,Dinotefuran (min 89%),Thuốc trừ sâu,Công ty CP Thuốc BVTV Việt Trung,lúa,rầy nâu,
Sida 20WP,Dinotefuran (min 89%),Thuốc trừ sâu,Công ty CP SX - TM - DV Ngọc Tùng,cam; cà phê; lúa,bọ trĩ; bọ xít dài; nhện gié; rầy chổng cánh; rầy nâu; rệp vảy,
"Toof 25WP, 150SL",Dinotefuran (min 89%),Thuốc trừ sâu,Công ty TNHH TM Tân Thành,lúa; rầy,nâu; rầy lưng trắng; rầy nâu,
Tosifen 20WP,Dinotefuran (min 89%),Thuốc trừ sâu,Công ty TNHH SX TM Tô Ba,lúa,rầy nâu,
Yoshito 200WP,Dinotefuran (min 89%),Thuốc trừ sâu,Công ty CP Nông dược Việt Nam,lúa,rầy nâu,
Dorema 200EC,Dinotefuran 150g/l + Emamectin benzoate 50g/l,Thuốc trừ sâu,Công ty TNHH BVTV Đồng Phát,đậu tương,dòi đục lá,
Tenchu pro 350WP,Dinotefuran 200g/kg + Etofenprox 150g/kg,Thuốc trừ sâu,"Mitsui Chemicals Crop & Life Solutions, Inc",bọ nhảy sọc; bọ phấn; chè; lúa; rau cải xanh; rầy; sắn,cong; rầy nâu; trắng; xanh,
"Dichest 111WP, 160WG, 260SC","Dinotefuran 0.1g/kg (10g/kg), (10g/l) +",Thuốc trừ sâu,Công ty CP Vagritex,lúa,rầy lưng trắng,
Brimgold 200WP,Dinotefuran 50g/kg + Imidacloprid 150g/kg,Thuốc trừ sâu,Công ty CP BVTV Sài Gòn,lúa; rệp sáp bột; sắn,hồng; rầy nâu,
Explorer 200WP,Dinotefuran 50g/kg + Imidacloprid 150g/kg,Thuốc trừ sâu,Công ty TNHH CN KH Mùa màng Anh - Rê,lúa,rầy nâu,
Anocis 200WP,Dinotefuran 150g/kg + Imidacloprid 50g/kg,Thuốc trừ sâu,Công ty CP XNK Nông dược Hoàng Ân,lúa,rầy nâu,
Daran - HB 250WP,Dinotefuran 150g/kg + Imidacloprid 100g/kg,Thuốc trừ sâu,Công ty CP Quốc tế Hòa Bình,lúa,rầy nâu,
Prochess 250WP,Dinotefuran 50g/kg + Imidacloprid 200g/kg,Thuốc trừ sâu,Công ty TNHH TM DV SX XNK Đức Thành,lúa,rầy nâu,
Ohgold 300WP,Dinotefuran 150g/kg + Imidacloprid 150g/kg,Thuốc trừ sâu,Công ty TNHH Hóa Nông Lúa Vàng,lúa,rầy nâu,
Toshinusa 300WP,Dinotefuran 180 g/kg + Imidacloprid 120 g/kg,Thuốc trừ sâu,Công ty TNHH TM SX Thôn Trang,lúa,rầy nâu,
Bombigold 500WG,Dinotefuran 100g/kg + Imidacloprid 150g/kg + Thiamethoxam 250g/kg,Thuốc trừ sâu,Công ty TNHH TM DV Tấn Hưng,lúa,rầy nâu,
Arc-clar 400WP,Dinotefuran 200g/kg + Isoprocarb 200g/kg,Thuốc trừ sâu,Công ty TNHH TM và SX Ngọc Yến,lúa,rầy nâu,
TD-Chexx 400WP,Dinotefuran 200g/kg + Isoprocarb 200g/kg,Thuốc trừ sâu,Công ty CP ĐT TM và PTNN ADI,lúa,rầy nâu,
Dinofu 30SC,Dinotefuran 3% + Isoprocarb 27%,Thuốc trừ sâu,Công ty TNHH TCT Hà Nội,mía,rệp xơ bông,
Onzinsuper 225WP,Dinotefuran 150g/kg + Lambda-cyhalothrin 20g/kg + Thiamethoxam 55g/kg,Thuốc trừ sâu,Công ty TNHH An Nông,lúa,bọ xít; rầy nâu,
Heygold 200SE,Dinotefuran 100g/l + Novaluron 100g/l,Thuốc trừ sâu,Công ty TNHH Hóa Nông Lúa Vàng,lúa,rầy nâu,
TVG20 565EC,Dinotefuran 85g/l + Profenofos 480g/l,Thuốc trừ sâu,Công ty TNHH Hóa chất và TM Trần Vũ,cà phê,rệp sáp giả,
Nozzaplus 450WG,Dinotefuran 150g/kg + Pymetrozine 300g/kg,Thuốc trừ sâu,Công ty TNHH Hóa chất và TM Trần Vũ,lúa,rầy nâu,
Chetsduc 700WG,Dinotefuran 90g/kg + Pymetrozine 610g/kg,Thuốc trừ sâu,Công ty TNHH Việt Đức,lúa,bọ xít; rầy nâu,
Metrousa 700WP,Dinotefuran 250g/kg + Pymetrozine 450g/kg,Thuốc trừ sâu,Công ty TNHH TM SX Thôn Trang,lúa,rầy nâu,
Chessin 600WP,Dinotefuran 20% (200g/kg) + Pymetrozine 40% (400g/kg),Thuốc trừ sâu,Công ty TNHH TM Nông Phát,lúa,rầy nâu,
Hesman 60WG,Dinotefuran 20% (200g/kg) + Pymetrozine 40% (400g/kg),Thuốc trừ sâu,Công ty CP Nicotex Nam Thái Dương,xoài,rầy bông,
Medino 60WG,Dinotefuran 20% (200g/kg) + Pymetrozine 40% (400g/kg),Thuốc trừ sâu,Công ty CP Global Farm,bọ; phật thủ; rệp; sắn; đậu tương,muội; phấn; rầy chổng cánh,
Oppo 50WG,Dinotefuran 10% + Pymetrozine 40%,Thuốc trừ sâu,Công ty CP SX và TM Hà Thái,hoa hồng,rệp muội,
Opal 50WG,Dinotefuran 10% + Pymetrozine 40%,Thuốc trừ sâu,Công ty CP Khử trùng Việt Nam,ngô,rệp muội,
Puzine Cap 60WG,Dinotefuran 30% + Pymetrozine 30%,Thuốc trừ sâu,Công ty TNHH Hóa sinh Mũ Xanh,ngô,rệp muội,
Worthide Plus 60WG,Dinotefuran 30% + Pymetrozine 30%,Thuốc trừ sâu,"Shandong Weifang Rainbow Chemical Co., Ltd",sắn,bọ phấn trắng,
Atdiphen 20SC,Dinotefuran 10% + Spirotetramat 10%,Thuốc trừ sâu,Công ty TNHH MTV XNK Quốc tế An Thành,sầu riêng,rầy nhảy,
Shipment 20SC,Dinotefuran 10% + Spirotetramat 10%,Thuốc trừ sâu,Công ty TNHH TM SX Thôn Trang,lạc,nhện đỏ,
Lisara 200SC,Dinotefuran 100g/l + Spirotetramat 100g/l,Thuốc trừ sâu,Công ty CP Nông nghiệp HP,chè; hồ tiêu,rầy xanh; rệp sáp,
Mishin gold 250WP,Dinotefuran 200g/kg + Tebufenozide 50g/kg,Thuốc trừ sâu,Công ty TNHH Hóa sinh Mùa Vàng,lúa,rầy nâu,
Centerosin 242WP,Dinotefuran 200 g/kg + Thiamethoxam 42g/kg,Thuốc trừ sâu,Công ty TNHH Hóa nông Mê Kông,lúa,rầy nâu,
Osin Gold 50WG,Dinotefuran 30% + Thiamethoxam 20%,Thuốc trừ sâu,Công ty CP Hóa Nông AMC,lạc,rầy xanh,
"AC-max 100EC, 300WG, 60ME",Emamectin benzoate (Avermectin B1a 90% + Avermectin B1b 10%) (min 70%),Thuốc trừ sâu,Công ty TNHH Á Châu Hoá sinh,cam; chè; cải bắp; nhện,láng; nâu; sâu xanh da láng; đỏ,
"Acplant 1.9EC, 4TB, 20WG",Emamectin benzoate (Avermectin B1a 90% + Avermectin B1b 10%) (min 70%),Thuốc trừ sâu,Công ty TNHH Hóa sinh Á Châu,bắp cải; cam; dưa hấu; lúa; nhện; sâu vẽ; đậu tương,bùa; bọ trĩ; gié; lá; rầy nâu; sâu phao đục bẹ; sâu tơ; sâu xanh da láng,
Actimax 50WG,Emamectin benzoate (Avermectin B1a 90% + Avermectin B1b 10%) (min 70%),Thuốc trừ sâu,Công ty CP Hợp Trí Summit,bắp cải; cam; chè; dưa hấu; lúa; lạc; nho; nhãn; nhện lông; thuốc lá,bọ trĩ; bọ xít muỗi; dòi đục lá; nhung; nhện gié; nhện đỏ; sâu cuốn lá; sâu tơ; sâu vẽ bùa; sâu xanh; sâu xanh da láng; sâu đục bẹ; sâu đục quả,
"Agtemex 38EC, 4.5WG, 5WP",Emamectin benzoate (Avermectin B1a 90% + Avermectin B1b 10%) (min 70%),Thuốc trừ sâu,Công ty CP BVTV An Hưng Phát,bắp cải; cam; chè; cà chua; cà phê; lúa; vải; điều; đậu tương,bọ cánh tơ; bọ xít muỗi; nhện gié; nhện đỏ; rầy nâu; rầy xanh; rệp sáp; sâu cuốn lá; sâu vẽ bùa; sâu xanh; sâu đục quả,
"Angun 5WG, 5ME",Emamectin benzoate (Avermectin B1a 90% + Avermectin B1b 10%) (min 70%),Thuốc trừ sâu,Công ty CP Tập đoàn Lộc Trời,bắp cải; cam; chè; cây có múi; lúa; ngô; nho; sâu; sâu cuốn; sâu keo mùa; xoài; điều; đậu tương,bùa; bọ nhảy; bọ trĩ; bọ xít muỗi; lá; nhện gié; nhện đỏ; sâu cuốn lá; sâu khoang; sâu phao; sâu phao đục bẹ; sâu tơ; sâu vẽ bùa; sâu xanh da láng; sâu ăn bông; sâu đục cành; sâu đục quả; sâu đục thân; thu; tơ,
"Ansuco 120EC, 260WG",Emamectin benzoate (Avermectin B1a 90% + Avermectin B1b 10%) (min 70%),Thuốc trừ sâu,Công ty TNHH hỗ trợ phát triển kỹ thuật và chuyển giao công nghệ,lúa,sâu cuốn lá,
"Apache 4EC, 10WG",Emamectin benzoate (Avermectin B1a 90% + Avermectin B1b 10%) (min 70%),Thuốc trừ sâu,Công ty TNHH MTV BVTV Thạnh Hưng,lúa,sâu cuốn lá,
Bafurit 5WG,Emamectin benzoate (Avermectin B1a 90% + Avermectin B1b 10%) (min 70%),Thuốc trừ sâu,Công ty TNHH Nông Sinh,bông vải; bắp cải; cam; chè; cà chua; cải xanh; dưa hấu; lúa; nho; vải; xoài; đậu tương,bọ cánh tơ; bọ trĩ; bọ xít; nhện gié; nhện đỏ; rầy bông; rầy chổng cánh; rầy nâu; rầy xanh; sâu cuốn lá nhỏ; sâu tơ; sâu xanh; sâu xanh bướm trắng; sâu xanh da láng; sâu đục bẹ; sâu đục quả; sâu đục thân,
"Bemab 3.8EC, 52WG",Emamectin benzoate (Avermectin B1a 90% + Avermectin B1b 10%) (min 70%),Thuốc trừ sâu,Công ty TNHH DV TM Ánh Dương,bắp cải; dưa chuột; lúa; lạc,bọ trĩ; nhện gié; sâu cuốn lá; sâu khoang; sâu tơ,
Binged 50WG,Emamectin benzoate (Avermectin B1a 90% + Avermectin B1b 10%) (min 70%),Thuốc trừ sâu,Công ty TNHH Vật tư NN Phương Đông,bắp cải; lúa; sâu cuốn,lá; sâu tơ,
"Billaden 50EC, 50WG",Emamectin benzoate (Avermectin B1a 90% + Avermectin B1b 10%) (min 70%),Thuốc trừ sâu,Công ty CP NN Thanh Xuân,bắp cải; cam; sâu,nhện đỏ; xanh,
BP. Emazoat 2.3EC,Emamectin benzoate (Avermectin B1a 90% + Avermectin B1b 10%) (min 70%),Thuốc trừ sâu,Công ty TNHH MTV Quốc tế Narico,lạc,sâu xanh da láng,
BP. Kombat 57WG,Emamectin benzoate (Avermectin B1a 90% + Avermectin B1b 10%) (min 70%),Thuốc trừ sâu,Công ty TNHH TM Bình Phương,ngô,sâu keo mùa thu,
"Boema 50EC, 50WG",Emamectin benzoate (Avermectin B1a 90% + Avermectin B1b 10%) (min 70%),Thuốc trừ sâu,Công ty CP SAM,bắp cải; cam; lúa; nhện; sâu,lá; sâu cuốn lá; tơ; đỏ,
Browco 50WG,Emamectin benzoate (Avermectin B1a 90% + Avermectin B1b 10%) (min 70%),Thuốc trừ sâu,Công ty TNHH Minh Thành,lúa,sâu cuốn lá,
"Calisuper 5.5WP, 41ME, 52WG",Emamectin benzoate (Avermectin B1a 90% + Avermectin B1b 10%) (min 70%),Thuốc trừ sâu,Công ty TNHH Thuốc BVTV Liên doanh Nhật Mỹ,lúa,sâu cuốn lá,
"Chim ưng 3.8EC, 20WG",Emamectin benzoate (Avermectin B1a 90% + Avermectin B1b 10%) (min 70%),Thuốc trừ sâu,Công ty CP Giải pháp Nông nghiệp Tiên Tiến,bắp cải; cam; chè; dưa hấu; lúa,bọ cánh tơ; bọ trĩ; nhện đỏ; rầy nâu; sâu cuốn lá; sâu tơ; sâu xanh,
Comda gold 5WG,Emamectin benzoate (Avermectin B1a 90% + Avermectin B1b 10%) (min 70%),Thuốc trừ sâu,Công ty CP BVTV Sài Gòn,bắp cải; cam; chè; cà chua; dưa hấu; lúa; nhãn; nhện lông,bọ trĩ; dòi đục lá; nhung; nhện đỏ; rầy nâu; rầy xanh; sâu cuốn lá; sâu tơ,
Compatt 55.5 WG,Emamectin benzoate (Avermectin B1a 90% + Avermectin B1b 10%) (min 70%),Thuốc trừ sâu,Công ty CP Lan Anh,lúa,rầy nâu; sâu cuốn lá,
"Creek 2.1EC, 51WG",Emamectin benzoate (Avermectin B1a 90% + Avermectin B1b 10%) (min 70%),Thuốc trừ sâu,Công ty TNHH Hoá chất Đại Nam Á,lúa; lạc,khoang; sâu cuốn lá,
Danobull 50WG,Emamectin benzoate (Avermectin B1a 90% + Avermectin B1b 10%) (min 70%),Thuốc trừ sâu,Công ty CP Nông dược Agriking,cà phê; lúa; xoài; điều,rầy bông; rệp sáp; sâu cuốn lá; sâu đục ngọn; sâu đục thân,
Đầu trâu Bi-sad 30EC,Emamectin benzoate (Avermectin B1a 90% + Avermectin B1b 10%) (min 70%),Thuốc trừ sâu,Công ty CP Bình Điền MeKong,lúa,sâu cuốn lá,
Doabin 3.8EC,Emamectin benzoate (Avermectin B1a 90% + Avermectin B1b 10%) (min 70%),Thuốc trừ sâu,Công ty CP Đồng Xanh,cam; lúa; đậu tương,nhện đỏ; sâu cuốn lá; sâu đục quả,
"Dofaben 22EC, 150WG",Emamectin benzoate (Avermectin B1a 90% + Avermectin B1b 10%) (min 70%),Thuốc trừ sâu,Công ty TNHH BVTV Đồng Phát,bọ; cam; lúa; nho; sâu cuốn,lá; sâu cuốn lá; trĩ; đỏ,
"Dollar 50WG, 90EC",Emamectin benzoate (Avermectin B1a 90% + Avermectin B1b 10%) (min 70%),Thuốc trừ sâu,Công ty CP Quốc Tế APC Việt Nam,lúa,sâu cuốn lá,
DT Ema 40EC,Emamectin benzoate (Avermectin B1a 90% + Avermectin B1b 10%) (min 70%),Thuốc trừ sâu,Công ty TNHH TM DV SX XNK Đức Thành,bọ; cam; chè; dưa hấu; lúa; nho; nhện; sâu vẽ bùa; sâu ăn; xoài,bông; bọ trĩ; nhện gié; trĩ; đỏ,
"Dylan 2EC, 10WG",Emamectin benzoate (Avermectin B1a 90% + Avermectin B1b 10%) (min 70%),Thuốc trừ sâu,Công ty CP Nicotex,bắp cải; bọ cánh; cam; chè; cải xanh; hành; lúa; nhãn; quýt; sâu; vải; đậu tương; đậu xanh,bọ cánh tơ; bọ xít muỗi; lá; nhện gié; nhện lông nhung; nhện đỏ; rầy xanh; sâu cuốn lá; sâu tơ; sâu vẽ bùa; sâu xanh; sâu xanh bướm trắng; sâu xanh da láng; sâu đục bẹ; sâu đục quả; tơ; xanh,
"Eagle 20EC, 50WG",Emamectin benzoate (Avermectin B1a 90% + Avermectin B1b 10%) (min 70%),Thuốc trừ sâu,Công ty CP Công nghệ cao Thuốc BVTV USA,bắp cải; cam; chè; cà chua; cải xanh; dưa hấu; lúa; xoài; đậu tương,bọ cánh tơ; bọ trĩ; dòi đục lá; nhện đỏ; rầy bông; rầy nâu; rầy xanh; rệp; sâu cuốn lá; sâu khoang; sâu tơ; sâu vẽ bùa; sâu xanh; sâu xanh bướm trắng; sâu đục thân,
"Ebama 5.5WG, 50 EC",Emamectin benzoate (Avermectin B1a 90% + Avermectin B1b 10%) (min 70%),Thuốc trừ sâu,Công ty CP Khử trùng Nam Việt,lúa,sâu cuốn lá,
Ebenzoate 5WG,Emamectin benzoate (Avermectin B1a 90% + Avermectin B1b 10%) (min 70%),Thuốc trừ sâu,Công ty TNHH TM-SX GNC,lúa,sâu cuốn lá,
Ema ando 5SG,Emamectin benzoate (Avermectin B1a 90% + Avermectin B1b 10%) (min 70%),Thuốc trừ sâu,Công ty TNHH Bigfar Việt Nam,ngô,sâu keo mùa thu,
"Ema king 40EC, 100WG",Emamectin benzoate (Avermectin B1a 90% + Avermectin B1b 10%) (min 70%),Thuốc trừ sâu,Công ty TNHH thuốc BVTV Mekong,bắp cải; cam; lúa; sâu; sâu vẽ,bùa; lá; sâu cuốn lá; tơ,
Emaaici 120WG,Emamectin benzoate (Avermectin B1a 90% + Avermectin B1b 10%) (min 70%),Thuốc trừ sâu,Công ty CP Hoá chất Nông nghiệp và Công nghiệp AIC,lúa,sâu cuốn lá,
"Emaben 2.0EC, 3.6WG, 60SG",Emamectin benzoate (Avermectin B1a 90% + Avermectin B1b 10%) (min 70%),Thuốc trừ sâu,Công ty CP Nông nghiệp HP,bắp cải; bọ trĩ; cam; chè; cà chua; lúa; sâu cuốn; vải; xoài; đậu tương,bọ trĩ; bọ xít; bọ xít muỗi; lá; nhện gié; nhện đỏ; rầy bông; rầy chổng cánh; rầy nâu; rầy xanh; rệp; sâu cuốn lá nhỏ; sâu khoang; sâu tơ; sâu vẽ bùa; sâu xanh; sâu xanh bướm trắng; sâu xanh da láng; sâu đục quả,
Emacao-TP 75WG,Emamectin benzoate (Avermectin B1a 90% + Avermectin B1b 10%) (min 70%),Thuốc trừ sâu,Công ty TNHH Hóa chất Nông nghiệp Long An,lúa,sâu cuốn lá,
"Emagold 6.5EC, 6.5WG",Emamectin benzoate (Avermectin B1a 90% + Avermectin B1b 10%) (min 70%),Thuốc trừ sâu,Công ty TNHH Agricare Việt Nam,lúa; lạc,lá; sâu khoang,
Emaha 5SG,Emamectin benzoate (Avermectin B1a 90% + Avermectin B1b 10%) (min 70%),Thuốc trừ sâu,Công ty TNHH Nông nghiệp Hà Anh,lạc,sâu khoang,
"Emaplant 3.8EC, 5WG",Emamectin benzoate (Avermectin B1a 90% + Avermectin B1b 10%) (min 70%),Thuốc trừ sâu,Công ty CP Thanh Điền,cam; cà phê; lúa; nhện; rệp; sâu đục; đậu tương,lá; nhện gié; quả; sáp; đỏ,
"Ematin 19EW, 60EC",Emamectin benzoate (Avermectin B1a 90% + Avermectin B1b 10%) (min 70%),Thuốc trừ sâu,Công ty TNHH Alfa (Sài gòn),bọ; dưa hấu; lúa,lá; sâu cuốn lá; trĩ,
"Emathai 4EC, 10WG",Emamectin benzoate (Avermectin B1a 90% + Avermectin B1b 10%) (min 70%),Thuốc trừ sâu,Công ty TNHH Thuốc BVTV Đồng Vàng,bọ; cam; dưa hấu; lúa; nhện; rầy nâu; sâu cuốn; xoài,gié; lá; nhện đỏ; trĩ,
"Emathion 55EC, 100WG",Emamectin benzoate (Avermectin B1a 90% + Avermectin B1b 10%) (min 70%),Thuốc trừ sâu,Công ty TNHH Hoá chất và TM Trần Vũ,dưa hấu; lúa; sâu cuốn,bọ trĩ; lá,
"Emasuper 1.9EC, 5WG",Emamectin benzoate (Avermectin B1a 90% + Avermectin B1b 10%) (min 70%),Thuốc trừ sâu,Công ty TNHH Phú Nông,bắp cải; bọ trĩ; cam; chè 1.9EC; cà chua; lúa; nhện; rầy nâu; sâu cuốn lá; sâu đục thân; xoài; đậu tương,bọ cánh tơ; dòi đục lá; gié; nhện đỏ; rầy bông; rầy chổng cánh; rầy xanh; rệp muội; sâu tơ; sâu vẽ bùa; sâu xanh; sâu ăn bông,
Ematigi 3.8EC,Emamectin benzoate (Avermectin B1a 90% + Avermectin B1b 10%) (min 70%),Thuốc trừ sâu,Công ty CP Vật tư NN Tiền Giang,bắp cải; lúa; sâu cuốn,lá; sâu tơ,
"Emtin 38EC, 100WG",Emamectin benzoate (Avermectin B1a 90% + Avermectin B1b 10%) (min 70%),Thuốc trừ sâu,Công ty TNHH TM DV Việt Nông,lúa; nhện,gié; sâu cuốn lá,
"Emavua 36EC, 75WG",Emamectin benzoate (Avermectin B1a 90% + Avermectin B1b 10%) (min 70%),Thuốc trừ sâu,Công ty CP Hatashi Việt Nam,lúa,sâu cuốn lá,
"Emaxtin 3.8EC, 55.5WG",Emamectin benzoate (Avermectin B1a 90% + Avermectin B1b 10%) (min 70%),Thuốc trừ sâu,Công ty TNHH US.Chemical,bắp cải; cam; chè; cà chua; lúa,bọ trĩ; nhện đỏ; rầy nâu; rầy xanh; sâu cuốn lá; sâu phao đục bẹ; sâu tơ; sâu xanh; đỏ,
"EMETINannong 1.9EC, 108WG",Emamectin benzoate (Avermectin B1a 90% + Avermectin B1b 10%) (min 70%),Thuốc trừ sâu,Công ty TNHH An Nông,bắp cải; cam; cà chua; lúa; nhện; quýt; sâu cuốn,bọ trĩ; lá; nhện đỏ; rầy nâu; sâu cuốn lá; sâu phao đục bẹ; sâu tơ; sâu xanh; đỏ,
Etimex 2.6 EC,Emamectin benzoate (Avermectin B1a 90% + Avermectin B1b 10%) (min 70%),Thuốc trừ sâu,Công ty TNHH Hóa Nông Lúa Vàng,bắp cải; cam; chè; cà chua; cà phê; cải bó xôi; dưa hấu; lúa; lạc; nho; nhãn; rau cải; điều,bọ trĩ; bọ xít muỗi; nhện gié; nhện đỏ; ruồi hại lá; rệp sáp; sâu cuốn lá; sâu khoang; sâu phao đục bẹ; sâu tơ; sâu vẽ bùa; sâu xanh; sâu xanh da láng,
Fastish 116WG,Emamectin benzoate (Avermectin B1a 90% + Avermectin B1b 10%) (min 70%),Thuốc trừ sâu,Công ty CP Đầu tư và PT TM QT Thăng Long,lúa,sâu cuốn lá,
Fellow 5.7ME,Emamectin benzoate (Avermectin B1a 90% + Avermectin B1b 10%) (min 70%),Thuốc trừ sâu,Công ty TNHH TM Hải Thụy,cải bắp,sâu xanh da láng,
"Feroly 20SL, 35.5EC, 125WG",Emamectin benzoate (Avermectin B1a 90% + Avermectin B1b 10%) (min 70%),Thuốc trừ sâu,Công ty CP Kỹ thuật công nghệ Klever,chè; cà chua; dưa hấu; lúa; lạc; vải,bọ trĩ; bọ xít; dòi đục lá; khoang; lá; nhện lông nhung; nhện đỏ; rầy xanh; sâu cuốn lá; sâu đục bẹ,
"Focal 5.5EC, 80WG",Emamectin benzoate (Avermectin B1a 90% + Avermectin B1b 10%) (min 70%),Thuốc trừ sâu,Công ty TNHH TM Tân Thành,bọ; bọ xít; chè; cà phê; dưa hấu; lúa; nhện gié; rệp; sâu năn; sâu đục; điều; đậu tương,bọ trĩ; muỗi; nhện đỏ; quả; sáp; sâu cuốn lá; trĩ,
Foton 5.0 ME,Emamectin benzoate (Avermectin B1a 90% + Avermectin B1b 10%) (min 70%),Thuốc trừ sâu,Công ty TNHH Hạt giống HANA,lúa,sâu cuốn lá,
"G8-Thôn Trang 4EC, 96WG",Emamectin benzoate (Avermectin B1a 90% + Avermectin B1b 10%) (min 70%),Thuốc trừ sâu,Công ty TNHH TM SX Thôn Trang,bắp cải; chè; lúa; sâu cuốn; sâu đục thân,bọ cánh tơ; bọ trĩ; lá; nhện gié; rầy nâu; rầy xanh; sâu cuốn lá; sâu tơ; sâu xanh da láng; sâu đục bẹ; đỏ,
Go.good One 5WG,Emamectin benzoate (Avermectin B1a 90% + Avermectin B1b 10%) (min 70%),Thuốc trừ sâu,Công ty TNHH Ngân Anh,bắp cải; lúa; điều,sâu phao đục bẹ; sâu róm đỏ; sâu tơ,
"Goldemec 5.7EC, 55.5WG",Emamectin benzoate (Avermectin B1a 90% + Avermectin B1b 10%) (min 70%),Thuốc trừ sâu,Công ty TNHH MTV Gold Ocean,bắp cải; cam; cà chua; hồ tiêu; lúa; quýt; sâu cuốn; sâu đục; đậu tương,bọ trĩ; lá; nhện đỏ; quả; rầy nâu; rệp muội; sâu cuốn lá; sâu phao đục bẹ; sâu tơ; sâu xanh,
"Golnitor 20EC, 50WG",Emamectin benzoate (Avermectin B1a 90% + Avermectin B1b 10%) (min 70%),Thuốc trừ sâu,Công ty CP Quốc tế Hòa Bình,bắp cải; cam; chè; cà chua; cải xanh; dưa hấu; lúa; xoài; đậu tương,bọ cánh tơ; bọ trĩ; dòi đục lá; nhện đỏ; rầy bông; rầy nâu; rầy xanh; rệp; sâu cuốn lá; sâu khoang; sâu tơ; sâu vẽ bùa; sâu xanh; sâu xanh bướm trắng; sâu đục thân,
Haeuro 125WG,Emamectin benzoate (Avermectin B1a 90% + Avermectin B1b 10%) (min 70%),Thuốc trừ sâu,Công ty TNHH CEC Việt Nam,lúa,sâu cuốn lá,
"Hagucide 40EC, 70WG",Emamectin benzoate (Avermectin B1a 90% + Avermectin B1b 10%) (min 70%),Thuốc trừ sâu,Công ty TNHH BVTV Akita Việt Nam,lúa,sâu cuốn lá,
Hamatin 5SG,Emamectin benzoate (Avermectin B1a 90% + Avermectin B1b 10%) (min 70%),Thuốc trừ sâu,Công ty CP TM Hải Ánh,lạc,sâu khoang,
Hepler 1.9EC,Emamectin benzoate (Avermectin B1a 90% + Avermectin B1b 10%) (min 70%),Thuốc trừ sâu,Công ty CP Hóa chất SAM,ngô,sâu keo mùa thu,
Hoatox 2ME,Emamectin benzoate (Avermectin B1a 90% + Avermectin B1b 10%) (min 70%),Thuốc trừ sâu,Công ty TNHH Trường Thịnh,bí xanh; bắp cải; cam; chè; cà chua; dưa chuột; lúa; lạc; su hào; thuốc lá; đậu cô ve,bọ trĩ; nhện đỏ; sâu cuốn lá; sâu khoang; sâu tơ; sâu xanh bướm trắng; sâu xanh da láng,
"Homectin 40EC, 50WG",Emamectin benzoate (Avermectin B1a 90% + Avermectin B1b 10%) (min 70%),Thuốc trừ sâu,Công ty CP Hóc Môn,bắp cải; bọ; dưa hấu; lúa; lạc; sâu xanh bướm; điều,bọ xít muỗi; lá; rầy nâu; sâu cuốn lá; sâu khoang; trĩ; trắng,
Jiametin 1.9EC,Emamectin benzoate (Avermectin B1a 90% + Avermectin B1b 10%) (min 70%),Thuốc trừ sâu,Công ty CP Jia Non Biotech (VN),bắp cải,sâu tơ,
"July 5EC, 5WG",Emamectin benzoate (Avermectin B1a 90% + Avermectin B1b 10%) (min 70%),Thuốc trừ sâu,Công ty TNHH TM & SX Gia Phúc,bông vải; bắp cải; cam; chè; cà phê; cải xanh; dưa hấu; lúa; nhãn; thuốc lá; vải; xoài; đậu tương; đậu xanh,bọ nhảy; bọ trĩ; nhện gié; nhện đỏ; rầy; rầy chổng cánh; rệp; rệp sáp; sâu cuốn lá; sâu tơ; sâu xanh,
"Kajio 1GR, 5EC, 5WG",Emamectin benzoate (Avermectin B1a 90% + Avermectin B1b 10%) (min 70%),Thuốc trừ sâu,Công ty CP BMC Vĩnh Phúc,bắp cải; bọ; hồ tiêu; khoai lang; lúa; mía; sâu phao đục; sâu đục; tuyến,bẹ; bọ hà; hung; lá; thân; trùng; xanh,
Khủng 100WG,Emamectin benzoate (Avermectin B1a 90% + Avermectin B1b 10%) (min 70%),Thuốc trừ sâu,Công ty TNHH Việt Đức,lúa,nhện gié; sâu cuốn lá; sâu đục thân,
Kinomec 3.8EC,Emamectin benzoate (Avermectin B1a 90% + Avermectin B1b 10%) (min 70%),Thuốc trừ sâu,Công ty CP Vicowin,dưa hấu,bọ trĩ,
Lano-ema 5.7EC,Emamectin benzoate (Avermectin B1a 90% + Avermectin B1b 10%) (min 70%),Thuốc trừ sâu,Công ty CP Hóa nông Lâm Ngọc,lạc,sâu khoang,
"Lion kinh 50WG, 50EC",Emamectin benzoate (Avermectin B1a 90% + Avermectin B1b 10%) (min 70%),Thuốc trừ sâu,Công ty CP VT Nông nghiệp Thái Bình Dương,lúa; lạc,bọ trĩ; khoang; sâu cuốn lá,
Linoafta 5.7WG,Emamectin benzoate (Avermectin B1a 90% + Avermectin B1b 10%) (min 70%),Thuốc trừ sâu,Công ty CP Liên nông Việt Nam,lạc; ngô,sâu khoang; sâu đục thân,
Mãng xà 1.9 EC,Emamectin benzoate (Avermectin B1a 90% + Avermectin B1b 10%) (min 70%),Thuốc trừ sâu,Công ty TNHH Nông nghiệp Xanh,dưa hấu; lúa,sâu cuốn lá; sâu xanh,
Makegreen 55WG,Emamectin benzoate (Avermectin B1a 90% + Avermectin B1b 10%) (min 70%),Thuốc trừ sâu,Công ty TNHH,lúa,sâu cuốn lá,
Map Winner 5WG,Emamectin benzoate (Avermectin B1a 90% + Avermectin B1b 10%) (min 70%),Thuốc trừ sâu,Map Pacific Pte Ltd,bí ngô; bắp cải; cam; chanh leo; chè; cà chua; cải xanh; dưa hấu; hoa hồng; lúa; lạc; nhện; xoài; ớt,bọ trĩ; bọ xít muỗi; nhện đỏ; rầy bông; rầy xanh; rệp; sâu cuốn lá; sâu khoang; sâu tơ; sâu vẽ bùa; sâu xanh; sâu xanh da láng; sâu đục quả; đỏ,
"Matrix 1.9EC, 5WG",Emamectin benzoate (Avermectin B1a 90% + Avermectin B1b 10%) (min 70%),Thuốc trừ sâu,Công ty TNHH Nam Bộ,lúa,sâu cuốn lá,
"Mekomectin 3.8EC, 135WG",Emamectin benzoate (Avermectin B1a 90% + Avermectin B1b 10%) (min 70%),Thuốc trừ sâu,Công ty TNHH Thuốc BVTV Nam Nông,bắp cải; cam; cà chua; lúa; đậu tương,nhện gié; nhện đỏ; rầy nâu; sâu cuốn lá; sâu tơ; sâu xanh; sâu đục quả; tơ,
"Mikmire 2.0EC, 14.5WG",Emamectin benzoate (Avermectin B1a 90% + Avermectin B1b 10%) (min 70%),Thuốc trừ sâu,Công ty CP Nông dược Minh Khai,bắp cải; cam; chè; cà chua; lúa; vải; xoài; đậu tương,bọ trĩ; bọ xít; bọ xít muỗi; lá; nhện gié; nhện đỏ; rầy bông; rầy chổng cánh; rầy nâu; rầy xanh; rệp; sâu cuốn lá nhỏ; sâu tơ; sâu vẽ bùa; sâu xanh; sâu xanh bướm trắng; sâu xanh da láng; sâu đục bẹ; sâu đục quả,TT28/2026: đổi tổ chức đăng ký
"Moousa 50EC, 60WG",Emamectin benzoate (Avermectin B1a 90% + Avermectin B1b 10%) (min 70%),Thuốc trừ sâu,Công ty TNHH Hoá sinh Phong Phú,lúa,sâu cuốn lá,
"Nazomi 2.0EC, 5WG",Emamectin benzoate (Avermectin B1a 90% + Avermectin B1b 10%) (min 70%),Thuốc trừ sâu,Công ty TNHH Kiên Nam,cam; lúa; ngô; rệp; sâu cuốn; đậu xanh,bùa; cờ; lá; muội; sâu vẽ bùa,
Newgreen 2.0EC,Emamectin benzoate (Avermectin B1a 90% + Avermectin B1b 10%) (min 70%),Thuốc trừ sâu,Công ty TNHH - TM Thái Phong,bắp cải; cam; cải thảo; lúa; sâu,bọ trĩ; nhện đỏ; sâu cuốn lá; sâu tơ; sâu đục bẹ; xanh,
"Newmectin 2.0EC, 5WP, 41ME, 126WG",Emamectin benzoate (Avermectin B1a 90% + Avermectin B1b 10%) (min 70%),Thuốc trừ sâu,Công ty CP Thuốc BVTV Việt Trung,chè 41ME; lúa,lá; rầy nâu; tơ,
New Tapky 10EC,Emamectin benzoate (Avermectin B1a 90% + Avermectin B1b 10%) (min 70%),Thuốc trừ sâu,Công ty CP SX TM DV Tam Lập Thành,lúa,nhện gié; sâu cuốn lá; sâu năn,
Oman 2EC,Emamectin benzoate (Avermectin B1a 90% + Avermectin B1b 10%) (min 70%),Thuốc trừ sâu,Công ty TNHH Sinh học Hana Việt Nam,bí xanh; bắp cải; cam; chè; cà chua; dưa chuột; lúa; lạc; su hào; thuốc lá; đậu côve,bọ trĩ; nhện đỏ; sâu cuốn lá; sâu khoang; sâu tơ; sâu xanh bướm trắng; sâu xanh da láng,
"Proclaim 1.9 EC, 5WG",Emamectin benzoate (Avermectin B1a 90% + Avermectin B1b 10%) (min 70%),Thuốc trừ sâu,Công ty TNHH Syngenta Việt Nam,bông vải; bắp cải; cam; chè; cà chua; cải bắp; hành; lúa; ngô; nhãn.; sâu xanh bướm; sâu đục cuống; súp lơ; thuốc lá; vải; xoài,bọ cánh tơ; nhện lông nhung; nhện đỏ; quả; rầy bông; rầy xanh; rệp muội; sâu cuốn lá; sâu gai sừng ăn lá; sâu khoang; sâu phao đục bẹ; sâu tơ; sâu xanh; sâu xanh da láng; sâu đục cuống quả; sâu đục quả; sâu đục thân; thu; trắng,
Phesolbenzoate 3.8EC,Emamectin benzoate (Avermectin B1a 90% + Avermectin B1b 10%) (min 70%),Thuốc trừ sâu,Công ty TNHH World Vision (VN),bắp cải; cam; cà chua; lúa; nhện; sâu; sâu vẽ,bùa; nhện gié; sâu cuốn lá; tơ; đỏ,
Porlen xtra 5SG,Emamectin benzoate (Avermectin B1a 90% + Avermectin B1b 10%) (min 70%),Thuốc trừ sâu,"Shandong Weifang Rainbow Chemical Co., Ltd",lạc,sâu khoang,
"Prodife’s 5.8EC, 8WG",Emamectin benzoate (Avermectin B1a 90% + Avermectin B1b 10%) (min 70%),Thuốc trừ sâu,Công ty TNHH TM Nông Phát,lúa; nhãn; nhện lông; sâu cuốn; xoài,lá; nhung; rầy bông,
"Promectin 5.0EC, 100WG",Emamectin benzoate (Avermectin B1a 90% + Avermectin B1b 10%) (min 70%),Thuốc trừ sâu,Công ty CP Nông Việt,bắp cải; bọ; cam; lúa; lạc; nho; sâu; sâu xanh da; xoài; đậu tương,bọ trĩ; lá; láng; rệp bông; sâu cuốn lá; sâu tơ; sâu vẽ bùa; sâu xanh da láng; sâu đục bẹ; trĩ; tơ,
"Quiluxny 72EC, 6.0WG, 99.9SC",Emamectin benzoate (Avermectin B1a 90% + Avermectin B1b 10%) (min 70%),Thuốc trừ sâu,Công ty TNHH TM và SX Ngọc Yến,bắp cải; cam; chè; cà chua; lúa; lạc; nhện; sâu,dòi đục lá; gié; nhện gié; nhện đỏ; rầy nâu; sâu cuốn lá; sâu vẽ bùa; sâu xanh da láng; tơ; xanh,
Ratoin 5WG,Emamectin benzoate (Avermectin B1a 90% + Avermectin B1b 10%) (min 70%),Thuốc trừ sâu,Công ty CP Nông nghiệp Việt Nam,bắp cải; chè; lúa,rầy xanh; sâu cuốn lá; sâu tơ; sâu đục thân,
"Remy 65EC, 100WG",Emamectin benzoate (Avermectin B1a 90% + Avermectin B1b 10%) (min 70%),Thuốc trừ sâu,Công ty TNHH Real Chemical,lúa,sâu phao đục bẹ,
"Rholam 20EC, 50WP, 68WG",Emamectin benzoate (Avermectin B1a 90% + Avermectin B1b 10%) (min 70%),Thuốc trừ sâu,Công ty CP Nông dược Nhật Việt,chè; cà chua; dưa hấu; lúa; vải; xoài,bọ trĩ; bọ xít; bọ xít muỗi; dòi đục lá; nhện lông nhung; nhện đỏ; sâu cuốn lá nhỏ; sâu đục bẹ; sâu đục quả,
Roofer 50EC,Emamectin benzoate (Avermectin B1a 90% + Avermectin B1b 10%) (min 70%),Thuốc trừ sâu,Công ty CP Đầu tư VTNN Sài Gòn,chè; lúa; nhện,sâu cuốn lá; đỏ,
Royal city 75WG,Emamectin benzoate (Avermectin B1a 90% + Avermectin B1b 10%) (min 70%),Thuốc trừ sâu,Công ty CP ACB Nhật Bản,lúa,sâu cuốn lá,
"Sausto 1EC, 50WG",Emamectin benzoate (Avermectin B1a 90% + Avermectin B1b 10%) (min 70%),Thuốc trừ sâu,Công ty TNHH Nam Bắc,bắp cải; cà chua; cải bắp; lúa; lạc; sâu; đậu côve,lá; sâu cuốn lá; sâu khoang; sâu tơ; sâu xanh; sâu xanh bướm trắng; sâu đục thân; tơ,
"Sherdoba 20EC, 55WG",Emamectin benzoate (Avermectin B1a 90% + Avermectin B1b 10%) (min 70%),Thuốc trừ sâu,Công ty TNHH NN Công nghệ cao Bản Việt,lúa; lạc; sâu cuốn,lá; sâu khoang,
"Silsau super 3.5EC, 5WP",Emamectin benzoate (Avermectin B1a 90% + Avermectin B1b 10%) (min 70%),Thuốc trừ sâu,Công ty TNHH ADC,bưởi; bắp cải; bọ; cam; lúa; sâu hồng đục,nhện gié; quả; sâu cuốn lá; sâu tơ; sâu vẽ bùa; sâu xanh bướm trắng; sâu đục thân; trĩ,
"Sittobios 40EC, 50SG",Emamectin benzoate (Avermectin B1a 90% + Avermectin B1b 10%) (min 70%),Thuốc trừ sâu,Công ty CP Châu Á Thái Bình Dương (Asia Pacific),bắp cải; cam; chè; cà chua; cải xanh; dưa hấu; lúa; xoài; đậu tương,bọ trĩ; dòi đục lá; nhện đỏ; rầy bông; rầy nâu; rầy xanh; rệp; sâu cuốn lá; sâu khoang; sâu tơ; sâu vẽ bùa; sâu xanh; sâu xanh bướm trắng; sâu đục thân,
"Starrimec 5WG, 75EC, 80SC, 105SG",Emamectin benzoate (Avermectin B1a 90% + Avermectin B1b 10%) (min 70%),Thuốc trừ sâu,Công ty CP Quốc tế Agritech Hoa Kỳ,bắp cải; cam; chè; cà chua; cải xanh; lúa; lúa 80SC; sâu; đậu tương,bọ cánh tơ; bọ trĩ; dòi đục lá; khoang; lá; nhện đỏ; rệp; sâu cuôn lá; sâu khoang; sâu tơ; sâu vẽ bùa; sâu đục thân; đỏ,
Susupes 1.9EC,Emamectin benzoate (Avermectin B1a 90% + Avermectin B1b 10%) (min 70%),Thuốc trừ sâu,Công ty TNHH Sản phẩm Công nghệ cao,bắp cải; cam; chè; dưa hấu; hoa hồng; hồ tiêu; lúa; lạc; vải; xoài; đậu tương,bọ cánh tơ; bọ trĩ; nhện gié; nhện lông nhung; nhện đỏ; rầy bông; rầy chổng cánh; rầy xanh; rệp sáp; sâu cuốn lá; sâu khoang; sâu tơ; sâu vẽ bùa; sâu xanh bướm trắng; sâu xanh da láng; sâu đục bẹ; sâu đục nụ; sâu đục quả,
Tamala 1.9EC,Emamectin benzoate (Avermectin B1a 90% + Avermectin B1b 10%) (min 70%),Thuốc trừ sâu,Công ty TNHH SX - TM Tô Ba,bắp cải; lúa; xoài,nhện gié; rầy bông; rầy nâu; rệp sáp; sâu cuốn lá; sâu tơ,
"Tanwin 2.0EC, 5.5WG",Emamectin benzoate (Avermectin B1a 90% + Avermectin B1b 10%) (min 70%),Thuốc trừ sâu,Công ty TNHH TM DV Tấn Hưng,bắp cải; bọ; cam; dưa hấu; lúa; nhện gié; sâu cuốn lá; đậu xanh,bọ trĩ; nhện gié; nhện đỏ; rầy nâu; sâu cuốn lá; sâu tơ; sâu đục bẹ; sâu đục quả; trĩ,
"Tasieu 1.9EC, 5WG",Emamectin benzoate (Avermectin B1a 90% + Avermectin B1b 10%) (min 70%),Thuốc trừ sâu,Công ty TNHH Việt Thắng,bí xanh; bắp cải; cam; chè; cà chua; cà pháo; cà phê; cà tím; cải bó xôi; cải thảo; dưa chuột; dưa hấu; hoa hồng; hành; hồ tiêu; lúa; lạc; mồng tơi; na; nho; nhãn; rau cải; rau dền; rau muống; su hào; súp lơ; thuốc lào; thuốc lá; thông; vải; xoài; điều; đậu cô ve; đậu côve; đậu đũa; ớt,bọ cánh tơ; bọ nhảy; bọ trĩ; bọ xít; bọ xít muỗi; dòi đục lá; nhện gié; nhện đỏ; róm; rầy; rầy xanh; rệp muội; rệp sáp; sâu baba; sâu cuốn lá; sâu khoang; sâu róm; sâu tơ; sâu vẽ bùa; sâu xanh; sâu xanh da láng; sâu ăn lá; sâu đo; sâu đục bẹ; sâu đục quả; sâu đục thân,
"Tikemectin 4EC, 60WG",Emamectin benzoate (Avermectin B1a 90% + Avermectin B1b 10%) (min 70%),Thuốc trừ sâu,Công ty CP XNK Thọ Khang,bắp cải; cam; chè; cà chua; cải xanh; dưa hấu; lúa; xoài,bọ cánh tơ; bọ nhảy; bọ trĩ; dòi đục lá; lá; nhện đỏ; rầy bông; rầy chổng cánh; rầy nâu; rầy xanh; rệp; sâu cuốn lá; sâu khoang; sâu tơ; sâu vẽ bùa; sâu xanh bướm trắng; sâu đục thân,
"Topcide tsc 5.5EC, 100WG",Emamectin benzoate (Avermectin B1a 90% + Avermectin B1b 10%) (min 70%),Thuốc trừ sâu,Công ty CP Lion Agrevo,bắp cải,sâu tơ,
Topsix 82WG,Emamectin benzoate (Avermectin B1a 90% + Avermectin B1b 10%) (min 70%),Thuốc trừ sâu,Công ty TNHH Nông dược Đại Nam,lúa,sâu cuốn lá,
"Totnhatsuper 100WG, 70EC",Emamectin benzoate (Avermectin B1a 90% + Avermectin B1b 10%) (min 70%),Thuốc trừ sâu,Công ty CP Multiagro,lúa,sâu cuốn lá,
"Tungmectin 5EC, 5WG",Emamectin benzoate (Avermectin B1a 90% + Avermectin B1b 10%) (min 70%),Thuốc trừ sâu,Công ty CP SX - TM - DV Ngọc Tùng,bông vải; bắp cải; cam; chè; cà chua; cà phê; cải bắp; cải xanh; dưa hấu; hồ tiêu; khoai lang; lúa; lạc; na; nho; nhãn; thuốc lá; vải; xoài; điều; đậu tương; đậu xanh,bọ cánh tơ; bọ trĩ; bọ xít; bọ xít muỗi; dòi đục lá; khoang; nhện gié; nhện lông nhung; nhện đỏ; rầy bông; rầy chổng cánh; rầy nâu; rầy xanh; rệp sáp; sâu cuốn lá; sâu cuốn lá nhỏ; sâu hồng; sâu khoang; sâu tơ; sâu vẽ bùa; sâu xanh; sâu xanh bướm trắng; sâu xanh da láng; sâu đục bông; sâu đục bẹ; sâu đục quả; sâu đục thân,
"Vimatox 1.9EC, 5SG",Emamectin benzoate (Avermectin B1a 90% + Avermectin B1b 10%) (min 70%),Thuốc trừ sâu,Công ty CP Thuốc sát trùng Việt Nam,bưởi; cam; chè; dưa hấu; lúa; nhãn; nhện; nhện lông; rau cải; sâu cuốn; xoài,bọ trĩ; cứng; lá; nhung; nhện gié; nhện đỏ; rầy xanh; sâu cuốn lá; sâu vẽ bùa; sâu đục bẹ; sâu đục thân; đỏ,
Win 5WG,Emamectin benzoate (Avermectin B1a 90% + Avermectin B1b 10%) (min 70%),Thuốc trừ sâu,Công ty TNHH SYC,lạc,sâu xanh da láng,
Wiro 5.7WG,Emamectin benzoate (Avermectin B1a 90% + Avermectin B1b 10%) (min 70%),Thuốc trừ sâu,Công ty TNHH Visanto,lạc,sâu cuốn lá,
Yasmine 19EC,Emamectin benzoate (Avermectin B1a 90% + Avermectin B1b 10%) (min 70%),Thuốc trừ sâu,Công ty TNHH Adama Việt Nam,bắp cải,sâu tơ,
"Zamectin 65EC, 100WG",Emamectin benzoate (Avermectin B1a 90% + Avermectin B1b 10%) (min 70%),Thuốc trừ sâu,Công ty CP KT Dohaledusa,lúa,sâu phao đục bẹ,
Kamikaze 10WG,Emamectin benzoate 4% + Flubendiamide 6%,Thuốc trừ sâu,"Nihon Nohyaku Co., Ltd",lạc; ngô,sâu keo mùa thu; sâu khoang,
Lopita 200WP,Emamectin benzoate 10% (100g/kg) + Flufiprole 10% (100g/kg),Thuốc trừ sâu,Công ty CP Nông nghiệp HP,cà phê,mọt đục quả,
Tatachi 200WP,Emamectin benzoate 10% (100g/kg) + Flufiprole 10% (100g/kg),Thuốc trừ sâu,Công ty TNHH Hóa sinh Á Châu,lúa,sâu cuốn lá,
AK-Ggo 10.5WG,Emamectin benzoate 0.5% + Hexaflumuron 10%,Thuốc trừ sâu,Công ty TNHH Nông Thái Dương,lạc,sâu khoang,
Xotare 10SC,Emamectin benzoate 20 g/l + Indoxacarb 80 g/l,Thuốc trừ sâu,Công ty CP Nông dược HAI,đậu tương,sâu xanh da láng,
Keepool 20SC,Emamectin benzoate 4% + Indoxacarb 16%,Thuốc trừ sâu,Công ty TNHH Nông Thái Dương,ngô,sâu keo mùa thu,
Ticaca 25SC,Emamectin benzoate 5% + Indoxacarb 20%,Thuốc trừ sâu,Công ty TNHH Chiko Nhật Bản,ngô,sâu keo mùa thu,
Lk-saula 30WG,Emamectin benzoate 10% + Indoxacarb 20%,Thuốc trừ sâu,Công ty TNHH Hóa sinh Á Châu,lúa,sâu cuốn lá,
Emacarb 75EC,Emamectin benzoate 50g/l + Indoxacarb 25g/l,Thuốc trừ sâu,Công ty CP Quốc tế Hòa Bình,lúa,sâu cuốn lá,
Obaone 95WG,Emamectin benzoate 35g/kg + Indoxacarb 60g/kg,Thuốc trừ sâu,Công ty CP Tập đoàn Lộc Trời,lúa,sâu cuốn lá,
Topzaza 9SE,Emamectin benzoate 3% + Indoxacarb 6%,Thuốc trừ sâu,Công ty TNHH Nam Bắc,lạc; ngô,sâu keo mùa thu; sâu xanh da láng,
Chetsau 100WG,Emamectin benzoate 50g/kg + Indoxacarb 50g/kg,Thuốc trừ sâu,Công ty TNHH SX và KD Tam Nông,lúa; lạc; sâu; thuốc lá,khoang; sâu cuốn lá; xanh,
Doctor super 140SC,Emamectin benzoate 30 g/l + Indoxacarb 110 g/l,Thuốc trừ sâu,Công ty TNHH Pesticide Nhật Bản,lúa,sâu cuốn lá,
Hd-Fortuner 150EC,Emamectin benzoate 50g/l + Indoxacarb 100g/l,Thuốc trừ sâu,Công ty TNHH TM DV Hằng Duy,lúa,sâu cuốn lá,
IE-max 150EC,Emamectin benzoate 50g/l + Indoxacarb 100g/l,Thuốc trừ sâu,Công ty CP Nông Tín AG,lúa,sâu cuốn lá,
Emingold 160SC,Emamectin benzoate 10g/l + Indoxacarb 150g/l,Thuốc trừ sâu,Công ty TNHH Hóa sinh Mùa Vàng,hoa cúc; lúa; sâu,sâu cuốn lá; xanh,
Auditor 16SC,Emamectin benzoate 4% + Indoxacarb 12%,Thuốc trừ sâu,Công ty CP Công nghệ Nông nghiệp Chiến Thắng,ngô,sâu keo mùa thu,
EI-Trust 16SC,Emamectin benzoate 4% + Indoxacarb 12%,Thuốc trừ sâu,"Trustchem Co., Ltd",đậu tương,sâu xanh,
"Dhajapane 180SC, 205WP",Emamectin benzoate 30g/l (85g/kg) + Indoxacarb 150g/l (120g/kg),Thuốc trừ sâu,Công ty TNHH TM SX Thôn Trang,lúa,sâu cuốn lá; thân,
"Shieldkill 10WG, 200SC",Emamectin benzoate 4% (50g/l) + Indoxacarb 6% (150g/l),Thuốc trừ sâu,Công ty TNHH TM và SX Ngọc Yến,bọ; hoa hồng; lúa; lạc; sâu cuốn lá; đậu tương,sâu cuốn lá; sâu khoang; sâu xanh da láng; sâu đục nụ; sâu đục quả; sâu đục thân; trĩ,
Carbatoc 50EC,Emamectin benzoate 25g/l + Lambda-cyhalothrin 25g/l,Thuốc trừ sâu,Công ty CP Nông dược Việt Nam,lúa,sâu cuốn lá,
Fittoc super 90EC,Emamectin benzoate 45g/l + Lambda-cyhalothrin 45g/l,Thuốc trừ sâu,Công ty CP Quốc tế Hoà Bình,lúa,sâu cuốn lá,
Etoxgold 100EC,Emamectin benzoate 50 g/l + Lambda-cyhalothrin 50g/l,Thuốc trừ sâu,Công ty TNHH Vipes Việt Nam,lạc,sâu khoang,
Nanophasyco 160WG,Emamectin benzoate 100g/kg + Lambda- cyhalothrin 60g/kg,Thuốc trừ sâu,Công ty TNHH Thuốc BVTV Nam Nông,lúa,sâu phao đục bẹ,
Map Genie 12EC,Emamectin benzoate 20g/l + Liuyangmycin 100g/l,Thuốc trừ sâu,Map Pacific Pte Ltd,cam; dưa hấu; lúa; xoài; đậu tương,bọ trĩ; nhện gié; nhện đỏ; rầy bông; sâu cuốn lá; sâu xanh da láng,
Thanos 2.9SC,Abamectin aminomethyl 0.9% (Emamectin benzoate 1%) + Lufenuron 2%,Thuốc trừ sâu,Công ty TNHH Nông nghiệp New Season,ngô,sâu keo mùa thu,
Lufentin 60EC,Emamectin benzoate 20g/l + Lufenuron 40g/l,Thuốc trừ sâu,Công ty CP Kiên Nam,khoai tây; đậu tương,sâu khoang; sâu xanh da láng,
Tik-tot 60EC,Emamectin benzoate 20g/l + Lufenuron 40g/l,Thuốc trừ sâu,Công ty CP XNK Thọ Khang,cam; chè; cà chua; lúa,dòi đục lá; nhện gié; nhện đỏ; rầy xanh; sâu cuốn lá,
Lemura 100SC,Emamectin benzoate 20 g/l + Lufenuron 80 g/l,Thuốc trừ sâu,Công ty TNHH Hóa nông Á Châu Hà Nội,ngô,sâu xanh đục bắp,
"Lufen extra 100EC, 150WG",Emamectin benzoate 50g/l (50g/kg) + Lufenuron 50g/l (100g/kg),Thuốc trừ sâu,Công ty TNHH thuốc BVTV Mekong,bọ phấn; hoa cúc; khoai tây; ngô; sâu; sâu keo mùa; sắn,châu chấu tre; sâu khoang; thu; trắng; xanh,
Lufemin 100EC,Emamectin benzoate 50g/l + Lufenuron 50g/l,Thuốc trừ sâu,Công ty TNHH Fujimoto Nhật Bản,hoa cúc,sâu xanh,
Metino 100EC,Emamectin benzoate 50g/l + Lufenuron 50g/l,Thuốc trừ sâu,Công ty TNHH ADC,lạc,sâu cuốn lá,
Sun Eluron 45WG,Emamectin benzoate 5% + Lufenuron 40%,Thuốc trừ sâu,Công ty CP Sunseaco Việt Nam,ngô,sâu keo mùa thu,
Armcide 50WG,Emamectin benzoate 10% + Lufenuron 40%,Thuốc trừ sâu,"Shandong Weifang Rainbow Chemical Co., Ltd",ngô; sâu keo mùa,sâu đục bắp; thu,
AU-Ferotin 8SC,Emamectin benzoate 3% + Lufenuron 5%,Thuốc trừ sâu,Công ty TNHH Authentique Việt Nam,hoa cúc,bọ trĩ,
Ematrin 8SC,Emamectin benzoate 3% + Lufenuron 5%,Thuốc trừ sâu,Công ty TNHH TM DV XNK Global Ecotech,ngô,sâu đục bắp,
"Nasdaq 50EC, 150WG",Emamectin benzoate 49g/l (148g/l) + Matrine 1g/l (2g/l),Thuốc trừ sâu,Công ty CP CN Hoá chất Nhật Bản Kasuta,bắp cải; lúa,sâu cuốn lá; tơ,
Kimcis 20EC,Emamectin benzoate 10g/l + Matrine 10g/l,Thuốc trừ sâu,Công ty CP Nông dược Agriking,bọ; cam; khoai lang; nhãn; rệp,hà; nhện lông nhung; sáp,
Gasrice 15EC,Emamectin benzoate 7.5g/l + Matrine 7.5g/l,Thuốc trừ sâu,Công ty CP Công nghệ cao Thuốc BVTV USA,bắp cải; cam; chè; cà chua; cải xanh; dưa hấu; lúa; xoài; đậu tương,bọ cánh tơ; bọ trĩ; dòi đục lá; nhện đỏ; rầy bông; rầy nâu; rầy xanh; rệp; sâu cuốn lá; sâu khoang; sâu tơ; sâu vẽ bùa; sâu xanh; sâu xanh bướm trắng; sâu đục thân,
"Mectinstar 20EC, 50SG, 90SC","Emamectin benzoate 19g/l, (49g/kg), (89g/l) + Matrine 1g/l (1g/kg), (1g/l)",Thuốc trừ sâu,Công ty CP Quốc tế Agritech Hoa Kỳ,bắp cải; cam; chè; cà chua; dưa hấu; lúa; lạc; thuốc lá; thông; xoài,bông; bọ trĩ; dòi đục lá; nhện đỏ; rầy bông; rầy xanh; rệp; sâu khoang; sâu róm; sâu tơ,
9X-Actione 4.3EC,Emamectin benzoate 41g/l + Matrine 2g/l,Thuốc trừ sâu,Công ty TNHH TM SX Thôn Trang,bắp cải; chè; lúa,bọ cánh tơ; bọ trĩ; nhện gié; rầy nâu; rầy xanh; sâu cuốn lá; sâu tơ; sâu xanh da láng; sâu đục bẹ,
"Redconfi 21WP, 30EC, 61WG","Emamectin benzoate 20g/kg (29g/l), (60.9g/kg) + Matrine 1g/kg (1g/l), (0.1g/kg)",Thuốc trừ sâu,Công ty CP Thuôc BVTV Việt Trung,bắp cải; cam; chè; dưa hấu; lúa,bọ nhảy; bọ trĩ; bọ xít muỗi; nhện đỏ; rầy xanh; sâu tơ; sâu vẽ bùa; sâu xanh; sâu đục bẹ; trắng,
"Rholam Super 27EC, 50SG, 100WG","Emamectin benzoate 25g/l, (48g/kg), (98g/kg) + Matrine 2g/l, (2g/kg), (2g/kg)",Thuốc trừ sâu,Công ty CP nông dược Nhật Việt,bắp cải; bọ; cam; chè; cải xanh; dưa hấu; lúa; lạc; nho; sâu; vải; xoài,bọ cánh tơ; bọ trĩ; bọ xít muỗi; khoang; lá; nhện gié; nhện đỏ; rầy bông; sâu khoang; sâu tơ; sâu vẽ bùa; sâu xanh da láng; sâu đục gân lá; xít,
Bạch tượng 64EC,Emamectin benzoate 60g/l+ Matrine 4g/l,Thuốc trừ sâu,Công ty TNHH TM Nông Phát,cam; lúa; lạc; nhãn,nhện gié; nhện lông nhung; nhện đỏ; rầy nâu; sâu cuốn lá; sâu xanh da láng,
"Dolagan 25EC, 55.5WG","Emamectin benzoate 24g/l, (55g/kg) + Matrine 1g/l, (0.5g/kg)",Thuốc trừ sâu,Công ty CP ND Quốc tế Nhật Bản,bắp cải; bọ cánh tơ; cam; chè; lúa; nhện; rầy xanh; sâu; sâu vẽ,bùa; lá; sâu cuốn lá; tơ; đỏ,
K54 100WG,Emamectin benzoate 95g/kg + Matrine 5g/kg,Thuốc trừ sâu,Công ty TNHH TM DV Tấn Hưng,lúa; nhện,gié; sâu cuốn lá,
Pro-sure 100WG,Emamectin benzoate 95g/kg + Matrine 5g/kg,Thuốc trừ sâu,Công ty CP Nông Việt,lúa,sâu cuốn lá,
"Techtimex 30EC, 50WG",Emamectin benzoate 29.5g/l (49g/kg) + Matrine 0.5g/l (1g/kg),Thuốc trừ sâu,Công ty CP Khoa học Công nghệ cao American,lúa,sâu cuốn lá,
AF-Metazone 22SC,Emamectin benzoate 2% + Metaflumizone 20%,Thuốc trừ sâu,Công ty TNHH Agrifuture,lạc,sâu khoang,
Mexyfema 20SC,Emamectin benzoate 2% + Methoxyfenozide 18%,Thuốc trừ sâu,Công ty TNHH Radiant AG,đậu tương,sâu xanh da láng,
Tenano 20SC,Emamectin benzoate 2% + Methoxyfenozide 18%,Thuốc trừ sâu,Công ty TNHH Agrofarm,lạc,sâu khoang,
Masterole Plus 50.6 WG,Emamectin benzoate 5% + Methoxyfenozide 45.6 %,Thuốc trừ sâu,"Shandong Weifang Rainbow Chemical Co., Ltd",cải bắp; lạc,sâu khoang; sâu tơ,
"Map Go 20ME, 39.6SL",Emamectin benzoate 0.4% (4g/l) + Monosultap 19.6% (392g/l),Thuốc trừ sâu,Map Pacific Pte Ltd,cà phê; lúa; lạc; nhện; rầy nâu; sâu đục thân; sắn,gié; nhện; nhện gié; rệp sáp; sâu cuốn lá; sâu xanh da láng,
Novaer 6.15SC,Emamectin benzoate 0.9% + Novaluron 5.25%,Thuốc trừ sâu,Công ty TNHH Rhone Việt Nam,lạc,sâu khoang,
Eska 250EC,Emamectin benzoate 5g/l + Petroleum oil 245g/l,Thuốc trừ sâu,Công ty CP Nông nghiệp HP,bí xanh; cam; dưa chuột; lúa; lạc; thuốc lá; vải; đậu tương,bọ trĩ; bọ xít dài; dòi đục lá; nhện gié; nhện lông nhung; nhện đỏ; rầy chổng cánh; sâu cuốn lá; sâu khoang; sâu vẽ bùa; sâu xanh da láng; sâu đục bẹ,
Emamec 400EC,Emamectin benzoate 5g/l + Petroleum oil 395g/l,Thuốc trừ sâu,Công ty CP Quốc tế Agritech Hoa Kỳ,bắp cải; cam; chè; dưa hấu; lúa; lạc; ngô; xoài; đậu trạch,bọ cánh tơ; bọ trĩ; cuốn lá; dòi đục lá; nhện đỏ; rầy bông; rầy nâu; rệp; sâu khoang; sâu tơ; sâu vẽ bùa; sâu đục thân,
Comda 250EC,Emamectin benzoate 5 g/l + Petroleum spray oil 245g/l,Thuốc trừ sâu,Công ty CP BVTV Sài Gòn,bắp cải; bọ xít; chè; cà phê; dưa hấu; hoa cúc; hành; rầy; rệp; sâu; sâu xanh da; xoài; ớt,Bọ trĩ; bông; láng; muỗi; muội; rệp sáp; tơ; xanh,
Tiachop 99.99EC,Emamectin benzoate 19g/l + Permethrin 80.99 g/l,Thuốc trừ sâu,Công ty TNHH TM SX Thôn Trang,lúa,sâu cuốn lá,
Happymy 240EC,Emamectin benzoate 20g/l + Permethrin 220g/l,Thuốc trừ sâu,Công ty CP SX Thuốc BVTV Omega,lúa,sâu cuốn lá,
Daisuke 250EC,Emamectin benzoate 10g/l + Quinalphos 240g/l,Thuốc trừ sâu,Công ty CP Nông dược Việt Nam,lúa,sâu cuốn lá,
Amagong 55WP,Emamectin benzoate 30g/kg + Spinosad 25g/kg,Thuốc trừ sâu,Công ty TNHH Agricare Việt Nam,lúa,sâu cuốn lá,
Spatus 10WG,Emamectin benzoate 4% + Spinosad 6%,Thuốc trừ sâu,"Beijing Bioseen Crop Sciences Co., Ltd",ngô,sâu keo mùa thu,
"Boxin-TSC 25EC, 250WP",Emamectin benzoate 50g/l (50g/kg) + 200g/l (200g/kg) Spinosad,Thuốc trừ sâu,Công ty CP Lion Agrevo,bắp cải,sâu xanh,
Kingspider 93SC,Emamectin benzoate 18g/kg + Spirodiclofen 75g/kg,Thuốc trừ sâu,Công ty CP BVTV Sài Gòn,cam; chè; dưa chuột,nhện đỏ,
Danzo 10.5EC,Emamectin benzoate 0.5% + Tebufenozide 10%,Thuốc trừ sâu,Công ty TNHH Nam Bắc,cam,sâu vẽ bùa,
Mia Darius 60SC,Emamectin benzoate 10g/l + Triflumuron 50g/l,Thuốc trừ sâu,Công ty CP Mạnh Đan,ngô,sâu keo mùa thu,
Sumi-Alpha 5EC,Esfenvalerate (min 83%),Thuốc trừ sâu,Công ty TNHH Hóa chất Sumitomo Việt Nam,lúa; đậu tương,bọ xít; sâu cuốn lá; sâu phao đục bẹ; sâu đục quả,
Sumisana 5EC,Esfenvalerate (min 83%),Thuốc trừ sâu,Công ty CP Vật tư NN Tiền Giang,khoai lang,sâu khoang,
Sumicombi-Alpha 26.25 EC,Esfenvalerate 12.5g/l + Fenitrothion 250g/l,Thuốc trừ sâu,Công ty TNHH Hóa chất Sumitomo Việt Nam,bông vải; lúa; lạc,bọ xít; rầy nâu; rầy xanh; sâu cuốn lá; sâu khoang; sâu đục thân,
Abrams 30EC,Esfenvalerate 1.2% + Phoxim 28.8%,Thuốc trừ sâu,Công ty TNHH MTV Sao Phương Nam AG,đậu tương,sâu xanh da láng,
Curbix 100 SC,Ethiprole (min 94%),Thuốc trừ sâu,Bayer Vietnam Ltd (BVL),lúa,rầy nâu,
Tobirole 200SC,Ethiprole (min 94%),Thuốc trừ sâu,"Shandong Weifang Rainbow Chemical Co., Ltd",cam,rầy chổng cánh,
Peridor 200SC,Ethiprole 100 g/l + Imidacloprid 100g/l,Thuốc trừ sâu,Bayer Vietnam Ltd (BVL),lúa,rầy nâu,
Etofen 100SC,Etofenprox (min 96%),Thuốc trừ sâu,Công ty TNHH MTV BVTV Omega,chè,rầy xanh,
Noray 30EC,Etofenprox (min 96%),Thuốc trừ sâu,"Công ty TNHH Hóa chất Phân bón, Thuốc BVTV Dubai",lúa,rầy nâu,
Slavic 10SC,Etofenprox (min 96%),Thuốc trừ sâu,"Bailing Agrochemical Co., Ltd",lúa,rầy nâu,
Trebon 10EC,Etofenprox (min 96%),Thuốc trừ sâu,"Mitsui Chemicals Crop & Life Solutions, Inc",bông vải; chè; lúa; ngô; vải; điều,bọ trĩ; bọ xít muỗi; rầy nâu; rầy xanh; rệp; sâu cuốn lá; sâu khoang; sâu xanh,
Urano 100EC,Etofenprox (min 96%),Thuốc trừ sâu,Công ty TNHH Được Mùa,chè,rầy xanh,
ViCIDI-M 50EC,Etofenprox 2% + Phenthoate 48 %,Thuốc trừ sâu,Công ty CP Thuốc sát trùng Việt Nam,lúa; lạc; sâu,bọ xít; xanh,
Ac-Toxazol 200SC,Etoxazole (min 95%),Thuốc trừ sâu,Công ty TNHH Á Châu Hoá Sinh,bắp cải; chè; sâu,nhện đỏ; tơ,
Borneo 11SC,Etoxazole (min 95%),Thuốc trừ sâu,Công ty TNHH Hoá chất Sumitomo Việt Nam,cam; chè; hoa hồng; nhãn; ớt,nhện lông nhung; nhện đỏ,
Cantona 20SC,Etoxazole (min 95%),Thuốc trừ sâu,Công ty TNHH Trường Thịnh,chè,nhện đỏ,
Etoman 20SC,Etoxazole (min 95%),Thuốc trừ sâu,Công ty TNHH hỗ trợ phát triển kỹ thuật và chuyển giao công nghệ,hoa hồng,nhện đỏ,
Eto-Xtra 110SC,Etoxazole (min 95%),Thuốc trừ sâu,Công ty CP Hóa chất SAM,hoa hồng,nhện đỏ,
Eto Speed 200SC,Etoxazole (min 95%),Thuốc trừ sâu,Công ty CP Nông dược Nhật Việt,cam; hoa hồng,nhện đỏ,
Humvee 20SC,Etoxazole (min 95%),Thuốc trừ sâu,Công ty TNHH MTV BVTV Long An,hoa hồng,nhện đỏ,
Master-nhện 20SC,Etoxazole (min 95%),Thuốc trừ sâu,Công ty TNHH Agro Việt,hoa cúc,nhện đỏ,
Nhenstar 20SC,Etoxazole (min 95%),Thuốc trừ sâu,Công ty CP Nông nghiệp Công nghệ cao NMD,cam,nhện đỏ,
RedArmy 110SC,Etoxazole (min 95%),Thuốc trừ sâu,Công ty CP Cửu Long,cam,nhện đỏ,
Sachnhen-Eto 110SC,Etoxazole (min 95%),Thuốc trừ sâu,Công ty CP TM Hải Ánh,hoa hồng,nhện đỏ,
SV-Proxima Centex 110SC,Etoxazole (min 95%),Thuốc trừ sâu,Công ty TNHH Saturn Chemical Việt Nam,lạc,nhện đỏ,
TVEtozole 20SC,Etoxazole (min 95%),Thuốc trừ sâu,Công ty TNHH Hoá chất và TM Trần Vũ,lạc,nhện đỏ,
Ω-Etoxa 110SC,Etoxazole (min 95%),Thuốc trừ sâu,Công ty TNHH MTV BVTV Omega,cam; chè,nhện đỏ,
DN Zin 20SE,Etoxazole 10% + Fenpropathrin 10%,Thuốc trừ sâu,Công ty TNHH BVTV Thảo Điền,lạc,nhện đỏ,
Mantank 15SC,Etoxazole 10% + Fenpyroximate 5%,Thuốc trừ sâu,Công ty TNHH TM Hải Thụy,hoa hồng,nhện đỏ,
Doponer 20SC,Etoxazole 15% + Hexythiazox 5%,Thuốc trừ sâu,Công ty CP Nông dược Việt Thành,cam; chè,nhện đỏ,
Euromite 40SC,Etoxazole 10% + Pyridaben 30%,Thuốc trừ sâu,Công ty CP SX và TM Công nghệ Châu Âu,lạc,nhện đỏ,
Mia Mite 40SC,Etoxazole 10% + Pyridaben 30%,Thuốc trừ sâu,Công ty CP Mạnh Đan,đậu tương,nhện đỏ,
Nitmax 400SC,Etoxazole 100 g/l + Spirodiclofen 300 g/l,Thuốc trừ sâu,Công ty TNHH Nam Bắc,hoa hồng,nhện đỏ,
Formite 45SC,Etoxazole 15% + Spirotetramat 30%,Thuốc trừ sâu,Công ty TNHH TM Vĩnh Thạnh,hoa hồng,nhện đỏ,
Zicron 45SC,Etoxazole 15% + Spirotetramat 30%,Thuốc trừ sâu,Công ty CP Kỹ thuật công nghệ Klever,hoa hồng,nhện đỏ,
Etomat 450SC,Etoxazole 150 g/l + Spirotetramat 300g/l,Thuốc trừ sâu,Công ty TNHH Sunwa,cam,rệp sáp,
Spinner 25SC,Etoxazole 5% + Pyridaben 20%,Thuốc trừ sâu,Công ty CP Tập đoàn Lộc Trời,cà phê; hồ tiêu; sắn; điều,bọ xít muỗi; nhện đỏ; rệp sáp,
Pesta 2SL,Eucalyptol (min 70%),Thuốc trừ sâu,Công ty TNHH Nam Bắc,bí xanh; bắp cải; cam; dưa chuột; lúa; lạc; nhãn; thuốc lá; vải; đậu tương,bọ trĩ; nhện lông nhung; nhện đỏ; rầy chổng cánh; rầy nâu; sâu cuốn lá; sâu khoang; sâu tơ; sâu vẽ bùa; sâu xanh da láng; sâu đục quả; sâu đục thân,
Aki-Verati 500WP,Fenbutatin oxide (min 95%),Thuốc trừ sâu,Công ty TNHH BVTV Akita Việt Nam,hoa cúc,nhện đỏ,
Kixoren 50WP,Fenbutatin oxide (min 95%),Thuốc trừ sâu,Công ty CP Nông dược HAI,chè,nhện đỏ nâu,
Newfen 50SC,Fenbutatin oxide (min 95%),Thuốc trừ sâu,Công ty TNHH TM Gem Sky,hoa hồng,nhện đỏ,
Nilmite 550SC,Fenbutatin oxide (min 95%),Thuốc trừ sâu,Công ty CP Hợp Trí Summit,cam; hoa hồng; lúa,nhện gié; nhện đỏ,
Sailun 50SC,Fenbutatin oxide (min 95%),Thuốc trừ sâu,Công ty TNHH Nam Bắc,hoa hồng,nhện đỏ,
Pro-F 38EC,Fenbutatin oxide 8% + Propargite 30%,Thuốc trừ sâu,Công ty TNHH MTV BVTV Omega,cam,nhện đỏ,
Factor 50EC,Fenitrothion (min 95%),Thuốc trừ sâu,Asiatic Agricultural Industries Pte Ltd,cà phê; lúa,rệp sáp; sâu đục thân,
Forwathion 50EC,Fenitrothion (min 95%),Thuốc trừ sâu,Forward International Ltd,cà phê; lúa,rệp; sâu đục thân,
Metyl annong 50EC,Fenitrothion (min 95%),Thuốc trừ sâu,Công ty TNHH An Nông,cà phê; lúa; rệp,sáp; sâu cuốn lá,
Nysuthion 50EC,Fenitrothion (min 95%),Thuốc trừ sâu,Công ty TNHH TM và SX Ngọc Yến,lúa,bọ trĩ,
Sumithion 50 EC,Fenitrothion (min 95%),Thuốc trừ sâu,Công ty TNHH Hóa chất Sumitomo Việt Nam,lúa,bọ trĩ; sâu cuốn lá,
"Visumit 5DP, 50EC",Fenitrothion (min 95%),Thuốc trừ sâu,Công ty CP Thuốc sát trùng Việt Nam,châu; cà phê; lúa,chấu; cào cào; rệp sáp; sâu trong đất,
Difetigi 75 EC,Fenitrothion 45% + Fenobucarb 30%,Thuốc trừ sâu,Công ty CP Vật tư NN Tiền Giang,lúa,rầy nâu,
Subatox 75 EC,Fenitrothion 45% + Fenobucarb 30%,Thuốc trừ sâu,Công ty CP BVTV I TW,cà phê; lúa; rệp,sáp; sâu cuốn lá,
Hosithion 30EC,Fenitrothion 250g/l (25%) + Fenvalerate 50g/l (5%),Thuốc trừ sâu,Công ty CP Hóc Môn,lúa; lạc; sâu,bọ xít hôi; khoang,
Sumicombi 30EC,Fenitrothion 250g/l (25%) + Fenvalerate 50g/l (5%),Thuốc trừ sâu,Công ty TNHH Hóa chất Sumitomo Việt Nam,cà phê; lúa; đậu tương,bọ xít; rầy nâu; rệp vảy; sâu cuốn lá; sâu khoang; sâu đục quả; sâu đục thân,
Sumitigi 30EC,Fenitrothion 250g/l (25%) + Fenvalerate 50g/l (5%),Thuốc trừ sâu,Công ty CP Vật tư NN Tiền Giang,lúa,sâu cuốn lá,
Danitol-S 50EC,Fenitrothion 450g/l + Fenpropathrin 50g/l,Thuốc trừ sâu,Công ty TNHH Hóa chất Sumitomo Việt Nam,bông vải; cà phê; lúa,bọ trĩ; nhện; rầy nâu; rầy xanh; rệp; rệp sáp; sâu xanh; sâu đục cành; đục quả,
Abasba 50EC,Fenobucarb (BPMC) (min 96%),Thuốc trừ sâu,Công ty TNHH Hóa chất Đại Nam Á,lúa,rầy nâu,
Anba 50EC,Fenobucarb (BPMC) (min 96%),Thuốc trừ sâu,Công ty CP SX - TM - DV,bọ; hồ tiêu; lúa; đậu tương,rầy nâu; rệp; xít,
Basasuper 700EC,Fenobucarb (BPMC) (min 96%),Thuốc trừ sâu,Công ty TNHH Hóa sinh Á Châu,cà phê,rệp sáp,
Bascide 50EC,Fenobucarb (BPMC) (min 96%),Thuốc trừ sâu,Công ty CP BVTV Sài Gòn,lúa; thuốc lá,rầy nâu; rệp,
Bassa 50EC,Fenobucarb (BPMC) (min 96%),Thuốc trừ sâu,Công ty TNHH Nichino Việt Nam,bông vải; lúa; rệp,rầy; sáp,
Bassatigi 50EC,Fenobucarb (BPMC) (min 96%),Thuốc trừ sâu,Công ty CP Vật tư NN Tiền Giang,lúa,rầy nâu; sâu keo,
Dibacide 50EC,Fenobucarb (BPMC) (min 96%),Thuốc trừ sâu,Công ty TNHH XNK Quốc tế SARA,lúa,rầy nâu,
Dosadx 50EC,Fenobucarb (BPMC) (min 96%),Thuốc trừ sâu,Công ty CP Đồng Xanh,lúa,rầy nâu,
Excel Basa 50EC,Fenobucarb (BPMC) (min 96%),Thuốc trừ sâu,Công ty CP Việt Thắng Group,lúa,rầy nâu,
Forcin 50EC,Fenobucarb (BPMC) (min 96%),Thuốc trừ sâu,Forward International Ltd,bông vải; bọ; lúa,rầy nâu; trĩ,
Hoppecin 50EC,Fenobucarb (BPMC) (min 96%),Thuốc trừ sâu,Công ty CP Nông dược HAI,lúa,rầy nâu,
Jetan 50EC,Fenobucarb (BPMC) (min 96%),Thuốc trừ sâu,Công ty CP Tập đoàn Lộc Trời,cà phê; lúa; rệp,rầy nâu; sáp,
Metasa 500EC,Fenobucarb (BPMC) (min 96%),Thuốc trừ sâu,Công ty TNHH TM Tân Thành,lúa,rầy nâu,
Nibas 50EC,Fenobucarb (BPMC) (min 96%),Thuốc trừ sâu,Công ty CP Nicotex,cà phê; lúa; rệp,rầy lưng trắng; rầy nâu; vảy,
Pasha 50EC,Fenobucarb (BPMC) (min 96%),Thuốc trừ sâu,Công ty TNHH TM - DV Thanh Sơn Hóa Nông,lúa,rầy nâu,
Super Kill 50EC,Fenobucarb (BPMC) (min 96%),Thuốc trừ sâu,Công ty TNHH Hóa nông Lúa Vàng,lúa,rầy nâu,
Tapsa 50EC,Fenobucarb (BPMC) (min 96%),Thuốc trừ sâu,Công ty TNHH TM Thái Phong,lúa,rầy nâu,
Triray 50EC,Fenobucarb (BPMC) (min 96%),Thuốc trừ sâu,Công ty TNHH Kiên Nam,lúa,rầy nâu,
Vibasa 50EC,Fenobucarb (BPMC) (min 96%),Thuốc trừ sâu,Công ty CP Thuốc sát trùng Việt Nam,bông vải; lúa,rầy; rầy nâu; rệp,
Vitagro 50EC,Fenobucarb (BPMC) (min 96%),Thuốc trừ sâu,Asiatic Agricultural Industries Pte Ltd,lúa,rầy nâu,
Azora 350EC,Fenobucarb 300g/l + Imidacloprid 50g/l,Thuốc trừ sâu,Công ty CP Quốc tế Hòa Bình,lúa,rầy nâu,
Javipas 450EC,Fenobucarb 415g/l + Imidacloprid 35g/l,Thuốc trừ sâu,Công ty CP nông dược Nhật Việt,lúa,rầy nâu,
Lanro 500EC,Fenobucarb 450g/l + Imidacloprid 50g/l,Thuốc trừ sâu,Công ty CP Nông dược Agriking,lúa,bọ trĩ; rầy nâu,
"Anbas 200WP, 300EC",Fenobucarb (5g/kg) 150g/l + Isoprocarb (195g/kg) 150g/l,Thuốc trừ sâu,Công ty CP XNK Nông dược Hoàng Ân,lúa,rầy nâu,
Kimbas 500EC,Fenobucarb 350g/l + Isoprocarb 150g/l,Thuốc trừ sâu,Công ty CP Nông dược Agriking,lúa,rầy nâu; sâu cuốn lá,
Viphensa 50EC,Fenobucarb 20% + Phenthoate 30%,Thuốc trừ sâu,Công ty CP Thuốc sát trùng Việt Nam,lúa,sâu đục bẹ; sâu đục thân,
Diony 75EC,Fenobucarb 30% (300g/l) + Phenthoate 45% (450g/l),Thuốc trừ sâu,Công ty TNHH TM và SX Ngọc Yến,lúa,rầy nâu,
Hopsan 75EC,Fenobucarb 30% (300g/l) + Phenthoate 45% (450g/l),Thuốc trừ sâu,Công ty CP Nông dược HAI,lúa,bọ xít hôi; rầy nâu,
Knockdown 75EC,Fenobucarb 45% + Phenthoate 30%,Thuốc trừ sâu,Công ty CP Vật tư NN Tiền Giang,lúa; lạc; sâu,rầy nâu; xanh,
Abasa 755EC,Fenobucarb 305 g/l + Phenthoate 450 g/l,Thuốc trừ sâu,Công ty CP SX - TM - DV Ngọc Tùng,cà phê; lúa; lạc; điều,bọ xít muỗi; mọt đục cành; rầy nâu; rệp sáp; sâu cuốn lá; sâu xanh; sâu đục thân,
Alfapathrin 100 EC,Fenpropathrin (min 90%),Thuốc trừ sâu,Công ty TNHH Alfa (Sài gòn),lúa,nhện gié; sâu cuốn lá,
Danitol 10EC,Fenpropathrin (min 90%),Thuốc trừ sâu,Công ty TNHH Hóa chất Sumitomo Việt Nam,bông vải; hoa hồng; nhện,rệp; đỏ,
Sauso 10EC,Fenpropathrin (min 90%),Thuốc trừ sâu,Công ty TNHH Nam Bắc,hoa hồng; lúa; nhện,gié; nhện đỏ,
Takamite 20EC,Fenpropathrin (min 90%),Thuốc trừ sâu,Công ty CP Hóa sinh Takashi Nhật Bản,hoa hồng,nhện đỏ,
Vimite 10EC,Fenpropathrin (min 90%),Thuốc trừ sâu,Công ty CP Thuốc sát trùng Việt Nam,cà phê; hoa hồng,bọ trĩ; nhện đỏ; rệp sáp,
Mogaz 220EC,Fenpropathrin 160g/l + Hexythiazox 60g/l,Thuốc trừ sâu,Sundat (S) PTe Ltd,hoa hồng; lúa,nhện gié; nhện đỏ,
Spider man 220EC,Fenpropathrin 160g/l + Hexythiazox 60g/l,Thuốc trừ sâu,Công ty TNHH TM và SX Ngọc Yến,hoa hồng; lúa; nhện,nhện gié; đỏ,
Feroxim 25EC,Fenpropathrin 5% + Phoxim 20%,Thuốc trừ sâu,Công ty TNHH Agrofarm,sắn,bọ phấn,
Ratop 205EC,Fenpropathrin 5g/l + Pyridaben 200g/l,Thuốc trừ sâu,Công ty TNHH Thuốc BVTV Liên doanh Nhật Mỹ,lạc,sâu khoang,
Sieunhen 300EC,Fenpropathrin 100g/l + Pyridaben 200g/l,Thuốc trừ sâu,Công ty CP Quốc tế Hòa Bình,lúa,nhện gié,
"Calicydan 150EW, 310EC",Fenpropathrin 100g/l (5g/l) + Profenofos 40g/l (300g/l) + Pyridaben 10g/l (5g/l),Thuốc trừ sâu,Công ty TNHH Thuốc BVTV Liên doanh Nhật Mỹ,cà phê; lúa,giả; nhện gié,
Naldaphos 350EC,Fenpropathrin 100g/l + Quinalphos 250g/l,Thuốc trừ sâu,Công ty CP Quốc tế Hòa Bình,lúa,nhện gié,
Linoromax 20SC,Fenpyroximate (min 96%),Thuốc trừ sâu,Công ty CP SX TM DV Tam Lập Thành,lạc,nhện đỏ,
May 050SC,Fenpyroximate (min 96%),Thuốc trừ sâu,Công ty TNHH TM - DV Thanh Sơn Hóa Nông,lúa,nhện gié,
Nasata 5SC,Fenpyroximate (min 96%),Thuốc trừ sâu,Công ty CP Liên nông Việt Nam,ca cao; hoa hồng; lạc,bọ xít muỗi; nhện đỏ,
Ortus 5SC,Fenpyroximate (min 96%),Thuốc trừ sâu,Công ty TNHH Nichino Việt Nam,bông vải; hoa hồng,nhện đỏ,
Simson 50SC,Fenpyroximate (min 96%),Thuốc trừ sâu,Công ty TNHH Agro Việt,hoa hồng,nhện đỏ,
Ω-Baxi 13EW,Fenpyroximate 3% + Propargite 10%,Thuốc trừ sâu,Công ty TNHH MTV BVTV Omega,lạc,nhện đỏ,
Rebat 20SC,Fenpyroximate 50g/l + Pyridaben 150g/l,Thuốc trừ sâu,Công ty TNHH TM Tân Thành,ca cao; hoa hồng; lúa; điều,bọ xít muỗi; nhện gié; nhện đỏ,
Dibatox 20EC,Fenvalerate (min 93%),Thuốc trừ sâu,Công ty TNHH XNK Quốc tế SARA,cà phê; lúa; lạc,rệp sáp; sâu cuốn lá; sâu keo,
Fantasy 20EC,Fenvalerate (min 93%),Thuốc trừ sâu,Asiatic Agricultural Industries Pte Ltd,lúa,rầy nâu,
Fenkill 20EC,Fenvalerate (min 93%),Thuốc trừ sâu,Công ty TNHH UPL Việt Nam,lúa; sâu đục; đậu tương,quả; sâu đục thân,
First 20EC,Fenvalerate (min 93%),Thuốc trừ sâu,Zagro Singapore Pte Ltd,lúa,bọ xít,
Kuang Hwa Din 20EC,Fenvalerate (min 93%),Thuốc trừ sâu,Bion Tech Inc,lúa,rầy xanh,
Pathion 20EC,Fenvalerate (min 93%),Thuốc trừ sâu,Công ty TNHH TM - DV Thanh Sơn Hóa Nông,thuốc lá,sâu xanh,
Pyvalerate 20 EC,Fenvalerate (min 93%),Thuốc trừ sâu,Forward International Ltd,lúa; điều,bọ xít muỗi; rầy nâu; sâu cuốn lá,
Sanvalerate 200 EC,Fenvalerate (min 93%),Thuốc trừ sâu,"Longfat Global Co., Ltd",lúa,bọ xít,
Sutomo 25EC,Fenvalerate (min 93%),Thuốc trừ sâu,Công ty CP SX - TM - DV Ngọc Tùng,đậu tương,sâu đục quả,
Timycin 20 EC,Fenvalerate (min 93%),Thuốc trừ sâu,Công ty TNHH - TM Thái Phong,lúa,bọ xít,
Vifenva 20 EC,Fenvalerate (min 93%),Thuốc trừ sâu,Công ty CP Thuốc sát trùng Việt Nam,bọ; lúa; sâu; thuốc lá; đậu xanh,keo; sâu xanh; xít,
Oxi Plus 20EC,Fenvalerate 5% + Phoxim 15%,Thuốc trừ sâu,Công ty TNHH Cooperation Bio Đức,ngô,rệp muội,
Metsi vip 30EC,Fenvalerate 5% + Phoxim 25%,Thuốc trừ sâu,Công ty TNHH Pesticide Nhật Bản,ngô,sâu keo mùa thu,
Amphoxim 25EC,Fenvalerate 6.25% + Phoxim 18.75%,Thuốc trừ sâu,Công ty CP Hóa nông AMC,lạc,sâu cuốn lá,
Concept 500EC,Fenvalerate 45g/l + Phoxim 455g/l,Thuốc trừ sâu,Công ty CP SX và TM Công nghệ Châu Âu,lạc,sâu khoang,
Gladius 10SC,Flometoquin (min 94%),Thuốc trừ sâu,Sumitomo Corporation Vietnam LLC,bọ phấn; hoa cúc; sâu xanh da; sắn; đậu tương,bọ trĩ; láng; trắng,
Quinac 10SC,Flometoquin (min 94%),Thuốc trừ sâu,Công ty TNHH Á Châu Hoá Sinh,lúa; sâu xanh da; đậu tương,láng; rầy nâu,
Acpymezin 10WG,Flonicamid (min 96%),Thuốc trừ sâu,Công ty TNHH Hóa sinh Á Châu,lúa,rầy nâu nhỏ,
Ace focamid 50WG,Flonicamid (min 96%),Thuốc trừ sâu,Công ty CP ACE Biochem Việt Nam,hoa cúc; sắn; thuốc lá,bọ phấn; bọ trĩ,
Exami 20WG,Flonicamid (min 96%),Thuốc trừ sâu,Công ty CP BMC Vĩnh Phúc,lúa,rầy nâu,
Fairway 500WG,Flonicamid (min 96%),Thuốc trừ sâu,Công ty TNHH Alfa (Sài Gòn),ngô,rệp muội,
Itaray 10SC,Flonicamid (min 96%),Thuốc trừ sâu,Công ty CP Itagro Việt Nam,khoai tây; sắn,bọ phấn trắng; rệp sáp bột hồng,
Million 50WG,Flonicamid (min 96%),Thuốc trừ sâu,Công ty CP BMC Việt Nam,lúa,rầy nâu,
Teppeki 50WG,Flonicamid (min 96%),Thuốc trừ sâu,Sumitomo Corporation Vietnam LLC,lúa,rầy nâu,
Achetray 500WP,Flonicamid 100g/kg + Nitenpyram 400g/kg,Thuốc trừ sâu,Công ty TNHH Hóa sinh Á Châu,lúa,rầy nâu,
Florid 700WP,Flonicamid 100g/kg + Nitenpyram 300g/kg + Pymetrozine 300g/kg,Thuốc trừ sâu,Công ty TNHH Hóa sinh Á Châu,lúa,rầy nâu,
Top hits 700WG,Flonicamid 200g/kg + Pymetrozine 500g/kg,Thuốc trừ sâu,Công ty TNHH Phú Nông,cà phê,rệp sáp,
Spi Ggo 10SC,Flonicamid 3% + Spirotetramat 7%,Thuốc trừ sâu,Công ty TNHH Nông nghiệp Công nghệ xanh Bắc Giang,hoa hồng,bọ trĩ,
VT-Flor 30SC,Flonicamid 10% + Spirotetramat 20%,Thuốc trừ sâu,Công ty TNHH CNSH Quốc tế Việt Thái,sắn,bọ phấn trắng,
Bicide Extra 250SC,Flonicamid 75g/l + Spirotetramat 175g/l,Thuốc trừ sâu,"Shandong Runke Chemical Co., Ltd",cà phê; sắn,bọ phấn; rệp sáp,
Nafloxam 60WG,Flonicamid 20% + Thiamethoxam 40%,Thuốc trừ sâu,"Nanjing Agrochemical Co., Ltd",sắn,bọ phấn trắng,
Salibro® 500SC,Fluazaindolizine (min 96.1%),Thuốc trừ sâu,Công ty TNHH Corteva Agriscience Việt Nam,hồ tiêu,tuyến trùng,
Flame 500SC,Fluazinam (min 96%),Thuốc trừ sâu,Công ty TNHH Alfa (Sài Gòn),cam; lúa; nhện,gié; nhện đỏ,
Ang.clean 250SC,Fluacrypyrim (min 95%),Thuốc trừ sâu,Công ty TNHH An Nông,lúa,nhện gié,
BH-Tamil 39.35SC,Flubendiamide (min 95%),Thuốc trừ sâu,Công ty TNHH B.Helmer,cải bắp,sâu tơ,
Flagrole 20WG,Flubendiamide (min 95%),Thuốc trừ sâu,"Shandong Weifang Rainbow Chemical Co., Ltd",cà chua; lạc,sâu khoang; sâu đục quả,
Saikumi 39.35SC,Flubendiamide (min 95%),Thuốc trừ sâu,Công ty CP BVTV Sài Gòn,bắp cải; khoai lang; ngô; sâu; sâu keo mùa,khoang; sâu tơ; thu,
Superkumi 200SC,Flubendiamide (min 95%),Thuốc trừ sâu,Công ty TNHH Phú Nông,thanh long,bọ trĩ,
"Takumi 20WG, 20SC",Flubendiamide (min 95%),Thuốc trừ sâu,"Nihon Nohyaku Co., Ltd",bưởi; bắp cải; cà chua; lúa; lạc; ngô; sầu riêng; vải,sâu cuốn lá; sâu keo mùa thu; sâu khoang; sâu tơ; sâu đục quả; tơ,
TT Gix 20SC,Flubendiamide (min 95%),Thuốc trừ sâu,Công ty CP Delta Cropcare,cải bắp,sâu tơ,
Beluka 250SC,Flubendiamide 100g/l + Metaflumizole 150g/l,Thuốc trừ sâu,Công ty CP Nông Nghiệp HP,lúa,sâu cuốn lá,
Fluprid 480SC,Flubendiamide 240g/l + Thiacloprid 240g/l,Thuốc trừ sâu,"Shandong Weifang Rainbow Chemical Co., Ltd",điều,Bọ xít muỗi,
Nimitz 480EC,Fluensulfone (min 95%),Thuốc trừ sâu,Công ty TNHH Adama Việt Nam,cà phê; hồ tiêu,tuyến trùng,
Cascade 5EC,Flufenoxuron (min 98%),Thuốc trừ sâu,"BASF Vietnam Co., Ltd",lạc; đậu tương,sâu xanh da láng,
Oxuron 10DC,Flufenoxuron (min 98%),Thuốc trừ sâu,Công ty TNHH Pesticide Nhật Bản,lạc,sâu xanh da láng,
Tachi 150SC,Flufiprole (min 97%),Thuốc trừ sâu,Công ty TNHH Hoá sinh Á châu,lúa,sâu cuốn lá,
Good 150SC,Flufiprole 50g/l + Indoxacarb 100g/l,Thuốc trừ sâu,Công ty TNHH Hóa sinh Á Châu,lúa,nhện gié,
Verdant 200SC,Flufiprole 150g/L + Lufenuron 50g/L,Thuốc trừ sâu,Công ty TNHH Phú Nông,cam,sâu vẽ bùa,
Sivanto Prime 200SL,Flupyradifurone (min 96%),Thuốc trừ sâu,Bayer Vietnam Ltd (BVL),cà phê; hồ tiêu; sắn,bọ phấn; rệp sáp,
Gracia 100EC,Fluxametamide (min 94%),Thuốc trừ sâu,Công ty TNHH Nissei Corporation Việt Nam,cải bắp; dưa hấu; hoa cúc,bọ trĩ; sâu tơ,
BN-Fosthi 10GR,Fosthiazate (min 93%),Thuốc trừ sâu,Công ty CP Bảo Nông Việt,cà phê,tuyến trùng,
Forzate 20EW,Fosthiazate (min 93%),Thuốc trừ sâu,Công ty CP BMC Việt Nam,cà phê; hồ tiêu,tuyến trùng rễ,
Foszateha 30CS,Fosthiazate (min 93%),Thuốc trừ sâu,Công ty TNHH BVTV Hoàng Anh,hồ tiêu,tuyến trùng,
Foster 15GR,Fosthiazate (min 93%),Thuốc trừ sâu,Công ty CP Liên doanh quốc tế Fujimoto,cà phê,tuyến trùng,
"Laska 10GR, 30CS",Fosthiazate (min 93%),Thuốc trừ sâu,Công ty CP Hóa chất SAM,cà phê,tuyến trùng,
Makeno 10GR,Fosthiazate (min 93%),Thuốc trừ sâu,Công ty CP ĐT TM và PTNN ADI,cà phê; hồ tiêu,tuyến trùng,
"Nemafos 10GR, 30CS",Fosthiazate (min 93%),Thuốc trừ sâu,Công ty TNHH Hoá Sinh Á Châu,hồ tiêu,tuyến trùng,
Nema King 10GR,Fosthiazate (min 93%),Thuốc trừ sâu,Công ty CP SX - TM - DV Ngọc Tùng,cà phê; hồ tiêu,tuyến trùng,
Nemathorin 10GR,Fosthiazate (min 93%),Thuốc trừ sâu,Sumitomo Corporation Vietnam LLC,cà phê; hồ tiêu,tuyến trùng,
Nemazate 15GR,Fosthiazate (min 93%),Thuốc trừ sâu,Công ty TNHH Phú Nông,cà phê,tuyến trùng,
Quota 10GR,Fosthiazate (min 93%),Thuốc trừ sâu,Công ty TNHH ADC,cà phê; hồ tiêu,tuyến trùng,
Sagofort 10GR,Fosthiazate (min 93%),Thuốc trừ sâu,Công ty CP BVTV Sài Gòn,hồ tiêu,tuyến trùng,
Sakuto 10GR,Fosthiazate (min 93%),Thuốc trừ sâu,Công ty TNHH US Agro,cà phê,tuyến trùng,
Sun Choong En 5GR,Fosthiazate (min 93%),Thuốc trừ sâu,Công ty TNHH hỗ trợ phát triển kỹ thuật và chuyển giao công nghệ,hồ tiêu,tuyến trùng,
Tukuni 10GR,Fosthiazate (min 93%),Thuốc trừ sâu,Công ty TNHH Trường Thịnh,hồ tiêu,tuyến trùng,
Urefos 10GR,Fosthiazate (min 93%),Thuốc trừ sâu,Công ty CP Nông dược Việt Nam,hồ tiêu,tuyến trùng,
Nematix 6EW,Fosthiazate 5% + Oligosaccharins 1%,Thuốc trừ sâu,Brightmart CropScience,hồ tiêu,tuyến trùng,
Fufe-super 100SC,Fufenozide (min 98%),Thuốc trừ sâu,Công ty TNHH Hóa Sinh Á Châu,lúa,sâu cuốn lá,
Vantex 15CS,Gamma-cyhalothrin (min 98%),Thuốc trừ sâu,Công ty TNHH FMC Việt Nam,lúa; lạc; sâu xanh da,láng; sâu đục thân,
Bralic-Tỏi Tỏi 1.25SL,Garlic juice,Thuốc trừ sâu,Công ty TNHH Adama Việt Nam,cà chua,bọ phấn,
Biorepel 10SL,Garlic juice,Thuốc trừ sâu,Công ty TNHH Ngân Anh,chè; cà chua; cà phê; cải bó xôi; cải thảo; hoa cúc,bọ cánh tơ; bọ phấn; bọ xít muỗi; ruồi hại lá; rầy xanh; rệp muội; rệp sáp,
Inbio 100WP,Helicoverpa armigera nucleopolyhedrovirus (HearNPV),Thuốc trừ sâu,Công ty TNHH Kiên Nam,cải bắp; đậu tương,sâu xanh,
Fluron 100SC,Hexaflumuron (min 95%),Thuốc trừ sâu,Công ty TNHH Hoá Sinh Á Châu,cải bắp,sâu tơ,
Humeron 50EC,Hexaflumuron (min 95%),Thuốc trừ sâu,Công ty TNHH US Agro,cải bắp,sâu tơ,
Staras 50EC,Hexaflumuron (min 95%),Thuốc trừ sâu,Công ty CP Quốc tế Hòa Bình,lạc,sâu xanh,
Starmuron 5EC,Hexaflumuron (min 95%),Thuốc trừ sâu,Công ty CP Biostars,lạc,sâu xanh,
Akiazox 50EW,Hexythiazox (min 94%),Thuốc trừ sâu,Công ty TNHH BVTV Akita Việt Nam,hoa hồng,nhện đỏ,
Hezox 50EC,Hexythiazox (min 94%),Thuốc trừ sâu,Công ty TNHH US Agro,hoa hồng,nhện đỏ,
Hoshi 55.5EC,Hexythiazox (min 94%),Thuốc trừ sâu,Công ty TNHH TM và SX Ngọc Yến,lúa,nhện gié,
Lama 50EC,Hexythiazox (min 94%),Thuốc trừ sâu,Công ty CP BMC Vĩnh Phúc,cam; lúa; nhện,nhện gié; đỏ,
Lissom 5.45EC,Hexythiazox (min 94%),Thuốc trừ sâu,Công ty CP Nông dược HAI,hoa hồng,nhện đỏ,
Nissorun 5 EC,Hexythiazox (min 94%),Thuốc trừ sâu,Sumitomo Corporation Vietnam LLC,cam; chè; hoa huệ; hoa hồng; lúa; nhãn; vải; xoài; đu đủ,nhện gié; nhện lông nhung; nhện đỏ,
Nhendo 5EC,Hexythiazox (min 94%),Thuốc trừ sâu,Công ty TNHH MTV BVTV Long An,cam; lúa; nhện,nhện gié; đỏ,
Ogiva 5EC,Hexythiazox (min 94%),Thuốc trừ sâu,Công ty TNHH Master AG,hoa hồng,nhện đỏ,
Thizomite 200EC,Hexythiazox (min 94%),Thuốc trừ sâu,Shanghai Synagy Chemicals Company Limited,cam; nhện; sắn,bọ phấn trắng; đỏ,
Tomuki 50EC,Hexythiazox (min 94%),Thuốc trừ sâu,Công ty CP Nông dược Việt Nam,lúa,nhện gié,
Omega-Hexy 22EC,Hexythiazox 2% + Propargite 20%,Thuốc trừ sâu,Công ty TNHH MTV BVTV Omega,hoa hồng; rệp; đậu tương,muội; nhện đỏ,
Aki-siêu nhện 33EW,Hexythiazox 3% + Propargite 30%,Thuốc trừ sâu,Công ty TNHH BVTV Akita Việt Nam,lạc,nhện đỏ,
Profen 200EC,Hexythiazox 40g/l + Pyridaben 160g/l,Thuốc trừ sâu,Công ty CP Kiên Nam,hoa hồng; điều,bọ xít muỗi; nhện đỏ,
Super bomb 200EC,Hexythiazox 40g/l + Pyridaben 160g/l,Thuốc trừ sâu,Công ty TNHH TM DV Tấn Hưng,lúa,nhện gié,
Thizomi 200EC,Hexythiazox 40g/l + Pyridaben 160g/l,Thuốc trừ sâu,Công ty TNHH ADC,hoa hồng,nhện đỏ,
Acmayharay 100WP,Imidacloprid (min 96%),Thuốc trừ sâu,Công ty TNHH Hoá sinh Á Châu,lúa,rầy nâu,
Actador 100WP,Imidacloprid (min 96%),Thuốc trừ sâu,Công ty CP Khoa học CNC American,lúa,rầy nâu,
Actaprid 20SL,Imidacloprid (min 96%),Thuốc trừ sâu,Công ty TNHH TM ACT Việt Nam,mía,rệp bông xơ trắng,
"Admitox 050EC, 100SL, 100WP, 600SC, 750WG",Imidacloprid (min 96%),Thuốc trừ sâu,Công ty TNHH An Nông,bọ; cà phê; lúa; rầy; xử lý hạt giống trừ bọ trĩ,bọ trĩ; nâu; rầy nâu; sáp; trĩ,
AD-Overview 25WP,Imidacloprid (min 96%),Thuốc trừ sâu,Công ty TNHH Anh Dẩu Tiền Giang,lạc,rầy xanh,
Aicmidae 100WP,Imidacloprid (min 96%),Thuốc trừ sâu,Công ty CP Hoá chất Nông nghiệp và Công nghiệp AIC,lúa,Rầy nâu,
Akindia 17.8 SL,Imidacloprid (min 96%),Thuốc trừ sâu,Công ty TNHH A2T Việt Nam,sắn,bọ phấn,
"Amico 10EC, 200WP",Imidacloprid (min 96%),Thuốc trừ sâu,Công ty TNHH Alfa (Sài gòn),lúa,rầy nâu,
"Amida 100WP, 700WG",Imidacloprid (min 96%),Thuốc trừ sâu,Công ty TNHH TM Grevo,lạc,bọ trĩ,
"Anvado 100SL, 100WP, 200SC, 700WG",Imidacloprid (min 96%),Thuốc trừ sâu,Công ty TNHH Việt Thắng,lúa; ngô; tre,vàng,
"Armada 50EC, 100SL, 700WG",Imidacloprid (min 96%),Thuốc trừ sâu,Công ty TNHH XNK Quốc tế SARA,cà phê; lúa; lạc,bọ trĩ; rầy nâu; sáp; sâu cuốn lá; trĩ,
Asimo 10WP,Imidacloprid (min 96%),Thuốc trừ sâu,Công ty TNHH TM SX Thôn Trang,lúa,bọ trĩ,
"Biffiny 10 WP, 400SC, 600FS",Imidacloprid (min 96%),Thuốc trừ sâu,Công ty TNHH TM và SX Ngọc Yến,bọ; lúa; rầy,bọ trĩ; nâu; trĩ,
Canon 100SL,Imidacloprid (min 96%),Thuốc trừ sâu,Công ty CP TST Cần Thơ,cà phê; lúa; rệp,Bọ trĩ; sáp,
"Confidor 200SL, 200 OD, 700WG",Imidacloprid (min 96%),Thuốc trừ sâu,Bayer Vietnam Ltd (BVL),bông vải; bọ; cà phê; hồ tiêu; lúa; rệp; điều,bọ trĩ; nâu; rầy nâu; rầy xanh; rệp muội; rệp sáp; rệp vảy; sáp; trĩ,
"Conphai 10ME, 10WP, 100SL, 700WG",Imidacloprid (min 96%),Thuốc trừ sâu,Công ty TNHH Trường Thịnh,cà phê; lúa,nâu; rệp sáp,
Hamida 10WP,Imidacloprid (min 96%),Thuốc trừ sâu,Công ty CP TM Hải Ánh,đậu xanh,rệp muội,
Helmer Admida 350SC,Imidacloprid (min 96%),Thuốc trừ sâu,Công ty TNHH B.Helmer,sắn,bọ phấn trắng,
Idi Ggo 30.5SC,Imidacloprid (min 96%),Thuốc trừ sâu,Công ty TNHH Nông nghiệp Công nghệ xanh Bắc Giang,sắn,bọ phấn trắng,
"Imida 10WP, 20SL",Imidacloprid (min 96%),Thuốc trừ sâu,Công ty CP Long Hiệp,bọ; cà phê; lúa; rệp,bọ trĩ; sáp; trĩ,
Imidova 150WP,Imidacloprid (min 96%),Thuốc trừ sâu,Công ty TNHH Thuốc BVTV Đồng Vàng,hồ tiêu; lúa; rệp,Rầy nâu; sáp,
Imithai 70WG,Imidacloprid (min 96%),Thuốc trừ sâu,Công ty TNHH BVTV Việt Thái,vừng,rệp muội,
"Imitox 10WP, 20SL, 700WG",Imidacloprid (min 96%),Thuốc trừ sâu,Công ty CP Đồng Xanh,cà phê; lúa; rệp; sắn; xử lý hạt giống trừ bọ,bọ phấn trắng; bọ trĩ; nâu; rầy nâu; rệp sáp; sáp; trĩ,
Inmanda 100WP,Imidacloprid (min 96%),Thuốc trừ sâu,Công ty TNHH TM Bình Phương,lúa,rầy nâu,
Iproimida 20SL,Imidacloprid (min 96%),Thuốc trừ sâu,Công ty CP Futai,lúa,rầy nâu,
"Javidan 100WP, 150SC",Imidacloprid (min 96%),Thuốc trừ sâu,Công ty CP Nông dược Nhật Việt,lúa,rầy nâu,
Jiami 10SL,Imidacloprid (min 96%),Thuốc trừ sâu,Công ty CP Jia Non Biotech (VN),cà phê; lúa; rệp,rầy nâu; sáp,
Jugal 17.8 SL,Imidacloprid (min 96%),Thuốc trừ sâu,Công ty TNHH UPL Việt Nam,lúa,rầy nâu,
Just 050 EC,Imidacloprid (min 96%),Thuốc trừ sâu,Công ty TNHH TM - DV Thanh Sơn Hóa Nông,lúa,rầy nâu,
Kerala 700WG,Imidacloprid (min 96%),Thuốc trừ sâu,Công ty TNHH TM-SX GNC,lúa,rầy nâu,
Keyword 10SL,Imidacloprid (min 96%),Thuốc trừ sâu,"FarmHannong Co., Ltd",lúa,bọ trĩ,
Kimidac 050EC,Imidacloprid (min 96%),Thuốc trừ sâu,Công ty TNHH TM Tân Thành,lúa,bọ trĩ; rầy nâu,
"Kola 600FS, 700WG",Imidacloprid (min 96%),Thuốc trừ sâu,Công ty TNHH ADC,lúa,ruồi hại lá; rầy nâu; xử lý hạt giống trừ bọ trĩ,
"Kongpi-da 151WP, 700WG",Imidacloprid (min 96%),Thuốc trừ sâu,Công ty TNHH Hóa Nông Lúa Vàng,bọ xít; lúa; điều,muỗi; nâu; rầy nâu,
Lion Ray 200SC,Imidacloprid (min 96%),Thuốc trừ sâu,Công ty TNHH TCT Hà Nội,sắn,rệp sáp bột hồng,
"Map-Jono 5EC, 700WP",Imidacloprid (min 96%),Thuốc trừ sâu,Map Pacific Pte Ltd,bông vải; lúa; ngô,bọ trĩ; nâu; rầy xanh; sâu xám,
Mega-mi 178 SL,Imidacloprid (min 96%),Thuốc trừ sâu,Công ty TNHH TM Anh Thơ,hồ tiêu; lúa; điều,bọ trĩ; bọ xít muỗi; rầy nâu; rầy thánh giá,
MH-charita 100WP,Imidacloprid (min 96%),Thuốc trừ sâu,Công ty TNHH Hóa chất Mạnh Hùng,sắn,bọ phấn,
"Mikhada 10WP, 45ME, 70WG",Imidacloprid (min 96%),Thuốc trừ sâu,Công ty CP Nông dược Minh Khai,lúa,rầy nâu,TT28/2026: đổi tổ chức đăng ký
"Miretox 10EC, 250WP, 700WG",Imidacloprid (min 96%),Thuốc trừ sâu,Công ty CP Thuốc BVTV Việt Trung,lúa,rầy nâu,
Midan 10 WP,Imidacloprid (min 96%),Thuốc trừ sâu,Công ty CP Nicotex,bông vải; cà phê; lúa; điều,bọ trĩ; rầy lưng trắng; rầy nâu; rầy xanh; rệp vẩy,
"Nomida 10WP, 50EC, 700WG",Imidacloprid (min 96%),Thuốc trừ sâu,Công ty CP Điền Thạnh,bọ; lúa,trĩ,
OFI 200SL,Imidacloprid (min 96%),Thuốc trừ sâu,Công ty TNHH Đầu tư và Phát triển Ngọc Lâm,đậu tương,rệp muội,
Phenodan 10 WP,Imidacloprid (min 96%),Thuốc trừ sâu,Công ty TNHH VT BVTV Phương Mai,lúa,rầy nâu,
Pysone 700WG,Imidacloprid (min 96%),Thuốc trừ sâu,Công ty CP Nông nghiệp HP,lúa,rầy nâu,
Punto xtra 70WG,Imidacloprid (min 96%),Thuốc trừ sâu,Shandong Weifang Rainbow Chemical Co.Ltd,lúa,rầy nâu,
Samida 70WG,Imidacloprid (min 96%),Thuốc trừ sâu,Công ty CP SAM,sắn,rệp sáp bột hồng,
Saimida 100SL,Imidacloprid (min 96%),Thuốc trừ sâu,Công ty CP BVTV Sài Gòn,cà phê,rệp sáp,
"Samimi 30.5 SC, 20WP, 17.8SL",Imidacloprid (min 96%),Thuốc trừ sâu,Công ty CP Hóa chất SAM,mía; sắn,xơ,
Sahara 25WP,Imidacloprid (min 96%),Thuốc trừ sâu,Công ty TNHH MTV BVTV Thạnh Hưng,lúa,rầy nâu,
"Sectox 100WP, 200EC, 700WG",Imidacloprid (min 96%),Thuốc trừ sâu,Công ty CP Quốc tế Hòa Bình,bọ; lúa; lúa 200EC,rầy nâu; trĩ,
Stun 20SL,Imidacloprid (min 96%),Thuốc trừ sâu,"Hextar Chemicals Sdn, Bhd",hồ tiêu; lúa; lạc; điều,bọ trĩ; bọ xít lưới; bọ xít muỗi; rầy nâu,
Sun top 700WP,Imidacloprid (min 96%),Thuốc trừ sâu,Sundat (S) PTe Ltd,lúa,rầy nâu,
SV-Cleanex 2GR,Imidacloprid (min 96%),Thuốc trừ sâu,Công ty TNHH Saturn Chemical Việt Nam,lạc,sâu xám,
"T-email 10WP, 70WG",Imidacloprid (min 96%),Thuốc trừ sâu,Công ty CP SX - TM - DV Ngọc Tùng,cà phê; hồ tiêu; lúa; nhện; rầy nâu; điều; đậu xanh,bọ trĩ; bọ xít lưới; bọ xít muỗi; dòi đục lá; gié; nhện gié; rầy nâu; rệp sáp; rệp vảy,
Thần Địch Trùng 200WP,Imidacloprid (min 96%),Thuốc trừ sâu,Công ty TNHH Nam Nông Phát,lúa,Rầy nâu,
Thanasat 10WP,Imidacloprid (min 96%),Thuốc trừ sâu,Công ty CP Nông dược Việt Nam,lúa,rầy nâu,
"Tinomo 100SL, 100WP",Imidacloprid (min 96%),Thuốc trừ sâu,Công ty TNHH TM Thái Phong,cà phê; lúa,bọ trĩ; rầy nâu; sáp,
"Vicondor 50 EC, 700WP",Imidacloprid (min 96%),Thuốc trừ sâu,Công ty CP Thuốc sát trùng Việt Nam,cà phê; lúa; rệp,nâu; rầy nâu; sáp,
Vipespro 150SC,Imidacloprid (min 96%),Thuốc trừ sâu,Công ty TNHH Vipes Việt Nam,lúa,rầy nâu,
"Yamida 10WP, 100EC, 100SL, 700WG",Imidacloprid (min 96%),Thuốc trừ sâu,"Bailing Agrochemical Co., Ltd",cà phê; cà phê 100EC; lúa; rầy; rệp,bọ trĩ; nâu; rầy nâu; rệp sáp; rệp vảy; sáp; trĩ,
Aickacarb 250SC,Imidacloprid 200g/l + Indoxacarb 50g/l,Thuốc trừ sâu,Công ty CP Hoá chất Nông nghiệp và Công nghiệp AIC,lúa,sâu cuốn lá,
Yasaki 270SC,Imidacloprid 200g/l + Indoxacarb 70g/l,Thuốc trừ sâu,Công ty CP Nông dược Việt Nam,lúa,sâu cuốn lá,
Xacarb 300SC,Imidacloprid 150g/l + Indoxacarb 150g/l,Thuốc trừ sâu,Công ty TNHH Vipes Việt Nam,lúa,sâu cuốn lá,
Xarid 300SC,Imidacloprid 150g/l + Indoxacarb 150g/l,Thuốc trừ sâu,Công ty TNHH Kiên Nam,lúa,sâu cuốn lá,
Wealth 24WP,Imidacloprid 1.5% + Isoprocarb 22.5%,Thuốc trừ sâu,Công ty TNHH Anh Dẩu Tiền Giang,lạc,rệp muội,
Qshisuco 35WP,Imidacloprid 3% + Isoprocarb 32%,Thuốc trừ sâu,Công ty TNHH hỗ trợ phát triển kỹ thuật và chuyển giao công nghệ,lúa,rầy nâu,
Tiuray TSC 350WP,Imidacloprid 100g/kg + Isoprocarb 250g/kg,Thuốc trừ sâu,Công ty CP Lion Agrevo,lúa,rầy nâu,
VT-Lamic 15WP,Imidacloprid 12% + Lambda-cyhalothrin 3%,Thuốc trừ sâu,Công ty TNHH CNSH Quốc tế Việt Thái,sắn,rệp sáp bột hồng,
Centertrixx 750 WP,Imidacloprid 250g/kg + Lambda-cyhalothrin 50g/kg + Nitenpyram 450g/ kg,Thuốc trừ sâu,Công ty TNHH Hoá nông Mê Kông,lúa,rầy nâu,
Startcheck 755WP,Imidacloprid 205g/kg + Lambda-cyhalothrin 50g/kg + Nitenpyram 500g/kg,Thuốc trừ sâu,Công ty TNHH An Nông,lúa,rầy nâu,
Monopoly 440WP,Imidacloprid 15g/kg + Monosultap 425g/kg,Thuốc trừ sâu,Công ty TNHH Vestaron,lạc,sâu khoang,
Closutap 70WP,Imidacloprid 2% + Monosultap 68%,Thuốc trừ sâu,Công ty TNHH TAT Hà Nội,lạc,sâu khoang,
Sultapmax 58WP,Imidacloprid 2.5% + Monosultap 55.5%,Thuốc trừ sâu,Công ty CP TM SX - XNK Otuksa Nhật Bản,mía,sâu đục thân,
Ramsuper 75WP,Imidacloprid 5% + Nitenpyram 45% + Pymetrozine 25%,Thuốc trừ sâu,Công ty TNHH Hóa sinh Á Châu,lúa,rầy nâu,
Strongfast 700WP,Imidacloprid 200g/kg + Nitenpyram 450g/kg + Transfluthrin (min 95%) 50g/kg,Thuốc trừ sâu,Công ty TNHH An Nông,lúa,rầy nâu,
"Actagold 120WP, 200EC",Imidacloprid 100g/kg (50g/l) + Pirimicarb 20g/kg (150g/l),Thuốc trừ sâu,Công ty CP Thuốc BVTV Việt Trung,lúa,rầy lưng trắng,
Romano 250EC,Imidacloprid 50g/l + Profenofos 200g/l,Thuốc trừ sâu,Công ty CP Liên doanh quốc tế Fujimoto,lạc,sâu xanh da láng,
Vitasupe 250EC,Imidacloprid 50g/l + Profenofos 200g/l,Thuốc trừ sâu,Asiatic Agricultural Industries Pte Ltd,cà phê; lúa; rệp,rầy nâu; sáp,
Hapmisu 20EC,Imidacloprid 2% + Pyridaben 18%,Thuốc trừ sâu,Công ty TNHH Sản phẩm Công nghệ cao,bọ; cà phê; hoa hồng; lúa; lạc; nhện; rệp,bọ phấn; gié; sáp; trĩ,
Usatabon 17.5WP,Imidacloprid 2.5% + Pyridaben 15%,Thuốc trừ sâu,Công ty CP Khoa học Công nghệ cao American,cà phê; mía; rệp,rệp bông xơ; sáp,
"Tvpymeda 350WP, 650WG",Imidacloprid 150 g/kg (150g/kg) + Pymetrozine 200 g/kg (500g/kg),Thuốc trừ sâu,Công ty TNHH Hoá chất và TM Trần Vũ,lúa,rầy nâu,
Cherray 700WG,Imidacloprid 200g/kg + Pymetrozine 500g/kg,Thuốc trừ sâu,Công ty TNHH Việt Thắng,lúa,rầy nâu,
Sparkill 22.02SC,Imidacloprid 11.01% + Spirotetramat 11.01%,Thuốc trừ sâu,Công ty TNHH Dịch vụ Tư vấn Nông nghiệp Biopesticide,lạc,rệp muội,
Wofara 300WG,Imidacloprid 15g/kg + Thiamethoxam 285g/kg,Thuốc trừ sâu,Công ty CP Công nghệ cao Thuốc BVTV USA,lúa,rầy nâu,
Leader 350WG,Imidacloprid 150g/kg + Thiamethoxam 200g/kg,Thuốc trừ sâu,Công ty CP Tập Đoàn Điện Bàn,lúa,rầy nâu,
"NOSOT Super 300SC, 750WP",Imidacloprid 100g/l (400g/kg) + Thiamethoxam 200g/l (350g/kg),Thuốc trừ sâu,Công ty TNHH An Nông,lúa,rầy nâu,
Aicpyricyp 250WG,Imidacloprid 200g/kg + Thiamethoxam 50g/kg,Thuốc trừ sâu,Công ty CP Hoá chất Nông nghiệp và Công nghiệp AIC,lúa,rầy nâu,
Actadan 350WP,Imidaclorpid 10g/kg + Thiosultap-sodium (Nereistoxin) 340g/kg,Thuốc trừ sâu,Công ty CP Quốc tế Hòa Bình,lúa,sâu cuốn lá,
Zobin 90WP,Imidacloprid 5% + Thiosultap-sodium (Nereistoxin) 85%,Thuốc trừ sâu,Công ty CP Nông nghiệp HP,cà phê; lúa; lạc; điều; đậu tương,bọ xít muỗi; rệp sáp; sâu cuốn lá; sâu khoang; sâu xanh da láng; sâu đục thân,
Midanix 60WP,Imidacloprid 2% + Thiosultap-sodium (Nereistoxin) 58%,Thuốc trừ sâu,Công ty CP Nicotex,lúa; đậu tương,bọ trĩ; rầy nâu; sâu xanh,
"Vk.Dan 40GR, 950WP",Imidacloprid 4g/kg (20g/kg) + Thiosultap-sodium (Nereistoxin) 36g/kg (930g/kg),Thuốc trừ sâu,Công ty TNHH MTV BVTV Omega,lúa; ngô; sâu cuốn,lá; sâu đục thân,
Rep play 75WP,Imidacloprid 5% + Thiosultap-sodium (Nereistoxin) 70%,Thuốc trừ sâu,Công ty TNHH TM Nông Phát,lúa,bọ trĩ; rầy nâu; sâu cuốn lá; sâu đục bẹ,
Actatin 150SC,Indoxacarb (min 90%),Thuốc trừ sâu,Công ty CP Công nghệ cao Thuốc BVTV USA,lạc,sâu khoang,
Aficap 200SC,Indoxacarb (min 90%),Thuốc trừ sâu,Công ty CP Cali Agritech USA,lúa,sâu cuốn lá,
Agfan 15SC,Indoxacarb (min 90%),Thuốc trừ sâu,Albaugh Asia Pacific Limited,bọ xít; hồ tiêu; lúa; lạc; sâu,khoang; lưới; sâu cuốn lá,
Amateusamy 150SC,Indoxacarb (min 90%),Thuốc trừ sâu,Công ty TNHH TM SX Thôn Trang,lúa,sâu cuốn lá,
Amater 150SC,Indoxacarb (min 90%),Thuốc trừ sâu,Công ty CP Lion Agrevo,lúa; sâu xanh da; đậu tương,láng; sâu cuốn lá,
Avio 150SC,Indoxacarb (min 90%),Thuốc trừ sâu,Công ty TNHH TM Tân Thành,khoai lang; lúa; đậu tương,bọ hà; nhện gié; sâu cuốn lá; sâu xanh da láng,
"Ammate® 30WG, 150EC",Indoxacarb (min 90%),Thuốc trừ sâu,Công ty TNHH FMC Việt Nam,lúa; lạc; sâu; sâu cuốn; sâu xanh da; thuốc lá; đậu tương,khoang; lá; láng; sâu cuốn lá; xanh,
Anhvatơ 150SC,Indoxacarb (min 90%),Thuốc trừ sâu,Công ty TNHH TM Thái Phong,lúa,sâu cuốn lá,
Anmaten 150SC,Indoxacarb (min 90%),Thuốc trừ sâu,Công ty TNHH TM DV Việt Nông,lúa,sâu cuốn lá,
Atone 14.5SC,Indoxacarb (min 90%),Thuốc trừ sâu,Công ty TNHH SX & TM HAI Long An,ngô,sâu keo mùa thu,
Betakill 150SC,Indoxacarb (min 90%),Thuốc trừ sâu,Công ty CP Kỹ nghệ Hoàng Gia Anh,ngô,sâu keo mùa thu,
Blog 8SC,Indoxacarb (min 90%),Thuốc trừ sâu,Công ty TNHH TM - DV Thanh Sơn Hóa Nông,lúa,sâu cuốn lá,
"Clever 150SC, 300WG",Indoxacarb (min 90%),Thuốc trừ sâu,Công ty CP BVTV I TW,lúa,sâu cuốn lá,
Doxagan 150SC,Indoxacarb (min 90%),Thuốc trừ sâu,Công ty TNHH Adama Việt Nam,lúa,nhện gié; sâu cuốn lá,
HA.Cropando 14.5SC,Indoxacarb (min 90%),Thuốc trừ sâu,Công ty TNHH BVTV Hoàng Anh,lạc,sâu khoang,
Indocar 150SC,Indoxacarb (min 90%),Thuốc trừ sâu,Công ty TNHH Hoá sinh Á Châu,lúa,sâu cuốn lá,
Indogold 150SC,Indoxacarb (min 90%),Thuốc trừ sâu,Công ty CP Quốc tế Hòa Bình,lúa,sâu cuốn lá,
Indony 150SC,Indoxacarb (min 90%),Thuốc trừ sâu,Công ty TNHH TM và SX Ngọc Yến,lúa; đậu tương,nhện gié; sâu cuốn lá; sâu xanh da láng,
"Indosuper 150SC, 300WG",Indoxacarb (min 90%),Thuốc trừ sâu,Công ty TNHH Phú Nông,lúa; nhện; đậu tương,bọ trĩ; bọ xít hôi; gié; nhện gié; rệp muội; sâu cuốn lá; sâu xanh; sâu đục hoa; sâu đục quả,
Inrole 30WG,Indoxacarb (min 90%),Thuốc trừ sâu,"Shandong Weifang Rainbow Chemical Co., Ltd",lạc,sâu khoang,
Master Indo 150SC,Indoxacarb (min 90%),Thuốc trừ sâu,Công ty CP Vision Chemical,lạc,sâu khoang,
Newamate 200SC,Indoxacarb (min 90%),Thuốc trừ sâu,Công ty TNHH thuốc BVTV Đồng Vàng,lúa,sâu cuốn lá,
Opulent 150SC,Indoxacarb (min 90%),Thuốc trừ sâu,Công ty TNHH Minh Long,lúa,sâu cuốn lá,
Samxacarb 145SC,Indoxacarb (min 90%),Thuốc trừ sâu,Công ty CP SAM,lạc,sâu khoang,
Sparring 30WG,Indoxacarb (min 90%),Thuốc trừ sâu,Công ty TNHH hỗ trợ phát triển kỹ thuật và chuyển giao công nghệ,đậu tương,sâu xanh da láng,
Supermate 150SC,Indoxacarb (min 90%),Thuốc trừ sâu,Công ty TNHH An Nông,lúa; lạc; sâu; sâu cuốn; thuốc lá; đậu tương,khoang; lá; sâu xanh da láng; xanh,
"Sunset 100EC, 100ME, 100WP, 150SC, 300WG",Indoxacarb (min 90%),Thuốc trừ sâu,Công ty CP ĐT TM và PTNN ADI,lúa; ngô,lá,
Thamaten 150SC,Indoxacarb (min 90%),Thuốc trừ sâu,Công ty TNHH MTV BVTV Thạnh Hưng,lúa; đậu tương,sâu cuốn lá; sâu keo; sâu xanh da láng,
Zazz 150SC,Indoxacarb (min 90%),Thuốc trừ sâu,Công ty TNHH CNSH Quốc tế Việt Thái,đậu tương,sâu xanh da láng,
Wavesuper 15SC,Indoxacarb (min 90%),Thuốc trừ sâu,Công ty TNHH Nam Bộ,lúa; sâu; thuốc lá,sâu cuốn lá; xanh,
Divine 180SC,Indoxacarb 150g/l + Lambda-cyhalothrin 30g/l,Thuốc trừ sâu,Công ty CP CN Hóa chất Nhật Bản Kasuta,lúa,sâu cuốn lá,
Casino 200SC,Indoxacarb 150 g/l + Lambda-cyhalothrin 50 g/l,Thuốc trừ sâu,Công ty TNHH Vipes Việt Nam,lúa,sâu cuốn lá,
August 350WG,Indoxacarb 345 g/kg + Matrine 5g/kg,Thuốc trừ sâu,Công ty CP CN Hoá chất Nhật Bản Kasuta,lúa,sâu cuốn lá,
Raptor Wips 26SC,Indoxacarb 13% + Methoxyfenozide 13%,Thuốc trừ sâu,Công ty CP Kỹ thuật công nghệ Klever,lạc,sâu cuốn lá,
Carno 250SC,Indoxacarb 100 g/l + Methoxyfenozide 150 g/l,Thuốc trừ sâu,Công ty CP Global Farm,lúa; ngô; sâu cuốn,lá; sâu keo mùa thu,
AF-Unimax 40SC,Indoxacarb 10% + Methoxyfenozide 30%,Thuốc trừ sâu,Công ty TNHH Agrifuture,lạc,sâu khoang,
Atmeca 40SC,Indoxacarb 10% + Methoxyfenozide 30%,Thuốc trừ sâu,Công ty TNHH MTV XNK Quốc tế An Thành,ngô,sâu keo mùa thu,
ET-Mecar 35SC,Indoxacarb 15% + Methoxyfenozide 20%,Thuốc trừ sâu,"Shanghai E-tong Chemical Co., Ltd",ngô,sâu keo mùa thu,
Superplus 35SC,Indoxacarb 15% + Methoxyfenozide 20%,Thuốc trừ sâu,Công ty TNHH A2T Việt Nam,lạc,sâu khoang,
Plemax 320SC,Indoxacarb 240 g/l + Novaluron 80 g/l,Thuốc trừ sâu,Công ty TNHH Adama Việt Nam,ngô,sâu keo mùa thu,
BV.Cropskill 9.75 SC,Indoxacarb 4.5% + Novaluron 5.25%,Thuốc trừ sâu,Công ty TNHH BVTV Hoàng Anh,lạc,sâu khoang,
"Goldkte 55.5WG, 85EW, 200SC","Indoxacarb 55g/kg (0.2g/l), (160g/l) + Profenofos 0.5g/kg (84.8g/l), (40g/l)",Thuốc trừ sâu,Công ty TNHH Thuốc BVTV Liên doanh Nhật Mỹ,lúa,sâu cuốn lá,
Pymin 600WG,Indoxacarb 50g/kg + Pymetrozine 550g/kg,Thuốc trừ sâu,Công ty CP Nông Tín AG,lúa,rầy nâu,
Captain 350SC,Indoxacarb 150g/l + Tebufenozide 200g/l,Thuốc trừ sâu,Công ty TNHH Alfa (Sài gòn),lúa,sâu cuốn lá,
"Incipio® 200SC, 100DC",Isocycloseram (min 96%),Thuốc trừ sâu,Công ty TNHH Syngenta Việt Nam,cam; cải bắp; cải ngọt; dưa hấu; lúa,bọ nhảy; bọ trĩ; nhện đỏ; sâu cuốn lá; sâu đục thân; tơ,
Mipcide 50WP,Isoprocarb (min 95%),Thuốc trừ sâu,Công ty CP BVTV Sài Gòn,bông vải; lúa; rầy,nâu; rầy xanh,
Micinjapane 500WP,Isoprocarb (min 95%),Thuốc trừ sâu,Công ty TNHH TM SX Thôn Trang,lúa,rầy nâu,
"Tigicarb 20EC, 25WP",Isoprocarb (min 95%),Thuốc trừ sâu,Công ty CP Vật tư NN Tiền Giang,lúa,rầy nâu,
"Vimipc 20EC, 25WP",Isoprocarb (min 95%),Thuốc trừ sâu,Công ty CP Thuốc sát trùng Việt Nam,lúa,rầy,
AA-Hammer 25WP,Isoprocarb 22% + Thiamethoxam 3%,Thuốc trừ sâu,Công ty TNHH XNK TM Agriasian,lạc,sâu khoang,
Cynite 425 WP,Isoprocarb 400g/kg + Thiamethoxam 25g/kg,Thuốc trừ sâu,Công ty TNHH Hóa Nông Lúa Vàng,lúa,rầy nâu,
Zorket 450WP,Isoprocarb 400g/kg + Thiacloprid 50g/kg,Thuốc trừ sâu,Công ty TNHH Được Mùa,lúa,rầy nâu,
Silwet 300WP,Isoprocarb 200g/kg + Pymetrozine 100g/kg,Thuốc trừ sâu,Công ty TNHH Hóa Nông Lúa Vàng,lúa,rầy nâu,
Dobamper 50WP,Isoprocarb 40% + Pymetrozine 10%,Thuốc trừ sâu,Công ty CP Nông dược Việt Thành,hồ tiêu,rầy xanh,
Hapyro 50WP,Isoprocarb 40% + Pymetrozine 10%,Thuốc trừ sâu,Công ty CP TM Hải Ánh,lạc,sâu khoang,
Pentax 680WG,Isoprocarb 600g/kg + Pymetrozine 80g/kg,Thuốc trừ sâu,Công ty TNHH hỗ trợ phát triển kỹ thuật và chuyển giao công nghệ,lúa,rầy nâu,
Takare 2EC,Karanjin,Thuốc trừ sâu,Công ty CP Nông dược HAI,cam; chè; dưa chuột; dưa hấu; hồ tiêu; lúa; nho; nhãn; vải,bọ cánh tơ; bọ trĩ; nhện gié; nhện lông nhung; nhện đỏ,
TT-umax 2EC,Karanjin,Thuốc trừ sâu,Công ty CP Delta Cropcare,bọ; cam; dưa hấu; lúa; nhện,sâu cuốn lá; trĩ; đỏ,
Cyhella 250CS,Lambda-cyhalothrin (min 81%),Thuốc trừ sâu,Công ty TNHH Việt Hóa Nông,lúa,sâu cuốn lá,
Karate 2.5 EC,Lambda-cyhalothrin (min 81%),Thuốc trừ sâu,Công ty TNHH Syngenta Việt Nam,lúa; lạc; điều; đậu tương,bọ trĩ; bọ xít; bọ xít muỗi; rầy nâu; sâu cuốn lá; sâu phao; sâu ăn lá,
Katedapha 25EC,Lambda-cyhalothrin (min 81%),Thuốc trừ sâu,Công ty TNHH KD HC Việt Bình Phát,lúa; lạc; điều; đậu tương,bọ xít; bọ xít muỗi; sâu cuốn lá; sâu xanh da láng; sâu đục quả,
Katera 50EC,Lambda-cyhalothrin (min 81%),Thuốc trừ sâu,Công ty CP Thanh Điền,lúa,bọ trĩ; rầy nâu; sâu cuốn lá; sâu phao đục bẹ,
"K-T annong 25EC, 25EW",Lambda-cyhalothrin (min 81%),Thuốc trừ sâu,Công ty TNHH An Nông,lúa; sâu; đậu tương,khoang; sâu cuốn lá,
K-Tee Super 50EC,Lambda-cyhalothrin (min 81%),Thuốc trừ sâu,Công ty CP Công nghệ cao Thuốc BVTV USA,lúa,sâu cuốn lá; sâu đục thân,
Fast Kill 2.5 EC,Lambda-cyhalothrin (min 81%),Thuốc trừ sâu,Công ty TNHH TM - DV Thanh Sơn Hóa Nông,thuốc lá,rệp,
Iprolamcy 5EC,Lambda-cyhalothrin (min 81%),Thuốc trừ sâu,Công ty CP Futai,bọ xít; hồ tiêu; lúa,lưới; sâu cuốn lá,
Lahalo 10EW,Lambda-cyhalothrin (min 81%),Thuốc trừ sâu,Công ty CP Nông nghiệp Công nghệ cao NMD,lạc,sâu xanh da láng,
Perdana 2.5EC,Lambda-cyhalothrin (min 81%),Thuốc trừ sâu,"Hextar Chemicals Sdn, Bhd",lúa,sâu cuốn lá,
Racket 2.5EC,Lambda-cyhalothrin (min 81%),Thuốc trừ sâu,Công ty TNHH XNK Quốc tế SARA,lạc,sâu ăn lá,
Sumo 2.5 EC,Lambda-cyhalothrin (min 81%),Thuốc trừ sâu,Forward International Ltd,lúa,bọ trĩ,
Vovinam 2.5 EC,Lambda-cyhalothrin (min 81%),Thuốc trừ sâu,Công ty CP BVTV Sài Gòn,lúa; sâu; điều,róm; sâu cuốn lá,
Metis 19SC,Lambda-cyhalothrin 9.5% + Lufenuron 9.5%,Thuốc trừ sâu,Công ty TNHH TM Hải Thụy,đậu tương,sâu đục quả,
Manytoc 88EC,Lambda-cyhalothrin 50g/l + Methylamine avermectin 38g/l,Thuốc trừ sâu,Công ty TNHH CEC Việt Nam,đậu tương,sâu đục quả,
Kingcheck 750WP,Lambda-cyhalothrin 50g/kg + Nitenpyram 450g/kg + Paichongding (min 95%) 250g/kg,Thuốc trừ sâu,Công ty TNHH An Nông,lúa,rầy nâu,
Wofatac 350 EC,Lambda-cyhalothrin 15g/l + Profenofos 335g/l,Thuốc trừ sâu,Công ty CP Công nghệ cao Thuốc BVTV USA,lúa; lạc,sâu cuốn lá; sâu khoang; sâu đục bẹ; sâu đục thân,
Gammalin super 425EC,Lambda-cyhalothrin 50g/l + Profenofos 375g/l,Thuốc trừ sâu,Asiatic Agricultural Industries Pte Ltd,cà phê,rệp sáp,
Cydansuper 250EC,Lambda-cyhalothrin 15g/l + Quinalphos 235g/l,Thuốc trừ sâu,Công ty CP Quốc tế Hòa Bình,lúa,sâu cuốn lá,
Repdor 250 EC,Lambda-cyhalothrin 15g/l + Quinalphos 235g/l,Thuốc trừ sâu,Công ty CP Nông dược Nhật Việt,cà phê,rệp sáp,
Supitoc 250EC,Lambda-cyhalothrin 20g/l + Quinalphos 230g/l,Thuốc trừ sâu,Công ty CP Khoa học Công nghệ cao American,lạc,sâu khoang,
Fortaras top 247SC,Lambda-cyhalothrin 106g/l (10.6%) + Thiamethoxam 141g/l (14.1%),Thuốc trừ sâu,Công ty TNHH Phú Nông,cà phê; lúa,bọ trĩ; bọ xít hôi; rầy nâu; rệp sáp; sâu cuốn lá; sâu đục thân,
Uni-tegula 24.7SC,Lambda-cyhalothrin 106g/l (10.6%) + Thiamethoxam 141g/l (14.1%),Thuốc trừ sâu,Công ty TNHH World Vision (VN),lúa,bọ trĩ; rầy nâu; sâu cuốn lá,
Valudant 250SC,Lambda-cyhalothrin 110g/l + Thiamethoxam 140g/l,Thuốc trừ sâu,Công ty TNHH TM Tân Thành,lúa,rầy nâu; sâu cuốn lá,
Yapoko 250SC,Lambda-cyhalothrin 110g/l + Thiamethoxam 140g/l,Thuốc trừ sâu,Công ty TNHH SX-TM-DV Cà phê Arabica Đà Lạt,lúa,rầy nâu,
Vikres 22SC,Lambda-cyhalothrin 9.4% + Thiamethoxam 12.6%,Thuốc trừ sâu,Công ty TNHH BVTV Việt Thái,đậu tương,dòi đục thân,
Tuk tuk 20SC,Lambda-cyhalothrin 10% + Thiamethoxam 10%,Thuốc trừ sâu,Công ty TNHH Master AG,ngô,rệp muội,
"Boxing 405EC, 99.99EW",Lambda-cyhalothrin 2g/l (50g/l) + Phoxim 283g/l,Thuốc trừ sâu,Công ty CP Thuốc BVTV Việt Trung,lúa; sâu cuốn,lá; rầy nâu; sâu đục thân,
"Arafat 66.66EW, 120WP, 270SC","Lambda-cyhalothrin 20g/l (10g/kg) (110g/l) + Thiacloprid 36.66g/l (100g/kg) (10g/l) + Thiamethoxam 10g/l (10g/kg), (150g/l)",Thuốc trừ sâu,Công ty CP Thuốc BVTV Việt Trung,lúa; lúa 120WP,sâu cuốn lá; trắng,
BP. Lupeldon 50EC,Lufenuron (min 96%),Thuốc trừ sâu,Công ty TNHH TM Bình Phương,thuốc lá,sâu xanh da láng,
Canuron 100EC,Lufenuron (min 96%),Thuốc trừ sâu,Công ty CP TST Cần Thơ,cam; cà chua; đậu tương,sâu vẽ bùa; sâu xanh da láng; sâu đục quả,
Cedar 100EC,Lufenuron (min 96%),Thuốc trừ sâu,Công ty TNHH Western Agrochemicals,hoa cúc,bọ trĩ,
Lino pesti 80EC,Lufenuron (min 96%),Thuốc trừ sâu,Công ty CP Liên nông Việt Nam,cải bắp; đậu xanh,sâu tơ; sâu xanh da láng,
Lockin 100EC,Lufenuron (min 96%),Thuốc trừ sâu,Shanghai Synagy Chemicals Company Limited,cải bắp; ngô; sâu,khoang; sâu keo mùa thu,
Lockone 115EC,Lufenuron (min 96%),Thuốc trừ sâu,Công ty TNHH TM SX Thôn Trang,ngô; đậu tương,sâu keo mùa thu; sâu xanh da láng; sâu đục quả,
Lufenmax 50EC,Lufenuron (min 96%),Thuốc trừ sâu,Công ty TNHH Tập đoàn An Nông,lúa,sâu cuốn lá,
Lufenron 050EC,Lufenuron (min 96%),Thuốc trừ sâu,Công ty CP Đồng Xanh,bắp cải; cam; lúa; ngô; sâu cuốn; sâu vẽ; thuốc lá; đậu tương; đậu xanh,bùa; lá; sâu keo mùa thu; sâu tơ; sâu xanh da láng; sâu đục quả,
Lufenpesti 10SC,Lufenuron (min 96%),Thuốc trừ sâu,Công ty TNHH XNK Kết Nông,ngô,sâu keo mùa thu,
Lugon 5.5EC,Lufenuron (min 96%),Thuốc trừ sâu,Công ty CP Lan Anh,cải bắp,sâu xanh da láng,
Martadu 100SC,Lufenuron (min 96%),Thuốc trừ sâu,Công ty TNHH ADU Việt Nam,cải bắp,sâu tơ,
Match 050 EC,Lufenuron (min 96%),Thuốc trừ sâu,Công ty TNHH Syngenta Việt Nam,bắp cải; cà chua; khoai tây; lúa; ngô; sâu đục; thuốc lá; đậu xanh,quả; sâu cuốn lá; sâu keo mùa thu; sâu khoang; sâu tơ; sâu xanh,
Nikkei 5EC,Lufenuron (min 96%),Thuốc trừ sâu,Công ty CP CN Hoá chất Nhật Bản Kasuta,cải bắp,sâu tơ,
Nuronic 50EC,Lufenuron (min 96%),Thuốc trừ sâu,"Bailing Agrochemical Co., Ltd",cải bắp,sâu tơ,
Sukibe 50EC,Lufenuron (min 96%),Thuốc trừ sâu,Công ty TNHH TCT Hà Nội,ngô,sâu keo mùa thu,
Tomi 5EC,Lufenuron (min 96%),Thuốc trừ sâu,Công ty CP BMC Việt Nam,cải bắp,sâu tơ,
Tplufenron 100EC,Lufenuron (min 96%),Thuốc trừ sâu,Công ty TNHH VTNN Trung Phong,ngô,sâu keo mùa thu,
VT-Fenuron 10SC,Lufenuron (min 96%),Thuốc trừ sâu,Công ty TNHH Nam Bắc,lạc,sâu xanh da láng,
Ω-Luron 50SC,Lufenuron (min 96%),Thuốc trừ sâu,Công ty TNHH MTV BVTV Omega,bắp cải; sâu xanh da; đậu tương,láng; sâu tơ,
Samixplus 250SC,Lufenuron 50g/l + Metaflumizone 200 g/l,Thuốc trừ sâu,Công ty CP Bảo Nông Việt,lúa,sâu cuốn lá,
Truemax 250SC,Lufenuron 50g/l + Metaflumizone 200 g/l,Thuốc trừ sâu,Công ty TNHH Phú Nông,lúa,sâu cuốn lá,
Zumon Super 250SC,Lufenuron 50g/l + Metaflumizone 200 g/l,Thuốc trừ sâu,Công ty CP Kiên Nam,cải bắp; hành; lạc,sâu cuốn lá đầu đen; sâu tơ; sâu xanh da láng,
Ronfos 550EC,Lufenuron 50g/l + Profenofos 500g/l,Thuốc trừ sâu,"Shandong Weifang Rainbow Chemical Co., Ltd",lạc,sâu khoang,
Vitagold 15SC,Lufenuron 10% + Spinosad 5%,Thuốc trừ sâu,Công ty CP Big Farm,ngô,sâu keo mùa thu,
New vario 250SC,Lufenuron 50g/l + Spirotetramat 200g/l,Thuốc trừ sâu,Công ty TNHH Phú Nông,sầu riêng; thanh long,rệp sáp,
Pilarbomba 159SC,Lufenuron 53g/l + Tolfenpyrad 106g/l,Thuốc trừ sâu,"Pilarquim (Shanghai) Co., Ltd",lạc,sâu khoang,
ANB52 Super 100EC,Liuyangmycin (min 90%),Thuốc trừ sâu,Công ty TNHH An Nông,bắp cải; dưa hấu; lúa; vải,dòi đục lá; nhện gié; nhện lông nhung; rầy nâu; sâu cuốn lá; sâu tơ,
Map Loto 10EC,Liuyangmycin (min 90%),Thuốc trừ sâu,Map Pacific Pte Ltd,cam; quýt; xoài; đậu côve; đậu tương,bọ phấn; nhện đỏ; rệp muội; sâu xanh da láng,
Agri-one 1SL,Matrine (dịch chiết từ cây khổ sâm) (min 98%),Thuốc trừ sâu,Công ty CP Hóa chất Nông nghiệp Hà Long,bắp cải; cam; chè; cà chua; cải bẹ; dưa hấu; lúa; lạc; thuốc lá; đậu côve; đậu tương,bọ cánh tơ; bọ trĩ; dòi đục lá; nhện đỏ; rệp muội; sâu cuốn lá; sâu khoang; sâu tơ; sâu vẽ bùa; sâu xanh bướm trắng; sâu xanh da láng,
"Ajisuper 0.5SL, 1EC",Matrine (dịch chiết từ cây khổ sâm) (min 98%),Thuốc trừ sâu,Công ty CP Thuốc BVTV Việt Trung,bắp cải; cam; chè; dưa hấu; lúa,bọ cánh tơ; bọ nhảy; bọ trĩ; nhện đỏ; rầy xanh; sâu cuốn lá; sâu tơ; sâu vẽ bùa; sâu xanh; sâu đục bẹ,
Aphophis 5EC,Matrine (dịch chiết từ cây khổ sâm) (min 98%),Thuốc trừ sâu,Công ty CP nông dược Việt Nam,bắp cải; chè; cải xanh; dưa hấu; lúa; xoài; đậu tương,bọ cánh tơ; bọ trĩ; bọ xít muỗi; rầy bông; rầy nâu; rầy xanh; rệp; sâu cuốn lá; sâu khoang; sâu tơ; sâu xanh; sâu xanh bướm trắng; sâu đục thân,
Asin 0.5SL,Matrine (dịch chiết từ cây khổ sâm) (min 98%),Thuốc trừ sâu,Công ty TNHH – TM Thái Nông,bắp cải; đậu tương,sâu tơ; sâu xanh da láng,
Đầu trâu Jolie 1.1SP,Matrine (dịch chiết từ cây khổ sâm) (min 98%),Thuốc trừ sâu,Công ty CP Bình Điền MeKong,lúa,bọ trĩ,
Dotrine 0.6 SL,Matrine (dịch chiết từ cây khổ sâm) (min 98%),Thuốc trừ sâu,Công ty TNHH BVTV Đồng Phát,bắp cải; lúa; nhện,gié; sâu tơ,
Ema 5EC,Matrine (dịch chiết từ cây khổ sâm) (min 98%),Thuốc trừ sâu,Công ty CP SX - TM - DV Ngọc Tùng,bông vải; bắp cải; cam; chè; cà chua; cà phê; cải xanh; dưa hấu; hồ tiêu; khoai lang; lúa; nho; rệp; vải; xoài; điều; đậu tương; đậu xanh,bọ cánh tơ; bọ trĩ; bọ xít; bọ xít muỗi; dòi đục lá; nhện gié; nhện đỏ; rầy bông; rầy chổng cánh; rầy nâu; rầy xanh; sáp; sâu cuốn lá; sâu hồng; sâu khoang; sâu tơ; sâu vẽ bùa; sâu xanh; sâu xanh bướm trắng; sâu xanh da láng; sâu đục bông; sâu đục bẹ; sâu đục quả; sâu đục thân,
"Faini 0.288EC, 0.3 SL",Matrine (dịch chiết từ cây khổ sâm) (min 98%),Thuốc trừ sâu,Công ty CP Nicotex,bắp cải; chè; lúa; rầy; sâu,bọ cánh tơ; nhện gié; nhện đỏ; rầy nâu; sâu cuốn lá; sâu đục bẹ; xanh,
Kobisuper 1SL,Matrine (dịch chiết từ cây khổ sâm) (min 98%),Thuốc trừ sâu,Công ty TNHH Nam Bắc,cam; chè; cà chua; cây bó xôi; dưa chuột; hoa cúc; hành; lúa; lạc; nho; thuốc lá; đậu tương; đậu đũa,bọ cánh tơ; bọ trĩ; dòi đục lá; nhện đỏ; ruồi hại lá; sâu cuốn lá; sâu khoang; sâu xanh; sâu xanh da láng; sâu đục quả,
Ly 0.26SL,Matrine (dịch chiết từ cây khổ sâm) (min 98%),Thuốc trừ sâu,Công ty TNHH Hóa sinh Á Châu,bắp cải; chè,bọ cánh tơ; sâu tơ; sâu xanh bướm trắng,
Marigold 0.36SL,Matrine (dịch chiết từ cây khổ sâm) (min 98%),Thuốc trừ sâu,Công ty CP Nông dược Nhật Việt,bắp cải; cam; chè; chôm chôm; cà chua; cà phê; dưa hấu; lạc; nho; vải; xoài; điều; đậu tương,bọ cánh tơ; bọ trĩ; bọ xít; mốc xám; nhện đỏ; rầy xanh; rệp sáp; sâu khoang; sâu tơ; sâu vẽ bùa; sâu xanh da láng; sâu đục quả; sương mai; thối quả,
Plasma 3EC,Matrine (dịch chiết từ cây khổ sâm) (min 98%),Thuốc trừ sâu,Công ty CP QT APC Việt Nam,lúa,sâu cuốn lá,
Sakumec 0.5EC,Matrine (dịch chiết từ cây khổ sâm) (min 98%),Thuốc trừ sâu,Công ty CP Quốc tế Agritech Hoa Kỳ,bắp cải; cam; chè; lúa; đậu tương,bọ nhảy; bọ trĩ; nhện đỏ; rầy xanh; sâu cuốn lá; sâu tơ; sâu vẽ bùa; sâu xanh da láng,
Sokonec 0.36 SL,Matrine (dịch chiết từ cây khổ sâm) (min 98%),Thuốc trừ sâu,Công ty TNHH Vật tư NN Phương Đông,bắp cải; cam; chè; lúa; đậu côve; đậu tương,bọ cánh tơ; nhện đỏ; rầy nâu; rầy xanh; sâu cuốn lá; sâu tơ; sâu vẽ bùa; sâu xanh bướm trắng; sâu xanh da láng; sâu đục quả,
Sokupi 0.5SL,Matrine (dịch chiết từ cây khổ sâm) (min 98%),Thuốc trừ sâu,Công ty TNHH Trường Thịnh,bắp cải; cam; chè; cà chua; cải bẹ; dưa chuột; lúa; lạc; thuốc lá; đậu côve,bọ trĩ; nhện đỏ; rệp muội; sâu cuốn lá; sâu khoang; sâu tơ; sâu vẽ bùa; sâu xanh bướm trắng; sâu xanh da láng,
Wotac 16EC,Matrine (dịch chiết từ cây khổ sâm) (min 98%),Thuốc trừ sâu,Công ty CP Công nghệ cao Thuốc BVTV USA,bắp cải; cam; chè; cà chua; cải xanh; dưa hấu; lúa; xoài; đậu tương,bọ cánh tơ; bọ trĩ; dòi đục lá; nhện đỏ; rầy bông; rầy nâu; rầy xanh; rệp; sâu cuốn lá; sâu khoang; sâu tơ; sâu vẽ bùa; sâu xanh; sâu xanh bướm trắng; sâu đục thân,
Disrex 0.6 SL,Matrine 0.5% + Oxymatrine 0.1%,Thuốc trừ sâu,Công ty TNHH An Nông,bắp cải; lạc; sâu; xoài,sâu ăn hoa; tơ; xanh,
Nakamura 252 EC,Matrine 2g/l + Quinalphos 250g/l,Thuốc trừ sâu,Công ty CP Nông dược Việt Nam,lúa,sâu cuốn lá,
Ataflu 240SC,Metaflumizone (min 96%),Thuốc trừ sâu,Công ty CP BVTV Asata Hoa Kỳ,đậu tương,nhện đỏ,
DN Methaomizol 260SC,Metaflumizone (min 96%),Thuốc trừ sâu,Công ty TNHH TM DV Đức Nông,đậu tương,sâu xanh da láng,
Lumizon 240SC,Metaflumizone (min 96%),Thuốc trừ sâu,Công ty TNHH Phú Nông,cà chua,sâu đục quả,
Like-HP 240SC,Metaflumizone (min 96%),Thuốc trừ sâu,Công ty CP Nông nghiệp HP,bắp cải,sâu tơ,
Takiwa 22SC,Metaflumizone (min 96%),Thuốc trừ sâu,Công ty CP BMC Việt Nam,cải bắp; hành,sâu khoang; sâu tơ,
Tamizone 20EC,Metaflumizone (min 96%),Thuốc trừ sâu,Công ty TNHH Agrofarm,đậu tương,sâu xanh da láng,
Verismo 240SC,Metaflumizone (min 96%),Thuốc trừ sâu,"BASF Vietnam Co., Ltd",cải bắp; hành; lúa; đậu tương,sâu cuốn lá; sâu khoang; sâu tơ; sâu xanh da láng,
Margo 20SC,Metaflumizone 10% + Methoxyfenozide 10%,Thuốc trừ sâu,Công ty TNHH Anh Dẩu Tiền Giang,hành,sâu xanh da láng,
Mesplus 40SC,Metaflumizone 20% + Methoxyfenozide 20%,Thuốc trừ sâu,Công ty TNHH TM Agri Green,ngô,sâu keo mùa thu,
Metadi 300SC,Metaflumizone 150 g/l + Methoxyfenozide 150 g/l,Thuốc trừ sâu,Công ty CP Global Farm,bắp cải; lúa; sâu cuốn,lá; sâu xanh da láng,
MDMetometa 400SC,Metaflumizone 200 g/l + Methoxyfenozide 200 g/l,Thuốc trừ sâu,Công ty CP Mạnh Đan,ngô,sâu keo mùa thu,
Ace sniper 30SC,Metaflumizone 18% + Methoxyfenozide 12%,Thuốc trừ sâu,Công ty CP ACE Biochem Việt Nam,cải bắp,sâu xanh da láng,
Metaran 108 CFU/g WP,Metarhizium anisopliae,Thuốc trừ sâu,Công ty CP Tập đoàn Lộc Trời,cam; lúa,bọ trĩ; sâu cuốn lá,
Naxa 800DP,Metarhizium anisopliae,Thuốc trừ sâu,Công ty CP sinh học NN Hai Lúa Vàng,lúa,rầy nâu,
Ometar 1.2 x 109 bào tử/g,Metarhizium anisopliae,Thuốc trừ sâu,Viện Lúa đồng bằng sông Cửu Long,dừa; lúa,bọ cánh cứng; bọ xít; rầy,
Gold Wing 24SC,Methoxyfenozide (min 95%),Thuốc trừ sâu,Công ty TNHH MTV BVTV Thạnh Hưng,lúa,sâu cuốn lá,
Masterole 24SC,Methoxyfenozide (min 95%),Thuốc trừ sâu,"Shandong Weifang Rainbow Chemical Co., Ltd",cải bắp,sâu xanh da láng,
Methozidetv 240SC,Methoxyfenozide (min 95%),Thuốc trừ sâu,Công ty TNHH Hóa chất và TM Trần Vũ,lúa,sâu cuốn lá,
Newrice 230SC,Methoxyfenozide (min 95%),Thuốc trừ sâu,Công ty CP S New Rice,cải bắp,sâu xanh da láng,
Prodigy® 240SC,Methoxyfenozide (min 95%),Thuốc trừ sâu,Công ty TNHH Corteva Agriscience Việt Nam,cải bắp; lúa; lạc,sâu cuốn lá; sâu khoang; sâu xanh; sâu xanh da láng,
Profendi 240SC,Methoxyfenozide (min 95%),Thuốc trừ sâu,Công ty TNHH Gap Agro,lúa,sâu cuốn lá,
Swin 240SC,Methoxyfenozide (min 95%),Thuốc trừ sâu,Công ty CP Orfama,cải bắp,sâu khoang,
TCT Sieu 240SC,Methoxyfenozide (min 95%),Thuốc trừ sâu,Công ty TNHH TCT Hà Nội,bắp cải,sâu xanh da láng,
Zylo 240SC,Methoxyfenozide (min 95%),Thuốc trừ sâu,Công ty TNHH UPL Việt Nam,cải bắp,sâu tơ,
Mepyda 240SC,Methoxyfenozide 150 g/l + Pyridalyl 90 g/l,Thuốc trừ sâu,Công ty TNHH Á Châu Hoá Sinh,cải bắp; lúa; ngô; sâu cuốn; sâu xanh da,lá; láng; sâu keo mùa thu,
Pixy® 360SC,Methoxyfenozide 300g/l + Spinetoram 60g/l,Thuốc trừ sâu,Công ty TNHH Corteva Agriscience Việt Nam,lúa; ngô,sâu cuốn lá; sâu keo mùa thu,
Aicmectin 75WG,Methylamine avermectin (min 70%),Thuốc trừ sâu,Công ty CP Hoá chất Nông nghiệp và Công nghiệp AIC,chè; cải bắp; sâu,rầy xanh; tơ,
Hagold 75WG,Methylamine avermectin (min 70%),Thuốc trừ sâu,Công ty TNHH CEC Việt Nam,lúa,sâu cuốn lá,
"Lutex 1.9EC, 5.5WG",Methylamine avermectin (min 70%),Thuốc trừ sâu,Công ty TNHH Vật tư và Nông sản Song Mã,bắp cải; lúa; sâu,lá; sâu cuốn lá; tơ,
Map rigo 3.2 SL,Methyl butyrate,Thuốc trừ sâu,Map Pacific Pte Ltd,cam; hành; nhện,sâu xanh da láng; đỏ,
Cazotil 1EC,Milbemectin (min 92%),Thuốc trừ sâu,Công ty TNHH TM Anh Thơ,lúa,sâu cuốn lá,
Dibrom 50EC,Naled (Bromchlophos) (min 93%),Thuốc trừ sâu,Công ty TNHH TM - DV Thanh Sơn Hóa Nông,lúa,bọ xít hôi,
TĐK Epoxyco 50EC,Naled (Bromchlophos) (min 93%),Thuốc trừ sâu,Công ty CP BVTV An Hưng Phát,lúa,rầy nâu,
Map Laba 10EC,Natural rubber,Thuốc trừ sâu,Map Pacific Pte Ltd,cam; nhện; ổi,rệp sáp; đỏ,
Acnipyram 50WP,Nitenpyram (min 95%),Thuốc trừ sâu,Công ty TNHH Hoá sinh Á Châu,lúa,rầy nâu,
AT-Army 50SP,Nitenpyram (min 95%),Thuốc trừ sâu,Công ty TNHH TM Anh Thơ,sắn,bọ phấn trắng,
Benusa 600WP,Nitenpyram (min 95%),Thuốc trừ sâu,Công ty TNHH TM SX Thôn Trang,lúa,rầy nâu,
BP Ram 500SG,Nitenpyram (min 95%),Thuốc trừ sâu,Công ty TNHH TM Bình Phương,lúa,rầy nâu,
Charge 500WP,Nitenpyram (min 95%),Thuốc trừ sâu,Công ty TNHH Alfa (Sài gòn),lúa,rầy nâu,
Doramto 50SP,Nitenpyram (min 95%),Thuốc trừ sâu,Công ty CP Nông dược Việt Thành,lúa,bọ trĩ; rầy nâu,
Dyman 500WP,Nitenpyram (min 95%),Thuốc trừ sâu,Công ty CP Nông nghiệp HP,lúa,rầy nâu,
"Elsin 10EC, 500SL, 600WP",Nitenpyram (min 95%),Thuốc trừ sâu,Công ty CP Enasa Việt Nam,lúa; rệp; đậu tương,muội; nâu; rầy lưng trắng; rầy nâu; rệp,
Fonica 600WP,Nitenpyram (min 95%),Thuốc trừ sâu,Công ty TNHH TM - DV Thanh Sơn Hóa Nông,bọ xít; lúa; điều,muỗi; rầy nâu,
Isaen 100SL,Nitenpyram (min 95%),Thuốc trừ sâu,Công ty CP Nông dược Quốc tế Nhật Bản,lúa,rầy nâu,
Luckyram 600WP,Nitenpyram (min 95%),Thuốc trừ sâu,Công ty TNHH MTV Lucky,lúa,rầy nâu,
"Nitensuper 220SL, 500WP",Nitenpyram (min 95%),Thuốc trừ sâu,Công ty TNHH An Nông,lúa; rầy; điều,bọ trĩ; muỗi; nhện gié; nâu; rầy nâu,
Rabure 10SL,Nitenpyram (min 95%),Thuốc trừ sâu,Công ty CP Nông nghiệp CMP,sắn,bọ phấn trắng,
Soso 500WG,Nitenpyram (min 95%),Thuốc trừ sâu,Công ty TNHH Trường Thịnh,đậu tương,rệp muội,
"Super King 500SL, 600WP",Nitenpyram (min 95%),Thuốc trừ sâu,Công ty TNHH Việt Đức,sắn,bọ phấn trắng,
"TVG28 650SP, 250 OD",Nitenpyram (min 95%),Thuốc trừ sâu,Công ty TNHH Hóa chất và TM Trần Vũ,hoa cúc; lúa; sắn,bọ phấn trắng; rầy nâu; trĩ,
-ram 600WP,Nitenpyram (min 95%),Thuốc trừ sâu,Công ty TNHH MTV BVTV Omega,lúa,rầy nâu,
Asa Ray 350OD,Nitenpyram 150g/kg (15%) + Pymetrozine 200g/kg (20%),Thuốc trừ sâu,Công ty CP BVTV Asata Hoa Kỳ,lúa,rầy nâu,
Nitop 35OD,Nitenpyram 150g/kg (15%) + Pymetrozine 200g/kg (20%),Thuốc trừ sâu,Công ty CP Global Farm,bọ phấn; phật thủ; rệp; sắn; đậu tương,muội; rầy chổng cánh; trắng,
ADU-Matty 800WG,Nitenpyram 20% (200g/kg) + Pymetrozine 60% (600g/kg),Thuốc trừ sâu,Công ty TNHH ADU Việt Nam,sắn,bọ phấn trắng,
Gadgete 80WG,Nitenpyram 20% (200g/kg) + Pymetrozine 60% (600g/kg),Thuốc trừ sâu,Công ty CP CN Hoá chất Nhật Bản Kasuta,lúa,rầy nâu,
Maxram 800WG,Nitenpyram 20% (200g/kg) + Pymetrozine 60% (600g/kg),Thuốc trừ sâu,Công ty CP BVTV Phú Nông,lúa,rầy nâu,
Meniten 800WG,Nitenpyram 20% (200g/kg) + Pymetrozine 60% (600g/kg),Thuốc trừ sâu,Công ty CP Global Farm,lúa,rầy nâu,
Metro Penxita 80WG,Nitenpyram 20% (200g/kg) + Pymetrozine 60% (600g/kg),Thuốc trừ sâu,Công ty TNHH Pesticide Nhật Bản,hoa hồng,bọ trĩ,
Nitendo 80WG,Nitenpyram 20% (200g/kg) + Pymetrozine 60% (600g/kg),Thuốc trừ sâu,Công ty CP Kỹ thuật NN I.FI,cà phê,rệp sáp,
Oriolus 800WG,Nitenpyram 20% (200g/kg) + Pymetrozine 60% (600g/kg),Thuốc trừ sâu,Albaugh Asia Pacific Limited,hồ tiêu; lúa,bọ xít lưới; rầy nâu,
Osago 80WG,Nitenpyram 20% (200g/kg) + Pymetrozine 60% (600g/kg),Thuốc trừ sâu,Công ty CP BVTV Sài Gòn,lúa; phật thủ; rầy; rầy chổng; sắn,bọ phấn; cánh; nâu,
Phoppaway 80WG,Nitenpyram 20% (200g/kg) + Pymetrozine 60% (600g/kg),Thuốc trừ sâu,"Beijing Bioseen Crop Sciences Co., Ltd",mía,rệp muội,
Samurai 800WG,Nitenpyram 20% (200g/kg) + Pymetrozine 60% (600g/kg),Thuốc trừ sâu,Công ty TNHH Fujimoto Việt Nam,lúa,rầy nâu,
Sinapyram 80WG,Nitenpyram 20% (200g/kg) + Pymetrozine 60% (600g/kg),Thuốc trừ sâu,Sinamyang Group Pte. Ltd,đậu tương,rệp muội,
Star Chase 80WG,Nitenpyram 20% (200g/kg) + Pymetrozine 60% (600g/kg),Thuốc trừ sâu,Công ty TNHH BVTV Akita Việt Nam,sắn,bọ phấn,
Vuachest 800WG,Nitenpyram 20% (200g/kg) + Pymetrozine 60% (600g/kg),Thuốc trừ sâu,Công ty TNHH TAT Hà Nội,lúa,rầy nâu,
"TT Led 70WG, 70WP",Nitenpyram 40% + Pymetrozine 30%,Thuốc trừ sâu,Công ty TNHH TM Tân Thành,cà phê; lúa,mọt đục quả; nâu; rầy lưng trắng; rầy nâu; rệp sáp; sâu cuốn lá; sâu đục thân,
Laroma 70WG,Nitenpyram 30% (300g/kg) + Pymetrozine 40% (400g/kg),Thuốc trừ sâu,Công ty TNHH MTV BVTV Long An,lúa,rầy nâu,
Nisangold 700WP,Nitenpyram 30% (300g/kg) + Pymetrozine 40% (400g/kg),Thuốc trừ sâu,Công ty CP Nông nghiệp HP,lúa,rầy nâu,
Ramsing,Nitenpyram 30% (300g/kg) + Pymetrozine 40% (400g/kg),Thuốc trừ sâu,Công ty TNHH Phú Nông,cà phê; lúa; rệp,rầy nâu; sáp,
"700WP, 700WG",Nitenpyram 30% (300g/kg) + Pymetrozine 40% (400g/kg),Thuốc trừ sâu,,lúa,rầy nâu,
"Lkset-up 70WG, 75WP",Nitenpyram 30% (50%) + Pymetrozine 40% (25%),Thuốc trừ sâu,Công ty TNHH Hoá sinh Á Châu,lúa; rầy,nâu; rầy nâu,
Nypydo 75WP,Nitenpyram 50% + Pymetrozine 25%,Thuốc trừ sâu,Công ty CP Đồng Xanh,lúa,rầy nâu,
Palano 600WP,Nitenpyram 400g/kg + Pymetrozine 200g/kg,Thuốc trừ sâu,Công ty TNHH Hóa nông Lúa Vàng,lúa,rầy nâu,
Titan 600WG,Nitenpyram 150 g/kg + Pymetrozine 450 g/kg,Thuốc trừ sâu,Công ty CP BVTV I TW,lúa,rầy nâu,
Auschet 80WP,Nitenpyram 40% + Pymetrozine 40%,Thuốc trừ sâu,Công ty TNHH MTV Lucky,lúa,rầy nâu nhỏ,
Pytenram 70WG,Nitenpyram 20% + Pymetrozine 50%,Thuốc trừ sâu,Công ty TNHH Kona Crop Science,sắn,bọ phấn,
Supercheck 720WP,Nitenpyram 500g/kg + Pyriproxyfen 220g/kg,Thuốc trừ sâu,Công ty TNHH An Nông,lúa,rầy nâu,
Facetime 750WP,Nitenpyram 450g/kg + Tebufenozide 200g/kg + Thiamethoxam 100g/kg,Thuốc trừ sâu,Công ty TNHH An Nông,lúa,rầy nâu,
Ang-Sachray 700WP,Nitenpyram 500 g/kg + Spiromesifen 200g/kg,Thuốc trừ sâu,Công ty TNHH An Nông,lúa,rầy nâu,
Rimon 10EC,Novaluron (min 96%),Thuốc trừ sâu,Công ty TNHH Adama Việt Nam,bắp cải; lạc; sâu xanh da,láng; sâu tơ,
True 100EC,Novaluron (min 96%),Thuốc trừ sâu,Công ty TNHH Phú Nông,lúa,rầy nâu,
Uniron 100EC,Novaluron (min 96%),Thuốc trừ sâu,Công ty TNHH UPL Việt Nam,ớt,sâu khoang,
Vimatrine 0.6 SL,Oxymatrine (min 98%),Thuốc trừ sâu,Công ty CP Thuốc sát trùng Việt Nam,chè; cà chua; cải bó xôi; dưa hấu; lúa; rau cải ngọt; điều,bọ phấn; bọ trĩ; bọ xít muỗi; nhện đỏ; ruồi hại lá; sâu cuốn lá; sâu tơ; sâu xanh da láng; sâu đục quả,
Anperan 50EC,Permethrin (min 92%),Thuốc trừ sâu,Công ty CP Tập đoàn Lộc Trời,sắn,rệp sáp bột hồng,
Army 10EC,Permethrin (min 92%),Thuốc trừ sâu,Công ty TNHH XNK Hóa chất Công nghệ cao Việt Nam,đậu tương,sâu khoang,
Asitrin 50EC,Permethrin (min 92%),Thuốc trừ sâu,Công ty TNHH TM - DV Thanh Sơn Hóa Nông,lạc,sâu khoang,
Clatinusa 500EC,Permethrin (min 92%),Thuốc trừ sâu,Công ty TNHH TM SX Thôn Trang,lúa,sâu keo,
Crymerin 50EC,Permethrin (min 92%),Thuốc trừ sâu,Công ty TNHH Việt Thắng,cà phê; lúa; lạc; điều,mọt đục cành; rầy nâu; rệp sáp; sâu cuốn lá; sâu khoang; sâu róm; sâu đục thân,
Fullkill 50EC,Permethrin (min 92%),Thuốc trừ sâu,Forward International Ltd,lúa,sâu cuốn lá,
Galaxy 50EC,Permethrin (min 92%),Thuốc trừ sâu,Công ty TNHH XNK Quốc tế SARA,bọ xít; lạc; điều,muỗi; sâu xanh,
Kilsect 10EC,Permethrin (min 92%),Thuốc trừ sâu,"Hextar Chemicals Sdn, Bhd",cà phê; lúa; lạc; điều,bọ trĩ; bọ xít muỗi; rệp sáp; sâu khoang; sâu phao; sâu róm,
Map-Permethrin 50EC,Permethrin (min 92%),Thuốc trừ sâu,Map Pacific Pte Ltd,bọ xít; cà phê; lúa; lạc; ngô; rệp; sâu keo mùa; sâu xanh da; sâu đục; điều; đậu tương,láng; muỗi; quả; sáp; sâu cuốn lá; thu,
Megarin 50 EC,Permethrin (min 92%),Thuốc trừ sâu,Công ty TNHH TM Anh Thơ,hồ tiêu; rầy thánh; đậu tương,giá; sâu xanh,
Patriot 50EC,Permethrin (min 92%),Thuốc trừ sâu,Công ty TNHH MTV BVTV Thạnh Hưng,lúa; sâu; sâu đục thân; đậu tương,keo; sâu khoang,
Peca Ggo 500EC,Permethrin (min 92%),Thuốc trừ sâu,Công ty TNHH Nông nghiệp Công nghệ xanh Bắc Giang,ngô,sâu keo mùa thu,
Peran 50 EC,Permethrin (min 92%),Thuốc trừ sâu,Công ty CP Lion Agrevo,lúa; điều; đậu tương,bọ xít muỗi; sâu cuốn lá; sâu ăn tạp; sâu đục quả,
"PER annong 100EW, 500EC",Permethrin (min 92%),Thuốc trừ sâu,Công ty TNHH An Nông,cà phê; lúa; rệp; sâu cuốn; sâu đục; đậu tương,hoa; lá; rệp sáp; vảy,
Perkill 50 EC,Permethrin (min 92%),Thuốc trừ sâu,Công ty TNHH UPL Việt Nam,cà phê; lúa; đậu xanh,bọ xít; rệp sáp; sâu cuốn lá nhỏ; sâu xanh,
Permecide 50 EC,Permethrin (min 92%),Thuốc trừ sâu,Công ty CP Hợp Trí Summit,bọ xít; lúa; lạc; sâu cuốn; điều,lá; muỗi; sâu khoang,
Pernovi 50EC,Permethrin (min 92%),Thuốc trừ sâu,Công ty CP Nông Việt,lúa,sâu cuốn lá,
Perthrin 50EC,Permethrin (min 92%),Thuốc trừ sâu,Công ty CP Đồng Xanh,bông vải; bọ xít; cà phê; lúa; ngô; sâu cuốn; sâu ăn; điều; đậu tương,lá; muỗi; rệp sáp; sâu keo mùa thu; sâu khoang; tạp,
Pounce 50EC,Permethrin (min 92%),Thuốc trừ sâu,Công ty TNHH FMC Việt Nam,lạc,sâu khoang,
Terin 50EC,Permethrin (min 92%),Thuốc trừ sâu,Công ty TNHH TM Tân Thành,cà phê; lúa; điều,bọ xít; bọ xít muỗi; rệp sáp; sâu cuốn lá; sâu đục bẹ,
Tigifast 10 EC,Permethrin (min 92%),Thuốc trừ sâu,Công ty CP Vật tư NN Tiền Giang,lúa; sâu đục; đậu tương,sâu khoang; thân,
Tungperin 50 EC,Permethrin (min 92%),Thuốc trừ sâu,Công ty CP SX - TM - DV Ngọc Tùng,cà phê; lúa; mía; thuốc lá; điều; đậu tương; đậu xanh,bọ trĩ; bọ xít muỗi; dòi đục lá; rệp sáp; sâu cuốn lá nhỏ; sâu xanh da láng; sâu đục ngọn; sâu đục thân,
Checksau TSC 500EC,Permethrin 100g/l + Profenofos 400g/l,Thuốc trừ sâu,Công ty CP Lion Agrevo,cà phê; lúa; rệp,sáp; sâu cuốn lá,
Ferlux 350EC,Permethrin 100g/l + Quinalphos 250g/l,Thuốc trừ sâu,Công ty TNHH Hóa Nông Lúa Vàng,cà phê; lúa; rệp,sáp; sâu đục bẹ; sâu đục thân,
Citrole 96.3EC,Petroleum spray oil (min 97%),Thuốc trừ sâu,TotalEnergies Fluids,cam; quýt,nhện đỏ; rệp muội; rệp sáp; sâu vẽ bùa,
Dầu khoáng DS 98.8 EC,Petroleum spray oil (min 97%),Thuốc trừ sâu,Công ty CP Đồng Xanh,cây có múi,nhện đỏ; sâu vẽ bùa,
DK-Annong Super 909EC,Petroleum spray oil (min 97%),Thuốc trừ sâu,Công ty TNHH An Nông,cam; chè; cà phê,nhện đỏ; rầy xanh; rệp sáp,
Medopaz 80EC,Petroleum spray oil (min 97%),Thuốc trừ sâu,Kital Ltd,cam; chè,bọ trĩ; sâu vẽ bùa,
SK Enspray 99 EC,Petroleum spray oil (min 97%),Thuốc trừ sâu,Công ty CP BVTV Sài Gòn,bưởi; cam; chè; nhãn; sâu hồng đục,nhện lông nhung; nhện đỏ; quả,
Vicol 80 EC,Petroleum spray oil (min 97%),Thuốc trừ sâu,Công ty TNHH TM - DV Thanh Sơn Hóa Nông,cà phê,rệp sáp,
Em Oil 99EC,Petroleum oil,Thuốc trừ sâu,Công ty CP BMC Vĩnh Phúc,hoa mai,nhện đỏ,
Elsan 50 EC,Phenthoate (Dimephenthoate) (min 92%),Thuốc trừ sâu,Công ty TNHH Nissei Corporation Việt Nam,bông vải; cà phê; lúa; lạc; mía; thuốc lá,rầy xanh; rệp; rệp sáp; sâu cuốn lá; sâu khoang; sâu ăn lá; sâu đục thân,
Forsan 60 EC,Phenthoate (Dimephenthoate) (min 92%),Thuốc trừ sâu,Forward International Ltd,lúa; ngô,sâu cuốn lá; sâu đục thân,
New Oatox 500EC,Phenthoate (Dimephenthoate) (min 92%),Thuốc trừ sâu,Công ty CP S New Rice,lạc,sâu khoang,
Phetho 50 EC,Phenthoate (Dimephenthoate) (min 92%),Thuốc trừ sâu,Công ty CP Nông dược HAI,lúa; ngô,sâu đục thân,
Pyenthoate 50 EC,Phenthoate (Dimephenthoate) (min 92%),Thuốc trừ sâu,"Longfat Global Co., Ltd",lúa,sâu đục thân,
Vifel 50 EC,Phenthoate (Dimephenthoate) (min 92%),Thuốc trừ sâu,Công ty CP Thuốc sát trùng Việt Nam,lúa; lạc,bọ xít dài; sâu cuốn lá; sâu xanh da láng,
AD-Lutein 3GR,Phoxim (min 90%),Thuốc trừ sâu,Công ty TNHH Anh Dẩu Tiền Giang,ngô,sâu xám,
Pyxolone 35 EC,Phosalone (min 93%),Thuốc trừ sâu,Forward International Ltd,lúa,bọ trĩ,
Saliphos 35 EC,Phosalone (min 93%),Thuốc trừ sâu,Công ty CP BVTV Sài Gòn,bọ xít; cà phê; lúa; ngô; rệp; sâu; điều,keo; muỗi; sáp; sâu cuốn lá,
Altis 50WP,Pirimicarb (min 95%),Thuốc trừ sâu,Công ty CP Nicotex,thuốc lá,rệp muội,
Ahoado 50WP,Pirimicarb (min 95%),Thuốc trừ sâu,Công ty TNHH TCT Hà Nội,cà phê; lúa; rệp,rầy nâu; sáp,
Piripro 550EC,Pirimiphos-methyl (min 88%),Thuốc trừ sâu,Công ty TNHH Tập đoàn An Nông,ngô,sâu keo mùa thu,
Nosivirus No.1 SC,Plutella xylostella granulosis virus (PXGV),Thuốc trừ sâu,Công ty TNHH Nông Sinh,cải bắp,sâu tơ,
Anisaf SH-01 2SL,"Polyphenol chiết xuất từ Bồ kết (Gleditschia australis), Hy thiêm (Siegesbeckia orientalis), Đơn buốt (Bidens pilosa), Cúc liên chi dại (Parthenium hystherophorus)",Thuốc trừ sâu,Viện nghiên cứu đào tạo và tư vấn khoa học công nghệ (ITC),bắp cải; chè; cà phê; dưa chuột; hồ tiêu; rau cải; rệp; sâu đục cuống; thuốc lá; vải,bọ xít muỗi; muội đen; quả; rầy xanh; rệp đào; sáp; sâu khoang; sâu tơ; sâu xanh,
Binhfos 50EC,Profenofos (min 87%),Thuốc trừ sâu,"Bailing Agrochemical Co., Ltd",bông vải; lúa; ngô,bọ trĩ; rệp; sâu khoang,
Callous 500EC,Profenofos (min 87%),Thuốc trừ sâu,Công ty TNHH UPL Việt Nam,bọ; lúa; ngô; sâu đục; đậu xanh,sâu khoang; thân; trĩ,
Carina 50EC,Profenofos (min 87%),Thuốc trừ sâu,Sumitomo Corporation Vietnam LLC,cà phê; lúa; rệp,sáp; sâu cuốn lá,
Chopyfos 400EC,Profenofos (min 87%),Thuốc trừ sâu,Công ty CP Nông dược Việt Thành,mía; ngô,rệp sáp; sâu đục thân,
Cleaver 45EC,Profenofos (min 87%),Thuốc trừ sâu,Công ty TNHH Thuốc BVTV Bông Sen Vàng,lạc,sâu xanh da láng,
Gatac 400EC,Profenofos (min 87%),Thuốc trừ sâu,Công ty CP Fujisan Nhật Bản,lạc,sâu khoang,
Naviphos 500EC,Profenofos (min 87%),Thuốc trừ sâu,Công ty CP Khử trùng Nam Việt,đậu xanh,sâu xanh da láng,
Nongiaphat 500EC,Profenofos (min 87%),Thuốc trừ sâu,Công ty TNHH TM Thái Phong,lúa,sâu đục thân,
Ophos Plus 40EC,Profenofos (min 87%),Thuốc trừ sâu,Công ty TNHH Rồng Đại Dương,ngô,rệp muội,
Profit 40EC,Profenofos (min 87%),Thuốc trừ sâu,Công ty TNHH Hóa nông Á Châu Hà Nội,ngô,sâu xanh đục bắp,
Pumagold 50EC,Profenofos (min 87%),Thuốc trừ sâu,Công ty CP SX và TM Hà Thái,lạc; ngô,sâu keo mùa thu; sâu khoang,
Ronado 500EC,Profenofos (min 87%),Thuốc trừ sâu,Công ty TNHH MTV BVTV Omega,lúa,sâu cuốn lá,
Selecron 500 EC,Profenofos (min 87%),Thuốc trừ sâu,Công ty TNHH Syngenta Việt Nam,bông vải; cà phê; lúa,bọ trĩ; nhện đỏ; rầy xanh; rệp; rệp sáp; sâu cuốn lá; sâu khoang; sâu xanh,
Vadofos 40EC,Profenofos (min 87%),Thuốc trừ sâu,Công ty TNHH TM-DV VAD,sắn,bọ phấn trắng,
ET-Phizin 25EC,Profenofos 5% + Phoxim 20%,Thuốc trừ sâu,"Shanghai E-tong Chemical Co., Ltd",lạc,sâu khoang,
Djong 24EC,Profenofos 10% + Phoxim 14%,Thuốc trừ sâu,Công ty CP Multiagro,ngô,sâu keo mùa thu,
MDPhonecron 40EC,Profenofos 10% + Phoxim 30%,Thuốc trừ sâu,Công ty CP Mạnh Đan,ngô,sâu đục thân,
Swat Pro 40EC,Profenofos 20% + Phoxim 20%,Thuốc trừ sâu,Công ty TNHH Mekong Agro,đậu tương,sâu xanh da láng,
Ducellone 350EC,Profenofos 50g/l + Propargite 150g/l + Pyridaben 150g/l,Thuốc trừ sâu,Công ty CP thuốc BVTV Việt Trung,lúa; lạc; nhện,gié; nhện đỏ,
Newdive 350EC,Profenofos 50g/l + Propargite 150g/l + Pyridaben 150g/l,Thuốc trừ sâu,Công ty TNHH Thuốc BVTV Liên doanh Nhật Mỹ,lúa; lạc; nhện,gié; nhện đỏ,
Thipro 550EC,Profenofos 450g/l + Thiamethoxam 100g/l,Thuốc trừ sâu,Công ty CP Nông Tín AG,lúa,rầy lưng trắng; rầy nâu,
Tik wep 247 EC,Profenofos 100 g/l + Thiamethoxam 147g/l,Thuốc trừ sâu,Công ty CP XNK Thọ Khang,cà phê; lúa; rệp,rầy nâu; sáp,
Atamite 73EC,Propargite (min 85%),Thuốc trừ sâu,Công ty TNHH Việt Thắng,cam; hoa hồng; lúa,nhện gié; nhện đỏ,
Bigmite 73EC,Propargite (min 85%),Thuốc trừ sâu,Công ty CP Bigfive Việt Nam,hoa hồng,nhện đỏ,
BN-Mite 570EC,Propargite (min 85%),Thuốc trừ sâu,Công ty CP Bảo Nông Việt,hoa hồng,nhện đỏ,
"Comite® 73 EC, 570EW",Propargite (min 85%),Thuốc trừ sâu,Công ty TNHH UPL Việt Nam,cam; chè; cải bẹ xanh; lúa; lạc; sắn,gié; nhện gié; nhện đỏ,
Daisy 57EC,Propargite (min 85%),Thuốc trừ sâu,Công ty CP Nicotex,cam; chè,nhện đỏ,
Hacomai 57EC,Propargite (min 85%),Thuốc trừ sâu,Công ty TNHH BVTV Hoàng Anh,hoa hồng,nhện đỏ,
Kamai 730 EC,Propargite (min 85%),Thuốc trừ sâu,Công ty CP Hóa Nông Mỹ Việt Đức,cam,nhện đỏ,
Promite 730EC,Propargite (min 85%),Thuốc trừ sâu,Công ty CP SX và TM Hà Thái,hoa hồng,nhện đỏ,
Rapova 73EC,Propargite (min 85%),Thuốc trừ sâu,Công ty TNHH TM SX Thôn Trang,hoa hồng; hồ tiêu,nhện đỏ,
Saromite 57EC,Propargite (min 85%),Thuốc trừ sâu,Công ty CP BVTV Sài Gòn,chè; lúa; nhãn; nhện lông,bọ phấn; nhung; nhện gié; nhện đỏ,
Starpagit 73EC,Propargite (min 85%),Thuốc trừ sâu,Công ty CP Biostars,cam,nhện đỏ,
Sun Promite 70EC,Propargite (min 85%),Thuốc trừ sâu,Công ty CP Sunseaco Việt Nam,hoa hồng,nhện đỏ,
Superrex 73 EC,Propargite (min 85%),Thuốc trừ sâu,Công ty CP Quốc tế Hòa Bình,cam,nhện đỏ,
Topspider 570EC,Propargite (min 85%),Thuốc trừ sâu,Công ty CP Nông dược Nhật Thành,hoa hồng,nhện đỏ,
TP-Open 57EC,Propargite (min 85%),Thuốc trừ sâu,Công ty TNHH Nông Thái Dương,sắn,nhện đỏ,
Muteki 200EC,Propargite 150g/l + Pyridaben 50g/l,Thuốc trừ sâu,Công ty CP Thuốc BVTV Việt Trung,lạc,sâu khoang,
Proben super 500EC,Propargite 300g/l + Pyridaben 200g/l,Thuốc trừ sâu,Công ty CP Quốc tế Hòa Bình,lúa,nhện gié,
Sheba 50EW,Prothiofos (min 95%),Thuốc trừ sâu,Sinon Corporation,cà phê; ngô; sâu keo mùa,rệp sáp; thu,
Shogun 20SC,Pyflubumide (min 94%),Thuốc trừ sâu,Công ty TNHH Nichino Việt Nam,cam; hoa hồng,nhện đỏ,
Bless 500WP,Pymetrozine (min 95%),Thuốc trừ sâu,Công ty TNHH An Nông,lúa,bọ xít; rầy nâu,
Career 500WG,Pymetrozine (min 95%),Thuốc trừ sâu,Công ty TNHH Alfa (Sài Gòn),chè,rầy xanh,
Checknp 70WG,Pymetrozine (min 95%),Thuốc trừ sâu,Công ty CP SX Thuốc BVTV Omega,lúa,rầy nâu,
Chelsi 50WG,Pymetrozine (min 95%),Thuốc trừ sâu,Công ty TNHH Thuốc BVTV Đồng Vàng,lúa,rầy nâu,
Chess 50WG,Pymetrozine (min 95%),Thuốc trừ sâu,Công ty TNHH Syngenta Việt Nam,khoai tây; lúa; xoài,bọ phấn; bọ trĩ; rầy bông; rầy lưng trắng; rầy nâu; rệp đào,
Cheesapc 500WG,Pymetrozine (min 95%),Thuốc trừ sâu,Công ty CP Quốc tế APC Việt Nam,lúa,rầy nâu,
Cheestar 50WG,Pymetrozine (min 95%),Thuốc trừ sâu,Công ty CP Nicotex,chè; lúa; rầy; xoài,bông; rầy nâu; xanh,
Chersieu 50WG,Pymetrozine (min 95%),Thuốc trừ sâu,Công ty TNHH Việt Thắng,cà phê; lúa; rệp sáp,bọ xít dài; giả; rầy nâu,
Chits 500WG,Pymetrozine (min 95%),Thuốc trừ sâu,Công ty CP Nông dược Agriking,lúa,rầy nâu,
Gepa 50WG,Pymetrozine (min 95%),Thuốc trừ sâu,Công ty CP Hợp Trí Summit,lúa,rầy nâu,
F35 25WP,Pymetrozine (min 95%),Thuốc trừ sâu,Công ty TNHH TM DV Tấn Hưng,cà phê,rệp sáp,
Hichespro 500WP,Pymetrozine (min 95%),Thuốc trừ sâu,Công ty TNHH Sản phẩm Công nghệ cao,lúa,rầy nâu,
Hits 50WG,Pymetrozine (min 95%),Thuốc trừ sâu,Công ty CP SX TM Bio Vina,cà phê; cải xanh; lúa; nhãn; nhện lông; rệp,bọ phấn; nhung; rầy nâu; rệp muội; sáp,
Jette 50WG,Pymetrozine (min 95%),Thuốc trừ sâu,Công ty TNHH thuốc BVTV Mekong,lúa,rầy nâu,
"Longanchess 70WP, 700WG",Pymetrozine (min 95%),Thuốc trừ sâu,Công ty TNHH MTV BVTV Long An,lúa,rầy nâu,
Map sun 500WP,Pymetrozine (min 95%),Thuốc trừ sâu,Map Pacific Pte Ltd,lúa,rầy nâu,
Matoko 50WG,Pymetrozine (min 95%),Thuốc trừ sâu,Công ty CP Nông dược Việt Nam,lúa,rầy nâu,
NBChestop 50WG,Pymetrozine (min 95%),Thuốc trừ sâu,Công ty TNHH Nam Bắc,hoa cúc,bọ trĩ,
Newchestusa 500WG,Pymetrozine (min 95%),Thuốc trừ sâu,Công ty CP Quốc tế Hòa Bình,lúa,rầy nâu,
"Oscare 100WP, 600WG",Pymetrozine (min 95%),Thuốc trừ sâu,Công ty CP BMC Vĩnh Phúc,lúa; mía; rầy,bọ trĩ; nâu; rầy nâu; xơ,
Pelena Ultra 25SC,Pymetrozine (min 95%),Thuốc trừ sâu,Công ty TNHH Pesticide Thụy Sĩ,ca cao,rệp muội,
Pylon 50WG,Pymetrozine (min 95%),Thuốc trừ sâu,Công ty TNHH UPL Việt Nam,xoài,rầy bông,
Rayzin 25WP,Pymetrozine (min 95%),Thuốc trừ sâu,Công ty CP SX - TM - DV Ngọc Tùng,chè; dưa hấu; xoài,bọ trĩ; bọ xít muỗi; rầy bông,
Sagometro 50WG,Pymetrozine (min 95%),Thuốc trừ sâu,Công ty CP BVTV Sài Gòn,lúa,rầy nâu,
Sara Extra 25SC,Pymetrozine (min 95%),Thuốc trừ sâu,Công ty TNHH One Bee Việt Nam,ngô,rệp muội,
Schezgold 500WG,Pymetrozine (min 95%),Thuốc trừ sâu,Công ty TNHH Hoá chất và TM Trần Vũ,chè; lúa; rầy,nâu; rầy xanh,
Scheccjapane super 750WG,Pymetrozine (min 95%),Thuốc trừ sâu,Công ty TNHH TM SX Thôn Trang,lúa,bọ trĩ; rầy nâu,
TT-osa 50WG,Pymetrozine (min 95%),Thuốc trừ sâu,Công ty TNHH TM Tân Thành,lúa,rầy nâu,
Pimero 65WG,Pymetrozine 40% + Spirotetramat 25%,Thuốc trừ sâu,Công ty TNHH Sunwa,lúa,rầy nâu,
Chery 70WG,Pymetrozine 65% + Thiamethoxam 5%,Thuốc trừ sâu,"Công ty TNHH Hóa chất Phân bón, Thuốc BVTV Dubai",lúa,rầy nâu,
Tvusa 600WP,Pymetrozine 400g/kg + Thiamethoxam 200g/kg,Thuốc trừ sâu,Công ty TNHH TM SX Thôn Trang,lúa,rầy nâu,
Topchets 650WG,Pymetrozine 300g/kg + Thiamethoxam 350g/kg,Thuốc trừ sâu,Công ty TNHH hỗ trợ phát triển kỹ thuật và chuyển giao công nghệ,lúa,rầy nâu,
Raytot 50 WG,Pymetrozine 40% + Thiamethoxam 10%,Thuốc trừ sâu,Công ty TNHH TCT Hà Nội,mía,rệp xơ bông,
Bopy 14EC,Pyrethrins (min 20%),Thuốc trừ sâu,Công ty CP Genta Thụy Sĩ,bắp cải,sâu tơ,
Mativex 1.5EW,Pyrethrins (min 20%),Thuốc trừ sâu,Công ty TNHH Nông Sinh,bắp cải; nho; thuốc lá,rệp,
Nixatop 3.0CS,Pyrethrins (min 20%),Thuốc trừ sâu,Công ty CP Nicotex,chè; cải xanh; lúa,bọ cánh tơ; bọ trĩ; bọ xít muỗi; rầy nâu; rầy xanh; rệp muội; sâu cuốn lá; sâu tơ; sâu xanh; sâu đục bẹ; sâu đục thân,
Biosun 3EW,Pyrethrins 2.5% + Rotenone 0.5%,Thuốc trừ sâu,Công ty TNHH Nông Sinh,bắp cải; chè; cà chua; dưa hấu; nho; rau cải; thuốc lá,bọ cánh tơ; bọ nhảy; bọ phấn; bọ trĩ; bọ xít muỗi; nhện đỏ; rầy xanh; sâu tơ,
Acarina 250EC,Pyridaben (min 95%),Thuốc trừ sâu,Công ty CP Quốc tế Hòa Bình,lúa,nhện gié,
"Alfamite 150EC, 200WP",Pyridaben (min 95%),Thuốc trừ sâu,Công ty TNHH Alfa (Sài gòn),hoa hồng; lúa,gié; nhện gié; nhện đỏ,
Babengold 20WP,Pyridaben (min 95%),Thuốc trừ sâu,Công ty TNHH Hóa nông HBR,hoa hồng,nhện đỏ,
Bipimai 150EC,Pyridaben (min 95%),Thuốc trừ sâu,Côngty TNHH TM Bình Phương,hoa hồng,nhện đỏ,
Coven 200EC,Pyridaben (min 95%),Thuốc trừ sâu,Công ty CP Hóc Môn,cà phê; lúa,nhện gié; rệp sáp; sâu cuốn lá,
Dandy 15EC,Pyridaben (min 95%),Thuốc trừ sâu,Công ty TNHH XNK Quốc tế SARA,lúa,nhện gié,
Dietnhen 150EC,Pyridaben (min 95%),Thuốc trừ sâu,Công ty CP VT Nông nghiệp Tiền Giang,hoa huệ; lúa; nhện đỏ,nhện gié,
Koben 15EC,Pyridaben (min 95%),Thuốc trừ sâu,"Bailing Agrochemical Co., Ltd",bông vải; lúa; điều,bọ xít muỗi; nhện gié; rệp,
Massy 200EC,Pyridaben (min 95%),Thuốc trừ sâu,"Shanghai Synagy Chemicals Co., Ltd",lạc,sâu cuốn lá đầu đen,
Ongtrum 200EC,Pyridaben (min 95%),Thuốc trừ sâu,Công ty TNHH MTV BVTV Long An,lúa,nhện gié,
Ribell 200EC,Pyridaben (min 95%),Thuốc trừ sâu,Công ty TNHH TM-DV Thanh Sơn Hoá Nông,hồ tiêu,bọ xít lưới,
Tifany 150EC,Pyridaben (min 95%),Thuốc trừ sâu,Công ty TNHH TM SX Thôn Trang,hoa hồng,nhện đỏ,
Winmite 15EC,Pyridaben (min 95%),Thuốc trừ sâu,Công ty TNHH Bio Delta,lạc,sâu cuốn lá đầu đen,
Pyphos-HB 500EC,Pyridaben 200 g/l + Quinalphos 300 g/l,Thuốc trừ sâu,Công ty CP Quốc tế Hoà Bình,lúa,nhện gié,
Yonmix 27SC,Pyridaben 9% + Spirodiclofen 18%,Thuốc trừ sâu,"Yongnong Biosciences Co., Ltd",sắn,nhện đỏ,
Bayspider 45SC,Pyridaben 35% + Spirodiclofen 10%,Thuốc trừ sâu,Công ty TNHH TM Gem Sky,sắn,nhện đỏ,
"Pyramite 400WP, 500SC",Pyridaben 150g/kg (150g/l) + Sulfur 250g/kg (350g/l),Thuốc trừ sâu,Công ty TNHH Hóa chất và TM Trần Vũ,lúa,nhện gié,
Newpyri 100EC,Pyridalyl (min 91%),Thuốc trừ sâu,Công ty CP S New Rice,cải bắp,sâu tơ,
Sumipleo 10EC,Pyridalyl (min 91%),Thuốc trừ sâu,Công ty TNHH Hóa chất Sumitomo Việt Nam,bắp cải; bọ; dưa hấu; ngô; sâu keo mùa,sâu tơ; thu; trĩ,
Ω-Dalyn 100SC,Pyridalyl (min 91%),Thuốc trừ sâu,Công ty TNHH MTV BVTV Omega,bắp cải; cà chua; ớt,sâu tơ; sâu xanh da láng; sâu đục quả,
Difitox 200EC,Pyridaphenthion (min 95%),Thuốc trừ sâu,Công ty CP BVTV I TW,mía,rệp bông xơ,
PQZ 20WG,Pyrifluquinazon (min 95%),Thuốc trừ sâu,Công ty TNHH Nichino Việt Nam,khoai tây; sắn,bọ phấn trắng; rệp đào,
Lekima 100EC,Pyriproxyfen (min 95%),Thuốc trừ sâu,Công ty CP BMC Việt Nam,cam; hoa hồng,bọ phấn; rệp sáp,
Permit 100EC,Pyriproxyfen (min 95%),Thuốc trừ sâu,Công ty TNHH Alfa (Sài gòn),cà phê; hồ tiêu; tuyến,rệp sáp; trùng,
Polafen 11EC,Pyriproxyfen (min 95%),Thuốc trừ sâu,Công ty TNHH World Vision (VN),roi,rệp sáp,
Sunlar 110EC,Pyriproxyfen (min 95%),Thuốc trừ sâu,Sundat (S) PTe Ltd,cam,sâu vẽ bùa,
Assassain 300EC,Pyriproxyfen 50g/l + Quinalphos 250g/l,Thuốc trừ sâu,Công ty TNHH An Nông,cà phê; lúa; lạc; sâu xanh da; đậu tương,bọ phấn trắng; láng; nhện gié; rệp sáp; sâu cuốn lá; sâu khoang,
TD-Pyritet 24SC,Pyriproxyfen 8% + Spirotetramat 16%,Thuốc trừ sâu,Công ty TNHH Nông Thái Dương,cà phê,rệp sáp,
"Bigsun 300EC, 600WP",Pyriproxyfen 170g/l (350g/kg) + Tolfenpyrad 130g/l (250g/kg),Thuốc trừ sâu,Công ty TNHH An Nông,cà phê; lúa; nhện gié; rầy nâu; sâu cuốn,lá; rầy nâu; sáp,
Aquinphos 40EC,Quinalphos (min 70%),Thuốc trừ sâu,Công ty CP Nông nghiệp Việt Nam,lúa,rầy nâu,
Cyphos 25EC,Quinalphos (min 70%),Thuốc trừ sâu,Công ty CP Quốc tế Việt Đức,lạc,sâu khoang,
"Faifos 5GR, 25EC",Quinalphos (min 70%),Thuốc trừ sâu,Công ty TNHH XNK Quốc tế SARA,bông vải; cà phê; lúa; lạc; ngô; rệp; sâu; sâu đục; thuốc lá,khoang; muội; sáp; sâu đục thân; thân; xanh,
Kinalux 25EC,Quinalphos (min 70%),Thuốc trừ sâu,Công ty TNHH UPL Việt Nam,cà phê; lúa; lạc; điều; đậu tương,nhện gié; rệp; sâu cuốn lá; sâu khoang; sâu phao; sâu ăn tạp; sâu đục bẹ; sâu đục ngọn,
Methink 25 EC,Quinalphos (min 70%),Thuốc trừ sâu,Công ty TNHH TM - DV Thanh Sơn Hóa Nông,cà phê; lúa,nhện gié; rệp sáp; sâu phao,
Obamax 25EC,Quinalphos (min 70%),Thuốc trừ sâu,Công ty CP Tập đoàn Lộc Trời,cà phê; lúa; lạc,nhện gié; rệp sáp; sâu cuốn lá; sâu khoang; sâu phao đục bẹ,
Peryphos 25 EC,Quinalphos (min 70%),Thuốc trừ sâu,Công ty TNHH TM SX Thôn Trang,lúa,sâu phao,
Quiafos 25EC,Quinalphos (min 70%),Thuốc trừ sâu,Công ty CP Đồng Xanh,cà phê; lúa; điều; đậu tương,nhện gié; rệp sáp; sâu cuốn lá; sâu khoang; sâu đục bẹ; vòi voi đục nõn,
Quilux 25EC,Quinalphos (min 70%),Thuốc trừ sâu,Công ty CP Thanh Điền,cà phê; lúa; rệp; điều,nhện gié; sáp; sâu đục bẹ; sâu đục ngọn,
Quintox 25EC,Quinalphos (min 70%),Thuốc trừ sâu,Công ty CP Thuốc BVTV Việt Trung,lúa,sâu đục thân,
Inikawa 270EC,Quinalphos 230g/l + Thiamethoxam 40g/l,Thuốc trừ sâu,Công ty CP Nông dược Việt Nam,lúa,sâu đục thân,
Bin 25EC,Rotenone,Thuốc trừ sâu,Công ty CP SAM,hồ tiêu; lúa; rệp; sâu đục; đậu xanh,muội; quả; sâu cuốn lá,
"Dibaroten 5 WP, 5SL, 5GR",Rotenone,Thuốc trừ sâu,Công ty TNHH XNK Quốc tế SARA,bầu bí; cam; chè; cà phê; cải bắp; cải bẹ; cải xanh; dưa chuột; dưa chuột 5WP; dưa hấu; hoa - cây cảnh; hồ tiêu; nho; quýt; sâu tơ; sâu xanh; thuốc lá; xoài; đậu tương; đậu xanh,bọ nhảy; bọ xít; nhện đỏ; rầy; rầy bông; rầy chổng cánh; rầy xanh; rệp; rệp muội; rệp sáp; rệp vảy xanh; sâu xanh; sâu ăn lá,
Fortenone 5 WP,Rotenone,Thuốc trừ sâu,Forward International Ltd,bắp cải; sâu; đậu tương,sâu tơ; xanh,
Limater 7.5 EC,Rotenone,Thuốc trừ sâu,Công ty TNHH Vật tư NN Phương Đông,bí xanh; bí đỏ; bắp cải; cam; chè; cây hồng; cải xanh; hoa hồng; lạc; na; nhãn; thuốc lá; vải; xoài; đậu tương; ổi; ớt,bọ nhảy; bọ trĩ; bọ xít; bọ xít muỗi; dòi đục lá; nhện đỏ; rầy xanh; rệp; rệp sáp; sâu khoang; sâu róm; sâu tơ; sâu vẽ bùa; sâu xanh; sâu xanh da láng; sâu ăn lá; sâu đục quả,
Nevi-Roten 6ME,Rotenone,Thuốc trừ sâu,Công ty CP Newfarm Việt Nam,lạc,sâu khoang,
"Newfatoc 75WP, 75SL",Rotenone,Thuốc trừ sâu,Công ty TNHH UPL Việt Nam,bắp cải; cam; chè; cà chua; cải xanh; dưa hấu; lúa; xoài; đậu tương,bọ cánh tơ; bọ trĩ; dòi đục lá; nhện đỏ; rầy bông; rầy nâu; rầy xanh; rệp; sâu cuốn lá; sâu khoang; sâu tơ; sâu vẽ bùa; sâu xanh; sâu xanh bướm trắng; sâu đục thân,
"Rinup 50 EC, 50WP",Rotenone,Thuốc trừ sâu,Công ty TNHH An Nông,bắp cải; cam; chè; cà chua; dưa chuột; dưa hấu; lạc; súp lơ; thuốc lá; xoài; đậu tương,bọ cánh tơ; bọ trĩ; dòi đục lá; nhện đỏ; rầy xanh; rệp đào; sâu tơ; sâu xanh; sâu xanh da láng; sâu ăn hoa,
Trusach 2.5EC,Rotenone,Thuốc trừ sâu,Công ty TNHH Nam Bắc,bắp cải; cam; chè; cà phê; cải bẹ; lúa; rau cải; thuốc lá; đậu tương,bọ nhảy; bọ trĩ; nhện đỏ; rệp muội; rệp sáp; sâu cuốn lá; sâu tơ; sâu vẽ bùa; sâu xanh da láng; sâu đục quả,
Vironone 2 EC,Rotenone,Thuốc trừ sâu,Công ty CP Thuốc sát trùng Việt Nam,cải thảo,sâu tơ,
"Sitto-nin 15BR, 15EC, 15SL",Rotenone 5% (5g/l) (5g/l) + Saponin 14.5% (145g/l) (145g/l),Thuốc trừ sâu,Công ty TNHH Sitto Việt Nam,bắp cải; cà phê; lúa; mía; ốc bươu,bọ hung; trùng; tuyến trùng; vàng,
"Dibonin 5WP, 5SL, 5GR",Rotenone 2.5% + Saponin 2.5%,Thuốc trừ sâu,Công ty TNHH XNK Quốc tế SARA,bầu bí; cam; chè; cà phê; cải bắp; cải xanh; cải xanh 5WP; dưa chuột; dưa hấu; hoa - cây cảnh; hồ tiêu; nho; quýt; sâu tơ; sâu xanh; thuốc lá; xoài; đậu tương; đậu xanh,bọ nhảy; bọ xít; nhện đỏ; rầy; rầy bông; rầy chổng cánh; rầy xanh; rệp; rệp muội; rệp sáp; rệp vảy xanh; sâu xanh; sâu ăn lá,
"Ritenon 150BR, 150GR",Rotenone 2g/kg + Saponin 148g/kg,Thuốc trừ sâu,Công ty CP Quốc tế Agritech Hoa Kỳ,bắp cải; cà phê; mía,bọ hung; tuyến trùng,
Map lisa 230SL,Saponin,Thuốc trừ sâu,Map Pacific Pte Ltd,bắp cải; cải xanh; lúa; sâu xanh bướm,sâu tơ; trắng; xử lý hạt giống trừ bệnh lúa von,
TP-Thần Điền 78SL,Saponozit 46% + Saponin acid 32%,Thuốc trừ sâu,Công ty TNHH Thành Phương,chè; cà phê; dưa chuột; nhãn; vải; xoài; đậu tương,bọ cánh tơ; bọ trĩ; nhện đỏ; rầy xanh; rệp; rệp muội; rệp nâu; rệp sáp; rệp vảy xanh,
Dulux 30EW,Sodium pimaric acid,Thuốc trừ sâu,Công ty CP Nicotex,cà phê,rệp sáp,
Radiant® 60SC,Spinetoram (min 86.4%),Thuốc trừ sâu,Công ty TNHH Corteva Agriscience Việt Nam,bắp cải; chè; cà chua; cây có múi; dưa hấu; hoa hồng; hành; lúa; lạc; ngô; nho; xoài; đậu tương; ớt,bọ trĩ; dòi đục lá; sâu cuốn lá; sâu keo mùa thu; sâu tơ; sâu vẽ bùa; sâu xanh bướm trắng; sâu xanh da láng; sâu đục bẹ; sâu đục quả; sâu đục thân,
Pineram 60SC,Spinetoram (min 86.4%),Thuốc trừ sâu,Công ty TNHH TM - DV Thanh Sơn Hóa Nông,bọ xít; hồ tiêu; lạc; điều,lưới; muỗi; sâu cuốn lá đầu đen,
Thor 60SC,Spinetoram (min 86.4%),Thuốc trừ sâu,Công ty TNHH TM và SX Ngọc Yến,bọ; cà chua; lúa,sâu cuốn lá; trĩ,
Hibifen® 220WG,Spinetoram 120 g/kg + Triflumezopyrim 100 g/kg,Thuốc trừ sâu,Công ty TNHH Corteva Agriscience Việt Nam,lúa,rầy nâu; sâu cuốn lá,
ADU-Saka 20WG,Spinosad (min 85%),Thuốc trừ sâu,Công ty TNHH ADU Việt Nam,ngô,sâu keo mùa thu,
"Akasa 25SC, 250WP",Spinosad (min 85%),Thuốc trừ sâu,Công ty TNHH Wonderful Agriculture (VN),bắp cải; cà chua; hành; lúa; lạc; xoài; đậu tương; ổi,bọ nhảy; dòi đục lá; dòi đục quả; nhện gié; rầy nâu; rệp; sâu cuốn lá; sâu keo; sâu khoang; sâu tơ; sâu xanh; sâu xanh da láng; sâu đục quả; sâu đục thân,
"Automex 100EC, 250SC, 250WP",Spinosad (min 85%),Thuốc trừ sâu,Công ty CP Nông dược Việt Nam,lúa,lá; sâu đục thân,
Bioarrow 100SC,Spinosad (min 85%),Thuốc trừ sâu,Công ty TNHH CNSH Quốc tế Việt Thái,cải bắp,sâu tơ,
BP.Green 25SC,Spinosad (min 85%),Thuốc trừ sâu,Công ty TNHH TM Bình Phương,cải bắp,sâu tơ,
Daiwansin 25SC,Spinosad (min 85%),Thuốc trừ sâu,Công ty CP Futai,bắp cải,sâu tơ,
"Efphê 25EC, 250WP",Spinosad (min 85%),Thuốc trừ sâu,Công ty TNHH ADC,bắp cải; lúa,nhện gié; sâu cuốn lá; sâu tơ; sâu xanh bướm trắng; sâu đục thân,
Pistol 2.5SC,Spinosad (min 85%),Thuốc trừ sâu,Công ty CP Hóa chất SAM,cải bắp; lạc,sâu khoang; sâu tơ,
Qiluspin 10SC,Spinosad (min 85%),Thuốc trừ sâu,"Qilu Crop Science Vietnam Co., Limited",cải bắp,sâu tơ,
RBC-Spino 100SC,Spinosad (min 85%),Thuốc trừ sâu,Công ty CP Môi trường Quốc tế Rainbow,cải bắp,sâu tơ,
Spicess 28SC,Spinosad (min 85%),Thuốc trừ sâu,Công ty TNHH An Nông,bắp cải; cà chua,sâu tơ; sâu xanh,
Spincer 480SC,Spinosad (min 85%),Thuốc trừ sâu,Công ty CP Hợp Trí Summit,bọ; cải bắp; dưa hấu,sâu tơ; trĩ,
Spinki 25SC,Spinosad (min 85%),Thuốc trừ sâu,Công ty TNHH Phú Nông,bắp cải; cà chua; lúa; đậu tương,bọ trĩ; bọ xít hôi; dòi đục lá; rầy nâu; rệp muội; sâu cuốn lá; sâu keo; sâu khoang; sâu tơ; sâu xanh,
Success 25SC,Spinosad (min 85%),Thuốc trừ sâu,Công ty TNHH Corteva Agriscience Việt Nam,cà chua; cải bắp; hành,sâu tơ; sâu xanh; sâu xanh da láng,
Sucsad 25SC,Spinosad (min 85%),Thuốc trừ sâu,Công ty TNHH Nam Bắc,cải bắp; hành,sâu tơ; sâu xanh da láng,
"Suhamcon 25SC, 25WP",Spinosad (min 85%),Thuốc trừ sâu,Công ty TNHH Sản phẩm Công nghệ Cao,bắp cải; cà chua; hành; lạc; đậu đũa,bọ nhảy; bọ nhảy sọc cong vỏ lạc; dòi đục lá; rệp muội; sâu tơ; sâu xanh; sâu xanh bướm trắng; sâu xanh da láng; sâu đục quả,
SV-Incomex 5SC,Spinosad (min 85%),Thuốc trừ sâu,Công ty TNHH Saturn Chemical Việt Nam,bắp cải,sâu tơ,
Wish 25SC,Spinosad (min 85%),Thuốc trừ sâu,Công ty CP Đồng Xanh,bắp cải; hành,bọ nhảy; rệp; sâu tơ; sâu xanh,
Brinka 240SC,Spirodiclofen (min 98%),Thuốc trừ sâu,Công ty TNHH UPL Việt Nam,hoa cúc,nhện đỏ,
Dilufen 29SC,Spirodiclofen (min 98%),Thuốc trừ sâu,Công ty TNHH Trường Thịnh,cam,nhện đỏ,
Etong-nhện 340SC,Spirodiclofen (min 98%),Thuốc trừ sâu,"Shanghai E-Tong Chemical Co., Ltd",cam,nhện đỏ,
Goldmite 240SC,Spirodiclofen (min 98%),Thuốc trừ sâu,Công ty CP Bigfive Việt Nam,cam,nhện đỏ,
Lino tieunhen 240SC,Spirodiclofen (min 98%),Thuốc trừ sâu,Công ty CP Liên Nông Việt Nam,hoa cúc,nhện đỏ,
MDSpifendor 340SC,Spirodiclofen (min 98%),Thuốc trừ sâu,Công ty CP Mạnh Đan,hoa hồng,nhện đỏ,
Mesut 240SC,Spirodiclofen (min 98%),Thuốc trừ sâu,Công ty TNHH TM SX Thôn Trang,hoa hồng,nhện đỏ,
Omega-Spidermite 24SC,Spirodiclofen (min 98%),Thuốc trừ sâu,Công ty TNHH MTV BVTV Omega,hoa hồng,nhện đỏ,
Onbord 240SC,Spirodiclofen (min 98%),Thuốc trừ sâu,Albaugh Asia Pacific Limited,cam,nhện đỏ,
"Palman 150EC, 240SC",Spirodiclofen (min 98%),Thuốc trừ sâu,Công ty CP Long Hiệp,cam; hoa hồng,nhện đỏ; đỏ,
Phesolstamp 240SC,Spirodiclofen (min 98%),Thuốc trừ sâu,Công ty TNHH World Vision (VN),roi; vải,nhện đỏ,
Pirotop 240SC,Spirodiclofen (min 98%),Thuốc trừ sâu,Công ty TNHH Á Châu Hóa Sinh,sắn,bọ phấn trắng,
Setis 34SC,Spirodiclofen (min 98%),Thuốc trừ sâu,Công ty CP BMC Vĩnh Phúc,hoa hồng; hoa đồng tiền,nhện đỏ,
Spiro 240SC,Spirodiclofen (min 98%),Thuốc trừ sâu,Công ty TNHH TM Tùng Dương,quýt,nhện đỏ,
Spiromax 300SC,Spirodiclofen (min 98%),Thuốc trừ sâu,Công ty TNHH Tập đoàn An Nông,cam,nhện đỏ,
Tvramite 34SC,Spirodiclofen (min 98%),Thuốc trừ sâu,Công ty CP Newfarm Việt Nam,hoa hồng,nhện đỏ,
Yonlock 240SC,Spirodiclofen (min 98%),Thuốc trừ sâu,"Yongnong Biosciences Co., Ltd",cam; sanh,nhện đỏ,
Wilson 240SC,Spirodiclofen (min 98%),Thuốc trừ sâu,Công ty CP Nông nghiệp HP,cam; hoa hồng,nhện đỏ,
Forbidmite 22.9SC,Spiromesifen (min 97%),Thuốc trừ sâu,Forward International Ltd,ớt,nhện đỏ,
Oberon 240SC,Spiromesifen (min 97%),Thuốc trừ sâu,Bayer Vietnam Ltd (BVL),cam; chè; xoài; ớt,nhện đỏ,
Seprain 240SC,Spiromesifen (min 97%),Thuốc trừ sâu,"Shandong Weifang Rainbow Chemical Co., Ltd",hoa hồng,nhện đỏ,
Elestal® 300SC,Spiropidion (min 96%),Thuốc trừ sâu,Công ty TNHH Syngenta Việt Nam,dưa hấu; thanh long,bọ trĩ; rệp sáp,
Armata 22.4SC,Spirotetramat (min 96%),Thuốc trừ sâu,"Beijing Bioseen Crop Sciences Co., Ltd",cam; cà phê,nhện đỏ; rệp sáp,
Aspiro 150OD,Spirotetramat (min 96%),Thuốc trừ sâu,Công ty CP BVTV Asata Hoa Kỳ,cà phê,rệp sáp,
Dotramat 150OD,Spirotetramat (min 96%),Thuốc trừ sâu,Công ty CP Đồng Xanh,cam; dưa hấu; xoài,bọ trĩ; nhện đỏ,
Ecudor 22.4SC,Spirotetramat (min 96%),Thuốc trừ sâu,Công ty CP Agri Shop,hoa cúc,nhện đỏ,
"Faster 150OD, 22.4SC",Spirotetramat (min 96%),Thuốc trừ sâu,Công ty TNHH TM và PT Phú Thịnh,khoai tây,bọ phấn,
Mario 22.4SC,Spirotetramat (min 96%),Thuốc trừ sâu,Công ty TNHH Fujimoto Việt Nam,hoa hồng,nhện đỏ,
MH-Kafar 22.4SC,Spirotetramat (min 96%),Thuốc trừ sâu,Công ty TNHH Hóa chất Mạnh Hùng,chè,bọ trĩ,
Monaco 500SC,Spirotetramat (min 96%),Thuốc trừ sâu,Công ty TNHH ADU Việt Nam,cam,rệp sáp,
Movento 150OD,Spirotetramat (min 96%),Thuốc trừ sâu,Bayer Vietnam Ltd (BVL),bưởi; bắp cải; cam; chè; cà chua; cà phê; dưa hấu; hồ tiêu; khoai tây; nhãn; sầu riêng; thanh long; vải; xoài,bọ phấn; bọ trĩ; rệp muội; rệp sáp; sâu tơ; sâu đục cuống quả; sâu đục quả,
Nicapi 150SC,Spirotetramat (min 96%),Thuốc trừ sâu,Công ty TNHH ADC,bưởi,rệp sáp giả,
Notary 22.4SC,Spirotetramat (min 96%),Thuốc trừ sâu,Công ty CP Nông dược HAI,cà phê,rệp sáp,
Ramat 120SC,Spirotetramat (min 96%),Thuốc trừ sâu,Công ty CP Global Farm,cam,rệp sáp,
Sentinet 22.4SC,Spirotetramat (min 96%),Thuốc trừ sâu,Công ty CP Thuốc sát trùng Việt Nam,bưởi,rệp sáp,
Seroto 224SC,Spirotetramat (min 96%),Thuốc trừ sâu,Công ty CP Hóa nông AMC,cà phê,rệp sáp,
Sharma 22.4SC,Spirotetramat (min 96%),Thuốc trừ sâu,Công ty TNHH Anh Dẩu Tiền Giang,cà phê,rệp sáp,
Speramet 150OD,Spirotetramat (min 96%),Thuốc trừ sâu,"Shandong Weifang Rainbow Chemical Co., Ltd",cam,rầy chổng cánh,
Spiroviet Plus 40SC,Spirotetramat (min 96%),Thuốc trừ sâu,Công ty TNHH TM DV Vietcropchem,sầu riêng,rệp sáp,
Suparep 22.4SC,Spirotetramat (min 96%),Thuốc trừ sâu,Công ty CP BMC Vĩnh Phúc,dưa chuột; khoai tây,bọ phấn; bọ trĩ,
Vella 150SC,Spirotetramat (min 96%),Thuốc trừ sâu,Công ty TNHH Nông nghiệp Mặt Trời Vàng,bắp cải; thanh long,rệp muội; rệp sáp,
Takashi 22SC,Spirotetramat 11% + Thiacloprid 11%,Thuốc trừ sâu,Công ty TNHH Fujimoto Nhật Bản,lạc; ngô,rệp muội; sâu xanh da láng,
Protetra 30SC,Spirotetramat 15% + Thiamethoxam 15%,Thuốc trừ sâu,Công ty TNHH MTV BVTV Thạnh Hưng,hoa hồng,nhện đỏ,
AA-Coach 220SC,Spirotetramat 110g/l + Thiacloprid 110g/l,Thuốc trừ sâu,Công ty TNHH XNK TM Agriasian,hoa hồng,nhện đỏ,
Speramet Plus 240SC,Spirotetramat 120g/l + Thiacloprid 120g/l,Thuốc trừ sâu,"Shandong Weifang Rainbow Chemical Co., Ltd",điều,bọ xít muỗi,
Tiramat 300SC,Spirotetramat 150 g/l + Thiamethoxam 150 g/l,Thuốc trừ sâu,Công ty TNHH Gap Agro,cà phê,rệp sáp,
Yoop Super 25SC,Spirotetramat 10% + Thiamethoxam 15%,Thuốc trừ sâu,"Yongnong Biosciences Co., Ltd",sắn; đậu tương,rệp muội; rệp sáp bột hồng,
Tamatra S 18SC,Spirotetramat 10% + Tolfenpyrad 8%,Thuốc trừ sâu,Công ty CP BMC Việt Nam,hoa cúc; hoa hồng,nhện trắng; nhện đỏ,
Viranik 500SC,Spodoptera exigua nucleopolyhedrovirus,Thuốc trừ sâu,Công ty TNHH Kiên Nam,cải bắp; đậu tương,sâu xanh da láng,
Nosivirus No2 WG,Spodoptera litura NPV,Thuốc trừ sâu,Công ty TNHH Nông Sinh,dưa hấu; khoai lang,sâu khoang; sâu xanh da láng,
Closer® 500WG,Sulfoxaflor (min 95%),Thuốc trừ sâu,Công ty TNHH Corteva Agriscience Việt Nam,bông vải; cà phê; hồ tiêu; khoai tây; lúa; ngô; đậu tương,bọ phấn; bọ phấn trắng; rầy nâu; rầy xanh; rệp; rệp muội; rệp sáp,
Bacca 80WG,Sulfur (min 99%),Thuốc trừ sâu,Công ty CP Bell,cam,nhện đỏ,
Sul-AC 80WG,Sulfur (min 99%),Thuốc trừ sâu,Công ty TNHH Á Châu Hóa Sinh,cam,nhện đỏ,
Sul-elong 80WG,Sulfur (min 99%),Thuốc trừ sâu,Công ty CP Tập đoàn King Elong,lúa,nhện gié,
Sulfex 80WG,Sulfur (min 99%),Thuốc trừ sâu,Sumitomo Chemical India Limited,cam; lúa,nhện gié; nhện đỏ,
Tramuluxjapane 80WG,Sulfur (min 99%),Thuốc trừ sâu,Công ty TNHH TM SX Thôn Trang,cam,nhện đỏ,
Adu-feno 200SC,Tebufenozide (min 98%),Thuốc trừ sâu,Công ty TNHH ADU Việt Nam,lạc,sâu xanh da láng,
Meroca 200SC,Tebufenozide (min 98%),Thuốc trừ sâu,Công ty CP Kiên Nam,đậu tương,sâu xanh da láng,
Mimic 20 SC,Tebufenozide (min 98%),Thuốc trừ sâu,Sumitomo Corporation Vietnam LLC,lúa; lạc; thuốc lá,sâu cuốn lá; sâu xanh da láng; sâu đục thân,
Racy 20SC,Tebufenozide (min 98%),Thuốc trừ sâu,Công ty CP Tập đoàn Lộc Trời,lúa,sâu cuốn lá,
T-Fennozide 20SC,Tebufenozide (min 98%),Thuốc trừ sâu,Công ty CP Nông dược Nhật Thành,lạc; ngô; đậu tương,sâu keo mùa thu; sâu khoang; sâu xanh da láng,
Tezimax 200SC,Tebufenozide (min 98%),Thuốc trừ sâu,Công ty TNHH US Agro,ngô,sâu keo mùa thu,
VT-Nozide 200SC,Tebufenozide (min 98%),Thuốc trừ sâu,Công ty TNHH CNSH Quốc tế Việt Thái,lạc,sâu xanh da láng,
Xerox 20SC,Tebufenozide (min 98%),Thuốc trừ sâu,Công ty CP Nicotex,đậu xanh,sâu xanh da láng,
Fist 500WP,Tebufenpyrad 250g/kg (min 98%) + Thiamethoxam 250g/kg,Thuốc trừ sâu,Công ty TNHH TM Tân Thành,hoa cúc; hồ tiêu; lúa,bọ trĩ; bọ xít lưới; nhện gié; rầy nâu,
Vayego 200SC,Tetraniliprole (min 90%),Thuốc trừ sâu,Bayer Vietnam Ltd (BVL),bắp cải; chè; dưa hấu; khoai tây; lúa; ngô,sâu cuốn lá; sâu keo mùa thu; sâu khoang; sâu tơ; sâu đục thân,
Aoba 15EC,Tolfenpyrad (min 95%),Thuốc trừ sâu,Công ty TNHH Nichino Việt Nam,mía; ngô; sắn; thuốc lá,bọ phấn; bọ trĩ; rệp bông xơ; rệp muội,
Zigen 15SC,Tolfenpyrad (min 95%),Thuốc trừ sâu,Công ty CP BMC Việt Nam,hoa cúc,nhện trắng,
Calypso 240SC,Thiacloprid (min 95%),Thuốc trừ sâu,Bayer Vietnam Ltd (BVL),lúa,bọ trĩ,
Fentinat 48SC,Thiacloprid (min 95%),Thuốc trừ sâu,Công ty TNHH BVTV Đồng Phát,lúa,bọ trĩ,
Hostox 480SC,Thiacloprid (min 95%),Thuốc trừ sâu,Công ty TNHH TM Tân Thành,lúa,sâu cuốn lá,
Koto 240SC,Thiacloprid (min 95%),Thuốc trừ sâu,Công ty CP BMC Vĩnh Phúc,cà phê; lúa; đậu tương,rầy nâu; rệp sáp; sâu cuốn lá; sâu đục quả; sâu đục thân,
Yamo 48SC,Thiacloprid (min 95%),Thuốc trừ sâu,Công ty TNHH TM-SX GNC,lúa,bọ trĩ,
Zukop 480SC,Thiacloprid (min 95%),Thuốc trừ sâu,Công ty TNHH Á Châu Hóa Sinh,lúa,rầy nâu,
Actara 25WG,Thiamethoxam (min 95%),Thuốc trừ sâu,Công ty TNHH Syngenta Việt Nam,cà phê; lúa; mía; thuốc lá; điều,bọ trĩ; rầy nâu; rệp; rệp sáp,
Amira 25WG,Thiamethoxam (min 95%),Thuốc trừ sâu,Công ty CP Nicotex,lúa,rầy lưng trắng; rầy nâu,
"Anfaza 250WG, 350SC",Thiamethoxam (min 95%),Thuốc trừ sâu,Công ty TNHH An Nông,cà phê; lúa,bọ trĩ; rầy nâu; rệp sáp; trĩ,
Apfara 25 WG,Thiamethoxam (min 95%),Thuốc trừ sâu,Công ty TNHH TM Anh Thơ,lúa,bọ trĩ; rầy nâu,
"Asarasuper 500SC, 250WG",Thiamethoxam (min 95%),Thuốc trừ sâu,Công ty CP Quốc tế Hòa Bình,lúa,rầy nâu,
Dop 25WG,Thiamethoxam (min 95%),Thuốc trừ sâu,Công ty CP Phát triển Dịch vụ Nông nghiệp IPM,hoa cúc,bọ trĩ,
Falcon 25WG,Thiamethoxam (min 95%),Thuốc trừ sâu,Công ty CP Khử trùng Nam Việt,khoai tây; lúa,bọ trĩ; rệp đào,
Fortaras 25WG,Thiamethoxam (min 95%),Thuốc trừ sâu,Công ty TNHH Phú Nông,cà phê; lúa,bọ trĩ; bọ xít; rầy nâu; rệp sáp; sâu đục cành,
Furacol 25WG,Thiamethoxam (min 95%),Thuốc trừ sâu,Công ty CP BVTV An Hưng Phát,lúa,rầy nâu,
Hercule 25WG,Thiamethoxam (min 95%),Thuốc trừ sâu,Công ty TNHH MTV BVTV Long An,lúa,bọ trĩ,
Kovachick 300SC,Thiamethoxam (min 95%),Thuốc trừ sâu,Công ty TNHH Deutschland Việt Nam,mía,rệp bông xơ,
Impalasuper 25WG,Thiamethoxam (min 95%),Thuốc trừ sâu,Công ty TNHH Nam Bộ,lúa,rầy nâu,
Jiathi,Thiamethoxam (min 95%),Thuốc trừ sâu,Công ty CP Jia Non Biotech (VN),lúa,bọ trĩ,
25WP,Thiamethoxam (min 95%),Thuốc trừ sâu,,,,
"Masherr 25WG, 30SC",Thiamethoxam (min 95%),Thuốc trừ sâu,Công ty CP CN Hoá chất Nhật Bản Kasuta,mía; sắn,rệp bông xơ; trắng,
"Methoxam 25WG, 350SC",Thiamethoxam (min 95%),Thuốc trừ sâu,Công ty CP SAM,mía,rệp bông xơ,
"Nofara 35WG, 350SC",Thiamethoxam (min 95%),Thuốc trừ sâu,Công ty TNHH TM Nông Phát,lúa,bọ trĩ; nâu; rầy nâu,
Ranaxa 25WG,Thiamethoxam (min 95%),Thuốc trừ sâu,Công ty CP Đồng Xanh,lúa,rầy nâu,
"Tata 25WG, 355SC",Thiamethoxam (min 95%),Thuốc trừ sâu,Công ty CP SX - TM - DV Ngọc Tùng,cà phê; lúa; rệp,bọ trĩ; nâu; rầy nâu; rệp sáp; sáp; xử lý hạt giống trừ bọ trĩ,
Thia Extra 50WG,Thiamethoxam (min 95%),Thuốc trừ sâu,Công ty TNHH One Bee Việt Nam,ngô,rệp muội,
Thiamax 25WG,Thiamethoxam (min 95%),Thuốc trừ sâu,Công ty CP Hợp Trí Summit,lúa,rầy nâu,
Thionova 25WG,Thiamethoxam (min 95%),Thuốc trừ sâu,Công ty TNHH UPL Việt Nam,cà phê; lúa,rầy nâu; rệp muội; rệp sáp,
Vithoxam 350SC,Thiamethoxam (min 95%),Thuốc trừ sâu,Công ty CP Thuốc sát trùng Việt Nam,cà phê; lúa,rầy nâu; rệp sáp; xử lý hạt giống trừ bọ trĩ,
Click 75WP,Thiodicarb (min 96%),Thuốc trừ sâu,Công ty TNHH Phú Nông,cà phê; lúa; đậu tương,bọ trĩ; rầy nâu; rệp sáp; sâu cuốn lá; sâu khoang; sâu đục thân; ốc bươu vàng,
Ondosol 750WP,Thiodicarb (min 96%),Thuốc trừ sâu,Công ty TNHH TM Tân Thành,lúa,sâu cuốn lá,
Pontiac 800WG,Thiodicarb (min 96%),Thuốc trừ sâu,Albaugh Asia Pacific Limited,hồ tiêu,rệp sáp,
Supepugin 750WP,Thiodicarb (min 96%),Thuốc trừ sâu,Công ty TNHH TM Nông Phát,lúa,sâu cuốn lá,
Thio.dx 75WP,Thiodicarb (min 96%),Thuốc trừ sâu,Công ty CP Đồng Xanh,lúa,sâu đục thân,
"Pexena® 106SC, 20WG",Triflumezopyrim (min 94%),Thuốc trừ sâu,Công ty TNHH Corteva Agriscience Việt Nam,lúa,nâu; rầy lưng trắng; rầy nâu; rầy nâu nhỏ,
Acemo 180SL,Thiosultap-sodium (Nereistoxin) (Monosultap) (min 95%),Thuốc trừ sâu,Công ty TNHH Trường Thịnh,lúa,sâu cuốn lá,
"Apashuang 10GR, 18SL, 95 WP",Thiosultap-sodium (Nereistoxin) (Monosultap) (min 95%),Thuốc trừ sâu,Công ty TNHH - TM Thái Nông,bọ trĩ; lúa; mía; ngô 18SL; sâu cuốn,lá; sâu đục thân,
"Binhdan 10GR, 18SL, 95WP",Thiosultap-sodium (Nereistoxin) (Monosultap) (min 95%),Thuốc trừ sâu,"Bailing Agrochemical Co., Ltd",bông vải; bọ trĩ; cà phê; lúa; lạc; mía; ngô; rầy; rầy nâu; sâu keo; sâu đục thân; đậu tương,rầy; rệp; rệp sáp; sâu khoang; sâu xanh; sâu đục thân; xanh,
"Catodan 18SL, 90WP",Thiosultap-sodium (Nereistoxin) (Monosultap) (min 95%),Thuốc trừ sâu,Công ty CP TST Cần Thơ,lúa; đậu tương,lá; rệp; sâu cuốn lá,
"Colt 95 WP, 150 SL",Thiosultap-sodium (Nereistoxin) (Monosultap) (min 95%),Thuốc trừ sâu,Công ty TNHH ADC,lúa,sâu phao; thân,
"Dibadan 18 SL, 95WP",Thiosultap-sodium (Nereistoxin) (Monosultap) (min 95%),Thuốc trừ sâu,Công ty TNHH XNK Quốc tế SARA,bông vải; cà phê; lúa; mía; ngô; sâu cuốn,bọ trĩ; lá; rầy; rầy nâu; rệp; rệp bông xơ; rệp sáp; sâu khoang; sâu đục thân,
"Neretox 18 SL, 95WP",Thiosultap-sodium (Nereistoxin) (Monosultap) (min 95%),Thuốc trừ sâu,Công ty CP BVTV I TW,bọ; lúa; ngô; sâu cuốn lá; tre,bọ trĩ; châu chấu tre lưng vàng; sâu cuốn lá; sâu đục thân; trĩ,
Netoxin 90WP,Thiosultap-sodium (Nereistoxin) (Monosultap) (min 95%),Thuốc trừ sâu,Công ty CP BVTV Sài Gòn,lúa; lạc,sâu cuốn lá; sâu xanh; sâu đục thân,
"Sát trùng đơn (Sát trùng đan) 5 GR, 18 SL, 95WP",Thiosultap-sodium (Nereistoxin) (Monosultap) (min 95%),Thuốc trừ sâu,Công ty CP Nicotex,bọ; lúa; sâu đục thân; đậu tương,sâu xanh; sâu đục thân; trĩ,
"Sadavi 18 SL, 95WP",Thiosultap-sodium (Nereistoxin) (Monosultap) (min 95%),Thuốc trừ sâu,Công ty CP DV NN & PTNT Vĩnh Phúc,bọ xít; lúa; sâu cuốn lá,bọ xít; hôi; sâu cuốn lá,
Sanedan 95 WP,Thiosultap-sodium (Nereistoxin) (Monosultap) (min 95%),Thuốc trừ sâu,Công ty TNHH Anh Dẩu Tiền Giang,lúa,sâu đục thân,
"Shaling Shuang 180SL, 950WP",Thiosultap-sodium (Nereistoxin) (Monosultap) (min 95%),Thuốc trừ sâu,Công ty CP Quốc tế Hòa Bình,lúa; sâu cuốn; sâu keo,lá; sâu đục thân,
Sha Chong Jing 95WP,Thiosultap-sodium (Nereistoxin) (Monosultap) (min 95%),Thuốc trừ sâu,Công ty TNHH - TM Bình Phương,lúa,sâu đục thân,
"Sha Chong Shuang 18 SL, 50SP, 95WP",Thiosultap-sodium (Nereistoxin) (Monosultap) (min 95%),Thuốc trừ sâu,"Guizhou CUC INC. (Công ty TNHH TM Hồng Xuân Kiệt, Quý Châu, Trung Quốc)",lúa,sâu cuốn lá,
"Taginon 18 SL, 95 WP",Thiosultap-sodium (Nereistoxin) (Monosultap) (min 95%),Thuốc trừ bệnh,Công ty TNHH TM Tân Thành,lúa; sâu cuốn; sâu đục thân,bọ trĩ; lá; sâu cuốn lá; sâu đục thân,
"Tiginon 5GR, 18SL, 95WP",Thiosultap-sodium (Nereistoxin) (Monosultap) (min 95%),Thuốc trừ bệnh,Công ty CP Vật tư NN Tiền Giang,cà phê; lúa; mía; rệp; sâu đục; đậu xanh,sáp; sâu đục thân; thân; xanh,
"Tungsong 18SL, 95WP",Thiosultap-sodium (Nereistoxin) (Monosultap) (min 95%),Thuốc trừ bệnh,Công ty CP SX - TM - DV Ngọc Tùng,bọ; lúa; sâu đục thân,sâu cuốn lá; sâu đục thân; trĩ,
"Tvpyrafos 250SL, 750WP",Thiosultap-sodium (Nereistoxin) (Monosultap) (min 95%),Thuốc trừ bệnh,Công ty TNHH Hóa chất và TM Trần Vũ,lạc,sâu khoang,
"Vietdan 3.6GR, 29SL, 95WP",Thiosultap-sodium (Nereistoxin) (Monosultap) (min 95%),Thuốc trừ bệnh,Công ty CP Thuốc BVTV Việt Trung,lúa; sâu đục,sâu đục thân; thân; trĩ,
"Vinetox 5GR, 18SL, 95SP",Thiosultap-sodium (Nereistoxin) (Monosultap) (min 95%),Thuốc trừ bệnh,Công ty CP Thuốc sát trùng Việt Nam,cà phê; lúa,sáp; sâu cuốn lá; sâu đục thân,
"Vi Tha Dan 18 SL, 95WP",Thiosultap-sodium (Nereistoxin) (Monosultap) (min 95%),Thuốc trừ bệnh,Công ty TNHH Việt Thắng,lúa,bọ trĩ; sâu cuốn lá; sâu đục thân lúa,
Vatradin 0.5SL,Veratramine (min 95%),Thuốc trừ bệnh,Công ty CP Nông dược Việt Nam,chè,rầy xanh,
Nematodie GR,Verticillium chlamydosporium ZK7,Thuốc trừ bệnh,Công ty CP ACE Biochem Việt Nam,cà chua; hồ tiêu,tuyến trùng,
Garlinker 5ME,Allicin,Thuốc trừ bệnh,"Chengdu Newsun Crop Science Co., Ltd",cải bắp,thối nhũn,
Agrilife 100 SL,Ascorbic acid 2.5% + Citric acid 3.0% + Lactic acid 4.0%,Thuốc trừ bệnh,Công ty CP Hợp Trí Summit,bắp cải; cà tím; lúa; lúa (xử lý hạt giống); mướp; thanh long; xoài; đốm; ớt,bạc lá; héo xanh; lem lép hạt; lá; lúa von; thán thư; thối nhũn vi khuẩn; đốm mắt cua,
Som 5 SL,Acrylic acid 4% (40g/l) + Carvacrol 1% (10g/l),Thuốc trừ bệnh,Công ty TNHH Nam Bắc,cà; dưa chuột; lúa; xà lách; ớt,bạc lá; giả sương mai; khô vằn; mốc xám; thán thư; đạo ôn,
Stargolg 5SL,Acrylic acid 4% (40g/l) + Carvacrol 1% (10g/l),Thuốc trừ bệnh,Công ty CP Hóa Nông Mỹ Việt Đức,lúa; ớt,bạc lá; khô vằn; lem lép hạt; thán thư; đạo ôn,
Bion 50 WG,Acibenzolar-S-methyl (min 96%),Thuốc trừ bệnh,Công ty TNHH Syngenta Việt Nam,lúa,bạc lá,
Abenix 10SC,Albendazole (min 98.8%),Thuốc trừ bệnh,Công ty CP Nicotex,hồ tiêu; lúa,lem lép hạt; thán thư; vàng lá; vàng lá vi khuẩn; đạo ôn,
Masterapc 600WG,Albendazole 100g/kg + Tricyclazole 500g/kg,Thuốc trừ bệnh,Công ty CP Quốc tế APC Việt Nam,lúa,lem lép hạt,
Gekko 20SC,Amisulbrom (min 96.5%),Thuốc trừ bệnh,Công ty TNHH Nissei Corporation Việt Nam,bắp cải; cam; cà chua; dưa chuột; hồ tiêu; mít; sầu riêng; ớt,chết nhanh; giả sương mai; sưng rễ; sương mai; xì mủ,
Amtech 100EW,Anacardic acid,Thuốc trừ bệnh,Công ty CP Nông nghiệp HP,cam; chè; cà chua; cà tím; cải bắp; cải thảo; dâu tây; dưa chuột; dưa lưới; hành; lúa; nho; thanh long; vải; xoài; ớt,giả sương mai; héo xanh; lem lép hạt; loét; mốc sương; mốc xám; sương mai; thán thư; thối búp; thối nhũn; đốm vòng,
Amistar® 250 SC,Azoxystrobin (min 93%),Thuốc trừ bệnh,Công ty TNHH Syngenta Việt Nam,ca cao; cam; chuối; cà chua; dưa hấu; khoai tây; sầu riêng; thanh long; vải; xoài; ớt,lở cổ rễ; mốc sương; sương mai; thán thư; thối quả; đốm lá sigatoka; đốm nâu; đốm vòng,
Amistic 250SC,Azoxystrobin (min 93%),Thuốc trừ bệnh,Công ty CP Fujisan Nhật Bản,dưa hấu,giả sương mai,
Anpro 250SC,Azoxystrobin (min 93%),Thuốc trừ bệnh,Công ty CP Tập đoàn Lộc Trời,cà chua; vải; xoài,thán thư; đốm vòng,
Asiwon 50WG,Azoxystrobin (min 93%),Thuốc trừ bệnh,Công ty CP Agri Shop,nho,sương mai,
Astro 250SC,Azoxystrobin (min 93%),Thuốc trừ bệnh,"Hextar Chemicals Sdn, Bhd",sầu riêng; ớt,thán thư,
Azo-elong 350SC,Azoxystrobin (min 93%),Thuốc trừ bệnh,Công ty CP Tập đoàn King Elong,lúa,lem lép hạt,
Azony 25SC,Azoxystrobin (min 93%),Thuốc trừ bệnh,Công ty TNHH TM và SX Ngọc Yến,cam; lúa; thán; xoài,khô vằn; sẹo; thư; đạo ôn,
Azoxytop 250SC,Azoxystrobin (min 93%),Thuốc trừ bệnh,Công ty TNHH BVTV Thảo Điền,lạc,đốm nâu,
Clodac 250SC,Azoxystrobin (min 93%),Thuốc trừ bệnh,Công ty TNHH BVTV Việt Thái,chuối,đốm lá sigatoka,
Envio 250SC,Azoxystrobin (min 93%),Thuốc trừ bệnh,Công ty CP Hợp Trí Summit,dưa hấu; lúa; sương; thanh long; thán; xoài; đốm,lem lép hạt; mai; nâu; thư,
Hametar 250SC,Azoxystrobin (min 93%),Thuốc trừ bệnh,Công ty TNHH Sản phẩm Công nghệ cao,cà chua,sương mai,
Hiache 23SC,Azoxystrobin (min 93%),Thuốc trừ bệnh,Công ty TNHH World Vision (VN),nho; xoài,thán thư,
Majestic 250SC,Azoxystrobin (min 93%),Thuốc trừ bệnh,Công ty TNHH MTV BVTV Thạnh Hưng,xoài,thán thư hoa,
Mission 250SC,Azoxystrobin (min 93%),Thuốc trừ bệnh,Công ty TNHH Western Agrochemicals,hoa hồng; khoai tây,mốc sương; phấn trắng,
Overamis 300SC,Azoxystrobin (min 93%),Thuốc trừ bệnh,Công ty TNHH Nam Bắc,lúa; xoài,lem lép hạt; thán thư; đạo ôn,
Oxystar 250SC,Azoxystrobin (min 93%),Thuốc trừ bệnh,Công ty TNHH Minh Hòa Phát,hoa cúc,rỉ sắt,
Sam Robin 250SC,Azoxystrobin (min 93%),Thuốc trừ bệnh,Công ty CP SAM,xoài,thán thư,
Sinstar 250SC,Azoxystrobin (min 93%),Thuốc trừ bệnh,Sinon Corporation,lúa,đạo ôn,
Sixoastrobin 25SC,Azoxystrobin (min 93%),Thuốc trừ bệnh,Công ty TNHH Sixon,lạc,đốm lá,
Solani 250SC,Azoxystrobin (min 93%),Thuốc trừ bệnh,Công ty TNHH Gap Agro,xoài; ớt,thán thư,
Star.dx 250SC,Azoxystrobin (min 93%),Thuốc trừ bệnh,Công ty CP Đồng Xanh,dưa hấu; lúa; xoài; ớt,khô vằn; lem lép hạt; thán thư; đạo ôn,
Suzuko 300SC,Azoxystrobin (min 93%),Thuốc trừ bệnh,Công ty TNHH Tấn Hưng Việt Nam,cà phê,thán thư,
Trobin 250SC,Azoxystrobin (min 93%),Thuốc trừ bệnh,Công ty TNHH Phú Nông,cam; lúa; xoài,ghẻ nhám; khô vằn; thán thư; đạo ôn,
Tvazostartop 300SC,Azoxystrobin (min 93%),Thuốc trừ bệnh,Công ty CP Nông dược Unichem Việt Nam,cà phê,thán thư,
XinAzo 250SC,Azoxystrobin (min 93%),Thuốc trừ bệnh,"Anhui Guangxin Agrochemical Co., Ltd",xoài,thán thư,
Anorka Axo 600WG,Azoxystrobin 250g/kg + Boscalid 350g/kg,Thuốc trừ bệnh,Công ty TNHH UPL Việt Nam,ớt,thán thư,
Dosam - Goal 450SC,Azoxystrobin 300g/l + Boscalid 150g/l,Thuốc trừ bệnh,Công ty CP Nông dược Quốc tế Nhật Bản,cam; thanh long; xoài,sẹo; thán thư; đốm nâu,
Ameed Plus 560SC,Azoxystrobin 60g/l + Chlorothalonil 500g/l,Thuốc trừ bệnh,"Jiangyin Suli Chemical Co., Ltd",cà chua; cà phê; dưa chuột; giả sương; ớt,mai; rỉ sắt; sương mai; thán thư,
Mighty 560SC,Azoxystrobin 60g/l + Chlorothalonil 500g/l,Thuốc trừ bệnh,Công ty TNHH Alfa (Sài gòn),dưa chuột,sương mai,
Nowa 560SC,Azoxystrobin 60g/l + Chlorothalonil 500g/l,Thuốc trừ bệnh,Công ty TNHH Danken Việt Nam,cà chua,đốm vòng,
Avial 660SC,Azoxystrobin 60 g/l + Chlorothalonil 600 g/l,Thuốc trừ bệnh,Agria S.A,cà phê; xoài,rỉ sắt; thán thư,
Azoxygold 600SC,Azoxystrobin 100g/l + Chlorothalonil 500g/l,Thuốc trừ bệnh,Công ty TNHH Hóa sinh Mùa Vàng,cam; lúa; thanh long; xoài,lem lép hạt; sẹo; thán thư; đốm nâu,
Kata-top 600SC,Azoxystrobin 100g/l + Chlorothalonil 500g/l,Thuốc trừ bệnh,Công ty CP Hoá chất Nông nghiệp và Công nghiệp AIC,hoa hồng,phấn trắng,
Ortiva® 600SC,Azoxystrobin 100g/l + Chlorothalonil 500g/l,Thuốc trừ bệnh,Công ty TNHH Syngenta Việt Nam,cao su; cà chua; cà phê; dưa chuột; dưa hấu; xoài; ớt,giả sương mai; nấm hồng; nứt vỏ khô mủ; rỉ sắt; sương mai; thán thư; vàng rụng lá; đốm lá; đốm vòng,
Kempo 790SC,Azoxystrobin 90g/l + Chlorothalonil 700g/l,Thuốc trừ bệnh,Công ty TNHH Trường Thịnh,dưa hấu,sương mai,
One clear 50WG,Azoxystrobin 20% + Cymoxanil 30%,Thuốc trừ bệnh,Công ty TNHH Master AG,hoa hồng,phấn trắng,
Kingstar 280SC,Azoxystrobin 200g/l + Cyproconazole 80g/l,Thuốc trừ bệnh,"Shandong Weifang Rainbow Chemical Co., Ltd",hoa hồng; lạc,phấn trắng; đốm đen,
Nizoxy 280SC,Azoxystrobin 200g/l + Cyproconazole 80g/l,Thuốc trừ bệnh,Công ty CP Nicotex,điều,thán thư,
Cyat 525WG,Azoxystrobin 200g/kg + Cyproconazole 75g/kg + Trifloxystrobin 250g/kg,Thuốc trừ bệnh,Công ty CP Nông Tín AG,lúa,lem lép hạt,
Runmun 300SC,Azoxystrobin 200 g/l + Cyazofamid 100 g/l,Thuốc trừ bệnh,Công ty TNHH Nam Bắc,hoa hồng,phấn trắng,
Famid Bgo 40SC,Azoxystrobin 25% + Cyazofamid 15%,Thuốc trừ bệnh,Công ty TNHH Nông nghiệp Công nghệ xanh Bắc Giang,dưa hấu,giả sương mai,
Myscole 30SC,Azoxystrobin 11.5% + Difenoconazole 18.5%,Thuốc trừ bệnh,Công ty CP Công nghệ cao Kyoto Japan,hoa hồng,sương mai,
Takatop 325SC,Azoxystrobin 125g/l + Difenoconazole 200g/l,Thuốc trừ bệnh,Công ty CP Hóa sinh Takashi Nhật Bản,hoa hồng,phấn trắng,
Astro-Top 29.6SC,Azoxystrobin 18.2% + Difenoconazole 11.4%,Thuốc trừ bệnh,Công ty TNHH TM DV XNK Global Ecotech,cà phê,thán thư,
Bizol 29.6SC,Azoxystrobin 18.2% + Difenoconazole 11.4%,Thuốc trừ bệnh,Công ty TNHH Dịch vụ Tư vấn Nông nghiệp Biopesticide,cà phê,rỉ sắt,
Trobin Master 29.6SC,Azoxystrobin 18.2% + Difenoconazole 11.4%,Thuốc trừ bệnh,Công ty TNHH Agro Việt,cà phê,thán thư,
Azoagri 30SC,Azoxystrobin 19% + Difenoconazole 11%,Thuốc trừ bệnh,Công ty CP TM SX - XNK Otuksa Nhật Bản,cà phê,thán thư,
Vitrobin 320SC,Azoxystrobin 200g/l + Difenoconazole 120g/l,Thuốc trừ bệnh,Công ty CP VTNN Việt Nông,lúa,đạo ôn,
Azobin gold 32.5SC,Azoxystrobin 20% + Difenoconazole 12.5%,Thuốc trừ bệnh,Công ty TNHH Thuốc BVTV Thiên Bình,cà phê,rỉ sắt,
Adiconstar 325SC,Azoxystrobin 200g/l + Difenoconazole 125g/l,Thuốc trừ bệnh,"Shandong Weifang Rainbow Chemical Co., Ltd",cà phê; hồ tiêu; lạc,chết cây con; thán thư,
Afenzole 325SC,Azoxystrobin 200g/l + Difenoconazole 125g/l,Thuốc trừ bệnh,"United Plant Protection Co., Limited",cà phê,thán thư,
Amistar Top® 325SC,Azoxystrobin 200g/l + Difenoconazole 125g/l,Thuốc trừ bệnh,Công ty TNHH Syngenta Việt Nam,cao su; cà phê; hoa hồng; hồ tiêu; lúa; lạc; ngô,chết cây con; khô nứt vỏ; khô vằn; lem lép hạt; phấn trắng; rỉ sắt; thán thư; vàng lá; đạo ôn; đốm lá lớn,
Amylatop 325SC,Azoxystrobin 200g/l + Difenoconazole 125g/l,Thuốc trừ bệnh,Công ty TNHH SX và KD Tam Nông,cao su; hoa hồng; lúa; lạc; phấn,chết cây con; khô vằn; lem lép hạt; trắng; vàng rụng lá; đạo ôn,
Angold 325SC,Azoxystrobin 200g/l + Difenoconazole 125g/l,Thuốc trừ bệnh,Công ty TNHH DVNN Lộc Trời,khoai tây,mốc sương,
Artivar Helmer 325SC,Azoxystrobin 200g/l + Difenoconazole 125g/l,Thuốc trừ bệnh,Công ty TNHH B.Helmer,cao su,nấm hồng,
Asmaitop 325SC,Azoxystrobin 200g/l + Difenoconazole 125g/l,Thuốc trừ bệnh,Công ty TNHH Việt Thắng,lúa,lem lép hạt,
Azo Dino Zop 325SC,Azoxystrobin 200g/l + Difenoconazole 125g/l,Thuốc trừ bệnh,Công ty CP Nông dược Nhật Việt,hoa hồng,đốm đen,
Azodife 325SC,Azoxystrobin 200g/l + Difenoconazole 125g/l,Thuốc trừ bệnh,Công ty CP SAM,cà phê,thán thư,
Azofenco 325SC,Azoxystrobin 200g/l + Difenoconazole 125g/l,Thuốc trừ bệnh,Kital Ltd,lúa,lem lép hạt,
Hametar gold 325SC,Azoxystrobin 200g/l + Difenoconazole 125g/l,Thuốc trừ bệnh,Công ty TNHH Sản phẩm Công nghệ cao,cà phê,thán thư,
Keviar 325SC,Azoxystrobin 200g/l + Difenoconazole 125g/l,Thuốc trừ bệnh,Công ty CP Hợp Trí Summit,lúa,khô vằn; lem lép hạt; đạo ôn,
Mastertop 325SC,Azoxystrobin 200g/l + Difenoconazole 125g/l,Thuốc trừ bệnh,Công ty CP Giải pháp NN Tiên Tiến,cao su; cà phê; hồ tiêu; lúa,lem lép hạt; thán thư; vàng rụng lá,
Moneys 325SC,Azoxystrobin 200g/l + Difenoconazole 125g/l,Thuốc trừ bệnh,Albaugh Asia Pacific Limited,hoa hồng; lúa,lem lép hạt; phấn trắng; đạo ôn,
Ohho 325SC,Azoxystrobin 200g/l + Difenoconazole 125g/l,Thuốc trừ bệnh,Công ty TNHH Nam Bộ,lúa,lem lép hạt,
Phaybuc 325SC,Azoxystrobin 200g/l + Difenoconazole 125g/l,Thuốc trừ bệnh,Công ty CP Tập đoàn King Elong,lạc,chết ẻo cây con,
Star.top 325SC,Azoxystrobin 200g/l + Difenoconazole 125g/l,Thuốc trừ bệnh,Công ty CP Đồng Xanh,lúa,đạo ôn,
Supreme 325 SC,Azoxystrobin 200g/l + Difenoconazole 125g/l,Thuốc trừ bệnh,Công ty TNHH Alfa (Sài gòn),lúa,khô vằn; lem lép hạt; đạo ôn,
Topmystar 325SC,Azoxystrobin 200g/l + Difenoconazole 125g/l,Thuốc trừ bệnh,Công ty TNHH Hoá sinh Á Châu,lúa,lem lép hạt,
TT-Over 325SC,Azoxystrobin 200g/l + Difenoconazole 125g/l,Thuốc trừ bệnh,Công ty TNHH TM Tân Thành,cà phê; khoai lang; lúa,khô vằn; lem lép hạt; rỉ sắt; thán thư; vàng lá,
Trobin top 325SC,Azoxystrobin 200g/l + Difenoconazole 125g/l,Thuốc trừ bệnh,Công ty TNHH Phú Nông,cà phê; khoai tây; lúa; lạc; đậu tương,khô vằn; lem lép hạt; lở cổ rễ; rỉ sắt; thán thư; thối gốc; đạo ôn; đốm lá; đốm nâu; đốm vòng,
Citeengold 415SC,Azoxystrobin 255g/l + Difenoconazole 160g/l,Thuốc trừ bệnh,Công ty TNHH VTNN Ngọc Lan,lúa,lem lép hạt,
"Amity top 500SC, 500SG","Azoxystrobin (250g/l), (250g/kg) + Difenoconazole (250g/l), (250g/kg)",Thuốc trừ bệnh,Công ty TNHH Việt Đức,cao su; cà phê; khô; lúa,bạc lá; khô vằn; lem lép hạt; phấn trắng; rỉ sắt; vằn; đạo ôn,
"Myfatop 325SC, 650WP",Azoxystrobin 200g/l (400g/kg) + Difenoconazole 125g/l (250g/kg),Thuốc trừ bệnh,Công ty TNHH An Nông,cà phê; lúa,hạt; lem lép hạt; nấm hồng; đạo ôn,
"Audione 210WP, 250WG, 325SC","Azoxystrobin 10g/kg, (50g/kg), (200g/l) + Difenoconazole 200g/kg, (200g/kg), (125g/l)",Thuốc trừ bệnh,Công ty CP Thuốc BVTV Việt Trung,lem lép; lúa,hạt,
Amass TSC 350SC,Azoxystrobin 200 g/l + Difenoconazole 150g/l,Thuốc trừ bệnh,Công ty CP Lion Agrevo,lúa,lem lép hạt,
Ara-super 350SC,Azoxystrobin 200 g/l + Difenoconazole 150g/l,Thuốc trừ bệnh,Công ty CP SX - TM - DV Ngọc Tùng,cà phê; hồ tiêu; khoai tây; lúa; đậu tương,chết nhanh; khô vằn; lem lép hạt; rỉ sắt; sương mai; đạo ôn; đốm lá,
Aviso 350SC,Azoxystrobin 200 g/l + Difenoconazole 150g/l,Thuốc trừ bệnh,Công ty CP Nông dược HAI,cao su; cà phê; lúa,lem lép hạt; phấn trắng; thán thư; đạo ôn,
Maxtatopgol 350SC,Azoxystrobin 200 g/l + Difenoconazole 150g/l,Thuốc trừ bệnh,Công ty CP Quốc tế Agritech Hoa Kỳ,cao su,phấn trắng,
Mi stop 350SC,Azoxystrobin 200 g/l + Difenoconazole 150g/l,Thuốc trừ bệnh,Công ty TNHH TM Nông Phát,lúa,lem lép hạt,
X-Glider 350SC,Azoxystrobin 200 g/l + Difenoconazole 150g/l,Thuốc trừ bệnh,Công ty TNHH Agrimatco Việt Nam,cà phê,thán thư,
Hazotop 35SC,Azoxystrobin 20% + Difenoconazole 15%,Thuốc trừ bệnh,Công ty CP TM Hải Ánh,hồ tiêu,thán thư,
Navitop 35SC,Azoxystrobin 20% + Difenoconazole 15%,Thuốc trừ bệnh,Công ty CP Khử trùng Nam Việt,cà phê,khô cành; khô quả,
Anmisdotop 400SC,Azoxystrobin 250g/l + Difenoconazole 150g/l,Thuốc trừ bệnh,Công ty CP XNK Nông dược Hoàng Ân,lúa,khô vằn; lem lép hạt; đạo ôn,
Asmiltatop Super 400SC,Azoxystrobin 250g/l + Difenoconazole 150g/l,Thuốc trừ bệnh,Công ty TNHH TM DV Nông Trang,lúa,lem lép hạt; đạo ôn,
Azotop 400SC,Azoxystrobin 250g/l + Difenoconazole 150g/l,Thuốc trừ bệnh,Công ty TNHH Thuốc BVTV MeKong,hồ tiêu; lúa,lem lép hạt; thán thư; đạo ôn,
Azosaic 400SC,Azoxystrobin 250g/l + Difenoconazole 150g/l,Thuốc trừ bệnh,Công ty CP Hoá chất Nông nghiệp và Công nghiệp AIC,lúa,lem lép hạt,
Bi-a 400SC,Azoxystrobin 250g/l + Difenoconazole 150g/l,Thuốc trừ bệnh,Công ty TNHH TM DV Tấn Hưng,lúa,khô vằn; lem lép hạt; đạo ôn,
Dovatop 400SC,Azoxystrobin 250g/l + Difenoconazole 150g/l,Thuốc trừ bệnh,Công ty TNHH Thuốc BVTV Đồng Vàng,cao su; cà phê; hồ tiêu; khoai môn; lúa; điều,chết nhanh; khô quả; khô vằn; lem lép hạt; nấm hồng; thán thư; vàng rụng lá; đạo ôn,
"Help 400SC, 400OD",Azoxystrobin 250g/l + Difenoconazole 150g/l,Thuốc trừ bệnh,Công ty TNHH ADC,cà phê; hoa hồng; hồ tiêu; lúa,khô vằn; lem lép hạt; thán thư; thư; đạo ôn; đốm nâu,
Paramax 400SC,Azoxystrobin 250g/l + Difenoconazole 150g/l,Thuốc trừ bệnh,Công ty TNHH TM và SX Ngọc Yến,lúa; ngô,khô vằn; lem lép hạt; rỉ sắt; đạo ôn; đốm lá,
Upper 400SC,Azoxystrobin 250g/l + Difenoconazole 150g/l,Thuốc trừ bệnh,Công ty TNHH TM DV SX XNK Đức Thành,cao su; cà phê; hồ tiêu; lúa; thuốc lá; vàng rụng,chết nhanh; lem lép hạt; lá; lở cổ rễ; nứt thân xì mủ; thán thư; đạo ôn,
Walker 400SC,Azoxystrobin 250g/l + Difenoconazole 150g/l,Thuốc trừ bệnh,Công ty TNHH Western Agrochemicals,cà phê,thán thư,
Lesthan 40SC,Azoxystrobin 25% + Difenoconazole 15%,Thuốc trừ bệnh,Công ty TNHH Hóa nông Á Châu Hà Nội,cà phê,thán thư,
Uni-rich 40SC,Azoxystrobin 25% + Difenoconazole 15%,Thuốc trừ bệnh,Công ty TNHH World Vision (VN),cà phê; lạc,rỉ sắt,
AU-Perzoxin 48SC,Azoxystrobin 30% + Difenoconazole 18%,Thuốc trừ bệnh,Công ty TNHH Authentique Việt Nam,cà phê,rỉ sắt,
Majetictop 420SC,Azoxystrobin 200g/l + Difenoconazole 220g/l,Thuốc trừ bệnh,Công ty TNHH MTV BVTV Thạnh Hưng,cà phê; lúa,lem lép hạt; rỉ sắt; đốm nâu,
Vk.Lasstop 425SC,Azoxystrobin 250g/l + Difenoconazole 175g/l,Thuốc trừ bệnh,Công ty TNHH MTV BVTV Omega,lúa,lem lép hạt,
Neoamistagold 450SC,Azoxystrobin 325g/l + Difenoconazole 125g/l,Thuốc trừ bệnh,Công ty TNHH TM SX Thôn Trang,lúa,lem lép hạt,
Amitop 450SC,Azoxystrobin 250g/l + Difenoconazole 200g/l,Thuốc trừ bệnh,Công ty TNHH TM Grevo,khoai tây,mốc sương,
A zol 450SC,Azoxystrobin 250g/l + Difenoconazole 200g/l,Thuốc trừ bệnh,Công ty TNHH Kiên Nam,cà phê; khoai tây; lúa; sương; thán,mai; thư; đạo ôn,
Toplusa 450SC,Azoxystrobin 250g/l + Difenoconazole 200g/l,Thuốc trừ bệnh,Công ty TNHH Vipes Việt Nam,lúa,lem lép hạt; đạo ôn,
Jiadeporo 450SC,Azoxystrobin 300g/l + Difenoconazole 150g/l,Thuốc trừ bệnh,Công ty CP Jianon Biotech (VN),lúa,lem lép hạt,
Miligo 450SC,Azoxystrobin 300g/l + Difenoconazole 150g/l,Thuốc trừ bệnh,Công ty TNHH Nông Nghiệp Xanh,lúa,lem lép hạt,
Tilgent 450SC,Azoxystrobin 270g/l + Difenoconazole 180g/l,Thuốc trừ bệnh,Công ty CP Nông dược Việt Nam,lúa,đạo ôn,
Novistar 360WP,Azoxystrobin 60g/kg + Difenoconazole 200g/kg + Dimethomorph 100g/kg,Thuốc trừ bệnh,Công ty CP Nông Việt,hồ tiêu; lúa,chết nhanh; lem lép hạt; đạo ôn,
Mitop one 390SC,Azoxystrobin 210 g/l + Difenoconazole 130 g/l + Hexaconazole 50g/l,Thuốc trừ bệnh,Công ty TNHH TM Nông Phát,lúa,lem lép hạt,
Curegold 375SC,Azoxystrobin 200g/l + Difenoconazole 125g/l + Hexaconazole 50g/l,Thuốc trừ bệnh,Công ty TNHH Hóa Nông Lúa Vàng,cà phê; lúa,khô cành khô quả; khô vằn; lem lép hạt; đạo ôn,
Starvil 425SC,Azoxystrobin 200g/l + Difenoconazole 125g/l + Hexaconazole 100g/l,Thuốc trừ bệnh,Công ty TNHH Hóa sinh Á Châu,lúa,lem lép hạt,
Osaka-Top 500SE,Azoxystrobin 200g/l + Difenoconazole 150g/l + Propiconazole 150g/l,Thuốc trừ bệnh,Công ty TNHH Hóa sinh Á Châu,lúa,lem lép hạt,
Nacazol-ND 425SC,Azoxystrobin 150g/l + Difenoconazole 250g/l + Tebuconazole 25g/l,Thuốc trừ bệnh,Công ty CP Nông dược Việt Nam,lúa,lem lép hạt,
Athuoctop 480SC,Azoxystrobin 200g/l + Difenoconazole 80 g/l + Tricyclazole 200g/l,Thuốc trừ bệnh,Công ty CP ĐT TM và PTNN ADI,lúa,lem lép hạt,
Mix Perfect 525SC,Azoxystrobin 200g/l + Difenoconazole 125g/l + Tricyclazole 200g/l,Thuốc trừ bệnh,Công ty CP Thuốc sát trùng Việt Nam,cao su; cà phê; lúa,khô vằn; lem lép hạt; nấm hồng; rỉ sắt; vàng rụng lá; đạo ôn,
Tilgermany super 555SC,Azoxystrobin 50g/l + Difenoconazole 250g/l + Tricyclazole 255g/l,Thuốc trừ bệnh,Công ty TNHH TM SX Thôn Trang,lúa,lem lép hạt; đạo ôn,
"Titanicone 327SC, 760WP",Azoxystrobin 20.1g/l (50g/kg) + Difenoconazole 12.6g/l (150g/kg) + Sulfur 294.3g/l (560g/kg),Thuốc trừ bệnh,Công ty CP Thuốc BVTV Việt Trung,lúa,lem lép hạt,
Yezak 25SC,Azoxystrobin 5% + Dimethomorph 20%,Thuốc trừ bệnh,Công ty TNHH hỗ trợ phát triển kỹ thuật và chuyển giao công nghệ,cao su,loét sọc mặt cạo,
Azomor 300WG,Azoxystrobin 200 g/kg (20%) + Dimethomorph 100g/kg (10%),Thuốc trừ bệnh,Công ty CP BVTV Asata Hoa Kỳ,hồ tiêu,chết nhanh,
Diabin 30WG,Azoxystrobin 200 g/kg (20%) + Dimethomorph 100g/kg (10%),Thuốc trừ bệnh,Công ty TNHH MTV BVTV Omega,dưa hấu,sương mai,
Dirobin 30WG,Azoxystrobin 200 g/kg (20%) + Dimethomorph 100g/kg (10%),Thuốc trừ bệnh,Công ty CP Quốc tế Việt Đức,khoai tây,mốc sương,
Azomoonpro 50SC,Azoxystrobin 20% + Dimethomorph 30%,Thuốc trừ bệnh,Công ty TNHH BVTV Akita Việt Nam,xoài,thán thư,
Kanbai 50WP,Azoxystrobin 20% + Dimethomorph 30%,Thuốc trừ bệnh,Công ty CP Nông dược Quốc tế Nhật Bản,cải bắp; dưa chuột,giả sương mai; đốm vòng,
Avatop 60WG,Azoxystrobin 20% + Dimethomorph 40%,Thuốc trừ bệnh,"Beijing Bioseen Crop Sciences Co., Ltd",dưa hấu; vải,sương mai,
Azofox 40SC,Azoxystrobin 20% + Dimethomorph 20%,Thuốc trừ bệnh,Công ty TNHH BVTV Thảo Điền,dưa chuột,giả sương mai,
Chusen 40SC,Azoxystrobin 20% + Dimethomorph 20%,Thuốc trừ bệnh,Công ty TNHH Thuốc BVTV Bông Sen Vàng,hoa hồng; sầu riêng,thán thư; xì mủ,
Map hero 340WP,Azoxystrobin 60g/kg + Dimethomorph 30g/kg + Fosetyl-aluminium 250g/kg,Thuốc trừ bệnh,Map Pacific Pte Ltd,bắp cải; cà chua; dưa gang; dưa hấu; nho; thanh long,giả sương mai; mốc sương; nứt thân chảy nhựa; sương mai; thán thư; thối thân; đốm nâu; đốm vòng,
"Lk-Vill @ 450SC, 750WG",Azoxystrobin 250 g/l (250g/kg) + Fenoxanil 200g/l (500g/kg),Thuốc trừ bệnh,Công ty TNHH Hoá sinh Á Châu,lúa,lem lép hạt; ôn,
"Omega 325WP, 400SC",Azoxystrobin 200g/kg (250g/l) + Fenoxanil 125g/kg (150g/l),Thuốc trừ bệnh,Công ty TNHH Thuốc BVTV MeKong,bắp cải; cam; hành; lem lép; lúa,ghẻ nhám; hạt; sương mai; sẹo; đạo ôn; đốm vòng,
Stop Bgo 40SC,Azoxystrobin 20% + Fenoxanil 20%,Thuốc trừ bệnh,Công ty TNHH TM Nam Hải Group,ngô,gỉ sắt,
Baola 400SC,Azoxystrobin 200g/l + Fenoxanil 200g/l,Thuốc trừ bệnh,Công ty TNHH Tấn Hưng Việt Nam,lạc,đốm nâu,
Trobin plus 400SC,Azoxystrobin 200g/l + Fenoxanil 200g/l,Thuốc trừ bệnh,Công ty TNHH Phú Nông,lúa,lem lép hạt; đạo ôn,
Aha 500SC,Azoxystrobin 200g/l + Fenoxanil 200g/l + Hexaconazole 100g/l,Thuốc trừ bệnh,Công ty TNHH Hóa sinh Á Châu,lúa,đạo ôn,
"Surijapane 260SC, 450WP",Azoxystrobin 30g/l (60g/kg) + Fenoxanil 200g/l (350g/kg) + Kasugamycin 30g/l (40g/kg),Thuốc trừ bệnh,Công ty TNHH TM SX Thôn Trang,lúa; đạo,ôn; đạo ôn,
Lazerusa 450SC,Azoxystrobin 200g/l + Fenoxanil 210g/l + Ningnanmycin 40g/l,Thuốc trừ bệnh,Công ty TNHH TM SX Thôn Trang,lúa,đạo ôn,
Chilliusa 360SC,Azoxystrobin 10g/l + Fenoxanil 200g/l + Tebuconazole 150g/l,Thuốc trừ bệnh,Công ty TNHH TM SX Thôn Trang,lúa,đạo ôn,
Balstop 500SC,Azoxystrobin 200 g/l + Fluazinam 300 g/l,Thuốc trừ bệnh,Công ty TNHH Nam Bắc,hoa hồng,phấn trắng,
Chamnuri 30SC,Azoxystrobin 15% + Fludioxonil 15%,Thuốc trừ bệnh,Công ty TNHH hỗ trợ phát triển kỹ thuật và chuyển giao công nghệ,hoa hồng,phấn trắng,
"Willsuper 300EC, 350SC",Azoxystrobin 150g/l (200g/l) + Flusilazole 150g/l (150g/l),Thuốc trừ bệnh,Công ty TNHH TM DV Tấn Hưng,lúa,lem lép hạt,
Fifatop 20SC,Azoxystrobin 12% + Flusilazole 8%,Thuốc trừ bệnh,Công ty TNHH MTV BVTV Omega,cà phê,rỉ sắt,
Padnia 60WG,Azoxystrobin 30% + Flutolanil 30%,Thuốc trừ bệnh,"Shandong Weifang Rainbow Chemical Co., Ltd",khoai tây; thanh long,đốm nâu; đốm vòng,
Camilo 150SC,Azoxystrobin 50g/l + Hexaconazole 100g/l,Thuốc trừ bệnh,Công ty TNHH ADC,cao su; cà phê; lúa; xoài,khô vằn; lem lép hạt; nấm hồng; phấn trắng; rỉ sắt; thán thư; vàng rụng lá; đốm nâu,
Hextop 150SC,Azoxystrobin 50g/l + Hexaconazole 100g/l,Thuốc trừ bệnh,Công ty TNHH TM DV Việt Nông,cao su; lúa; xoài,khô vằn; lem lép hạt; thán thư; vàng rụng lá,
Inavil 150SC,Azoxystrobin 50g/l + Hexaconazole 100g/l,Thuốc trừ bệnh,Công ty TNHH TM Grevo,cà phê,thán thư,
Ori 150SC,Azoxystrobin 50g/l + Hexaconazole 100g/l,Thuốc trừ bệnh,Công ty TNHH TM DV SX XNK Đức Thành,cao su,vàng rụng lá,
Acaben Gold 24SC,Azoxystrobin 8% + Hexaconazole 16%,Thuốc trừ bệnh,Công ty CP BVTV ATC,hoa cúc,đốm lá,
BM Tepblast 240SC,Azoxystrobin 80g/l + Hexaconazole 160g/l,Thuốc trừ bệnh,"Behn Meyer Agricare Vietnam Co., Ltd",cà phê,rỉ sắt,
SV-Tradimix 30WP,Azoxystrobin 10% + Hexaconazole 20%,Thuốc trừ bệnh,Công ty TNHH Saturn Chemical Việt Nam,cà phê,rỉ sắt,
Super cup 151SC,Azoxystrobin 50g/l + Hexaconazole 101g/l,Thuốc trừ bệnh,Công ty TNHH TM DV Tấn Hưng,cà phê,nấm hồng,
Calox 250SC,Azoxystrobin 200g/l + Hexaconazole 50g/l,Thuốc trừ bệnh,Công ty TNHH TM và SX Ngọc Yến,cao su,vàng rụng lá,
"Anforli 70SC, 765WG",Azoxystrobin 10g/l (200g/kg) + Hexaconazole 60g/l (565g/kg),Thuốc trừ bệnh,Công ty CP Thuốc BVTV Việt Trung,lúa,hạt; khô vằn,
Acatop 320SC,Azoxystrobin 250g/l + Hexaconazole 70g/l,Thuốc trừ bệnh,Công ty CP Quốc tế Hòa Bình,lúa,lem lép hạt,
Fujivil 360SC,Azoxystrobin 270g/l + Hexaconazole 90g/l,Thuốc trừ bệnh,Công ty CP Nông dược Việt Nam,cam,sẹo,
King-cide Japan 460SC,Azoxystrobin 200g/l + Hexaconazole 40g/l + Tricyclazole 220g/l,Thuốc trừ bệnh,Công ty TNHH TM Nông Phát,lúa,lem lép hạt,
Avas Zin 260SC,Azoxystrobin 10g/l + Hexaconazole 30g/l + Tricyclazole 220g/l,Thuốc trừ bệnh,Công ty TNHH TM DV Tấn Hưng,lúa,đạo ôn,
Acdino 350SC,Azoxystrobin 200g/l + Hexaconazole 100g/l + Tebuconazole 50g/l,Thuốc trừ bệnh,Công ty TNHH Hoá Sinh Á Châu,lúa,lem lép hạt; đạo ôn,
Reflect® Xtra 325 SC,Azoxystrobin 200 g/l + Isopyrazam 125 g/l,Thuốc trừ bệnh,Công ty TNHH Syngenta Việt Nam,lúa,khô vằn; lem lép hạt,
SV-antibacter 12WP,Azoxystrobin 3% + Jingangmycin A (Validamycin A) 9%,Thuốc trừ bệnh,Công ty TNHH Saturn Chemical Việt Nam,hoa hồng,đốm đen,
Hottawa 250SC,Azoxystrobin 200 g/l + Kasugamycin 50 g/l,Thuốc trừ bệnh,Công ty CP Kiên Nam,hồ tiêu,chết nhanh,
Ngonta 250SC,Azoxystrobin 200 g/l + Kasugamycin 50 g/l,Thuốc trừ bệnh,Công ty TNHH Tấn Hưng Việt Nam,cà phê,thán thư,
Trobinsuper 250SC,Azoxystrobin 200 g/l + Kasugamycin 50 g/l,Thuốc trừ bệnh,Công ty TNHH Phú Nông,cà phê; hoa cúc; hồ tiêu; khoai tây; lúa,chết nhanh; héo xanh vi khuẩn; lem lép hạt; mốc sương; rỉ sắt; thán thư; đạo ôn,
Fineluck 750WG,Azoxystrobin 50 g/kg + Mancozeb 700 g/kg,Thuốc trừ bệnh,Công ty TNHH UPL Việt Nam,lúa,khô vằn,
Helan 47OS,Azoxystrobin 7% + Mancozeb 40%,Thuốc trừ bệnh,Công ty TNHH SX & TM HAI Long An,xoài,thán thư,
Galaxyl-M 30SC,Azoxystrobin 20% + Metalaxyl-M 10%,Thuốc trừ bệnh,Công ty TNHH A2T Việt Nam,cà phê,rỉ sắt,
Gemistar 30SC,Azoxystrobin 20% + Metalaxyl-M 10%,Thuốc trừ bệnh,Công ty TNHH TM Gem Sky,cà phê,rỉ sắt,
Meazofungi 30SE,Azoxystrobin 20% + Metalaxyl-M 10%,Thuốc trừ bệnh,Công ty TNHH Xuất nhập khẩu Kết Nông,lạc,đốm nâu,
Bvsupertot 39SE,Azoxystrobin 28.4% + Metalaxyl-M 10.6%,Thuốc trừ bệnh,Công ty TNHH NN Công nghệ cao Bản Việt,lạc,đốm nâu,
Tvpyranil 390SC,Azoxystrobin 282g/l + Metalaxyl-M 108g/l,Thuốc trừ bệnh,Công ty CP Newfarm Việt Nam,hồ tiêu,chết nhanh,
Perolis 170SC,Azoxystrobin 155g/l + Oxathiapiprolin 15g/l,Thuốc trừ bệnh,Công ty TNHH Syngenta Việt Nam,cà chua; dưa chuột; dưa hấu,giả sương mai; mốc sương,
Almagor 356EC,Azoxystrobin 56g/l + Prochloraz 200g/l + Tebuconazole 100g/l,Thuốc trừ bệnh,Công ty TNHH Adama Việt Nam,lúa,lem lép hạt,
Pilarpro 295SE,Azoxystrobin 110g/l + Propiconazole 185g/l,Thuốc trừ bệnh,Công ty CP Phát triển Dịch vụ Nông nghiệp IPM,lạc,đốm nâu,
Omega-Vil 32SC,Azoxystrobin 20% + Propiconazole 12%,Thuốc trừ bệnh,Công ty TNHH MTV BVTV Omega,cà phê; hồ tiêu; rỉ; đậu tương; đốm,chết nhanh; lá; sắt,
Bn-azopro 35SC,Azoxystrobin 20% + Propiconazole 15%,Thuốc trừ bệnh,Công ty CP Bảo Nông Việt,cao su; cà phê; lúa; phấn,khô vằn; lem lép hạt; rỉ sắt; trắng; đạo ôn,
Quilt® 200SE,Azoxystrobin 75g/l + Propiconazole 125g/l,Thuốc trừ bệnh,Công ty TNHH Syngenta Việt Nam,lúa; ngô,khô vằn; lem lép hạt; đạo ôn; đốm lá lớn,
Propazomix 18.7SC,Azoxystrobin 7% + Propiconazole 11.7%,Thuốc trừ bệnh,"Shaanxi Bencai Agricultural Development Co., Ltd",cà phê,rỉ sắt,
"Amisupertop 271EW, 340SC, 500WP, 760WG","Azoxystrobin 1g/l (130g/l), (100g/kg) (200g/kg) + Propineb 10g/l (10g/l), (300g/kg) (10g/kg) + Tebuconazole 260g/l (200g/l), (100g/kg) (550g/kg)",Thuốc trừ bệnh,Công ty CP Thuốc BVTV Việt Trung,lúa,lem lép hạt,
"Topnati 281EW, 330SC, 760WP","Azoxystrobin 1g/l (260g/l), (50g/kg) + Sulfur 20g/l (10g/l), (460g/kg) + Tebuconazole 260g/l (60g/l), (250g/kg)",Thuốc trừ bệnh,Công ty CP Thuốc BVTV Việt Trung,lúa,lem lép hạt,
Buxyzole 240SC,Azoxystrobin 80 g/l + Tebuconazole 160 g/l,Thuốc trừ bệnh,Albaugh Asia Pacific Limited,cà phê,thán thư,
Omega-mytop 50SC,Azoxystrobin 20% + Tebuconazole 30%,Thuốc trừ bệnh,Công ty TNHH MTV BVTV Omega,chết; cà phê; hồ tiêu,nhanh; rỉ sắt; đốm lá đậu tương,
Custodia 320SC,Azoxystrobin 120g/l + Tebuconazole 200g/l,Thuốc trừ bệnh,Công ty TNHH Adama Việt Nam,hồ tiêu; lúa,khô vằn; thán thư; đạo ôn,
Carolin 25SC,Azoxystrobin 12.5% + Tebuconazole 12.5%,Thuốc trừ bệnh,Công ty CP Hóa chất SAM,cà phê,rỉ sắt,
"Lotususa 400SC, 800WG",Azoxystrobin 200g/l (450g/kg) + Tebuconazole 200g/l (350g/kg),Thuốc trừ bệnh,Công ty TNHH TM SX Thôn Trang,lúa,lem lép hạt; vằn,
Tebaz 400SC,Azoxystrobin 200 g/l + Tebuconazole 200 g/l,Thuốc trừ bệnh,"Shanghai E-tong Chemical Co., Ltd",cà phê,rỉ sắt,
Trustar 85WG,Azoxystrobin 49% + Tebuconazole 36%,Thuốc trừ bệnh,"Shandong Weifang Rainbow Chemical Co., Ltd",điều,thán thư,
Maxxa 500WG,Azoxystrobin 400g/kg + Tebuconazole 100g/kg,Thuốc trừ bệnh,Công ty TNHH TM DV Tấn Hưng,lúa,khô vằn; lem lép hạt,
Natiduc 800WG,Azoxystrobin 300g/kg + Tebuconazole 500g/kg,Thuốc trừ bệnh,Công ty TNHH Việt Đức,cà phê; lúa,khô vằn; lem lép hạt; rỉ sắt; đạo ôn,
"Natigold 320SC, 450WG",Azoxystrobin 260g/l (100g/kg) + Tebuconazole 60g/l (350g/kg),Thuốc trừ bệnh,Công ty CP thuốc BVTV Việt Trung,lúa; đạo,lem lép hạt; ôn; đạo ôn,
SV-Calida 75WP,Azoxystrobin 25% + Tebuconazole 50%,Thuốc trừ bệnh,Công ty TNHH Saturn Chemical Việt Nam,lạc,đốm lá,
Ameed top 750WG,Azoxystrobin 250g/kg + Tebuconazole 500g/kg,Thuốc trừ bệnh,"Jiangyin Suli Chemical Co., Ltd",hoa hồng; lúa; lạc; phấn,khô vằn; lem lép hạt; trắng; đốm lá,
Tebazo 29.3SC,Azoxystrobin 11% + Tebuconazole 18.3%,Thuốc trừ bệnh,Công ty CP Khử trùng Nam Việt,hồ tiêu,chết nhanh,
Eminent excell 180SC,Azoxystrobin 100 g/l + Tetraconazole 80 g/l,Thuốc trừ bệnh,Công ty TNHH Kỹ thuật sinh học Mekong,hoa cúc; hoa hồng; hồ tiêu; khoai tây,phấn trắng; rỉ sắt; thán thư; đốm vòng,
"Verygold 80WP, 325SC, 760WG","Azoxystrobin 0.2g/kg (100g/l), (10g/kg) + Tricyclazole 79.8g/kg (225g/l), (750g/kg)",Thuốc trừ bệnh,Công ty TNHH Thuốc BVTV Liên doanh Nhật Mỹ,lúa,hạt,
Lagan 50SC,Azoxystrobin 16.7% + Tricyclazole 33.3%,Thuốc trừ bệnh,Công ty CP Bigfive Việt Nam,lạc,đốm nâu,
Staragro 325SC,Azoxystrobin 100g/l + Tricyclazole 225 g/l,Thuốc trừ bệnh,Công ty CP Đồng Xanh,lúa,khô vằn,
"Azobem 400SC, 800WP",Azoxystrobin 30 g/l (50g/kg) + Tricyclazole 370g/l (750g/kg),Thuốc trừ bệnh,Công ty TNHH Hóa Chất và TM Trần Vũ,lúa,đạo ôn,
Top-care 420SC,Azoxystrobin 20g/l + Tricyclazole 400g/l,Thuốc trừ bệnh,Công ty CP Khử trùng Nam Việt,lúa,đạo ôn,
Roshow 460SC,Azoxystrobin 60g/l + Tricyclazole 400g/l,Thuốc trừ bệnh,Công ty CP ĐT TM và PTNN ADI,lúa,đạo ôn,
Bemjapane 760WP,Azoxystrobin 15g/kg + Tricyclazole 745g/kg,Thuốc trừ bệnh,Công ty TNHH TM SX Thôn Trang,lúa,đạo ôn,
Be-amusa 810WP,Azoxystrobin 10g/kg + Tricyclazole 800g/kg,Thuốc trừ bệnh,Công ty TNHH TM DV Nông Trang,lúa,đạo ôn,
Altista top 500SC,Azoxystrobin 200g/l + Tricyclazole 300g/l,Thuốc trừ bệnh,Công ty TNHH Nam Bắc,lúa,đạo ôn,
Tvazomide 25WP,Azoxystrobin 20% + Thifluzamide 5%,Thuốc trừ bệnh,Công ty TNHH Vbook Hoa Kỳ,cà phê,thán thư,
Environ 45SC,Azoxystrobin 25% + Thifluzamide 20%,Thuốc trừ bệnh,Công ty CP Đầu tư phát triển Apollo Việt Nam,ngô,khô vằn,
Azotide 30SC,Azoxystrobin 20% + Thifluzamide 10%,Thuốc trừ bệnh,"Shaanxi Bencai Agricultural Development Co., Ltd",ngô,khô vằn,
Onew 500SC,Azoxystrobin 200g/l + Zinc thiazole (min 95%) 300g/l,Thuốc trừ bệnh,Công ty CP Nông nghiệp HP,cam; lúa,lem lép hạt; loét vi khuẩn,
Nano Kito 2.6SL,Bạc Nano 1g/l + Chitosan 25g/l,Thuốc trừ bệnh,Công ty TNHH Ngân Anh,cao su,nấm hồng,
Bio-VAAS.1,Bacillus siamensis 108 CFU/g + Streptomyces misionensis 108 CFU/g,Thuốc trừ bệnh,Viện Khoa học Nông nghiệp Việt Nam,cam; sầu riêng,xì mủ,
Ace Bacis 111WP,Bacillus subtilis,Thuốc trừ bệnh,Công ty CP ACE Biochem Việt Nam,cà chua; dưa chuột; lúa; mốc; phấn,trắng; xám; đạo ôn,
Balus 111WP,Bacillus subtilis,Thuốc trừ bệnh,Công ty TNHH Á Châu Hóa Sinh,dưa chuột; lúa; phấn,trắng; đạo ôn,
Biobac WP,Bacillus subtilis,Thuốc trừ bệnh,"Bion Tech Inc.,",bắp cải; cam; cà chua; dâu tây; hoa cúc; súp lơ; sưng; ớt,héo xanh; héo xanh vi khuẩn; phấn trắng; rễ; thối rễ; vàng lá thối rễ,
Biocare WP,Bacillus subtilis,Thuốc trừ bệnh,Công ty TNHH TM DV SX XNK Đức Thành,sầu riêng,thán thư,
Bionite WP,Bacillus subtilis,Thuốc trừ bệnh,Công ty TNHH Nông Sinh,bí xanh; cà chua; dưa chuột; hành tây; lúa; lạc; nho; thuốc lá; vải,biến màu quả; bệnh còng; chết cây con; héo vàng; lem lép hạt; mốc sương; phấn trắng; sương mai; đen thân; đạo ôn; đốm phấn vàng,
Mostika 109 cfu/ml SL,Bacillus subtilis,Thuốc trừ bệnh,Công ty CP Tập đoàn Điện Bàn,bắp cải; hồ tiêu,chết nhanh; thối nhũn,
Moti-V 100WP,Bacillus subtilis,Thuốc trừ bệnh,Công ty TNHH TM Hải Thụy,cà chua,mốc xám,
Rebaci 100WP,Bacillus subtilis,Thuốc trừ bệnh,Công ty TNHH TM - DV Thanh Sơn Hóa Nông,cam; quýt,vàng lá thối rễ,
Subtial 100WP,Bacillus subtilis,Thuốc trừ bệnh,Công ty CP Nông dược HAI,lúa,khô vằn,
Serenade SC,Bacillus amyloliquefaciens (Bacillus subtilis) QST 713,Thuốc trừ bệnh,Bayer Vietnam Ltd (BVL),bưởi; bắp cải; cam; chuối; cà chua; dưa chuột; hành; khoai tây; lúa; thanh long; xoài; ớt,chết rạp cây con; héo xanh vi khuẩn; loét; loét vi khuẩn; phấn trắng; sương mai; thán thư; thối đen; đạo ôn; đốm lá; đốm vòng,
Miyabi WG,Bacillus amyloliquefaciens AT-332,Thuốc trừ bệnh,Công ty CP Việt Thắng Group,dưa lưới; ớt chuông,phấn trắng,
Antibac 108 cfu/g WP,Bacillus amyloliquefaciens,Thuốc trừ bệnh,Công ty CP Tập đoàn Lộc Trời,lúa,bạc lá,
Balusar WP,Bacillus amyloliquefaciens,Thuốc trừ bệnh,Công ty CP Nông Nghiệp HP,cà rốt,tuyến trùng,
Sinsmart SC,Bacillus amyloliquefaciens,Thuốc trừ bệnh,Sinon Corporation,cam; cải bắp; dâu tây,loét; mốc xám; đốm lá vi khuẩn,
Bemy 100SC,Bemystrobin (min 98%),Thuốc trừ bệnh,Công ty TNHH Á Châu Hóa Sinh,lúa,đạo ôn,
Dobexyl 50WP,Benalaxyl (min 94%),Thuốc trừ bệnh,Công ty CP Đồng Xanh,dưa hấu; đậu tương; đốm,giả sương mai; lá,
Hida 15WG,Benthiavalicarb-isopropyl (min 91%),Thuốc trừ bệnh,Sumitomo Corporation Vietnam LLC,dưa chuột; dưa hấu; giả sương; khoai tây; sương,mai; mốc sương,
Valbon 71.75WG,Benthiavalicarb-isopropyl 1.75% + Mancozeb 70.0%,Thuốc trừ bệnh,Sumitomo Corporation Vietnam LLC,chết; cà chua; hồ tiêu,nhanh; sương mai,
Antiba 4SL,Berberine,Thuốc trừ bệnh,Công ty CP Thuốc sát trùng Việt Nam,cà chua; dưa chuột,đốm góc cạnh vi khuẩn,
ET-Hebal 5SL,Berberine,Thuốc trừ bệnh,"Shanghai E-Tong Chemical Co., Ltd",cà chua; hồ tiêu,chết nhanh; mốc xám,
Agpicol 200WP,Bismerthiazol (Sai ku zuo) (min 90%),Thuốc trừ bệnh,Công ty CP BVTV An Hưng Phát,lúa,bạc lá,
Anti-xo 200WP,Bismerthiazol (Sai ku zuo) (min 90%),Thuốc trừ bệnh,Công ty TNHH Phú Nông,bắp cải; cam; cà chua; loét vi; lúa; xoài; đậu tương; ớt,bạc lá; héo xanh vi khuẩn; khuẩn; thối gốc vi khuẩn; thối đen vi khuẩn; đốm lá vi khuẩn; đốm đen vi khuẩn,
Asusu 20 WP,Bismerthiazol (Sai ku zuo) (min 90%),Thuốc trừ bệnh,Công ty TNHH - TM Thái Nông,cam; lúa,bạc lá; loét,
Benita 250 WP,Bismerthiazol (Sai ku zuo) (min 90%),Thuốc trừ bệnh,Công ty CP Nông nghiệp HP,lúa,bạc lá,
Diebiala 20SC,Bismerthiazol (Sai ku zuo) (min 90%),Thuốc trừ bệnh,Công ty TNHH Thuốc BVTV Đồng Vàng,lúa; xoài; xì,bạc lá; mủ,
Kadatil 300WP,Bismerthiazol (Sai ku zuo) (min 90%),Thuốc trừ bệnh,Công ty TNHH TM Nông Phát,lúa,bạc lá,
Sasa 25 WP,Bismerthiazol (Sai ku zuo) (min 90%),Thuốc trừ bệnh,"Guizhou CUC INC. (Công ty TNHH TM Hồng Xuân Kiệt, Quý Châu, Trung Quốc)",lúa,bạc lá,
Sansai 200 WP,Bismerthiazol (Sai ku zuo) (min 90%),Thuốc trừ bệnh,Công ty CP Quốc tế Hòa Bình,lúa,bạc lá,
TT-atanil 250WP,Bismerthiazol (Sai ku zuo) (min 90%),Thuốc trừ bệnh,Công ty CP Delta Cropcare,lúa,bạc lá,
TT Basu 250WP,Bismerthiazol (Sai ku zuo) (min 90%),Thuốc trừ bệnh,Công ty TNHH TM Tân Thành,bắp cải; hành; khoai lang; lúa,bạc lá; héo rũ; thối nhũn; đốm lá vi khuẩn,
VK. Sakucin 25WP,Bismerthiazol (Sai ku zuo) (min 90%),Thuốc trừ bệnh,Công ty TNHH Á Châu Hóa sinh,lúa,bạc lá,
Xanthomix 20 WP,Bismerthiazol (Sai ku zuo) (min 90%),Thuốc trừ bệnh,Công ty CP Nicotex,lúa,bạc lá,
Xiexie 200WP,Bismerthiazol (Sai ku zuo) (min 90%),Thuốc trừ bệnh,Công ty TNHH TM Bình Phương,lúa,bạc lá,
Zeppelin 200WP,Bismerthiazol (Sai ku zuo) (min 90%),Thuốc trừ bệnh,Công ty TNHH Đầu tư và Phát triển Ngọc Lâm,hoa hồng; lúa; phấn,bạc lá; trắng,
TT-Tafin 75WP,Bismerthiazol 15% + Copper hydroxide 60%,Thuốc trừ bệnh,Công ty TNHH TM Tân Thành,khoai tây; lúa,bạc lá; sương mai,
Broken 800WP,Bismerthiazol 350 g/kg + Fenoxanil 450 g/kg,Thuốc trừ bệnh,Công ty TNHH TM SX Thôn Trang,cà phê,nấm hồng,
Bikin 750WP,Bismerthiazol 250g/kg + Fenoxanil 400g/kg + Sulfur 100g/kg,Thuốc trừ bệnh,Công ty TNHH An Nông,lúa,đạo ôn,
ARC-clench 215WP,Bismerthiazol 150g/kg + Gentamicin sulfate 15g/kg + Streptomycin sulfate 50g/kg,Thuốc trừ bệnh,Công ty TNHH TM và SX Ngọc Yến,hồ tiêu; lúa; xoài,bạc lá; héo rũ; lép vàng vi khuẩn; đốm đen xì mủ,
Riazor 215WP,Bismerthiazol 150g/kg + Gentamicin sulfate 15g/kg + Streptomycin sulfate 50g/kg,Thuốc trừ bệnh,Công ty CP Nông dược Nhật Việt,lúa,bạc lá,
TT-bemdex 600SC,Bismerthiazol 150g/l + Hexaconazole 450g/l,Thuốc trừ bệnh,Công ty TNHH TM Tân Thành,cà phê; lúa,bạc lá; khô vằn; nấm hồng; thán thư,
Probicol 200WP,Bismerthiazol 190 g/kg + Kasugamycin 10g/kg,Thuốc trừ bệnh,Công ty TNHH TM Nông Phát,lúa,bạc lá,
"Nanowall 300WP, 500SC",Bismerthiazol 290g/kg (475g/l) + Kasugamycin 10g/kg (25g/l),Thuốc trừ bệnh,Công ty TNHH UPL Việt Nam,lúa,bạc lá,
Tokyo-Nhật 220WP,Bismerthiazol 200g/kg + Oxytetracycline hydrochloride 20g/kg,Thuốc trừ bệnh,Công ty TNHH Anh Dẩu Tiền Giang,lúa,bạc lá,
Captivan 400WP,Bismerthiazol 200g/kg + Oxolinic acid 200g/kg,Thuốc trừ bệnh,Công ty TNHH MTV BVTV Thạnh Hưng,lúa,bạc lá,
Longantivo 400WP,Bismerthiazol 200g/kg + Oxolinic acid 200g/kg,Thuốc trừ bệnh,Công ty TNHH MTV BVTV Long An,lúa,bạc lá,
Probencarb 250WP,Bismerthiazol 200 g/kg + Streptomycin sulfate 50g/kg,Thuốc trừ bệnh,Công ty TNHH TM Nông Phát,lúa,bạc lá,
Kasagen 250WP,Bismerthiazol 150g/kg + Tecloftalam (min 96%) 100g/kg,Thuốc trừ bệnh,Công ty TNHH Việt Thắng,lúa,bạc lá,
Sieu sieu 250WP,Bismerthiazol 150g/kg + Tecloftalam (min 96%) 100g/kg,Thuốc trừ bệnh,Công ty TNHH TM và SX Ngọc Yến,lúa; ngô,bạc lá; đốm sọc vi khuẩn,
Bitric 800WP,Bismerthiazol 250g/kg + Tricyclazole 550g/kg,Thuốc trừ bệnh,Công ty TNHH TM DV Việt Nông,lúa,đạo ôn,
Antigold 775WP,Bismerthiazol 400g/kg + Tricyclazole 375g/kg,Thuốc trừ bệnh,Công ty CP SX TM Bio Vina,lúa,bạc lá; đạo ôn,
Bimplus 800WP,Bismerthiazol 300g/kg + Tricyclazole 500g/kg,Thuốc trừ bệnh,Công ty TNHH An Nông,lúa,đạo ôn,
Tigondiamond 800WP,Bismerthiazol 300g/kg + Tricyclazole 500g/kg,Thuốc trừ bệnh,Công ty CP Nông nghiệp HP,lúa,bạc lá; đạo ôn,
Antimer-so 800WP,Bismerthiazol 200g/kg + Tricyclazole 400g/kg + Sulfur 200g/kg,Thuốc trừ bệnh,Công ty TNHH TM DV Nông Trang,lúa,bạc lá; đạo ôn,
"BM Bordeaux M 25WP, 25WG",Bordeaux mixture (min 83.05%),Thuốc trừ bệnh,Công ty TNHH Ngân Anh,cam; cao su; cà chua; cà phê; hồ tiêu; rỉ; thán; tảo; vàng rụng; điều,lá; nấm hồng; sương mai; sắt; sẹo; thư; đỏ,
IC-Top 28.1SC,Bordeaux mixture (min 83.05%),Thuốc trừ bệnh,Công ty TNHH Xây dựng Thành Phát,cam; nho,loét vi khuẩn; sương mai,
Ac-Bosca 300SC,Boscalid (min 96%),Thuốc trừ bệnh,Công ty TNHH Hóa Sinh Á Châu,lúa,đạo ôn,
Bonito 50WG,Boscalid (min 96%),Thuốc trừ bệnh,"Zhejiang Udragon Pesticides and Chemicals Co., Ltd",nho,mốc xám,
Boss cat 50WG,Boscalid (min 96%),Thuốc trừ bệnh,Công ty CP BMC Việt Nam,hoa cúc,lở cổ rễ,
Bosstar 25SC,Boscalid (min 96%),Thuốc trừ bệnh,"Beijing Bioseen Crop Sciences Co., Ltd",nho,phấn trắng,
Entry 500 WG,Boscalid (min 96%),Thuốc trừ bệnh,Công ty TNHH Alfa (Sài Gòn),xoài,thối quả,
Dontrump 500WG,Boscalid (min 96%),Thuốc trừ bệnh,Công ty TNHH US Agro,ớt,mốc xám,
Gap-boss 300SC,Boscalid (min 96%),Thuốc trừ bệnh,Công ty TNHH Gap Agro,dưa chuột,giả sương mai,
Grude 50WG,Boscalid (min 96%),Thuốc trừ bệnh,Công ty CP Nông dược HAI,nho,mốc xám,
Kimono.apc 50WG,Boscalid (min 96%),Thuốc trừ bệnh,Công ty CP Nông dược Việt Nam,lúa; đậu tương,lem lép hạt; sương mai,
MDBosdan 500WG,Boscalid (min 96%),Thuốc trừ bệnh,Công ty CP Mạnh Đan,hồ tiêu; ớt,mốc xám; thán thư,
Noducalid 50WG,Boscalid (min 96%),Thuốc trừ bệnh,Công ty TNHH Nông dược Miền Nam,hoa hồng,đốm đen,
Wasaki 250SC,Boscalid (min 96%),Thuốc trừ bệnh,Công ty TNHH TM và SX ASVN,lúa,đạo ôn,TT28/2026: đổi tổ chức đăng ký
Bolini 300SC,Boscalid 240 g/l + Fludioxonil 60 g/l,Thuốc trừ bệnh,Công ty TNHH MTV BVTV Omega,dưa chuột; xoài,giả sương mai; thán thư,
Boslid 35SC,Boscalid 15% + Iprodione 20%,Thuốc trừ bệnh,Công ty TNHH Thuốc BVTV Bông Sen Vàng,cà chua; dưa chuột,phấn trắng; đốm vòng,
Phonrx 30SC,Boscalid 20% + Kresoxim- methyl 10%,Thuốc trừ bệnh,Công ty TNHH BVTV Thảo Điền,dưa chuột,phấn trắng,
Kelme 300SC,Boscalid 200g/l + Kresoxim-methyl 100g/l,Thuốc trừ bệnh,Công ty TNHH BVTV Akita Việt Nam,ớt,mốc xám,
Mustang 35SC,Boscalid 25% + Pyraclostrobin 10%,Thuốc trừ bệnh,"Zhejiang Udragon Pesticides and Chemicals Co., Ltd",hồ tiêu,thán thư,
Kangaroo 38WG,Boscalid 25% + Pyraclostrobin 13%,Thuốc trừ bệnh,Công ty TNHH thuốc BVTV NCC,hoa hồng,thán thư,
Rustona 38WG,Boscalid 25% + Pyraclostrobin 13%,Thuốc trừ bệnh,Công ty TNHH Agro Việt,thanh long,đốm nâu,
Astra Boss 38WG,Boscalid 25.2% (252 g/l) + Pyraclostrobin 12.8% (128g/l),Thuốc trừ bệnh,Công ty CP Kỹ thuật Công nghệ Klever,khoai tây,mốc sương,
Bibos 380SC,Boscalid 25.2% (252 g/l) + Pyraclostrobin 12.8% (128g/l),Thuốc trừ bệnh,Công ty TNHH Á Châu Hóa Sinh,cam; lúa; đạo,sẹo; ôn,
Boscalos 380SC,Boscalid 25.2% (252 g/l) + Pyraclostrobin 12.8% (128g/l),Thuốc trừ bệnh,Công ty CP Tập đoàn Japec,ớt,thán thư,
Boss-B 380SC,Boscalid 25.2% (252 g/l) + Pyraclostrobin 12.8% (128g/l),Thuốc trừ bệnh,Công ty TNHH Hoá Sinh Á Châu,lúa,đạo ôn,
Bostrobin 380SC,Boscalid 25.2% (252 g/l) + Pyraclostrobin 12.8% (128g/l),Thuốc trừ bệnh,Công ty CP BVTV Asata Hoa Kỳ,cà phê,rỉ sắt,
Lessick 38WG,Boscalid 25.2% (252 g/l) + Pyraclostrobin 12.8% (128g/l),Thuốc trừ bệnh,"Shandong Weifang Rainbow Chemical Co., Ltd",hành; sầu riêng; ớt,thán thư; đốm vòng,
Migu 38WG,Boscalid 25.2% (252 g/l) + Pyraclostrobin 12.8% (128g/l),Thuốc trừ bệnh,Công ty TNHH Nam Bộ,dưa chuột,giả sương mai,
Mokoni 380SC,Boscalid 25.2% (252 g/l) + Pyraclostrobin 12.8% (128g/l),Thuốc trừ bệnh,Công ty CP Nông nghiệp HP,cà chua,thán thư,
New Boss 380SC,Boscalid 25.2% (252 g/l) + Pyraclostrobin 12.8% (128g/l),Thuốc trừ bệnh,Công ty CP S New Rice,ớt,thán thư,
VT-Trocalid 38SC,Boscalid 25.2% (252 g/l) + Pyraclostrobin 12.8% (128g/l),Thuốc trừ bệnh,Công ty TNHH CNSH Quốc tế Việt Thái,hoa hồng,phấn trắng,
Fujiboss 30SC,Boscalid 20% + Pyraclostrobin 10%,Thuốc trừ bệnh,Công ty CP BMC Vĩnh Phúc,nho,sương mai,
Roteva 30SC,Boscalid 20% + Pyraclostrobin 10%,Thuốc trừ bệnh,"Beijing Bioseen Crop Sciences Co., Ltd",cà chua; ớt,sương mai; thán thư,
Fortine 33SC,Boscalid 26.5% + Pyraclostrobin 6.5%,Thuốc trừ bệnh,Forward International Ltd,hồ tiêu,thán thư,
Tribo 560SC,Boscalid 420 g/l + Trifloxystrobin 140 g/l,Thuốc trừ bệnh,Công ty TNHH Hóa Sinh Á Châu,xoài,thán thư,
Shirako 25ME,Bromothalonil (min 95%) 20% + Cuppric nonyl phenolsulfonate (min 92%) 5%,Thuốc trừ bệnh,Công ty TNHH BVTV Akita Việt Nam,hoa hồng,phấn trắng,
IKD-Tamu 27WP,Bromothalonil 25% + Kasugamycin 2%,Thuốc trừ bệnh,Công ty CP Nghiên cứu Ứng dụng Công nghệ sinh học IKD – Hoa Kỳ,lạc,đốm nâu,
Ang-Sachbenh 500WP,Bromothalonil 370 g/kg + Myclobutanil 130 g/kg,Thuốc trừ bệnh,Công ty TNHH An Nông,lúa,lem lép hạt,
Totan 200WP,Bronopol (min 99%),Thuốc trừ bệnh,Công ty CP Tập đoàn Lộc Trời,lúa,bạc lá; lép vàng,
Xantocin 40WP,Bronopol (min 99%),Thuốc trừ bệnh,Công ty CP Khử trùng Việt Nam,hồ tiêu; lúa,bạc lá; chết chậm; thối gốc do vi khuẩn,
TT-biomycin 40.5WP,Bronopol (min 99%),Thuốc trừ bệnh,Công ty TNHH TM Tân Thành,lúa,bạc lá; lem lép hạt do vi khuẩn,
Sapol 700WP,Bronopol 450g/kg + Salicylic acid 250g/kg,Thuốc trừ bệnh,Công ty TNHH TM - DV Thanh Sơn Hóa Nông,lúa; lạc,bạc lá; héo xanh vi khuẩn; thối bẹ,
Sieukhuan 700WP,Bronopol 450g/kg + Salicylic acid 250g/kg,Thuốc trừ bệnh,Công ty TNHH An Nông,lúa,bạc lá,
Ω-Buri 25ME,Bupirimate (min 98%),Thuốc trừ bệnh,Công ty TNHH MTV BVTV Omega,dưa chuột; giả sương; lúa,mai; đạo ôn,
Majestene 94.46 SL,Burkholderia sp. strain A396,Thuốc trừ bệnh,Công ty CP Hợp Trí Summit,cà chua; cà phê,tuyến trùng,
Lime Sulfur,Calcium Polysulfide,Thuốc trừ bệnh,Công ty TNHH ADC,dưa chuột; nho; sương,mai; phấn trắng,
Newcado 300SC,Carpropamid (min 95%),Thuốc trừ bệnh,Công ty TNHH An Nông,lúa,đạo ôn,
Senly 2.1SL,Carvacrol 0.1% + Eugenol 2%,Thuốc trừ bệnh,Công ty TNHH Trường Thịnh,bí xanh; cà chua; dưa chuột; lúa; ớt,bạc lá; giả sương mai; khô vằn; phấn trắng; sương mai; thán thư,
Ketomium 1.5 x 106 Cfu/g bột,Chaetomium cupreum,Thuốc trừ bệnh,Viện Di truyền nông nghiệp,cà chua; cà phê; cây hồng; hồ tiêu; lúa,héo rũ; phấn trắng; thối rễ; thối thân; đạo ôn; đốm lá,
Vaciline 106SC,Chaetomium cupreum,Thuốc trừ bệnh,Công ty TNHH Nông nghiệp Công nghệ cao,lúa; ớt,thán thư; đạo ôn,
Mocabi SL,Chaetomium sp. 1.5 x 106 cfu/ml + Trichoderma sp 1.2 x 104 cfu/ml,Thuốc trừ bệnh,Công ty TNHH Nông Sinh,bắp cải; cao su; cà chua; hành tây; hồ tiêu; lúa,héo vàng; lem lép hạt; nấm hồng; sưng rễ; thối gốc; thối lá,
Fusai 50SL,Chitosan,Thuốc trừ bệnh,Công ty CP Quốc tế Hòa Bình,lúa,bạc lá; đạo ôn,
"Jolle 1SL, 50WP",Chitosan,Thuốc trừ bệnh,Công ty TNHH MTV BVTV Omega,bí xanh; cà phê; hồ tiêu; lúa; vải; xoài,lem lép hạt; thối quả; tuyến trùng; đạo ôn,
"Kaido 50SL, 50WP",Chitosan,Thuốc trừ bệnh,Công ty TNHH Thuốc BVTV Liên doanh Nhật Mỹ,bí xanh; cà phê; hồ tiêu; lúa; vải; xoài,lem lép hạt; thối quả; tuyến trùng; đạo ôn,
"Stop 5 SL, 15WP",Chitosan,Thuốc trừ bệnh,Công ty TNHH Ngân Anh,chè; cà chua; cà rốt; dưa chuột; dưa hấu; hoa huệ; lúa; thanh long; xà lách,cháy lá; héo dây; khô vằn; sương mai; thối búp; thối gốc; thối rễ; trùng; tuyến trùng; đạo ôn; đốm nâu; đốm xám,
Thumb 0.5SL,Chitosan,Thuốc trừ bệnh,Công ty TNHH Nam Bắc,bí xanh; cà chua; cà phê; dưa chuột; hồ tiêu; lúa; ớt,bạc lá; chết nhanh; giả sương mai; khô vằn; phấn trắng; sương mai; thán thư; tuyến trùng; đạo ôn,
Tramy 2 SL,Chitosan,Thuốc trừ bệnh,Công ty TNHH XNK Quốc tế SARA,bầu bí; chè; cà chua; cà phê; cải xanh; dưa hấu; hoa cúc; hồ tiêu; lúa; lạc; ngô; vải; xoài; xà lách,bệnh héo rũ; héo rũ; lở cổ rễ; mốc sương; mốc xám; thối quả; tuyến trùng; đạo ôn; đốm lá,
Vacxilplant 8 SL,Chitosan,Thuốc trừ bệnh,Công ty TNHH TM – SX Phước Hưng,lúa,lem lép hạt; đạo ôn,
Yukio 50SL,Chitosan,Thuốc trừ bệnh,Công ty TNHH MTV Gold Ocean,bắp cải; hành; lúa,bạc lá; khô vằn; lem lép hạt; thối nhũn; thối đen; đạo ôn,
Rizasa 3SL,Oligo-Chitosan,Thuốc trừ bệnh,Công ty TNHH Ngân Anh,chè; cà chua; dâu tây; lúa; mía; đậu hà lan,kích thích sinh trưởng; lem lép hạt; mốc sương; mốc xám; phấn trắng; rỉ sắt; thối ngọn; đạo ôn,
Premi 25SL,Chitosan 5g/l + Kasugamycin 20g/l,Thuốc trừ bệnh,Công ty TNHH Thuốc BVTV Liên doanh Nhật Mỹ,lúa,lem lép hạt; đạo ôn,
Mifum 0.6SL,Chitosan tan 0.5% + Nano Ag 0.1%,Thuốc trừ bệnh,Viện Khoa học vật liệu ứng dụng,lúa,lem lép hạt; đạo ôn,
"Hope 20SL, 27WP",Chitosan 10g/l (10g/kg)+ Ningnanmycin 10g/l (17g/kg),Thuốc trừ bệnh,Công ty CP Thuốc BVTV Việt Trung,lúa; vải,bạc lá; lem lép hạt; thán thư,
Daone 25WP,Chitosan 20g/kg + Nucleotide 5g/kg,Thuốc trừ bệnh,Công ty CP Thuốc BVTV Việt Trung,lúa; vải,lem lép hạt; thán thư quả; đạo ôn,
"2S Sea & See 12WP, 12SL",Chitosan 2% + Oligo-Alginate 10%,Thuốc trừ bệnh,Công ty TNHH Ngân Anh,bắp cải; chè; cà rốt; cải xanh; hoa cúc; súp lơ xanh,kích thích sinh trưởng; rỉ sắt; thối đen vi khuẩn; vòng; đốm nâu; đốm vòng; đốm xám,
Starone 20WP,Chitosan 19g/kg + Polyoxin 1g/kg,Thuốc trừ bệnh,Công ty CP Thuốc BVTV Việt Trung,bắp cải; chè; lúa; thối; xoài,búp; khô vằn; lem lép hạt; lở cổ rễ; phấn trắng; đạo ôn,
"Stonegold 21SL, 22WP",Chitosan 1g/l (1g/kg) + Polyoxin B 20g/l (21g/kg),Thuốc trừ bệnh,Công ty TNHH Thuốc BVTV Liên doanh Nhật Mỹ,bạc; lúa; vải,lem lép hạt; lá; thán thư; đạo ôn,
Hoả tiễn 50 SP,Chlorobromo isocyanuric acid (min 85%),Thuốc trừ bệnh,Công ty CP BVTV Sài Gòn,lúa,bạc lá,
Agronil 75WP,Chlorothalonil (min 98%),Thuốc trừ bệnh,Công ty CP Jia Non Biotech (VN),dưa hấu; lúa; sương,khô vằn; mai,
Anhet 75WP,Chlorothalonil (min 98%),Thuốc trừ bệnh,Công ty CP Futai,dưa hấu; hành; đốm,giả sương mai; lá,
"Arygreen 75 WP, 500SC",Chlorothalonil (min 98%),Thuốc trừ bệnh,"Arysta LifeScience Vietnam Co., Ltd",cam; cà chua; dưa hấu; ghẻ; hành; lạc; vải; vải thiều; xoài; điều; ớt,chết rạp cây con; giả sương mai; sương mai; sẹo; thán thư; thư; đốm lá; đốm vòng,
Binhconil 75 WP,Chlorothalonil (min 98%),Thuốc trừ bệnh,"Bailing Agrochemical Co., Ltd",cao su; lúa; lạc; thuốc lá,khô vằn; thán thư; đốm lá; đốm nâu,
Carnival 720SC,Chlorothalonil (min 98%),Thuốc trừ bệnh,Công ty TNHH Fujimoto Việt Nam,hoa hồng,thán thư,
Chionil 750WP,Chlorothalonil (min 98%),Thuốc trừ bệnh,Công ty CP Nông nghiệp HP,cà chua; dưa chuột; hành; xoài; ớt,chết cây con; giả sương mai; thán thư; đốm lá; đốm vòng,
Clearner 75WP,Chlorothalonil (min 98%),Thuốc trừ bệnh,"Shandong Weifang Rainbow Chemical Co., Ltd",cam; dưa hấu; xoài; ớt,sương mai; sẹo; thán thư,
"Cornil 75WP, 500SC",Chlorothalonil (min 98%),Thuốc trừ bệnh,Công ty CP Quốc tế Hòa Bình,khoai tây,sương mai,
"Daconil 75WP, 500SC",Chlorothalonil (min 98%),Thuốc trừ bệnh,Công ty CP Việt Thắng Group,bắp cải; cam; chanh leo; chè; dưa chuột; hoa hồng; hành; lúa; thanh long; thuốc lá; vải; xoài; ớt,Melanos; bệnh đổ ngã cây con; khô vằn; phấn trắng; sẹo; thán thư; đạo ôn; đốm lá,
Damssi 720SC,Chlorothalonil (min 98%),Thuốc trừ bệnh,Công ty CP Cửu Long,cam; cà phê; dưa chuột; thanh long; xoài,giả sương mai; sẹo; thán thư; đốm nâu,
Duruda 75WP,Chlorothalonil (min 98%),Thuốc trừ bệnh,"FarmHannong Co., Ltd",dưa hấu,giả sương mai,
"Forwanil 50SC, 75WP",Chlorothalonil (min 98%),Thuốc trừ bệnh,Forward International Ltd,bắp cải; cà chua; cà phê; lúa; lạc; rỉ; sương; đốm,khô vằn; mai; nâu; sắt; vòng,
Fungonil 75WP,Chlorothalonil (min 98%),Thuốc trừ bệnh,Công ty TNHH Việt Hóa Nông,cam,thán thư,
Ronil 75WP,Chlorothalonil (min 98%),Thuốc trừ bệnh,Công ty CP Khử trùng Nam Việt,xoài,thán thư,
Rothanil 75 WP,Chlorothalonil (min 98%),Thuốc trừ bệnh,"Guizhou CUC INC. (Công ty TNHH TM Hồng Xuân Kiệt, Quý Châu, Trung Quốc)",lạc,rỉ sắt,
Samconil 500SC,Chlorothalonil (min 98%),Thuốc trừ bệnh,Công ty CP SAM,hoa hồng,phấn trắng,
Sinlonil 75WP,Chlorothalonil (min 98%),Thuốc trừ bệnh,Sinon Corporation,dưa hấu,sương mai,
"Sulonil 720SC, 750WP",Chlorothalonil (min 98%),Thuốc trừ bệnh,"Jiangyin Suli Chemical Co., Ltd",cà chua; dưa chuột; lạc; mốc,giả sương mai; lá; sương; sương mai; đốm lá,
Top Line 75WP,Chlorothalonil (min 98%),Thuốc trừ bệnh,Công ty TNHH hỗ trợ phát triển kỹ thuật và chuyển giao công nghệ,hoa hồng,phấn trắng,
Thalonil 75 WP,Chlorothalonil (min 98%),Thuốc trừ bệnh,"Longfat Global Co., Ltd",cà chua; dưa hấu; đốm,sương mai; vòng,
Trimox 425SC,Chlorothalonil 375g/l + Cymoxanil 50g/l,Thuốc trừ bệnh,Albaugh Asia Pacific Limited,hoa hồng,phấn trắng,
Cythala 75 WP,Chlorothalonil 60% (600g/kg) + Cymoxanil 15% (150g/kg),Thuốc trừ bệnh,Công ty CP Đồng Xanh,cà phê; lúa; đậu tương,khô vằn; rỉ sắt,
Dipcy 750WP,Chlorothalonil 60% (600g/kg) + Cymoxanil 15% (150g/kg),Thuốc trừ bệnh,Công ty CP ĐT TM và PTNN ADI,hoa hồng,phấn trắng,
Thacynil 750WP,Chlorothalonil 60% (600g/kg) + Cymoxanil 15% (150g/kg),Thuốc trừ bệnh,Công ty CP Kiên Nam,cà phê; hoa hồng; điều,phấn trắng; rỉ sắt; thán thư,
Mixtan 600SC,Chlorothalonil 500g/l + Dimethomorph 100g/l,Thuốc trừ bệnh,Albaugh Asia Pacific Limited,cà chua; dưa chuột,giả sương mai; mốc sương,
Evito-C 660SC,Chlorothalonil 600g/l + Fluoxastrobin (min 94%) 60g/l,Thuốc trừ bệnh,"Arysta LifeScience Vietnam Co., Ltd",thanh long,đốm nâu,
Calaeti 800WP,Chlorothalonil 30% + Fosetyl-aluminium 50%,Thuốc trừ bệnh,Công ty TNHH Sản phẩm Công nghệ cao,dưa hấu; hồ tiêu; vải,chết nhanh; giả sương mai; sương mai,
Tisabe 550 SC,Chlorothalonil 500g/l + Hexaconazole 50g/l,Thuốc trừ bệnh,Công ty CP Nông nghiệp HP,cam; cao su; cà phê; dưa hấu; hành; lúa; xoài; điều,ghẻ nhám; khô vằn; rỉ sắt; thán thư; vàng rụng lá; đốm vòng,
Rubygold 555SC,Chlorothalonil 500g/l + Hexaconazole 55g/l,Thuốc trừ bệnh,Công ty TNHH CEC Việt Nam,lúa,lem lép hạt,
Mdancozeb 640WP,Chlorothalonil 8% (80g/kg) + Mancozeb 56% (560 g/kg),Thuốc trừ bệnh,Công ty CP Mạnh Đan,dưa chuột; vải,giả sương mai; thán thư,
Romandine 64WP,Chlorothalonil 8% (80g/kg) + Mancozeb 56% (560 g/kg),Thuốc trừ bệnh,Công ty TNHH Radiant AG,cà phê,rỉ sắt,
Elixir 750WG,Chlorothalonil 125g/kg + Mancozeb 625g/kg,Thuốc trừ bệnh,Công ty TNHH UPL Việt Nam,dưa hấu; sầu riêng; xoài; ớt,thán thư,
Mechlorad 440SC,Chlorothalonil 400g/l + Metalaxyl 40g/l,Thuốc trừ bệnh,Công ty CP Bình Điền MeKong,cao su,loét sọc mặt cạo,
Dobins 650WP,Chlorothalonil 600g/kg + Metalaxyl 50g/kg,Thuốc trừ bệnh,Công ty CP Nông dược Việt Thành,hồ tiêu; khoai tây; sương; thán; đậu tương,mai; rỉ sắt; thư,
Kevlar 44SC,Chlorothalonil 40% + Metalaxyl-M 4%,Thuốc trừ bệnh,Công ty TNHH BVTV Akita Việt Nam,hoa hồng,phấn trắng,
Dr.Green 800WP,Chlorothalonil 200g/kg + Propineb 600g/kg,Thuốc trừ bệnh,Công ty TNHH Nông Nghiệp Xanh,dưa hấu; xoài,sươngmai; thán thư,
Revus Opti® 440SC,Chlorothalonil 400g/l + Mandipropamid (min 93%) 40g/l,Thuốc trừ bệnh,Công ty TNHH Syngenta Việt Nam,cà chua; dưa chuột; dưa hấu; hồ tiêu; khoai tây; mốc; nứt; thán; thán thư; thối; xoài; đốm vòng,dây; rễ; sương; sương mai; thư,
Orondis® Opti 406SC,Chlorothalonil 400 g/l + Oxathiapiprolin 6g/l,Thuốc trừ bệnh,Công ty TNHH Syngenta Việt Nam,cà chua; dưa chuột; dưa hấu,giả sương mai; sương mai,
Suflonil 50SC,Chlorothalonil 15% + Sulfur 35%,Thuốc trừ bệnh,Công ty TNHH A2T Việt Nam,hoa hồng,rỉ sắt,
Extra Gold 70WP,Chlorothalonil 20% (200g/kg) + Thiram 50% (500g/kg),Thuốc trừ bệnh,Công ty TNHH MTV BVTV Long An,cà phê,rỉ sắt,
TDC Mix 700WP,Chlorothalonil 20% (200g/kg) + Thiram 50% (500g/kg),Thuốc trừ bệnh,Công ty TNHH TDC Thành Nam,đậu tương,đốm lá,
"Vanglany 80WP, 555SC",Chlorothalonil 35% (530g/l) + Tricyclazole 45% (25g/l),Thuốc trừ bệnh,Công ty TNHH TM và SX Ngọc Yến,cao su; cà phê; lúa; lạc; đậu tương,khô vằn; lem lép hạt; rỉ sắt; thư; thối bẹ; đạo ôn; đốm lá,
Kimone 750WP,Chlorothalonil 250g/kg + Tricyclazole 500g/kg,Thuốc trừ bệnh,Công ty CP Nông dược Agriking,cao su; cà phê; gừng; lem lép hạt; lúa; thán; thối; đạo,củ; rỉ sắt; thư; ôn,
MAP Green 6SL,Citrus oil,Thuốc trừ bệnh,Map Pacific Pte Ltd,bầu bí; bắp cải; bọ xít; cam; cao su; chè; chết ẻo cây; cà chua; cà phê; cải ngọt; dưa chuột; lạc; nho; nhãn; thán; xoài; xì; điều; ớt,bọ nhảy; bọ phấn; bọ trĩ; bọ xít muỗi; con; hỗ trợ tăng hiệu quả của thuốc trừ rệp sáp; muỗi; mốc sương; mủ; nhện lông nhung; nhện đỏ; phấn trắng; sâu cuốn lá; sâu tơ; sâu xanh da láng; thán thư; thư; thối búp; vàng rụng lá,
Wifi 1.0EW,Cnidiadin,Thuốc trừ bệnh,Công ty CP Thuốc sát trùng Việt Nam,dưa chuột,sương mai,
Abi copper 230EC,Copper abietate (min 90%),Thuốc trừ bệnh,Công ty CP BVTV Asata Hoa Kỳ,lạc,đốm lá,
Cocan 23EC,Copper abietate (min 90%),Thuốc trừ bệnh,Công ty CP thuốc BVTV Tiên Tiến,lúa,bạc lá,
Pyracoper 30SC,Copper abietate 25% + Pyraclostrobin 5%,Thuốc trừ bệnh,Công ty TNHH TAT Hà Nội,lạc,rỉ sắt,
Layboy 200WP,Copper acetate (min 98%),Thuốc trừ bệnh,Công ty TNHH Tấn Hưng Việt Nam,cà phê,rỉ sắt,
Hobyo 200WP,Copper acetate 4% + Moroxydine hydrochloride (min 98%) 16%,Thuốc trừ bệnh,Công ty TNHH Được Mùa,lúa; thuốc lá,bạc lá; xoăn lá,
Killvirus 20WP,Copper acetate 5% + Moroxydine hydrochloride 15%,Thuốc trừ bệnh,Công ty TNHH Deutschland Việt Nam,khoai tây,Mốc sương,
Nevicopper 20WP,Copper acetate 10% + Moroxydine hydrochloride 10%,Thuốc trừ bệnh,Công ty CP Newfarm Việt Nam,lạc,đốm nâu,
Tateria 20WP,Copper acetate 10% + Moroxydine hydrochloride 10%,Thuốc trừ bệnh,Công ty TNHH TAT Hà Nội,thuốc lá,xoăn lá,
ML-Acemocab 51SL,Copper acetate 23% + Propamocarb 28%,Thuốc trừ bệnh,Công ty TNHH Hoá chất Nông dược Minh Linh,khoai tây,mốc sương,
Ải vân 6.4SL,Copper citrate (min 95%),Thuốc trừ bệnh,Công ty TNHH XNK Quốc tế SARA,lúa; lạc; điều,bạc lá; lem lép hạt; thán thư; đốm lá,
Heroga 64SL,Copper citrate (min 95%),Thuốc trừ bệnh,Công ty CP BVTV An Hưng Phát,hồ tiêu; lúa; lạc; đậu tương,bạc lá; lở cổ rễ; tuyến trùng; đạo ôn,
Ajily 77WP,Copper Hydroxide (min Cu 57.3%),Thuốc trừ bệnh,Công ty TNHH Việt Thắng,cà phê,rỉ sắt,
"Champion 37.5SC, 57.6 DP, 77WP",Copper Hydroxide (min Cu 57.3%),Thuốc trừ bệnh,Công ty TNHH Nufarm Việt Nam,cà phê; hồ tiêu; tảo,chết chậm; hồng; tảo đỏ; đỏ; đốm rong,
Chapaon 770WP,Copper Hydroxide (min Cu 57.3%),Thuốc trừ bệnh,Côngty TNHH TM Bình Phương,khoai tây,sương mai,
Copperion 77WP,Copper Hydroxide (min Cu 57.3%),Thuốc trừ bệnh,Công ty CP VT NN Việt Nông,khoai tây,mốc sương,
Kocide 46.1 WG,Copper Hydroxide (min Cu 57.3%),Thuốc trừ bệnh,Sumitomo Corporation Vietnam LLC,cà phê; hồ tiêu; khoai tây; lúa; điều,bạc lá; chết nhanh; sương mai; thán thư; thối rễ,
Funguran-OH 50WP,Copper Hydroxide (min Cu 57.3%),Thuốc trừ bệnh,Agspec Asia Pte Ltd,cà phê; hồ tiêu; khoai tây; lúa,bạc lá; rỉ sắt; sương mai; thán thư,
Hidrocop 77WP,Copper Hydroxide (min Cu 57.3%),Thuốc trừ bệnh,Công ty TNHH Adama Việt Nam,lúa,bạc lá,
Map-Jaho 77 WP,Copper Hydroxide (min Cu 57.3%),Thuốc trừ bệnh,Map Pacific Pte Ltd,cà phê,rỉ sắt,
Omega-copperide 77WP,Copper Hydroxide (min Cu 57.3%),Thuốc trừ bệnh,Công ty TNHH MTV BVTV Omega,cà phê; rỉ; đậu tương,sắt; đốm lá,
VT-Copper 77WP,Copper Hydroxide (min Cu 57.3%),Thuốc trừ bệnh,Công ty CP Thuốc BVTV Việt Trung,lạc,đốm nâu,
Zisento 77WP,Copper Hydroxide (min Cu 57.3%),Thuốc trừ bệnh,Công ty CP Nicotex,cà phê,khô cành khô quả,
Oticin 47.5WP,Copper Hydroxide 22.9% + Copper Oxychloride 24.6%,Thuốc trừ bệnh,Công ty TNHH TM Tân Thành,hoa cúc; lúa,bạc lá; rỉ sắt,
Cipi 521WG,Copper Hydroxide 461g/kg + Cymoxanil 60g/kg,Thuốc trừ bệnh,Agria S.A,khoai tây,mốc sương,
Bacba 85WP,Copper Oxychloride (min Cu 55%),Thuốc trừ bệnh,Công ty TNHH SX TM Tô Ba,hoa hồng,đốm đen,
BM super COC 85WP,Copper Oxychloride (min Cu 55%),Thuốc trừ bệnh,"Behn Meyer Agricare Vietnam Co., Ltd",điều,thán thư,
Cocadama 85 WP,Copper Oxychloride (min Cu 55%),Thuốc trừ bệnh,Công ty TNHH Adama Việt Nam,hồ tiêu,chết chậm,
Copercide 50WP,Copper Oxychloride (min Cu 55%),Thuốc trừ bệnh,Công ty CP SAM,khoai tây,mốc sương,
"Curenox oc 85WP, 85WG",Copper Oxychloride (min Cu 55%),Thuốc trừ bệnh,Công ty TNHH Ngân Anh,cao su; hồ tiêu; thán; vàng rụng; điều,chết nhanh; lá; nấm hồng; thư; đỏ,
Đồng Cloruloxi 30 WP,Copper Oxychloride (min Cu 55%),Thuốc trừ bệnh,Công ty TNHH Việt Thắng,khoai tây,sương mai,
Epolists 85WP,Copper Oxychloride (min Cu 55%),Thuốc trừ bệnh,Công ty CP Thanh Điền,cà phê; lúa; rỉ; thán; điều,bạc lá; sắt; thư,
Incopper 85WP,Copper Oxychloride (min Cu 55%),Thuốc trừ bệnh,Albaugh Asia Pacific Limited,cà phê,rỉ sắt,TT28/2026: đổi tổ chức đăng ký
Isacop 65.2WG,Copper Oxychloride (min Cu 55%),Thuốc trừ bệnh,Công ty TNHH Kỹ thuật Sinh học Mekong,cà phê,thán thư,
Oxi-cup 85WG,Copper Oxychloride (min Cu 55%),Thuốc trừ bệnh,Công ty TNHH TM Vĩnh Thạnh,cà phê,thán thư,
Oxicop 50WP,Copper Oxychloride (min Cu 55%),Thuốc trừ bệnh,Công ty TNHH Agro Việt,lạc,đốm nâu,
PN-Coppercide 50WP,Copper Oxychloride (min Cu 55%),Thuốc trừ bệnh,Công ty TNHH Phương Nam - Việt Nam,cà phê; lạc,rỉ sắt; thối thân; đốm lá,
Romio 300WP,Copper Oxychloride (min Cu 55%),Thuốc trừ bệnh,Công ty CP Thuốc BVTV Việt Trung,khoai tây,sương mai,
Supercook 85WP,Copper Oxychloride (min Cu 55%),Thuốc trừ bệnh,Công ty CP BVTV An Hưng Phát,lạc,đốm lá,
Vidoc 30 WP,Copper Oxychloride (min Cu 55%),Thuốc trừ bệnh,Công ty CP Thuốc sát trùng Việt Nam,khoai tây,mốc sương,
Dosay 45 WP,Copper Oxychloride 29% + Cymoxanil 4% + Zineb 12%,Thuốc trừ bệnh,Agria S.A,cao su; khoai tây,sương mai; vàng rụng lá,
New Kasuran 16.6WP,Copper Oxychloride 16% + Kasugamycin 0.6%,Thuốc trừ bệnh,Công ty CP Thuốc sát trùng Việt Nam,cao su; cà phê; lúa; nấm; thán; điều,bạc lá; hồng; phấn trắng; rỉ sắt; thư,
Copper gold 47WP,Copper Oxychloride 45% + Kasugamycin 2%,Thuốc trừ bệnh,Công ty TNHH Nam Bắc,cà phê,nấm hồng,
Kargate 470WP,Copper Oxychloride 45% + Kasugamycin 2%,Thuốc trừ bệnh,Công ty TNHH B.Helmer,hoa hồng,phấn trắng,
TDC Kasu 47WP,Copper Oxychloride 45% + Kasugamycin 2%,Thuốc trừ bệnh,Công ty TNHH TDC Thành Nam,hoa hồng,thán thư,
BL. Kanamin 50WP,Copper Oxychloride 45% + Kasugamycin 5%,Thuốc trừ bệnh,Công ty CP Vật tư NN Tiền Giang,hoa hồng; khoai tây; thán,phấn trắng; thư,
BV. Cropamin 50WP,Copper Oxychloride 45% + Kasugamycin 5%,Thuốc trừ bệnh,Công ty TNHH BVTV Hoàng Anh,hoa hồng,phấn trắng,
Kasuran 50WP,Copper Oxychloride 45% + Kasugamycin 5%,Thuốc trừ bệnh,Sumitomo Corporation Vietnam LLC,bệnh thối do vi; cà phê; đậu tương,cháy lá do vi khuẩn Pseudomonas spp; khuẩn,
Kusuman 50WP,Copper Oxychloride 45% + Kasugamycin 5%,Thuốc trừ bệnh,Công ty CP ND Quốc tế Nhật Bản,hoa hồng; lạc,héo xanh vi khuẩn; phấn trắng,
Reward 775WP,Copper Oxychloride 755g/kg + Kasugamycin 20g/kg,Thuốc trừ bệnh,Công ty TNHH Alfa (Sài Gòn),lúa,bạc lá,
Phesolcheck 813 WP,Copper Oxychloride 756g/kg + Kasugamycin 57g/kg,Thuốc trừ bệnh,Công ty TNHH World Vision (VN),cà phê,nấm hồng,
CocMan 69 WP,Copper Oxychloride 39% + Mancozeb 30%,Thuốc trừ bệnh,Công ty TNHH Adama Việt Nam,lúa,lem lép hạt,
Cupenix 80 WP,Copper Oxychloride 43% + Mancozeb 37%,Thuốc trừ bệnh,Công ty CP Thuốc sát trùng Việt Nam,khoai tây,mốc sương,
Coup 55WP,Copper Oxychloride 47% + Metalaxyl 8%,Thuốc trừ bệnh,Công ty CP Khử trùng Nam Việt,hồ tiêu; khoai tây,chết nhanh; sương mai,
Viroxyl 58 WP,Copper Oxychloride 50% + Metalaxyl 8%,Thuốc trừ bệnh,Công ty CP Thuốc sát trùng Việt Nam,chết; chết vàng cây; hồ tiêu; khoai tây; lạc,chậm; con; sương mai,
Sasumi 70WP,Copper Oxychloride 60% + Oxolinic acid 10%,Thuốc trừ bệnh,Công ty TNHH Hóa chất Sumitomo Việt Nam,lúa,bạc lá,
Batocide 12 WP,Copper Oxychloride 6.6% + Streptomycin 5.4%,Thuốc trừ bệnh,Công ty CP Thuốc sát trùng Việt Nam,bông vải; giác; lúa,ban; bạc lá,
K.Susai 50WP,Copper Oxychloride 45% + Streptomycin sulfate 5%,Thuốc trừ bệnh,Công ty CP Quốc tế Hòa Bình,lúa,bạc lá,
PN-balacide 32WP,Copper Oxychloride 17% + Streptomycin sulfate (Streptomycin) 5% + Zinc sulfate 10%,Thuốc trừ bệnh,Công ty TNHH Phương Nam - Việt Nam,cây hoa huệ; cây hoa hồng; khoai tây; lúa,bạc lá; bệnh thối hoa; bệnh thối lá; héo xanh; đen lép hạt; đốm sọc vi khuẩn,
Vicilin 32WP,Copper Oxychloride 17% + Streptomycin sulfate (Streptomycin) 5% + Zinc sulfate 10%,Thuốc trừ bệnh,Công ty CP VTNN Việt Nông,lúa,đạo ôn,
Parosa 325WP,Copper Oxychloride 175g/kg + Streptomycin sulfate 50g/kg + Zinc sulfate 100g/kg,Thuốc trừ bệnh,Công ty CP ND Quốc tế Nhật Bản,hoa hồng; lúa,bạc lá; mốc xám; đốm sọc vi khuẩn,
Zincopper 50WP,Copper Oxychloride 300g/kg + Zineb 200g/kg,Thuốc trừ bệnh,Công ty CP TST Cần Thơ,cao su; cà phê; phấn; đậu tương; đốm,lá; rỉ sắt; trắng,
Vizincop 50WP,Copper Oxychloride 300g/kg + Zineb 200g/kg,Thuốc trừ bệnh,Công ty CP Thuốc sát trùng Việt Nam,cao su; cà phê; phấn; điều,nấm hồng; rỉ sắt; thán thư; trắng,
Copforce Blue 51WP,Copper Oxychloride 17% + Zineb 34%,Thuốc trừ bệnh,Agria S.A,cà phê; hoa hồng; hồ tiêu; khoai tây; mốc; thán; đốm,rỉ sắt; sương; thư; đen,
Super mastercop 21SL,Copper sulfate pentahydrate (min 98%),Thuốc trừ bệnh,Công ty TNHH DVTM Witip,hồ tiêu; lúa; rụng lóng chết,bạc lá; dây,TT28/2026: đổi tổ chức đăng ký
Phyton 240SC,Copper sulfate pentahydrate (min 98%),Thuốc trừ bệnh,Công ty CP Hợp Trí Summit,cà phê,thán thư,
Bordocop super 25WP,Copper sulfate (Tribasic) (min 98%),Thuốc trừ bệnh,Công ty TNHH Adama Việt Nam,cao su,xì mủ,
Cuproxat 345SC,Copper sulfate (Tribasic) (min 98%),Thuốc trừ bệnh,Công ty TNHH Nufarm Việt Nam,bạc; cà phê; lúa,lá; rỉ sắt,
Dia Thuong Vuong 27.12SC,Copper sulfate (Tribasic) (min 98%),Thuốc trừ bệnh,Công ty TNHH World Vision (VN),cà phê,rỉ sắt,
Đồng Hóc Môn 24.5SG,Copper sulfate (Tribasic) (min 98%),Thuốc trừ bệnh,Công ty CP Hóc Môn,thuốc lá,đốm mắt cua,
Novicure 400WG,Copper sulfate (Tribasic) (min 98%),Thuốc trừ bệnh,Công ty TNHH UPL Việt Nam,cà phê,thán thư,
Omega-coppersul 70WG,Copper sulfate (Tribasic) (min 98%),Thuốc trừ bệnh,Công ty TNHH MTV BVTV Omega,cà phê; thán; đậu tương,thư; đốm lá,
Moltovin 380SC,Copper sulfate (Tribasic) 345 g/l + Cymoxanil 35 g/l,Thuốc trừ bệnh,Công ty TNHH Nufarm Việt Nam,khoai tây; lúa,bạc lá; mốc sương,
Sita 30SC,Copper sulfate (Tribasic) 15% + Difenoconazole 15%,Thuốc trừ bệnh,Công ty TNHH Master AG,hoa cúc,rỉ sắt,
Cuprofix Dispress 77.15WG,Copper sulfate 47.15% + Mancozeb 30%,Thuốc trừ bệnh,Công ty TNHH UPL Việt Nam,cà phê,rỉ sắt,
Cuprimicin 500 81 WP,Copper sulfate (Tribasic) 78.520% + Oxytetracycline 0.235% + Streptomycin 2.194%,Thuốc trừ bệnh,Công ty TNHH Adama Việt Nam,chết; hồ tiêu; lúa,bạc lá; chậm,
Stifano 5.5SL,Cucuminoid 5% + Gingerol 0.5%,Thuốc trừ bệnh,Công ty TNHH Sản phẩm Công nghệ cao,bầu bí; cam; chè; cà chua; dưa chuột; hoa hồng; hành; khoai tây; lúa; lạc; quýt; rau họ thập tự; vải; đậu đũa,bạc lá; bệnh còng; chảy gôm; chấm xám; chết cây con; giả sương mai; héo vàng; héo xanh; khô hoa rụng quả; mốc sương; phồng lá; sương mai; thối gốc; thối nhũn; thối nâu quả; xoăn lá; đốm lá; đốm sọc vi khuẩn; đốm đen,
"Norshield 58WP, 86.2WG",Cuprous Oxide (min 97%),Thuốc trừ bệnh,Công ty CP Hợp Trí Summit,bạc; cà phê; lúa; rỉ; xử lý hạt giống trừ bệnh lúa; điều,lá; sắt; thư; von; vàng lá thối rễ,
Onrush 86.2WG,Cuprous Oxide (min 97%),Thuốc trừ bệnh,Công ty TNHH Hóa sinh Á Châu,lúa,bạc lá,
Redpoint 86WP,Cuprous Oxide (min 97%),Thuốc trừ bệnh,Công ty TNHH TM - DV Thanh Sơn Hóa Nông,cà phê,rỉ sắt,
Eddy 72WP,Cuprous Oxide 60% + Dimethomorph 12%,Thuốc trừ bệnh,Công ty CP Hợp Trí Summit,ca cao; chết; cà phê; hồ tiêu; khoai tây; đậu xanh,chết nhanh; mốc sương; thối quả; vàng lá thối rễ; ẻo,
Mecup 66WP,Cuprous oxide 60% + Metalaxyl-M 6%,Thuốc trừ bệnh,Công ty TNHH Agricare Việt Nam,hoa hồng; khoai tây,mốc sương; phấn trắng,
Brilliant 35SC,Cyazofamid (min 93.5%),Thuốc trừ bệnh,Công ty TNHH BVTV Thảo Điền,dưa chuột,giả sương mai,
Camaro 100SC,Cyazofamid (min 93.5%),Thuốc trừ bệnh,Công ty TNHH Được Mùa,dưa chuột,giả sương mai,
Cyfarost 100SC,Cyazofamid (min 93.5%),Thuốc trừ bệnh,Công ty CP Kiên Nam,dưa chuột; vải,phấn trắng; thán thư,
Famid 500SC,Cyazofamid (min 93.5%),Thuốc trừ bệnh,Công ty CP Hợp Trí Summit,dưa chuột,giả sương mai,
Foxpro 100SC,Cyazofamid (min 93.5%),Thuốc trừ bệnh,Công ty CP Khử trùng Việt Nam,dưa chuột,giả sương mai,
Goalman 100SC,Cyazofamid (min 93.5%),Thuốc trừ bệnh,Công ty TNHH Goal,cà chua,sương mai,
Hafamid 100SC,Cyazofamid (min 93.5%),Thuốc trừ bệnh,Công ty CP Hóa chất Nông nghiệp Hà Lan,dưa chuột,giả sương mai,
NewFami 100SC,Cyazofamid (min 93.5%),Thuốc trừ bệnh,Công ty CP S New Rice,cà chua,sương mai,
Rancher 100 SC,Cyazofamid (min 93.5%),Thuốc trừ bệnh,Công ty TNHH Alfa (Sài Gòn),vải,sương mai,
Ranman 10 SC,Cyazofamid (min 93.5%),Thuốc trừ bệnh,Công ty TNHH Nichino Việt Nam,cà chua; dưa chuột; dưa hấu; khoai môn; nho,giả sương mai; sương mai,TT28/2026: đổi tổ chức đăng ký
Shield-fast 200SC,Cyazofamid (min 93.5%),Thuốc trừ bệnh,Công ty TNHH SX và TM RVAC,cà chua,sương mai,
Showbiz 16SC,Cyazofamid (min 93.5%),Thuốc trừ bệnh,Công ty CP BMC Việt Nam,khoai tây,mốc sương,
Sirocco 100SC,Cyazofamid (min 93.5%),Thuốc trừ bệnh,Công ty CP Liên doanh quốc tế Fujimoto,hoa hồng,sương mai,
Valent 20SC,Cyazofamid (min 93.5%),Thuốc trừ bệnh,Công ty CP Môi trường Quốc tế Rainbow,khoai tây,mốc sương,
Vithamid 100SC,Cyazofamid (min 93.5%),Thuốc trừ bệnh,Công ty TNHH Agro Việt,dưa chuột,giả sương mai,
Xanhdot 20SC,Cyazofamid (min 93.5%),Thuốc trừ bệnh,Công ty TNHH World Vision (VN),ca cao; nho,sương mai; thối đen quả,
"Sunmofamid 40WP, 24SC",Cyazofamid 10% (8%) + Cymoxanil 30% (16%),Thuốc trừ bệnh,Công ty TNHH Agricare Việt Nam,khoai tây,mốc sương,
Pilarzox 255SC,Cyazofamid 85 g/l + Cymoxanil 170 g/l,Thuốc trừ bệnh,"Pilarquim (Shanghai) Co., Ltd",khoai tây,sương mai,
Pilax Gold 255SC,Cyazofamid 85 g/l + Cymoxanil 170 g/l,Thuốc trừ bệnh,Công ty CP S New Rice,cà phê,rỉ sắt,
Akita-Konho 40SC,Cyazofamid 8% + Dimethomorph 32%,Thuốc trừ bệnh,Công ty TNHH BVTV Akita Việt Nam,vải,sương mai,
NBC-Vixlet 48SC,Cyazofamid 8% + Dimethomorph 40%,Thuốc trừ bệnh,Công ty TNHH Nam Bắc,cà chua,mốc sương,
Cyamet 30SC,Cyazofamid 5% + Dimethomorph 25%,Thuốc trừ bệnh,Công ty TNHH TM Agri Green,khoai tây,mốc sương,
Silt cyme 30SC,Cyazofamid 7.5% + Dimethomorph 22.5%,Thuốc trừ bệnh,Công ty CP Tập đoàn King Elong,cà chua,mốc sương,
Boocpha 40SC,Cyazofamid 10% + Dimethomorph 30%,Thuốc trừ bệnh,Công ty CP ĐT TM và PTNN ADI,dưa hấu,giả sương mai,
Cyazo Cap 40SC,Cyazofamid 10% + Dimethomorph 30%,Thuốc trừ bệnh,Công ty TNHH Hóa sinh Mũ Xanh,khoai tây,mốc sương,
Cymobgo 40SC,Cyazofamid 10% + Dimethomorph 30%,Thuốc trừ bệnh,Công ty TNHH TM Nam Hải Group,cà phê,rỉ sắt,
Zomo 400SC,Cyazofamid 100g/l + Dimethomorph 300g/l,Thuốc trừ bệnh,Công ty TNHH TM Vĩnh Thạnh,cà chua; sầu riêng,sương mai; thối thân xì mủ,
Pickup 30SC,Cyazofamid 5% + Fluazinam 25%,Thuốc trừ bệnh,Công ty CP ĐT TM và PTNN ADI,hoa hồng,đốm đen,
Abita gold 400SC,Cyazofamid 100g/l + Fluazinam 300g/l,Thuốc trừ bệnh,Công ty TNHH Pesticide Nhật Bản,cao su,nấm hồng,
Cyfamo 300SC,Cyazofamid 100 g/l + Flumorph (min 96%) 200g/l,Thuốc trừ bệnh,Công ty TNHH MTV BVTV Omega,dưa chuột,giả sương mai,
ACE Vacxin 12SC,Cyazofamid 10% + Oligosaccharins 2%,Thuốc trừ bệnh,Công ty CP ACE Biochem Việt Nam,dưa chuột,giả sương mai,
Raduten 24SC,Cyazofamid 4% + Pyraclostrobin 20%,Thuốc trừ bệnh,Công ty TNHH Nam Bắc,dưa chuột,giả sương mai,
Nacybin 30SC,Cyazofamid 10% + Pyraclostrobin 20%,Thuốc trừ bệnh,Nanjing Agrochemical Co. Ltd,dưa hấu; khoai tây,giả sương mai; mốc sương,
Globole Master 35SC,Cyazofamid 10% + Pyraclostrobin 25%,Thuốc trừ bệnh,Công ty TNHH A2T Việt Nam,dưa chuột,phấn trắng,
Cyrobin 350SC,Cyazofamid 100g/l + Trifloxystrobin 250g/l,Thuốc trừ bệnh,Công ty TNHH MTV BVTV Omega,dưa chuột,giả sương mai,
Vaniva® 450 SC,Cyclobutrifluram (min 95%),Thuốc trừ bệnh,Công ty TNHH Syngenta Việt Nam,cam; cà phê; sầu riêng; thanh long,tuyến trùng; vàng lá thối rễ,
Cyflamid 5EW,Cyflufenamid (min 97%),Thuốc trừ bệnh,Sumitomo Corporation Vietnam LLC,dưa chuột,phấn trắng,
Copperaniltv 50WP,Cymoxanil 10% + Dimethomorph 40%,Thuốc trừ bệnh,Công ty CP Newfarm Việt Nam,hồ tiêu,chết nhanh,
Limo 70WG,Cymoxanil 20% + Dimethomorph 50%,Thuốc trừ bệnh,Công ty TNHH TM DV Đức Nông,hồ tiêu,chết nhanh,
Sun Momobul 70WG,Cymoxanil 20% + Dimethomorph 50%,Thuốc trừ bệnh,Công ty TNHH Đầu tư và Phát triển Hagrochem,lạc,đốm nâu,
TT-Taget 50WG,Cymoxanil 25% + Famoxadone 25%,Thuốc trừ bệnh,Công ty TNHH TM Tân Thành,chết; hồ tiêu; khoai tây; lúa; sương,mai; nhanh; đạo ôn,
Cyfa 525WG,Cymoxanil 30% (300g/kg) + Famoxadone 22.5% (225g/kg),Thuốc trừ bệnh,Công ty TNHH Á Châu Hoá Sinh,cà phê,rỉ sắt,
Equation® 52.5WG,Cymoxanil 30% (300g/kg) + Famoxadone 22.5% (225g/kg),Thuốc trừ bệnh,Công ty TNHH Corteva Agriscience Việt Nam,lúa,bạc lá; khô vằn; lem lép hạt; đạo ôn,
Fushi 52.5WG,Cymoxanil 30% (300g/kg) + Famoxadone 22.5% (225g/kg),Thuốc trừ bệnh,Công ty CP BVTV I TW,hoa hồng; khoai tây,mốc sương; đốm đen,
RBC-Famonil 52.5WG,Cymoxanil 30% (300g/kg) + Famoxadone 22.5% (225g/kg),Thuốc trừ bệnh,Công ty CP Môi trường Quốc tế Rainbow,khoai tây,mốc sương,
Teamwork 525WG,Cymoxanil 30% (300g/kg) + Famoxadone 22.5% (225g/kg),Thuốc trừ bệnh,Công ty TNHH Alfa (Sài Gòn),hồ tiêu,chết nhanh,
Cymozeb Gold 720WP,Cymoxanil 8% (80g/kg) + Fosetyl-aluminium 64% (640g/kg),Thuốc trừ bệnh,Công ty TNHH TM SX Thôn Trang,cà phê,rỉ sắt,
Foscy 72 WP,Cymoxanil 8% (80g/kg) + Fosetyl-aluminium 64% (640g/kg),Thuốc trừ bệnh,Công ty CP Đồng Xanh,chết; hồ tiêu; thuốc lá,chết cây con; nhanh,
Bigzeb 72WP,Cymoxanil 8% (80g/kg) + Mancozeb 64% (640g/kg),Thuốc trừ bệnh,Công ty CP Bigfive Việt Nam,cà phê,rỉ sắt,
Cajet-M10 72WP,Cymoxanil 8% (80g/kg) + Mancozeb 64% (640g/kg),Thuốc trừ bệnh,Công ty CP TST Cần Thơ,hồ tiêu; khoai tây; lạc; rỉ; đậu tương,chết dây; sương mai; sắt; đốm lá,
Carozate 72WP,Cymoxanil 8% (80g/kg) + Mancozeb 64% (640g/kg),Thuốc trừ bệnh,Công ty TNHH Sản phẩm Công nghệ cao,cà phê; hồ tiêu; khoai tây,chết chậm; chết nhanh; rỉ sắt; sương mai,
Curzate®-M8 72WP,Cymoxanil 8% (80g/kg) + Mancozeb 64% (640g/kg),Thuốc trừ bệnh,Công ty TNHH Corteva Agriscience Việt Nam,hồ tiêu; khoai tây; sương,chết héo dây; mai,
Cycozeb 720WP,Cymoxanil 8% (80g/kg) + Mancozeb 64% (640g/kg),Thuốc trừ bệnh,Công ty CP BVTV Asata Hoa Kỳ,khoai tây,sương mai,
Cymanil 720WP,Cymoxanil 8% (80g/kg) + Mancozeb 64% (640g/kg),Thuốc trừ bệnh,Công ty CP Nông nghiệp CMP,hồ tiêu,chết nhanh,
Cymoplus 720WP,Cymoxanil 8% (80g/kg) + Mancozeb 64% (640g/kg),Thuốc trừ bệnh,Công ty TNHH Agricare Việt Nam,lúa,lem lép hạt,
Cyxazebindiavb 72WP,Cymoxanil 8% (80g/kg) + Mancozeb 64% (640g/kg),Thuốc trừ bệnh,Công ty TNHH Vbook Hoa Kỳ,cà phê,rỉ sắt,
Dolphin 720WP,Cymoxanil 8% (80g/kg) + Mancozeb 64% (640g/kg),Thuốc trừ bệnh,Công ty TNHH Phú Nông,lúa,đạo ôn,
Iprocyman 72WP,Cymoxanil 8% (80g/kg) + Mancozeb 64% (640g/kg),Thuốc trừ bệnh,Công ty CP Futai,hồ tiêu,chết nhanh,
Jack M9 72 WP,Cymoxanil 8% (80g/kg) + Mancozeb 64% (640g/kg),Thuốc trừ bệnh,Công ty TNHH ADC,lúa,lem lép hạt,
Hacyco 72WP,Cymoxanil 8% (80g/kg) + Mancozeb 64% (640g/kg),Thuốc trừ bệnh,Công ty CP TM Hải Ánh,hoa hồng,phấn trắng,
Kanras 72WP,Cymoxanil 8% (80g/kg) + Mancozeb 64% (640g/kg),Thuốc trừ bệnh,Công ty TNHH Việt Thắng,cao su; hoa hồng; loét sọc mặt,cạo; sương mai,
Manconil 72WP,Cymoxanil 8% (80g/kg) + Mancozeb 64% (640g/kg),Thuốc trừ bệnh,Công ty CP Global Farm,cà phê; hồ tiêu,chết nhanh; rỉ sắt,
Navi-M8 72WP,Cymoxanil 8% (80g/kg) + Mancozeb 64% (640g/kg),Thuốc trừ bệnh,Công ty CP Khử trùng Nam Việt,khoai tây,sương mai,
Niko 72WP,Cymoxanil 8% (80g/kg) + Mancozeb 64% (640g/kg),Thuốc trừ bệnh,Công ty CP BMC Vĩnh Phúc,hoa hồng,sương mai,
Razocide 720WP,Cymoxanil 8% (80g/kg) + Mancozeb 64% (640g/kg),Thuốc trừ bệnh,Công ty CP Nông dược Nhật Việt,cao su,loét sọc mặt cạo,
Simolex 720WP,Cymoxanil 8% (80g/kg) + Mancozeb 64% (640g/kg),Thuốc trừ bệnh,Công ty TNHH Nông dược HAI Quy Nhơn,hồ tiêu,chết nhanh,
Victozat 72WP,Cymoxanil 8% (80g/kg) + Mancozeb 64% (640g/kg),Thuốc trừ bệnh,Công ty CP Long Hiệp,cà phê; hoa hồng; khoai tây; rỉ; sương,mai; phấn trắng; sắt,
Xanized 72 WP,Cymoxanil 8% (80g/kg) + Mancozeb 64% (640g/kg),Thuốc trừ bệnh,Công ty CP Nông nghiệp HP,cao su; chết; hồ tiêu,loét sọc mặt cạo; nhanh,
Cyzate 75WP,Cymoxanil 8% + Mancozeb 67%,Thuốc trừ bệnh,Công ty TNHH Thuốc BVTV Bông Sen Vàng,hồ tiêu; lạc; rỉ,chết nhanh; sắt,
"Kin-kin Bul 68WG, 72WP",Cymoxanil 8% (8%) + Mancozeb 60% (64%),Thuốc trừ bệnh,Agria S.A,cao su; khoai tây; sương; thuốc lá,con; loét sọc mặt cạo; mai; sương mai; vàng rụng lá,
Nautile 73WG,Cymoxanil 5% + Mancozeb 68%,Thuốc trừ bệnh,Công ty TNHH UPL Việt Nam,cao su; hồ tiêu; loét sọc mặt,chết chậm; cạo,
Ridoxanil 800WP,Cymoxanil 40g/kg + Mancozeb 720g/kg + Metalaxyl 40g/kg,Thuốc trừ bệnh,Công ty CP Cali Agritech USA,cao su,loét sọc mặt cạo,
Ambora Duo 450SC,Cymoxanil 50g/l + Propamocarb.HCl 400g/l,Thuốc trừ bệnh,Agria S.A,khoai tây,mốc sương,
Antramix 700WP,Cymoxanil 60g/kg + Propineb 640g/kg,Thuốc trừ bệnh,Công ty CP XNK Nông dược Hoàng Ân,lúa,khô vằn,
Cymonebindiavb 76WP,Cymoxanil 6% (60g/kg) + Propineb 70% (700g/kg),Thuốc trừ bệnh,Công ty TNHH Vbook Hoa Kỳ,cà phê,rỉ sắt,
Tracomix 760WP,Cymoxanil 6% (60g/kg) + Propineb 70% (700g/kg),Thuốc trừ bệnh,Công ty TNHH Hoá nông Lúa Vàng,lúa; điều,lem lép hạt; thán thư,
Vival 760WP,Cymoxanil 6% (60g/kg) + Propineb 70% (700g/kg),Thuốc trừ bệnh,Công ty CP Nông dược HAI,cao su; lạc,phấn trắng; đốm lá,
Rudy 78WP,Cymoxanil 8% + Propineb 70%,Thuốc trừ bệnh,Công ty CP Cửu Long,khoai tây; thán; điều,sương mai; thư,
AU-Morax 60WG,Cymoxanil 40% + Pyraclostrobin 20%,Thuốc trừ bệnh,Công ty TNHH Authentique Việt Nam,cà phê,rỉ sắt,
Thecyp 350SE,Cyproconazole (min 94%) 50g/l + Hexaconazole 50g/l + Tricyclazole 250g/l,Thuốc trừ bệnh,Công ty CP Nông tín AG,lúa,đạo ôn,
Zenlovo 775WP,Cyproconazole 75 g/kg + Mancozeb 700 g/kg,Thuốc trừ bệnh,Công ty CP Nông nghiệp HP,hoa cúc; đậu tương; đốm,rỉ sắt; đen,
Acapela System® 280SC,Cyproconazole 80 g/l + Picoxystrobin 200 g/l,Thuốc trừ bệnh,Công ty TNHH Corteva Agriscience Việt Nam,lúa,lem lép hạt,
Picosuper 280SC,Cyproconazole 80 g/l + Picoxystrobin 200 g/l,Thuốc trừ bệnh,Công ty TNHH Phú Nông,lem lép; lúa; đạo ôn; đậu tương,hạt; rỉ sắt,
Forlita Gold 330EC,Cyproconazole 80g/l + Propiconazole 250g/l,Thuốc trừ bệnh,Công ty TNHH Phú Nông,lúa,khô vằn,
Kinazole 330EC,Cyproconazole 80g/l + Propiconazole 250g/l,Thuốc trừ bệnh,Công ty CP Kiên Nam,cà phê; hoa hồng; lạc,phấn trắng; rỉ sắt; đốm nâu,
Neutrino 330EC,Cyproconazole 80g/l + Propiconazole 250g/l,Thuốc trừ bệnh,Công ty CP Lion Agrevo,cà phê; lúa,khô vằn; lem lép hạt; rỉ sắt,
Nevo® 330EC,Cyproconazole 80g/l + Propiconazole 250g/l,Thuốc trừ bệnh,Công ty TNHH Syngenta Việt Nam,lúa,khô vằn; lem lép hạt; thối thân,
Newyo 330EC,Cyproconazole 80g/l + Propiconazole 250g/l,Thuốc trừ bệnh,Công ty TNHH An Nông,lúa,lem lép hạt,
Sopha 330EC,Cyproconazole 80g/l + Propiconazole 250g/l,Thuốc trừ bệnh,Công ty CP Nông nghiệp HP,cà phê; lúa; thán,lem lép hạt; thư,
Tigh super 330EC,Cyproconazole 80g/l + Propiconazole 250g/l,Thuốc trừ bệnh,Công ty TNHH TM Tân Thành,cà phê; lúa,khô vằn; lem lép hạt; rỉ sắt,
Protocol 340 EC,Cyproconazole 80g/l + Propiconazole 260g/l,Thuốc trừ bệnh,Công ty TNHH TM Nông Phát,lúa,lem lép hạt,
Cy-pro 350EC,Cyproconazole 80g/l + Propiconazole 270g/l,Thuốc trừ bệnh,Công ty CP Hoá chất Nông nghiệp và Công nghiệp AIC,hoa hồng,phấn trắng,
"Newsuper 260WG, 330EC",Cyproconazole 10g/kg (80g/l) + Propiconazole 250g/kg (250g/l),Thuốc trừ bệnh,Công ty CP Thuốc BVTV Việt Trung,lúa,lem lép hạt; vằn,
Aspire 500WG,Cyprodinil (min 98%),Thuốc trừ bệnh,Công ty TNHH Alfa (Sài Gòn),xoài,thán thư,
Mydinil 550WP,Cyprodinil 500 g/kg + Myclobutanil 50 g/kg,Thuốc trừ bệnh,Công ty TNHH An Nông,hoa hồng; khoai tây; sương; đậu tương; đốm,mai; đen; đốm lá,
Cypico 50WG,Cyprodinil 25% + Picoxystrobin 25%,Thuốc trừ bệnh,Công ty TNHH Hóa sinh Á Châu,khoai tây,đốm vòng,
Dinil-Pro 25SC,Cyprodinil 17% + Pyrisoxazole (min 95%) 8%,Thuốc trừ bệnh,Công ty TNHH MTV BVTV Omega,hoa hồng,phấn trắng,
Etobon 0.56SL,Cytokinin (Zeatin) (min 99%),Thuốc trừ bệnh,Công ty TNHH Được Mùa,bắp cải; chè; cà rốt; cải củ; hoa hồng; lạc,lở cổ rễ; thối rễ; tuyến trùng,
Geno 2005 2 SL,Cytokinin (Zeatin) (min 99%),Thuốc trừ bệnh,Công ty TNHH XNK Quốc tế SARA,bầu bí; chè; cà chua; cà phê; cải xanh; dưa hấu; hoa cúc; hồ tiêu; lúa; lạc; ngô; nho; nhãn; vải; xoài; xà lách,héo rũ; khô vằn; mốc sương; mốc xám; thối quả; tuyến trùng; đốm lá,
Sincocin 0.56 SL,Cytokinin (Zeatin) (min 99%),Thuốc trừ bệnh,Công ty CP Cali Agritech USA,lúa; lạc; trong đất trồng bắp cải,nấm Fusarium sp. gây bệnh thối rễ; tuyến trùng,
Sat 4 SL,Cytosinpeptidemycin,Thuốc trừ bệnh,Công ty TNHH Nam Bắc,bí đao; cam; cà chua; dưa chuột; dưa hấu; dứa; gừng; hành; hồ tiêu; lúa; nho; thuốc lá; xoài; ớt,bạc lá; chảy gôm; giả sương mai; héo xanh; khảm; loét; nứt thân chảy gôm; phấn trắng; sương mai; thán thư; thối cuống; thối nõn; thối vi khuẩn; xoăn lá; đốm lá,
Basamid Granular 97MG,Dazomet (min 98%),Thuốc trừ bệnh,"Behn Meyer Agricare Vietnam Co., Ltd",hoa cúc,xử lý đất trừ bệnh héo rũ do nấm Fusarium sp,
Sông Lam 333 50EC,Dẫn xuất Salicylic Acid (Ginkgoic acid 425g/l + Corilagin 25g/l + m- pentadecadienyl resorcinol 50g/l),Thuốc trừ bệnh,Công ty TNHH NN Phát triển Kim Long,cà phê; cây có múi; hồ tiêu; lúa; lở cổ; lở cổ rễ; thân do,chảy mủ do phytophthora; khô vằn; nấm; rễ; đạo ôn,
GC-3 83SL,Dầu bắp 30% + dầu hạt bông 30% + dầu tỏi 23%,Thuốc trừ bệnh,Công ty TNHH Ngân Anh,dưa chuột; hoa hồng; đậu que,phấn trắng,
Phesolmate 50WP,Dicloran (min 97%),Thuốc trừ bệnh,Công ty TNHH World Vision (VN),lúa,lem lép hạt,
Sporekill 120SL,Didecyldimethylammonium chloride (min 76.6%),Thuốc trừ bệnh,Công ty TNHH Nufarm Việt Nam,lúa,lem lép hạt do vi khuẩn,
Amber 250EC,Difenoconazole (min 94%),Thuốc trừ bệnh,Công ty TNHH Western Agrochemicals,hồ tiêu,thán thư,
Divino 250EC,Difenoconazole (min 94%),Thuốc trừ bệnh,Công ty TNHH Adama Việt Nam,lúa,đạo ôn,
Goldnil 250EC,Difenoconazole (min 94%),Thuốc trừ bệnh,Công ty CP Công nghệ cao Thuốc BVTV USA,lúa,đạo ôn,
Hi-sco 250EC,Difenoconazole (min 94%),Thuốc trừ bệnh,Công ty TNHH United Pesticides,cà phê,rỉ sắt,
Kacie 250EC,Difenoconazole (min 94%),Thuốc trừ bệnh,Công ty CP Nông dược Việt Nam,cà phê; lúa; lạc; rỉ; đốm,lem lép hạt; lá; sắt,
Nemo 250EC,Difenoconazole (min 94%),Thuốc trừ bệnh,Công ty TNHH Đầu tư và Phát triển Ngọc Lâm,hoa hồng,đốm đen,
Renzo Extra 250SC,Difenoconazole (min 94%),Thuốc trừ bệnh,Imaspro Resources Sdn Bhd,cà phê; lạc,rỉ sắt; đốm nâu,
Scogold 300EC,Difenoconazole (min 94%),Thuốc trừ bệnh,Công ty CP Quốc tế Agritech Hoa Kỳ,lúa,lem lép hạt,
Score® 250EC,Difenoconazole (min 94%),Thuốc trừ bệnh,Công ty TNHH Syngenta Việt Nam,cây sanh; khoai tây; thuốc lá; điều,muội đen; mốc sương; phấn trắng; thán thư; đốm nâu,
Diego 40SC,Difenoconazole 5% + Dithianon 35%,Thuốc trừ bệnh,Công ty TNHH TM Gem Sky,cà phê,rỉ sắt,
Feronil 32EC,Difenoconazole 12% + Fenoxanil 20%,Thuốc trừ bệnh,Công ty TNHH QT Nông nghiệp vàng,lúa,đạo ôn,
Lotuscide 370EC,Difenoconazole 170g/l + Fenoxanil 200g/l,Thuốc trừ bệnh,Công ty TNHH Thuốc BVTV Bông Sen Vàng,lúa,lem lép hạt; đạo ôn,
Tecnoto 300EC,Difenoconazole 150g/l + Flusilazole 150g/l,Thuốc trừ bệnh,Công ty TNHH Hóa Nông Lúa Vàng,cà phê; lúa; ngô; điều,khô vằn; lem lép hạt; thán thư; đốm lá,
Longanvingold 150SC,Difenoconazole 50g/l + Hexaconazole 100g/l,Thuốc trừ bệnh,Công ty TNHH MTV BVTV Long An,hồ tiêu; lúa,chết nhanh; lem lép hạt; đạo ôn,
Koromin 333EC,Difenoconazole 250g/l + Hexaconazole 83g/l,Thuốc trừ bệnh,Công ty CP Nông dược Việt Nam,lúa,lem lép hạt,
Center super 333EC,Difenoconazole 150g/l + Hexaconazole 33 g/l + Propiconazole 150g/l,Thuốc trừ bệnh,Công ty TNHH Hóa nông An Phú,lúa,lem lép hạt,
Sieuvil 333EC,Difenoconazole 133g/l + Hexaconazole 50g/l + Propiconazole 150g/l,Thuốc trừ bệnh,Công ty CP Quốc tế Hòa Bình,lúa,lem lép hạt,
Prohed 400EC,Difenoconazole 150g/l + Hexaconazole 100g/l + Propiconazole 150g/l,Thuốc trừ bệnh,Công ty CP Nông Tín AG,lúa,khô vằn,
Ensino 400SC,Difenoconazole 37g/l + Hexaconazole 63g/l + Tricyclazole 300g/l,Thuốc trừ bệnh,Công ty CP Enasa Việt Nam,cà phê; lúa,khô vằn; lem lép hạt; rỉ sắt; đạo ôn,
Super tank 650WP,Difenoconazole 100g/kg + Hexaconazole 100g/kg + Tricyclazole 450g/kg,Thuốc trừ bệnh,Công ty TNHH TM DV Tấn Hưng,cao su; cà phê; lúa; nấm; thán,hồng; khô vằn; lem lép hạt; thư; đạo ôn,
Alfavin 700WP,Difenoconazole 150g/kg + Isoprothiolane 400g/kg + Propiconazole 150g/kg,Thuốc trừ bệnh,Công ty TNHH TM Tân Thành,lúa,lem lép hạt; đạo ôn,
Babalu 40WP,Difenoconazole 7.5% + Isoprothiolane 12.5% + Tricyclazole 20%,Thuốc trừ bệnh,Công ty TNHH Nam Bộ,lúa,lem lép hạt; đạo ôn,
Bankan 600WP,Difenoconazole 100g/kg + Isoprothiolane 150g/kg + Tricyclazole 350g/kg,Thuốc trừ bệnh,Công ty CP ĐT TM và PTNN ADI,lúa,đạo ôn,
"Bump gold 40SE, 40WP",Difenoconazole 75g/l (75g/kg) + Isoprothiolane 125g/l (125g/kg) + Tricyclazole 200g/l (200g/kg),Thuốc trừ bệnh,Công ty TNHH ADC,lúa,lem lép hạt; đạo ôn,
Edivil 80WP,Difenoconazole 15% + Isoprothiolane 25% + Tricyclazole 40%,Thuốc trừ bệnh,Công ty TNHH TM Tân Thành,lúa,đạo ôn,
Sapful 80WP,Difenoconazole 15% + Isoprothiolane 25% + Tricyclazole 40%,Thuốc trừ bệnh,Công ty CP VT Nông nghiệp Tiền Giang,lúa,đạo ôn,
Bimstar 850WP,Difenoconazole 5g/kg + Isoprothiolane 295g/kg + Tricyclazole 550g/kg,Thuốc trừ bệnh,Công ty CP Quốc tế Agritech Hoa Kỳ,lúa,đạo ôn,
Sconew 175SC,Difenoconazole 125g/l + Kasugamycin 50g/l,Thuốc trừ bệnh,Công ty TNHH Vipes Việt Nam,lúa,lem lép hạt,
SV-Phalanx 30SC,Difenoconazole 10% + Kresoxim-methyl 20%,Thuốc trừ bệnh,Công ty TNHH Saturn Chemical Việt Nam,cà phê,rỉ sắt,
Starkonazole 40WP,Difenoconazole 10% + Kresoxim-methyl 30%,Thuốc trừ bệnh,Công ty CP Biostars,cà phê,thán thư,
Barivil 40SC,Difenoconazole 20% + Picoxystrobin 20%,Thuốc trừ bệnh,Công ty CP Delta Cropcare,cà phê,thán thư,
Teacher 400SC,Difenoconazole 150 g/l + Picoxystrobin 250 g/l,Thuốc trừ bệnh,Công ty TNHH Phú Nông,cà phê; khoai tây; lúa,lem lép hạt; mốc sương; thán thư; đạo ôn,
Sagoperfect 320SC,Difenoconazole 120g/l + Picoxystrobin 200g/l,Thuốc trừ bệnh,Công ty CP BVTV Sài Gòn,cà phê; hoa cúc; hồ tiêu; điều,rỉ sắt; thán thư,
Coperatv 25SC,Difenoconazole 7.5%+ Prochloraz 17.5%,Thuốc trừ bệnh,Công ty CP Newfarm Việt Nam,hoa hồng,đốm đen,
Atria 20ME,Difenoconazole 5% + Prochloraz 15%,Thuốc trừ bệnh,Công ty TNHH Agrofarm,cà phê,rỉ sắt,
Fencora 400EW,Difenoconazole 100g/l + Prochloraz 300g/l,Thuốc trừ bệnh,Công ty TNHH United Pesticides,lạc,chết rạp cây con,
Maktin gold 27.8EC,Difenoconazole 13.9% + Propiconazole 13.9%,Thuốc trừ bệnh,Công ty CP BVTV ATC,hoa cúc,rỉ sắt,
Acsupertil 300EC,Difenoconazole 150g/l + Propiconazole 150g/l,Thuốc trừ bệnh,Công ty TNHH MTV Lucky,cà phê; lúa; phấn; rỉ; điều,lem lép hạt; sắt; trắng,
Arytop 300 EC,Difenoconazole 150g/l + Propiconazole 150g/l,Thuốc trừ bệnh,"Arysta LifeScience Vietnam Co., Ltd",lúa,lem lép hạt,
Antabe 300EC,Difenoconazole 150g/l + Propiconazole 150g/l,Thuốc trừ bệnh,Công ty CP Tập đoàn Lộc Trời,cà phê; ngô,khô vằn; thán thư,
Autozole 300EC,Difenoconazole 150g/l + Propiconazole 150g/l,Thuốc trừ bệnh,Công ty TNHH Hóa nông An Phú,lúa,lem lép hạt,
Boom 300EC,Difenoconazole 150g/l + Propiconazole 150g/l,Thuốc trừ bệnh,Công ty TNHH Alfa (Sài gòn),lúa,khô vằn,
BM Pro-Super 300SC,Difenoconazole 150g/l + Propiconazole 150g/l,Thuốc trừ bệnh,"Behn Meyer Agricare Vietnam Co., Ltd",cà phê,rỉ sắt,
Bretil Super 300EC,Difenoconazole 150g/l + Propiconazole 150g/l,Thuốc trừ bệnh,Công ty TNHH TM Nông Phát,lúa,khô vằn; lem lép hạt,
Cure supe 300 EC,Difenoconazole 150g/l + Propiconazole 150g/l,Thuốc trừ bệnh,Công ty TNHH Hóa Nông Lúa Vàng,cà phê; lúa; điều,khô vằn; lem lép hạt; phấn trắng; rỉ sắt; thán thư; đốm mắt cua,
Daiwanper 300EC,Difenoconazole 150g/l + Propiconazole 150g/l,Thuốc trừ bệnh,Công ty CP Futai,lúa,lem lép hạt,
Famertil 300EC,Difenoconazole 150g/l + Propiconazole 150g/l,Thuốc trừ bệnh,Công ty TNHH Sản phẩm Công nghệ cao,lúa,lem lép hạt,
Hotisco 300EC,Difenoconazole 150g/l + Propiconazole 150g/l,Thuốc trừ bệnh,Công ty CP Đồng Xanh,cà phê; lúa; rỉ; đậu tương; đốm,lem lép hạt; lá; sắt,
Iso tin 300EC,Difenoconazole 150g/l + Propiconazole 150g/l,Thuốc trừ bệnh,Công ty CP BVTV An Hưng Phát,lúa,khô vằn,
Jasmine 300SE,Difenoconazole 150g/l + Propiconazole 150g/l,Thuốc trừ bệnh,Công ty TNHH MTV BVTV Thạnh Hưng,lúa,lem lép hạt,
Jettilesuper 300EC,Difenoconazole 150g/l + Propiconazole 150g/l,Thuốc trừ bệnh,Công ty TNHH VTNN Ngọc Lan,lúa,khô vằn; lem lép hạt,
Jiasupper 300EC,Difenoconazole 150g/l + Propiconazole 150g/l,Thuốc trừ bệnh,Công ty CP Jia Non Biotech (VN),lúa,lem lép hạt,
Kammuri 300EC,Difenoconazole 150g/l + Propiconazole 150g/l,Thuốc trừ bệnh,Công ty CP SAM,cà phê,rỉ sắt,
Kanavil 300EC,Difenoconazole 150g/l + Propiconazole 150g/l,Thuốc trừ bệnh,Công ty TNHH Kiên Nam,lúa; lạc,lem lép hạt; rỉ sắt,
Kimsuper 300EC,Difenoconazole 150g/l + Propiconazole 150g/l,Thuốc trừ bệnh,Công ty CP Nông dược Agriking,điều,thán thư,
Map super 300 EC,Difenoconazole 150g/l + Propiconazole 150g/l,Thuốc trừ bệnh,Map Pacific Pte Ltd,cao su; cà phê; hoa cúc; hoa hồng; lúa; lạc; điều; đậu tương,lem lép hạt; phấn trắng; rỉ sắt; thán thư; vàng rụng lá; đốm lá,
Nbctilfsuper 300EC,Difenoconazole 150g/l + Propiconazole 150g/l,Thuốc trừ bệnh,Công ty TNHH Nam Bắc,cao su; cà phê; lạc,nấm hồng; rỉ sắt; đốm nâu,
Ni-tin 300EC,Difenoconazole 150g/l + Propiconazole 150g/l,Thuốc trừ bệnh,Công ty CP Nicotex,cà phê; lúa; điều,khô quả; lem lép hạt; rỉ sắt; thán thư,
Prodifad 300EC,Difenoconazole 150g/l + Propiconazole 150g/l,Thuốc trừ bệnh,Công ty CP Bình Điền MeKong,cà phê; lúa; rỉ,lem lép hạt; sắt,
Sagograin 300EC,Difenoconazole 150g/l + Propiconazole 150g/l,Thuốc trừ bệnh,Công ty CP BVTV Sài Gòn,lúa,khô vằn; lem lép hạt,
Scooter 300EC,Difenoconazole 150g/l + Propiconazole 150g/l,Thuốc trừ bệnh,Công ty TNHH TM và SX Ngọc Yến,cà phê; khoai lang; lúa; ngô; rỉ,lem lép hạt; sắt; đốm vòng,
Still liver 300ME,Difenoconazole 150g/l + Propiconazole 150g/l,Thuốc trừ bệnh,Công ty CP Công nghệ Nông nghiệp Chiến Thắng,lúa,lem lép hạt,
Super-kostin 300 EC,Difenoconazole 150g/l + Propiconazole 150g/l,Thuốc trừ bệnh,Công ty TNHH OCI Việt Nam,cà phê; lúa,lem lép hạt; rỉ sắt,
Supertim 300EC,Difenoconazole 150g/l + Propiconazole 150g/l,Thuốc trừ bệnh,Công ty TNHH Việt Thắng,lúa,lem lép hạt,
Superten 300EC,Difenoconazole 150g/l + Propiconazole 150g/l,Thuốc trừ bệnh,Công ty CP Lion Agrevo,lúa,lem lép hạt,
Sunzole 30EC,Difenoconazole 150g/l + Propiconazole 150g/l,Thuốc trừ bệnh,Sundat (S) PTe Ltd,lúa,lem lép hạt,
Tien super 300EC,Difenoconazole 150g/l + Propiconazole 150g/l,Thuốc trừ bệnh,Công ty TNHH Công nghiệp Khoa học Mùa màng Anh-Rê,lúa,lem lép hạt,
Tilbest super 300EC,Difenoconazole 150g/l + Propiconazole 150g/l,Thuốc trừ bệnh,Công ty CP Hóa nông Mỹ Việt Đức,lúa,lem lép hạt,
Tilcalisuper 300EC,Difenoconazole 150g/l + Propiconazole 150g/l,Thuốc trừ bệnh,Công ty CP CNC Thuốc BVTV USA,lúa,lem lép hạt,
Tileuro super 300EC,Difenoconazole 150g/l + Propiconazole 150g/l,Thuốc trừ bệnh,Công ty CP Khoa học Công nghệ cao American,lúa,lem lép hạt,
Tilfugi 300 EC,Difenoconazole 150g/l + Propiconazole 150g/l,Thuốc trừ bệnh,Công ty TNHH TM Tân Thành,cà phê; lúa; đậu tương,khô vằn; lem lép hạt; rỉ sắt; đốm lá; đốm nâu,
Tin Euro Super 300EC,Difenoconazole 150g/l + Propiconazole 150g/l,Thuốc trừ bệnh,Công ty TNHH Công nghệ Nhật Bản STJ,lạc,đốm nâu,
"Tinitaly surper 300EC, 300SE",Difenoconazole 150g/l + Propiconazole 150g/l,Thuốc trừ bệnh,Công ty TNHH An Nông,cà phê; lúa; rỉ,hạt; khô vằn; lem lép hạt; sắt,
Tilt Super® 300EC,Difenoconazole 150g/l + Propiconazole 150g/l,Thuốc trừ bệnh,Công ty TNHH Syngenta Việt Nam,cao su; cà phê; lúa; lạc; ngô; đậu tương,khô vằn; lem lép hạt; nấm hồng; rỉ sắt; thán thư; vàng lá; đốm lá,
Tinmynew Super 300EC,Difenoconazole 150g/l + Propiconazole 150g/l,Thuốc trừ bệnh,Công ty TNHH US.Chemical,lúa,lem lép hạt,
Tittus super 300EC,Difenoconazole 150g/l + Propiconazole 150g/l,Thuốc trừ bệnh,Công ty CP nông dược Việt Nam,lúa,lem lép hạt,
Tstil super 300EC,Difenoconazole 150g/l + Propiconazole 150g/l,Thuốc trừ bệnh,Công ty CP Quốc tế Hòa Bình,lúa,lem lép hạt,
Uni-dipro 300EC,Difenoconazole 150g/l + Propiconazole 150g/l,Thuốc trừ bệnh,Công ty TNHH World Vision (VN),cao su; lúa; nấm,hồng; khô vằn; lem lép hạt,
"Superone 300EC, 300WP",Difenoconazole 150g/l (150g/kg) + Propiconazole 150g/l (150g/kg),Thuốc trừ bệnh,Công ty TNHH ADC,cà phê; lem lép; lúa,hạt; khô vằn; lem lép hạt; rỉ sắt,
Tilindia super 450EC,Difenoconazole 260g/l + Propiconazole 190g/l,Thuốc trừ bệnh,Công ty TNHH TM SX Thôn Trang,lúa,lem lép hạt,
Tiptop gold 400EC,Difenoconazole 150g/l + Propiconazole 250g/l,Thuốc trừ bệnh,Công ty CP BVTV I TW,lúa,lem lép hạt,
Futitan 30SC,Difenoconazole 15% + Propiconazole 15%,Thuốc trừ bệnh,Công ty TNHH Phú Nông,hoa hồng,phấn trắng,
Happyend 30EC,Difenoconazole 15% + Propiconazole 15%,Thuốc trừ bệnh,"FarmHannong Co., Ltd",lúa,khô vằn,
Superice 30EC,Difenoconazole 15% + Propiconazole 15%,Thuốc trừ bệnh,Công ty CP Itagro Việt Nam,ngô,rỉ sắt,
Hatilusa 50EC,Difenoconazole 25% + Propiconazole 25%,Thuốc trừ bệnh,Công ty CP TM Hải Ánh,cà phê,rỉ sắt,
Til Pro 50EW,Difenoconazole 25% + Propiconazole 25%,Thuốc trừ bệnh,Công ty CP Hóa chất SAM,lạc,đốm nâu,
Nôngiabảo 310EC,Difenoconazole 150g/l + Propiconazole 160g/l,Thuốc trừ bệnh,Công ty TNHH - TM Thái Phong,cao su; cà phê; lem lép; lúa; vàng rụng,hạt; lá; rỉ sắt,
Canazole super 320EC,Difenoconazole 150g/l + Propiconazole 170g/l,Thuốc trừ bệnh,Công ty CP TST Cần Thơ,cà phê; lúa,lem lép hạt; rỉ sắt,
"Tiljapanesuper 305SC, 350EC",Difenoconazole 155g/l (150g/l) + Propiconazole 150g/l (200g/l),Thuốc trừ bệnh,Công ty TNHH Thuốc BVTV Liên doanh Nhật Mỹ,lúa,lem lép hạt,
Atintin 400EC,Difenoconazole 200g/l + Propiconazole 200g/l,Thuốc trừ bệnh,Công ty TNHH – TM Thái Nông,cà phê; lúa; lạc,khô vằn; lem lép hạt; rỉ sắt; đốm lá,
SV-Legion 500EC,Difenoconazole 250g/l + Propiconazole 250g/l,Thuốc trừ bệnh,Công ty TNHH Saturn Chemical Việt Nam,cà phê,rỉ sắt,
"Tilobama 320EC, 555WP",Difenoconazole 20g/l (50.5g/kg) + Propiconazole 150g/l (0.5g/kg) + Prochloraz 150g/l (504g/kg),Thuốc trừ bệnh,Công ty TNHH Thuốc BVTV Liên doanh Nhật Mỹ,lúa,lem lép hạt,
Tilcrown super 350EC,Difenoconazole 100g/l + Propiconazole 200g/l + Tebuconazole 50g/l,Thuốc trừ bệnh,Công ty CP VT BVTV Hà Nội,lúa,lem lép hạt,
T-supernew 350EC,Difenoconazole 150g/l + Propiconazole 150g/l + Tebuconazole 50g/l,Thuốc trừ bệnh,Công ty CP SX - TM - DV Ngọc Tùng,cà phê; lúa; lạc,khô vằn; lem lép hạt; rỉ sắt; đốm lá,
Kobesuper 350EC,Difenoconazole 150g/l + Propiconazole 150g/l + Tebuconazole 50g/l,Thuốc trừ bệnh,Công ty TNHH Hóa Sinh Á Châu,lúa,lem lép hạt,
Goltil super 300EC,Difenoconazole 100g/l + Propiconazole 150g/l + Tebuconazole 50g/l,Thuốc trừ bệnh,Công ty CP Quốc tế Hoà Bình,lúa,lem lép hạt,
Tilplus super 300EC,Difenoconazole 100g/l + Propiconazole 150g/l + Tebuconazole 50g/l,Thuốc trừ bệnh,Công ty CP Nông dược Việt Nam,lúa,lem lép hạt,
Tilbluesuper 300EC,Difenoconazole 150g/l + Propiconazole 100g/l + Tebuconazole 50 g/l,Thuốc trừ bệnh,Công ty CP Khoa học Công nghệ cao American,lúa,lem lép hạt,
Gone super 350EC,Difenoconazole 150g/l + Propiconazole 50g/l + Tebuconazole 150g/l,Thuốc trừ bệnh,Công ty CP BMC Vĩnh Phúc,cà phê; lúa,khô vằn; lem lép hạt; rỉ sắt,
Amicol 360EC,Difenoconazole 155g/l + Propiconazole 155g/l + Tebuconazole 50g/l,Thuốc trừ bệnh,Công ty TNHH TM Nông Phát,lúa,lem lép hạt,
Tilasiasuper 400EC,Difenoconazole 140g/l + Propiconazole 120g/l + Tebuconazole 140g/l,Thuốc trừ bệnh,Công ty CP Quốc tế Agritech Hoa Kỳ,lúa,lem lép hạt,
Fiate 600SE,Difenoconazole 5g/l + Propiconazole 165g/l + Tricyclazole 430g/l,Thuốc trừ bệnh,Công ty CP Quốc tế Agritech Hoa Kỳ,lúa,đạo ôn,
Lorito 200SC,Difenoconazole 125g/l + Pydiflumetofen 75g/l,Thuốc trừ bệnh,Công ty TNHH Syngenta Việt Nam,lạc,đốm nâu,
Ditrobin 25SC,Difenoconazole 10% + Pyraclostrobin 15%,Thuốc trừ bệnh,Công ty TNHH Vĩnh Nông Phát,cà phê,rỉ sắt,
Ω-Bingo 30WP,Difenoconazole 10% + Pyraclostrobin 20%,Thuốc trừ bệnh,Công ty TNHH Á Châu Hoá Sinh,cà phê; hồ tiêu,chết nhanh; rỉ sắt,
Pyrolax Plus 35SC,Difenoconazole 14% + Pyraclostrobin 21%,Thuốc trừ bệnh,"Yongnong Biosciences Co., Ltd",cà phê; lạc,rỉ sắt; thán thư,
AF-Pycofen 40SC,Difenoconazole 15% + Pyraclostrobin 25%,Thuốc trừ bệnh,Công ty TNHH Agrifuture,cà phê,rỉ sắt,
Binzoleafv 40SC,Difenoconazole 15% + Pyraclostrobin 25%,Thuốc trừ bệnh,Công ty CP Agrifarm Việt Nam,cà phê,rỉ sắt,
Ditrobinusavb 40SC,Difenoconazole 15% + Pyraclostrobin 25%,Thuốc trừ bệnh,Công ty TNHH Vbook Hoa Kỳ,cà phê,rỉ sắt,
Pyrazone 40SC,Difenoconazole 15% + Pyraclostrobin 25%,Thuốc trừ bệnh,Công ty CP SX và TM Công nghệ Châu Âu,cà phê,rỉ sắt,
Mervyn 30SC,Difenoconazole 20% + Pyraclostrobin 10%,Thuốc trừ bệnh,Công ty CP Big Farm,cà phê,rỉ sắt,
Pyra star 300SC,Difenoconazole 220g/l + Pyraclostrobin 80g/l,Thuốc trừ bệnh,Công ty TNHH VTNN Trung Phong,hoa hồng,phấn trắng,
Green Keep 400EC,Difenoconazole 250g/l + Pyraclostrobin 150g/l,Thuốc trừ bệnh,Công ty TNHH Hóa chất Mạnh Hùng,cà phê,thán thư,
Ateva 460SC,Difenoconazole 177g/l + Pyraclostrobin 283g/l,Thuốc trừ bệnh,Công ty TNHH Nông nghiệp New Season,hoa hồng,phấn trắng,
Dasuwang 30EC,Difenoconazole 15% (150g/l) + Tebuconazole 15% (150g/l),Thuốc trừ bệnh,"FarmHannong Co., Ltd",lạc,đốm lá,
Tilvilusa 300EC,Difenoconazole 15% (150g/l) + Tebuconazole 15% (150g/l),Thuốc trừ bệnh,Công ty CP Hóa nông Mỹ Việt Đức,lúa,lem lép hạt,
Tintin Super 40SC,Difenoconazole 20% + Tebuconazole 20%,Thuốc trừ bệnh,Công ty TNHH Fujimoto Việt Nam,hoa hồng,phấn trắng,
"Latimo super 500WP, 780WG",Difenoconazole 50g/kg (30g/kg) + Tebuconazole 250g/kg (500g/kg) + Tricyclazole 200g/kg (250g/kg),Thuốc trừ bệnh,Công ty TNHH An Nông,khô vằn; lem lép; lúa; lúa (xử lý hạt giống),hạt; lúa von,
Gold-chicken 500SC,Difenoconazole 150g/l + Tricyclazole 350g/l,Thuốc trừ bệnh,Công ty CP SX - TM - DV Ngọc Tùng,lúa,lem lép hạt; đạo ôn,
"Supergold 266ME, 300WP, 425SC","Difenoconazole 265.5g/l (30g/kg), (25g/l) + Tricyclazole 0.5g/l (270g/kg), (400g/l)",Thuốc trừ bệnh,Công ty CP Thuốc BVTV Việt Trung,lem lép; lúa,hạt,
"Cowboy 600WP, 600SE",Difenoconazole 150g/kg (150 g/l) + Tricyclazole 450g/kg (450g/l),Thuốc trừ bệnh,Công ty TNHH ADC,lem lép; lúa,hạt; đạo ôn,
"Dovabeam 600SC, 800WP",Difenoconazole 150g/l (150g/kg) + Tricyclazole 450g/l (650g/kg),Thuốc trừ bệnh,Công ty TNHH Thuốc BVTV Đồng Vàng,lúa,đạo ôn,
Imperial 610WP,Difenoconazole 150g/kg + Tricyclazole 460g/kg,Thuốc trừ bệnh,Công ty TNHH TM Nông Phát,lúa,đạo ôn,
Salame 602WP,Difenoconazole 150g/kg + Tricyclazole 450 g/kg + Cytokinin 2g/kg,Thuốc trừ bệnh,Công ty TNHH ADC,lúa,lem lép hạt; đạo ôn,
Bingold 20SC,Difenoconazole 10% + Trifloxystrobin 10%,Thuốc trừ bệnh,Công ty CP Quốc tế Việt Đức,cà phê,rỉ sắt,
ADU-Modrich 80WG,Dimethomorph (min 98%),Thuốc trừ bệnh,Công ty TNHH ADU Việt Nam,cà chua,mốc sương,
Carlotta 80WG,Dimethomorph (min 98%),Thuốc trừ bệnh,Công ty TNHH Radiant AG,xoài,thán thư,
Cylen 500WP,Dimethomorph (min 98%),Thuốc trừ bệnh,Công ty TNHH Nông nghiệp Xanh,cà chua,mốc sương,
Dimethor 500SC,Dimethomorph (min 98%),Thuốc trừ bệnh,Công ty TNHH US Agro,khoai tây,mốc sương,
Hathomop 50WP,Dimethomorph (min 98%),Thuốc trừ bệnh,Công ty CP TM Hải Ánh,hoa hồng,phấn trắng,
Insuran 50WG,Dimethomorph (min 98%),Thuốc trừ bệnh,Công ty CP Tập đoàn Lộc Trời,bưởi; ca cao; cao su; cà chua; dâu tây; dưa chuột; dưa hấu; giả sương; hồ tiêu; khoai tây; loét sọc mặt; ngô (phun); ngô (xử lý hạt giống); nho; sầu riêng; vải,chết nhanh; cạo; mai; mốc sương; phấn trắng; sương mai; sọc lá; thối quả; xì mủ,
Maxsuran 80WG,Dimethomorph (min 98%),Thuốc trừ bệnh,Công ty CP Genta Thụy Sĩ,hồ tiêu,chết nhanh,
Metho fen 50SC,Dimethomorph (min 98%),Thuốc trừ bệnh,Công ty TNHH World Vision (VN),cà chua,sương mai,
Mor-AC 800WG,Dimethomorph (min 98%),Thuốc trừ bệnh,Công ty TNHH Á Châu Hoá Sinh,dưa chuột,giả sương mai,
Morphelmer 500WP,Dimethomorph (min 98%),Thuốc trừ bệnh,Công ty TNHH B.Helmer,dưa hấu,giả sương mai,
Morphindiatv 80WG,Dimethomorph (min 98%),Thuốc trừ bệnh,Công ty TNHH Hóa chất và TM Trần Vũ,cà phê,rỉ sắt,
Newsuran 500WG,Dimethomorph (min 98%),Thuốc trừ bệnh,Công ty TNHH TM DV Tấn Hưng,hồ tiêu,chết nhanh,
TD-Lumordie 500WP,Dimethomorph (min 98%),Thuốc trừ bệnh,Công ty TNHH Nông Thái Dương,cà chua,sương mai,
Phytocide 50WP,Dimethomorph (min 98%),Thuốc trừ bệnh,Công ty CP Hợp Trí Summit,cao su; chết; cà chua; dưa hấu; hồ tiêu; loét sọc mặt; ngô; vải,bạch tạng; cạo; giả sương mai; nhanh; sương mai,
Rotamorph 500SC,Dimethomorph (min 98%),Thuốc trừ bệnh,Albaugh Asia Pacific Limited,cà phê,rỉ sắt,
Thomor-TAT 100SC,Dimethomorph (min 98%),Thuốc trừ bệnh,Công ty TNHH TAT Hà Nội,dưa chuột,giả sương mai,
Vtsuzan 500WP,Dimethomorph (min 98%),Thuốc trừ bệnh,Công ty CP Thuốc BVTV Việt Trung,hồ tiêu,chết nhanh,
Banjo Forte 400SC,Dimethomorph 200 g/l + Fluazinam 200 g/l,Thuốc trừ bệnh,Công ty TNHH DVTM Witip,hồ tiêu; mít,chết nhanh; nứt thân xì mủ,TT28/2026: đổi tổ chức đăng ký
Jepway 40SC,Dimethomorph 30% + Fluopicolide 10%,Thuốc trừ bệnh,Công ty CP Nông dược quốc tế Nhật Bản,cam,chảy gôm,
Ecodrive 40SC,Dimethomorph 25% + Fluopimomide 15%,Thuốc trừ bệnh,Công ty TNHH Hóa nông Á Châu Hà Nội,khoai tây,mốc sương,
Dimoxim 80WG,Dimethomorph 50% + Kresoxim-methyl 30%,Thuốc trừ bệnh,Công ty CP Sunseaco Việt Nam,dưa chuột,phấn trắng,
Acrobat MZ 90/600 WP,Dimethomorph 9% (90g/kg) + Mancozeb 60% (600g/kg),Thuốc trừ bệnh,"BASF Vietnam Co., Ltd",cam; cao su; cà chua; dưa hấu; hồ tiêu; sầu riêng,chảy gôm; chết nhanh; loét sọc mặt cạo; sương mai; thối thân xì mủ,
Hoda 690WP,Dimethomorph 9% (90g/kg) + Mancozeb 60% (600g/kg),Thuốc trừ bệnh,Công ty CP BVTV ATC,xoài,thán thư,
Mabenzon 69WP,Dimethomorph 9% (90g/kg) + Mancozeb 60% (600g/kg),Thuốc trừ bệnh,Công ty TNHH TCT Hà Nội,dưa hấu,giả sương mai,
Nekko 69WP,Dimethomorph 9% (90g/kg) + Mancozeb 60% (600g/kg),Thuốc trừ bệnh,Công ty TNHH Giải pháp Nông nghiệp Việt Nam,hoa hồng,sương mai,
Omega-downy 69WP,Dimethomorph 9% (90g/kg) + Mancozeb 60% (600g/kg),Thuốc trừ bệnh,Công ty TNHH MTV BVTV Omega,chết; cà phê; hồ tiêu,nhanh; thán thư,
Spendora 690WP,Dimethomorph 9% (90g/kg) + Mancozeb 60% (600g/kg),Thuốc trừ bệnh,Công ty CP Kỹ thuật công nghệ Klever,đậu tương,thán thư,
Andibat 700WP,Dimethomorph 10% (100g/kg) + Mancozeb 60% (600g/kg),Thuốc trừ bệnh,Công ty CP XNK Nông dược Hoàng Ân,cao su,loét sọc mặt cạo,
Diman bul 70WP,Dimethomorph 10% (100g/kg) + Mancozeb 60% (600g/kg),Thuốc trừ bệnh,Agria S.A,cao su; dưa hấu; hồ tiêu; khoai tây; loét sọc mặt; mốc; sương; sầu riêng; xì,chết nhanh; cạo; mai; mủ; sương,
TV Morph 60WP,Dimethomorph 12% + Mancozeb 48%,Thuốc trừ bệnh,Công ty CP Newfarm Việt Nam,hoa hồng,phấn trắng,
Thanny 40SC,Dimethomorph 35% + Metalaxyl-M 5%,Thuốc trừ bệnh,Công ty CP Kỹ thuật NN I.FI,khoai tây,mốc sương,
Arissa 46SC,Dimethomorph 23% + Oxine-copper 23%,Thuốc trừ bệnh,Công ty TNHH TM Grevo,khoai tây,mốc sương,
Satoshi 72 WP,Dimethomorph 12% + Propineb 60%,Thuốc trừ bệnh,Công ty TNHH Master AG,thanh long,đốm nâu,
Bavimin gold 18.7WG,Dimethomorph 12% + Pyraclostrobin 6.7%,Thuốc trừ bệnh,Công ty TNHH NN Công nghệ cao Bản Việt,hoa hồng,phấn trắng,
Flick-Top 18.7 WG,Dimethomorph 12% + Pyraclostrobin 6.7%,Thuốc trừ bệnh,Công ty TNHH Á Châu Hóa sinh,cà phê,rỉ sắt,
Sil-Nice 18.7WG,Dimethomorph 12% + Pyraclostrobin 6.7%,Thuốc trừ bệnh,Công ty TNHH Agro Việt,hoa hồng,phấn trắng,
Travost 18.7WG,Dimethomorph 12% + Pyraclostrobin 6.7%,Thuốc trừ bệnh,Công ty TNHH BVTV Thảo Điền,dưa chuột,giả sương mai,
Ximor Extra 18.7WG,Dimethomorph 12% + Pyraclostrobin 6.7%,Thuốc trừ bệnh,Công ty TNHH One Bee Việt Nam,khoai tây,mốc sương,
DP-Trust 19WG,Dimethomorph 12.3% + Pyraclostrobin 6.7%,Thuốc trừ bệnh,"Trustchem Co., Ltd",cà phê; khoai tây,mốc sương; rỉ sắt,
Salva 40SC,Dimethomorph 25% + Pyraclostrobin 15%,Thuốc trừ bệnh,Công ty TNHH DV TV Đầu tư Kim Cương,dưa hấu,giả sương mai,
Dosimax gold 45SC,Dimethomorph 30% + Pyraclostrobin 15%,Thuốc trừ bệnh,Công ty CP Nông dược Việt Thành,bơ; hồ tiêu; sầu riêng,chết nhanh; thán thư; xì mủ,
MDBintop 45SC,Dimethomorph 30% + Pyraclostrobin 15%,Thuốc trừ bệnh,Công ty CP Mạnh Đan,dưa chuột; khoai tây,giả sương mai; mốc sương,
Dimetop 480WP,Dimethomorph 380g/kg (38%) + Pyraclostrobin 100g/kg (10%),Thuốc trừ bệnh,Công ty CP Kiên Nam,cà chua; đậu tương,mốc sương; đốm nâu,
Newtrobin 480WG,Dimethomorph 380g/kg (38%) + Pyraclostrobin 100g/kg (10%),Thuốc trừ bệnh,Công ty CP S New Rice,cà chua,sương mai,
Omega-downy rust 48WG,Dimethomorph 380g/kg (38%) + Pyraclostrobin 100g/kg (10%),Thuốc trừ bệnh,Công ty TNHH MTV BVTV Omega,chết; cà phê; hồ tiêu; đậu tương; đốm,lá; nhanh; rỉ sắt,
Dimebin 220SC,Dimethomorph 140 g/l + Pyraclostrobin 80 g/l,Thuốc trừ bệnh,Công ty TNHH MTV Lucky,cà phê,rỉ sắt,
Pyramix 660WG,Dimethomorph 600g/kg + Pyraclostrobin 60g/kg,Thuốc trừ bệnh,Công ty TNHH TM Vĩnh Thạnh,cà chua,sương mai,
Libero 800WP,Dimethomorph 200g/kg + Ziram 600g/kg,Thuốc trừ bệnh,Công ty TNHH Trường Thịnh,hồ tiêu,chết nhanh,
Dana-Win 12.5 WP,Diniconazole (min 94%),Thuốc trừ bệnh,Công ty TNHH XNK Quốc tế SARA,cà phê; lem lép; lúa,hạt; rỉ sắt,
Danico 12.5WP,Diniconazole (min 94%),Thuốc trừ bệnh,Công ty CP Nicotex,cà phê,rỉ sắt,
Dicozol 260SC,Diniconazole (min 94%),Thuốc trừ bệnh,Công ty CP Genta Thụy Sĩ,cà phê,rỉ sắt,
"Nicozol 12.5WP, 25SC",Diniconazole (min 94%),Thuốc trừ bệnh,Công ty CP Thanh Điền,cà phê; hoa hồng; lúa; lạc; rỉ; đốm,hạt; lem lép hạt; lá; sắt; đen,
Nodudizole 12.5WP,Diniconazole (min 94%),Thuốc trừ bệnh,Công ty TNHH Nông dược Miền Nam,hoa hồng,đốm đen,
Sumi-Eight 12.5 WP,Diniconazole (min 94%),Thuốc trừ bệnh,Công ty TNHH Hóa chất Sumitomo Việt Nam,cao su; cà phê; hoa cúc; lúa,lem lép hạt; phấn trắng; rỉ sắt; đạo ôn,
Topzol 250SC,Diniconazole (min 94%),Thuốc trừ bệnh,Công ty CP Kiên Nam,cà phê; hoa hồng; lạc,phấn trắng; rỉ sắt; đốm nâu,
Dinimanafv 32.5WP,Diniconazole 2.5% (25g/kg) + Mancozeb 30% (300g/kg),Thuốc trừ bệnh,Công ty CP Agrifarm Việt Nam,cà phê,rỉ sắt,
Mandini 325WP,Diniconazole 2.5% (25g/kg) + Mancozeb 30% (300g/kg),Thuốc trừ bệnh,Công ty TNHH BVTV Akita Việt Nam,cà phê,rỉ sắt,
Primitus 425SC,Disodium Phosphonate 375g/l + Hexaconazole 50g/l,Thuốc trừ bệnh,Imaspro Resources Sdn. Bhd,cà phê,rỉ sắt,
Nakano 50WP,Dithianon (min 95%),Thuốc trừ bệnh,Công ty CP BMC Vĩnh Phúc,cà phê; khoai tây; lạc,rỉ sắt; sương mai; đốm lá,
Phuc dao 42.2SC,Dithianon (min 95%),Thuốc trừ bệnh,Công ty TNHH World Vision (VN),cà phê,thán thư,
Vihino 40 EC,Edifenphos (min 94%),Thuốc trừ bệnh,Công ty CP Thuốc sát trùng Việt Nam,lúa,khô vằn; đạo ôn,
Difusan 40 EC,Edifenphos 200g/l + Isoprothiolane 200g/l,Thuốc trừ bệnh,Công ty CP BVTV I TW,lúa,đạo ôn,
Cazyper 125 SC,Epoxiconazole (min 92%),Thuốc trừ bệnh,Công ty TNHH Adama Việt Nam,cà phê; lúa,khô vằn; lem lép hạt; rỉ sắt,
Expostar 125SC,Epoxiconazole (min 92%),Thuốc trừ bệnh,Công ty TNHH DV và TM Tân Xuân,cà phê,rỉ sắt,
Opus 75EC,Epoxiconazole (min 92%),Thuốc trừ bệnh,"BASF Vietnam Co., Ltd",cà phê; khoai lang; khô; lúa; lạc; ngô; rỉ; đốm,khô vằn; lem lép hạt; lá; sắt; vằn; đốm đồng tiền,
Pirastar 183SE,Epoxiconazole 50g/l + Pyraclostrobin 133g/l,Thuốc trừ bệnh,"Shandong Weifang Rainbow Chemical Co., Ltd",cà phê,rỉ sắt,
Hope Life 450WP,Erythromycin 200g/kg + Oxytetracycline 250g/kg,Thuốc trừ bệnh,Công ty TNHH An Nông,bắp cải; cà chua; dưa hấu; gừng; hành; lúa; xoài,bạc lá; héo cây con; sương mai; thối củ; thối nhũn; thối quả; thối đen; đốm sọc vi khuẩn,
Apolits 30WP,Erythromycin (min 98%) 10g/kg + Streptomycin sulfate 20g/kg,Thuốc trừ bệnh,Công ty CP Trường Sơn,bắp cải; cam; lúa; lạc; nấm; thán; thối,bạc lá; hồng; nhũn; thư,
Danjiri 10 SC,Ethaboxam (min 99.6%),Thuốc trừ bệnh,Công ty TNHH Hóa chất Sumitomo Việt Nam,cà chua; dưa chuột; dưa hấu; hoa hồng; hồ tiêu; khoai môn; nho; sầu riêng,cháy lá; chết nhanh; mốc sương; sương mai; xì mủ,
Erobin 300SC,Ethirimol (min 97%) 200g/l + Trifloxystrobin 100g/l,Thuốc trừ bệnh,Công ty TNHH Gap Agro,dưa chuột,giả sương mai,
Galoa 80EC,Ethylicin (min 90%),Thuốc trừ bệnh,Công ty CP Orfama,lúa,bạc lá,TT28/2026: đổi tổ chức đăng ký
Terrazole 35WP,Etridiazole (min 96%),Thuốc trừ bệnh,Công ty TNHH UPL Việt Nam,hồ tiêu,chết nhanh,
Doyle 12SL,Eugenol (min 99%),Thuốc trừ bệnh,Công ty TNHH TM SX Thôn Trang,cam; lạc,sẹo; đốm nâu,
Genol 1.2SL,Eugenol (min 99%),Thuốc trừ bệnh,"Guizhou CUC INC. (Công ty TNHH TM Hồng Xuân Kiệt, Quý Châu, Trung Quốc)",cam; cao su; chè; cà chua; cà phê; dưa chuột; dưa hấu; hoa hồng; hồ tiêu; lúa; ngô; nho; nhãn; thuốc lào; thuốc lá; vải; điều,giả sương mai; khô vằn; lem lép hạt; nấm hồng; sẹo; thán thư; thối búp; đạo ôn; đốm lá,
Lilacter 0.3 SL,Eugenol (min 99%),Thuốc trừ bệnh,Công ty TNHH Vật tư NN Phương Đông,cà pháo; dưa chuột; hoa lyly; lúa; đậu tương,bạc lá; giả sương mai; héo xanh; khô vằn; mốc xám; thối hạt vi khuẩn; tiêm lửa; đạo ôn,
Piano 18EW,Eugenol (min 99%),Thuốc trừ bệnh,Công ty TNHH An Nông,bắp cải; hành; lúa; nho; xoài,bạc lá; khô vằn; lem lép hạt; phấn trắng; thán thư; thối nhũn; thối đen; đạo ôn,
PN-Linhcide 1.2 EW,Eugenol (min 99%),Thuốc trừ bệnh,Công ty TNHH Phương Nam - Việt Nam,chè; cà chua; dưa chuột; hoa hồng; lúa,khô vằn; mốc sương; phấn trắng; đốm nâu; đốm xám,
Dbond 30EC,Famoxadone (min 96%) 15% + Flusilazole 15%,Thuốc trừ bệnh,Công ty TNHH Nam Bắc,lạc,đốm nâu,
Famozol 700WP,Famoxadone 450g/kg + Hexaconazole 250g/kg,Thuốc trừ bệnh,Công ty TNHH An Nông,hồ tiêu; khoai tây; thán,sương mai; thư,
Zorvec Encantia® 330SE,Famoxadone 300 g/l + Oxathiapiprolin 30 g/l,Thuốc trừ bệnh,Công ty TNHH Corteva Agriscience Việt Nam,cà chua; dưa chuột; hồ tiêu; khoai tây; sầu riêng,chết nhanh; sương mai; xì mủ,
Aiker Top 25SC,Fenaminstrobin (min 98%) 2.5% + Tricyclazole 22.5%,Thuốc trừ bệnh,Công ty TNHH TM Phát An,lúa,lem lép hạt; đạo ôn,
Indar® 240 SC,Fenbuconazole (min 98.7%),Thuốc trừ bệnh,Công ty TNHH Corteva Agriscience Việt Nam,lúa; xoài,khô vằn; lem lép hạt; thán thư,
BN-Fepro 20SC,Fenoxanil (min 95%),Thuốc trừ bệnh,Công ty CP Bảo Nông Việt,lúa,đạo ôn,
Fendy 25WP,Fenoxanil (min 95%),Thuốc trừ bệnh,Công ty TNHH QT Nông nghiệp vàng,lúa,đạo ôn,
Feno Cali 40SC,Fenoxanil (min 95%),Thuốc trừ bệnh,Công ty CP Cali Agritech USA,lúa,đạo ôn,
Feno Extra 20SC,Fenoxanil (min 95%),Thuốc trừ bệnh,Công ty TNHH CEC Việt Nam,lúa,đạo ôn,
"Fenogold 250EC, 300WP",Fenoxanil (min 95%),Thuốc trừ bệnh,Công ty TNHH Thuốc BVTV Bông Sen Vàng,lúa,đạo ôn,
Fenxo 30SC,Fenoxanil (min 95%),Thuốc trừ bệnh,Công ty CP Genta Thụy Sĩ,lúa,đạo ôn,
Haras 200SC,Fenoxanil (min 95%),Thuốc trừ bệnh,"Shanghai Synagy Chemicals Co., Ltd",lúa,đạo ôn,
Fenomy 40SC,Fenoxanil (min 95%),Thuốc trừ bệnh,Công ty CP Nicotex,lúa,đạo ôn,
Fenoxa super 200SC,Fenoxanil (min 95%),Thuốc trừ bệnh,Công ty TNHH Pesticide Nhật Bản,lúa,đạo ôn,
Fexanil 200SC,Fenoxanil (min 95%),Thuốc trừ bệnh,Công ty TNHH Á Châu Hoá Sinh,lúa,đạo ôn,
Headway 200SC,Fenoxanil (min 95%),Thuốc trừ bệnh,Công ty TNHH thuốc BVTV Mekong,lúa,đạo ôn,
Katana 20SC,Fenoxanil (min 95%),Thuốc trừ bệnh,"Nihon Nohyaku Co., Ltd",lúa,đạo ôn,
Kasoto 200SC,Fenoxanil (min 95%),Thuốc trừ bệnh,Công ty CP Công nghệ Nông nghiệp Chiến Thắng,lúa,đạo ôn,
Naxanil 20SC,Fenoxanil (min 95%),Thuốc trừ bệnh,"Nanjing Agrochemical Co., Ltd",lúa,đạo ôn,
Nero 400SC,Fenoxanil (min 95%),Thuốc trừ bệnh,Công ty TNHH MTV BVTV Long An,lúa,đạo ôn,
Redrice 200SC,Fenoxanil (min 95%),Thuốc trừ bệnh,Công ty CP Vagritex,lúa,đạo ôn,
Sako 25WP,Fenoxanil (min 95%),Thuốc trừ bệnh,Công ty TNHH Agricare Việt Nam,lúa,đạo ôn,
Strong 200SC,Fenoxanil (min 95%),Thuốc trừ bệnh,Công ty TNHH Anh Dẩu Tiền Giang,lúa,đạo ôn,
Taiyou 20SC,Fenoxanil (min 95%),Thuốc trừ bệnh,Công ty CP Hợp Trí Summit,lúa,đạo ôn,
TT Goldleaf 20SC,Fenoxanil (min 95%),Thuốc trừ bệnh,Công ty CP Delta Cropcare,lúa,đạo ôn,
Fen Super 250SC,Fenoxanil 200 g/l + Hexaconazole 50 g/l,Thuốc trừ bệnh,Công ty CP Kiên Nam,cà phê; hồ tiêu; nho,phấn trắng; rỉ sắt; thán thư,
Fenonil 250SC,Fenoxanil 200 g/l + Hexaconazole 50 g/l,Thuốc trừ bệnh,Công ty TNHH Kona Crop Science,cà phê,rỉ sắt,
Fortuna 250SC,Fenoxanil 200 g/l + Hexaconazole 50 g/l,Thuốc trừ bệnh,Công ty TNHH Fujimoto Việt Nam,hoa hồng; lúa,phấn trắng; đạo ôn,
TT Keep 300SC,Fenoxanil 200 g/l + Hexaconazole 100 g/l,Thuốc trừ bệnh,Công ty TNHH TM Tân Thành,cam; lúa; xoài,ghẻ sẹo; thán thư; đạo ôn,
Hutajapane 300SC,Fenoxanil 250g/l + Hexaconazole 50g/l,Thuốc trừ bệnh,Công ty TNHH TM SX Thôn Trang,lúa,lem lép hạt; đạo ôn,
Xanilzol 500SC,Fenoxanil 300g/l + Hexaconazole 200g/l,Thuốc trừ bệnh,Công ty TNHH Hóa sinh Á Châu,lúa,đạo ôn,
Ninja 35EC,Fenoxanil 50g/l + Isoprothiolane 300g/l,Thuốc trừ bệnh,"Nihon Nohyaku Co., Ltd",lúa,đạo ôn,
Feno One 500EC,Fenoxanil 100g/l + Isoprothiolane 400g/l,Thuốc trừ bệnh,Công ty CP Kiên Nam,lúa,đạo ôn,
Fenolan 500EC,Fenoxanil 100g/l + Isoprothiolane 400g/l,Thuốc trừ bệnh,Công ty TNHH Á Châu Hoá Sinh,lúa,đạo ôn,
Isoxanil 50EC,Fenoxanil 100g/l + Isoprothiolane 400g/l,Thuốc trừ bệnh,Công ty TNHH Hóa sinh Á Châu,lúa,đạo ôn,
Feliso 360EC,Fenoxanil 60g/l + Isoprothiolane 300g/l,Thuốc trừ bệnh,Công ty TNHH Hóa sinh Mùa Vàng,lúa,đạo ôn,
Pyrilan 360EC,Fenoxanil 60g/l + Isoprothiolane 300g/l,Thuốc trừ bệnh,Công ty TNHH TM DV Thanh Sơn Hóa Nông,lúa,đạo ôn,
Credit 450EC,Fenoxanil 50g/l + Isoprothiolane 400g/l,Thuốc trừ bệnh,Công ty TNHH Alfa (Sài gòn),lúa,đạo ôn,
Demon 21SC,Fenoxanil 20% + Kasugamycin 1%,Thuốc trừ bệnh,Công ty TNHH TM Hải Thụy,lúa,đạo ôn,
Feno super 268WP,Fenoxanil 250g/kg + Kasugamycin 18g/kg,Thuốc trừ bệnh,Công ty TNHH Agricare Việt Nam,lúa,đạo ôn; đốm sọc vi khuẩn,
Fenoba 268WP,Fenoxanil 250g/kg + Kasugamycin 18g/kg,Thuốc trừ bệnh,Công ty TNHH Phú Nông,cà chua; cải bắp; dưa hấu; hoa cúc; lúa,héo xanh vi khuẩn; rỉ sắt; thán thư; thối nhũn; đạo ôn,
Newfeno 268WP,Fenoxanil 250g/kg + Kasugamycin 18g/kg,Thuốc trừ bệnh,Công ty CP S New Rice,lúa,đạo ôn,
Fenova 260SC,Fenoxanil 20% (200g/l) + Kresoxim-methyl 6% (60g/l),Thuốc trừ bệnh,Công ty TNHH Hóa chất Nông nghiệp Nông Vàng,lúa,đạo ôn,
Masterone 26SC,Fenoxanil 20% (200g/l) + Kresoxim-methyl 6% (60g/l),Thuốc trừ bệnh,Công ty TNHH Master AG,cà phê,thán thư,
Okasa one 260SC,Fenoxanil 20% (200g/l) + Kresoxim-methyl 6% (60g/l),Thuốc trừ bệnh,Công ty CP Nông nghiệp HP,dưa hấu; lúa,thán thư; đạo ôn,
Victoryusa 250SC,Fenoxanil 220g/l + Ningnanmycin 30g/l,Thuốc trừ bệnh,Công ty TNHH TM SX Thôn Trang,lúa,lem lép hạt; đạo ôn,
Farmer 400SC,Fenoxanil 200g/l + Oxolinic acid 200g/l,Thuốc trừ bệnh,Công ty TNHH Hóa sinh Á Châu,lúa,đạo ôn,
Fob 500SC,Fenoxanil 100g/l + Oxolinic acid 100g/l + Tricyclazole 300g/l,Thuốc trừ bệnh,Công ty TNHH Hóa sinh Á Châu,lúa,đạo ôn,
Pilarwin 280ZC,Fenoxanil 112g/l + Prochloraz 168g/l,Thuốc trừ bệnh,"Pilarquim (Shanghai) Co., Ltd",cà phê,thán thư,
Lukki 325EC,Fenoxanil 200g/l + Propiconazole 125 g/l,Thuốc trừ bệnh,Công ty TNHH Hóa Nông Lúa Vàng,lúa,đạo ôn,
"Kitini super 450SC, 750WP",Fenoxanil 100g/l (200g/kg) + Sulfur 300g/l (350g/kg) + Tricyclazole 50g/l (200g/kg),Thuốc trừ bệnh,Công ty TNHH An Nông,lúa,đạo ôn,
Fenozon 30SC,Fenoxanil 20% + Tebuconazole 10%,Thuốc trừ bệnh,Công ty CP SX và TM Công nghệ Châu Âu,lạc,đốm nâu,
Rosy 30SC,Fenoxanil 20% + Tebuconazole 10%,Thuốc trừ bệnh,Công ty TNHH BVTV Thảo Điền,cà phê,rỉ sắt,
"Map Famy 35SC, 700WP",Fenoxanil 100g/l (200g/kg) + Tricyclazole 250g/l (500g/kg),Thuốc trừ bệnh,Map Pacific Pte Ltd,lúa,đạo ôn,
AGCummins 30SC,Fenoxanil 10% + Tricyclazole 20%,Thuốc trừ bệnh,Công ty TNHH MTV Sao Phương Nam AG,lúa,đạo ôn,
Fenil Bgo 40SC,Fenoxanil 15% + Tricyclazole 25%,Thuốc trừ bệnh,Công ty TNHH Nông nghiệp Công nghệ xanh Bắc Giang,cà phê,nấm hồng,
Feno Promax 40SC,Fenoxanil 15% + Tricyclazole 25%,Thuốc trừ bệnh,Công ty TNHH XNK TM Agriasian,lúa,đạo ôn,
Bixanil 500SC,Fenoxanil 150g/l + Tricyclazole 350g/l,Thuốc trừ bệnh,Công ty TNHH Hóa sinh Á Châu,lúa,đạo ôn,
Sumiferi 30WP,Ferimzone (min 95%),Thuốc trừ bệnh,Công ty TNHH Hóa chất Sumitomo Việt Nam,lúa,lem lép hạt; đạo ôn,
Usaflotil 20WP,Florfenicol (min 99%) 5g/kg + Kanamycin sulfate 15g/kg,Thuốc trừ bệnh,Công ty CP Trường Sơn,lúa,lem lép hạt; đạo ôn,
Verpixo® 100SC,Florylpicoxamid (min 93%),Thuốc trừ bệnh,Công ty TNHH Corteva Agriscience Việt Nam,xoài; ớt,thán thư,
AF-Fluzam 50SC,Fluazinam (min 96%),Thuốc trừ bệnh,Công ty TNHH Agrifuture,lạc,đốm lá,
Flumo 500SC,Fluazinam (min 96%),Thuốc trừ bệnh,Công ty CP Genta Thụy Sĩ,lạc,đốm nâu,
Fon Sha 500SC,Fluazinam (min 96%),Thuốc trừ bệnh,Sinon Corporation,hoa hồng,phấn trắng,
Garland 50SC,Fluazinam (min 96%),Thuốc trừ bệnh,Công ty CP Khử trùng Việt Nam,cải bắp,sưng rễ,
Lk-Chacha 300SC,Fluazinam (min 96%),Thuốc trừ bệnh,Công ty TNHH Hoá sinh Á Châu,lúa,đạo ôn,
Nando 500SC,Fluazinam (min 96%),Thuốc trừ bệnh,Công ty TNHH Nufarm Việt Nam,dưa chuột,giả sương mai,
Porsche 50SC,Fluazinam (min 96%),Thuốc trừ bệnh,Công ty TNHH MTV BVTV Long An,khoai tây,sương mai,
Preguard 500SC,Fluazinam (min 96%),Thuốc trừ bệnh,"Shandong Weifang Rainbow Chemical Co., Ltd",dưa hấu,giả sương mai,
Shonam 500SC,Fluazinam (min 96%),Thuốc trừ bệnh,Công ty CP Agri Shop,hoa hồng; nho,mốc sương; thán thư,
Starzinam 500SC,Fluazinam (min 96%),Thuốc trừ bệnh,Công ty CP Biostars,lạc,đốm lá,
Tado Doctor 50SC,Fluazinam (min 96%),Thuốc trừ bệnh,Công ty CP Vật tư Tây Đô Long An,lạc,đốm nâu,
TT-amit 500SC,Fluazinam (min 96%),Thuốc trừ bệnh,Công ty TNHH TM Tân Thành,lúa; nho,khô vằn; phấn trắng; đạo ôn,
X-track 500SC,Fluazinam (min 96%),Thuốc trừ bệnh,Công ty TNHH BVTV Thảo Điền,khoai tây,mốc sương,
ET-Pronam 45SC,Fluazinam 30% + Iprodione 15%,Thuốc trừ bệnh,"Shanghai E-Tong Chemical Co., Ltd",hồ tiêu,chết nhanh,
"Furama 480SC, 680WP",Fluazinam 400 g/l (500g/kg) + Metalaxyl-M 80 g/l (180g/kg),Thuốc trừ bệnh,Công ty TNHH An Nông,cao su; héo rũ gốc mốc; hồ tiêu; khoai môn; khoai tây; lem lép; lúa; lạc; mốc; ngô,chết chậm; chết nhanh; hạt; lem lép hạt; loét sọc miệng cạo; loét sọc mặt cạo; lá; mốc sương; sương; trắng; đốm lá; đốm vòng,
Zaaloo 680WP,Fluazinam 500g/kg + Metalaxyl-M 180g/kg,Thuốc trừ bệnh,Công ty TNHH Tấn Hưng Việt Nam,cà phê,thán thư,
Thaxonil 500WP,Fludioxonil (min 96.8%),Thuốc trừ bệnh,Công ty TNHH TM - DV Thanh Sơn Hóa Nông,hồ tiêu,chết nhanh,
VT-Flunil 400SC,Fludioxonil 80g/l + Pyrimethanil 320g/l,Thuốc trừ bệnh,Công ty TNHH CNSH Quốc tế Việt Thái,hồ tiêu,chết nhanh,
Tutor 500SC,Fludioxonil 100g/l + Pyrimethanil 400g/l,Thuốc trừ bệnh,Công ty TNHH Nufarm Việt Nam,cà chua,đốm vòng,
Fulldown 30SC,Flumorph (min 96%),Thuốc trừ bệnh,Công ty CP BMC Vĩnh Phúc,khoai tây,sương mai,
Ω-Metano 15WP,Flumorph 10% + Metalaxyl-M 5%,Thuốc trừ bệnh,Công ty TNHH Agrohao Việt Nam,chết; cà phê; hồ tiêu,nhanh; rỉ sắt,
Profiler 711.1WG,Fluopicolide (min 97%) 44.4 g/kg + Fosetyl- alumilium 666.7 g/kg,Thuốc trừ bệnh,Bayer Vietnam Ltd (BVL),bưởi; bắp cải; cam; cà chua; cải bẹ xanh; dưa hấu; hoa hồng; hành; nho; nhãn; sầu riêng; vải,chảy nhựa; giả sương mai; nứt thân xì mủ; sương mai; xì mủ,
Fluocarb 586.5SC,Fluopicolide 62.5g/l + Propamocarb 524g/l,Thuốc trừ bệnh,Công ty TNHH TAT Hà Nội,cà chua,mốc sương,
Supermario 70SC,Fluopicolide 7% + Propamocarb HCl 63%,Thuốc trừ bệnh,"Xuzhou Jinhe Chemicals Co., Ltd",dưa chuột,giả sương mai,
Infinito 687.5SC,Fluopicolide 62.5g/l + Propamocarb hydrochloride 625g/l,Thuốc trừ bệnh,Bayer Vietnam Ltd (BVL),bắp cải; cà chua; dưa chuột; dưa hấu; vải,mốc sương; sương mai,
Paloride 687.5SC,Fluopicolide 62.5g/l + Propamocarb hydrochloride 625g/l,Thuốc trừ bệnh,"Shandong Weifang Rainbow Chemical Co., Ltd",dưa hấu; lạc,chết cây con; giả sương mai,
Parole 687.5SC,Fluopicolide 62.5g/l + Propamocarb hydrochloride 625g/l,Thuốc trừ bệnh,Công ty TNHH Hoá sinh Á Châu,cà chua; dưa chuột,giả sương mai; sương mai,
Sagoflu Pro 687.5SC,Fluopicolide 62.5g/l + Propamocarb hydrochloride 625g/l,Thuốc trừ bệnh,Công ty CP BVTV Sài gòn,cà chua,mốc sương,
Picolax 30WG,Fluopicolide 10% + Metalaxyl 20%,Thuốc trừ bệnh,Công ty TNHH Gap Agro,cà phê,rỉ sắt,
Oxili 320SC,Fluopicolide 80g/l + Oxine Copper 240g/l,Thuốc trừ bệnh,Công ty TNHH MTV BVTV Omega,cà phê,rỉ sắt,
Flupirac 30ZC,Fluopimomide (min 98%) 5% + Pyraclostrobin 25%,Thuốc trừ bệnh,Công ty TNHH Hoá nông Á Châu Hà Nội,hoa hồng,phấn trắng,
Velum Prime 400SC,Fluopyram (min 96%),Thuốc trừ bệnh,Bayer Vietnam Ltd (BVL),bưởi; bắp cải; chuối; cà chua; cà phê; cà rốt; hồ tiêu; thanh long; ớt,tuyến trùng,
Luna Experience 400SC,Fluopyram 200g/l + Tebuconazole 200g/l,Thuốc trừ bệnh,Bayer Vietnam Ltd (BVL),khoai tây; lúa,lem lép hạt; đốm vòng,
Luna Sensation 500SC,Fluopyram 250g/l + Trifloxystrobin 250g/l,Thuốc trừ bệnh,Bayer Vietnam Ltd (BVL),khoai tây,đốm vòng,
anRUTA 400EC,Flusilazole (min 92.5%),Thuốc trừ bệnh,Công ty TNHH An Nông,cà; lúa; rỉ,khô vằn; lem lép hạt; sắt,
Avastar 40EC,Flusilazole (min 92.5%),Thuốc trừ bệnh,Công ty TNHH TM DV Tấn Hưng,lúa,lem lép hạt,
Hatsang 40 EC,Flusilazole (min 92.5%),Thuốc trừ bệnh,Công ty CP Đồng Xanh,lúa,lem lép hạt,
Isonuta 40EC,Flusilazole (min 92.5%),Thuốc trừ bệnh,Công ty CP Lion Agrevo,lúa,lem lép hạt,
Nôngiaphúc 400EC,Flusilazole (min 92.5%),Thuốc trừ bệnh,Công ty TNHH TM Thái Phong,lúa,lem lép hạt; đạo ôn,
Nuzole 40EC,Flusilazole (min 92.5%),Thuốc trừ bệnh,Công ty TNHH Phú Nông,cà phê; lúa; đậu tương,khô vằn; lem lép hạt; rỉ sắt; đạo ôn; đốm lá,
Shinawa 400EC,Flusilazole (min 92.5%),Thuốc trừ bệnh,Công ty CP BMC Việt Nam,hoa đào,thán thư,
Silan 40EC,Flusilazole (min 92.5%),Thuốc trừ bệnh,Công ty TNHH Gap Agro,cà phê,rỉ sắt,
Avas New 260SC,Flusilazole 10 g/l + Hexaconazole 30 g/l + Tricyclazole 220 g/l,Thuốc trừ bệnh,Công ty TNHH TM DV Tấn Hưng,lúa,đạo ôn,
Hilux 200EW,Flusilazole 40g/l + Prochloraz 160g/l,Thuốc trừ bệnh,Công ty CP Phát triển Dịch vụ Nông nghiệp IPM,lạc,đốm nâu,
Fluzone 400EC,Flusilazole 100g/l + Propiconazole 300g/l,Thuốc trừ bệnh,Công ty CP Kiên Nam,cà phê; hồ tiêu,chết nhanh; rỉ sắt,
Novotsc 400EC,Flusilazole 100g/l + Propiconazole 300g/l,Thuốc trừ bệnh,Công ty CP Lion Agrevo,lúa,lem lép hạt,
"Newthivo 500WP, 525SE, 780WG","Flusilazole 50g/kg (25g/l), (30g/kg) + Tebuconazole 250g/kg (100g/l), (500g/kg) + Tricyclazole 200g/kg (400g/l), (250g/kg )",Thuốc trừ bệnh,Công ty TNHH An Nông,khô; lúa; xử lý hạt giống trừ bệnh lúa,khô vằn; lem lép hạt; von; vằn; xử lý hạt giống trừ bệnh lúa von; ôn; đạo ôn,
Nebijin 0.3DP,Flusulfamide (min 98%),Thuốc trừ bệnh,"Mitsui Chemicals Crop & Life Solutions, Inc",khoai tây (Xử lý đất),Bệnh ghẻ,
Moncut 40SC,Flutolanil (min 98%),Thuốc trừ bệnh,Công ty TNHH Nichino Việt Nam,lúa,khô vằn,
Blockan 25SC,Flutriafol (min 95%),Thuốc trừ bệnh,Công ty CP Tập đoàn Lộc Trời,ca cao; cao su; cà phê; hoa hồng; hồ tiêu; lúa; lạc,héo đen đầu lá; lem lép hạt; phấn trắng; thán thư; đạo ôn; đốm lá; đốm đen,
Impact 12.5SC,Flutriafol (min 95%),Thuốc trừ bệnh,Công ty TNHH FMC Việt Nam,cà phê; lúa,rỉ sắt; đạo ôn,
T-Control 25SC,Flutriafol (min 95%),Thuốc trừ bệnh,Công ty CP Nông dược Nhật Thành,cà phê,thán thư,
Victodo 70WP,Flutriafol 30% + Tricyclazole 40%,Thuốc trừ bệnh,Công ty CP Long Hiệp,lúa,lem lép hạt; đạo ôn,
Fiwin 700WP,Flutriafol 300 g/kg + Tricyclazole 400 g/kg,Thuốc trừ bệnh,Công ty TNHH Minh Long,lúa,đạo ôn,
Mibelya 400SC,Fluxapyroxad (min 98%) 200g/l + Mefentrifluconazole 200g/l,Thuốc trừ bệnh,"BASF Vietnam Co., Ltd",ớt,thán thư,
Priaxor 500SC,Fluxapyroxad 167g/l + Pyraclostrobin 333g/l,Thuốc trừ bệnh,"BASF Vietnam Co., Ltd",cà phê; hồ tiêu; khoai tây; ngô,khô vằn; thán thư; đốm vòng,
Crystal 80WG,Folpet (min 90%),Thuốc trừ bệnh,Công ty CP Bigfive Việt Nam,hồ tiêu,chết nhanh,
Folcal 50WP,Folpet (min 90%),Thuốc trừ bệnh,Công ty TNHH UPL Việt Nam,cao su,xì mủ,
"Folpan 50 WP, 50 SC",Folpet (min 90%),Thuốc trừ bệnh,Công ty TNHH Adama Việt Nam,dưa hấu; giả sương; hành; lúa; nho; xoài; đạo,khô vằn; mai; mốc sương; thán thư; ôn; đạo ôn; đốm lá,
Fudan 80WG,Folpet (min 90%),Thuốc trừ bệnh,Agria S.A,khoai tây,mốc sương,
Kifolpet 500WP,Folpet (min 90%),Thuốc trừ bệnh,Công ty CP Kiên Nam,nho,mốc sương,
Darius 75WG,Folpet 25% + Fosetyl- aluminium 50%,Thuốc trừ bệnh,Công ty CP Bigfive Việt Nam,sầu riêng,chảy gôm,
Acaete 80WP,Fosetyl-aluminium (min 95%),Thuốc trừ bệnh,Công ty TNHH – TM Thái Nông,hồ tiêu,chết nhanh,
Agofast 80 WP,Fosetyl-aluminium (min 95%),Thuốc trừ bệnh,Công ty CP Đồng Xanh,cao su; dưa hấu; hồ tiêu; mốc; sầu riêng; thuốc lá; thối quả; xì; đốm,chết nhanh; lá; mủ; sương,
"Aliette 80 WP, 800 WG",Fosetyl-aluminium (min 95%),Thuốc trừ bệnh,Bayer Vietnam Ltd (BVL),bưởi; bắp cải; ca cao; cam; chết; cà chua; cải bẹ xanh; dưa chuột; dưa hấu; hoa hồng; hành; hồ tiêu; khoai tây; lúa; nho; quýt; sầu riêng; vải,bạc lá; mốc sương; nhanh; sương mai; thối gốc chảy nhựa; thối quả; xì mủ,
Alle 800WG,Fosetyl-aluminium (min 95%),Thuốc trừ bệnh,Công ty CP SX - TM - DV Ngọc Tùng,hồ tiêu,chết nhanh,
"Alimet 80WP, 80WG, 90SP",Fosetyl-aluminium (min 95%),Thuốc trừ bệnh,Công ty CP Kiên Nam,cam; chết; chết cây; dưa hấu; dứa; hồ tiêu; khoai tây; nho; sầu riêng; thuốc lá; thối; xoài; xì; điều,chết cây con; chết nhanh; con; mốc sương; mủ; nhanh; nõn; sương; sương mai; thối nõn; xì mủ; đốm lá,
"Alonil 80WP, 800WG",Fosetyl-aluminium (min 95%),Thuốc trừ bệnh,Công ty CP Nicotex,hồ tiêu,chết nhanh,
"Alpine 80 WP, 80WG",Fosetyl-aluminium (min 95%),Thuốc trừ bệnh,Công ty CP BVTV Sài Gòn,bạc; cam; cao su; chết; dưa hấu; hoa hồng; hồ tiêu; lúa; mốc; nho; phong lan; xì,chết nhanh; lá; mủ; nhanh; rễ; sương; sương mai; thối thân xì mủ; thối đen,
Aluminy 800WG,Fosetyl-aluminium (min 95%),Thuốc trừ bệnh,Công ty TNHH TM và SX Ngọc Yến,cam; cao su; lúa; thối rễ; xì,bạc lá; mủ,
"ANLIEN-annong 400SC, 800WP, 800WG",Fosetyl-aluminium (min 95%),Thuốc trừ bệnh,Công ty TNHH An Nông,dứa; hồ tiêu; khoai tây; sương; thối,mai; nõn; thân,
Dafostyl 80WP,Fosetyl-aluminium (min 95%),Thuốc trừ bệnh,Công ty TNHH Kinh doanh hóa chất Việt Bình Phát,cam; dưa hấu; hồ tiêu; nho,chết nhanh; sương mai; xì mủ,
Dibajet 80WP,Fosetyl-aluminium (min 95%),Thuốc trừ bệnh,Công ty TNHH XNK Quốc tế SARA,hồ tiêu,chết nhanh,
Forliet 80WP,Fosetyl-aluminium (min 95%),Thuốc trừ bệnh,Công ty TNHH TM Tân Thành,bạc lá do vi; bắp cải; cam; cao su; chết; dưa hấu; gừng; hồ tiêu; lúa; ngô; nhãn; nứt thân chảy; thối; xì,khuẩn; loét sọc mặt cạo; mủ; nhanh; nhựa; quả; sương mai; sọc lá; thối nhũn,
Juliet 80 WP,Fosetyl-aluminium (min 95%),Thuốc trừ bệnh,Công ty TNHH TM - DV Thanh Sơn Hóa Nông,dưa chuột,giả sương mai,
New Zia 800WP,Fosetyl-aluminium (min 95%),Thuốc trừ bệnh,Công ty CP S New Rice,cà phê,thán thư,
Sakin-zai 800WG,Fosetyl-aluminium (min 95%),Thuốc trừ bệnh,Công ty CP Nông dược Việt Nam,cam; mắc ca,chảy gôm; xì mủ,
Vialphos 80 SP,Fosetyl-aluminium (min 95%),Thuốc trừ bệnh,Công ty CP Thuốc sát trùng Việt Nam,cam; hồ tiêu,chảy gôm; chết nhanh; thối thân,
Tiviant 770WG,Fosetyl-aluminium 700g/kg + Isotianil (min 96%) 70g/kg,Thuốc trừ bệnh,Bayer Vietnam Ltd (BVL),cà chua,héo xanh vi khuẩn,
Binyvil 70WP,Fosetyl-aluminium 25% + Mancozeb 45%,Thuốc trừ bệnh,Công ty TNHH TM và SX Ngọc Yến,dưa hấu; lúa; sầu riêng; thanh long,chết cây con; lem lép hạt; xì mủ; đốm nâu,
Tvzebjapane 70WP,Fosetyl-aluminium 30% + Mancozeb 40%,Thuốc trừ bệnh,Công ty CP Newfarm Việt Nam,thanh long,đốm nâu,
Fostynium 75WP,Fosetyl-aluminium 40% + Mancozeb 35%,Thuốc trừ bệnh,Công ty TNHH Radiant AG,dưa hấu,giả sương mai,
Cobe Uc 70WP,Fosetyl-aluminium 45% + Mancozeb 25%,Thuốc trừ bệnh,Công ty TNHH Cooperation Bio Đức,hồ tiêu,chết nhanh,
Atizol 500WP,Fosetyl-aluminium 280g/kg + Mancozeb 220g/kg,Thuốc trừ bệnh,Công ty Cổ phần Công nghệ cao Kyoto Japan,hoa mai,đốm lá,
Anlia 600WG,Fosetyl-aluminium 400g/kg + Mancozeb 200g/kg,Thuốc trừ bệnh,Công ty TNHH Thuốc BVTV Liên doanh Nhật Mỹ,hồ tiêu,chết nhanh,
Kasai 21.2WP,Fthalide (min 97%) 20% + Kasugamycin 1.2%,Thuốc trừ bệnh,Sumitomo Corporation Vietnam LLC,bắp cải; hành; lúa,lem lép hạt; thối nhũn; thối đen; đạo ôn,
Saicado 220WP,Fthalide 200 g/kg + Kasugamycin 20 g/kg,Thuốc trừ bệnh,Công ty CP Vagritex,lúa,đạo ôn,
Elcarin 0.5SL,Fungous Proteoglycans,Thuốc trừ bệnh,Công ty CP Nông nghiệp Việt Nam,bắp cải; cà chua; lúa; thuốc lá; ớt,bạc lá; héo xanh; thối nhũn,
ET-Funpro 20SL,Fungous Proteoglycans,Thuốc trừ bệnh,"Shanghai E-tong Chemical Co., Ltd",cải bắp; lúa; ớt,bạc lá; héo xanh; thối nhũn,
Fugoba 1SL,Fungous Proteoglycans,Thuốc trừ bệnh,Công ty TNHH Trường Thịnh,cà chua; cải bắp; lúa,bạc lá; héo xanh; thối nhũn,
Leti Star 1SL,Fungous Proteoglycans,Thuốc trừ bệnh,"Beijing Bioseen Crop Sciences Co., Ltd",cà chua; lúa; ớt,bạc lá; héo xanh vi khuẩn,
Metube 0.5SL,Fungous Proteoglycans,Thuốc trừ bệnh,Công ty TNHH Pesticide Nhật Bản,hồ tiêu,chết nhanh,
Navita 1SL,Fungous Proteoglycans,Thuốc trừ bệnh,Công ty CP Khử trùng Nam Việt,cà chua; cải bắp,héo xanh; thối nhũn,
Newtop 1SL,Fungous Proteoglycans,Thuốc trừ bệnh,Công ty CP Kỹ thuật NN I.FI,cải bắp,thối nhũn,
Procan 2SL,Fungous Proteoglycans,Thuốc trừ bệnh,Công ty TNHH Nông dược Miền Nam,cà chua; cải bắp,héo xanh; thối nhũn,
Velvet 2SL,Fungous Proteoglycans,Thuốc trừ bệnh,Công ty TNHH Anh Dẩu Tiền Giang,dưa hấu; gừng; lúa,bạc lá; héo xanh; thối củ,
Lusatex 5SL,Garlic oil 20g/l + Ningnanmycin 30g/l,Thuốc trừ bệnh,Công ty TNHH Vật tư NN Phương Đông,cà chua; dưa chuột; hồ tiêu; lúa; nho; thuốc lá; ớt,bạc lá; chết khô; chết nhanh; hoa lá; héo rũ; lem lép hạt; phấn trắng; sương mai; xoăn lá,
Riazor gold 110WP,Gentamicin sulfate 15g/kg + Ningnanmycin 45g/kg + Streptomycin sulfate 50g/kg,Thuốc trừ bệnh,Công ty CP Nông dược Nhật Việt,lúa,bạc lá do vi khuẩn,
Antisuper 80WP,Gentamicin sulfate 2% (20g/kg) + Oxytetracycline hydrochloride 6% (60g/kg),Thuốc trừ bệnh,Công ty CP Vật tư NN Tiền Giang,cam; lúa,bạc lá; loét,
Avalon 8WP,Gentamicin sulfate 2% (20g/kg) + Oxytetracycline hydrochloride 6% (60g/kg),Thuốc trừ bệnh,Công ty TNHH - TM ACP,cam; cà chua; héo xanh vi; lúa; thanh long; xoài; đốm; đốm sọc vi; đốm đen xì,bạc lá; cành; khuẩn; loét; mủ; thối quả,
Lobo 8WP,Gentamicin sulfate 2% (20g/kg) + Oxytetracycline hydrochloride 6% (60g/kg),Thuốc trừ bệnh,Công ty TNHH TM - DV Thanh Sơn Hóa Nông,bắp cải; cà chua; dưa hấu; lúa,bạc lá; héo xanh; héo xanh vi khuẩn; lem lép hạt; thối nhũn; thối đen gân lá,
Oxysunfate 80WP,Gentamicin sulfate 2% (20g/kg) + Oxytetracycline hydrochloride 6% (60g/kg),Thuốc trừ bệnh,Công ty CP Đồng Xanh,lúa,bạc lá,
Panta 66.6WP,Gentamicin sulfate 20g/kg + Streptomycin sulfate 46.6g/kg,Thuốc trừ bệnh,Công ty TNHH TM và SX Ngọc Yến,hành; lúa; thối,bạc lá; nhũn,
Acanvinsuper 55SC,Hexaconazole (min 85%),Thuốc trừ bệnh,Công ty TNHH MTV Lucky,cao su; cà phê; lúa; nấm; rỉ,hồng; lem lép hạt; sắt,
Aicavil 100SC,Hexaconazole (min 85%),Thuốc trừ bệnh,Công ty CP Hoá chất Nông nghiệp và Công nghiệp AIC,lúa,khô vằn; đạo ôn,
Anvilando 5SC,Hexaconazole (min 85%),Thuốc trừ bệnh,Công ty CP TM Hải Ánh,hoa hồng,phấn trắng,
Angoldvin 50SC,Hexaconazole (min 85%),Thuốc trừ bệnh,Công ty TNHH MTV Gold Ocean,lúa,lem lép hạt,
Anhvinh 50 SC,Hexaconazole (min 85%),Thuốc trừ bệnh,Công ty TNHH US.Chemical,lúa,lem lép hạt,
"Annongvin 50SC, 800WG",Hexaconazole (min 85%),Thuốc trừ bệnh,Công ty TNHH An Nông,cà phê; lem lép; lúa,hạt; khô vằn; lem lép hạt; rỉ sắt,
Amwilusa 50SC,Hexaconazole (min 85%),Thuốc trừ bệnh,Công ty CP BVTV An Hưng Phát,lúa,lem lép hạt,
Anvil® 5SC,Hexaconazole (min 85%),Thuốc trừ bệnh,Công ty TNHH Syngenta Việt Nam,cam; cao su; cà phê; ghẻ; hoa hồng; lúa; lạc; ngô; thanh long; thuốc lá,khô vằn; lem lép hạt; lở cổ rễ; nấm hồng; phấn trắng; rỉ sắt; sẹo; vàng lá; đốm lá; đốm nâu; đốm vòng; đốm đen,
Anwinnong 100SC,Hexaconazole (min 85%),Thuốc trừ bệnh,Công ty TNHH US Agro,cà phê; lúa; vải; xoài,lem lép hạt; rỉ sắt; thán thư,
Apica Pro 25SC,Hexaconazole (min 85%),Thuốc trừ bệnh,Công ty TNHH Hóa chất Mạnh Hùng,lạc,đốm nâu,
"Atulvil 5SC, 10EC",Hexaconazole (min 85%),Thuốc trừ bệnh,Công ty CP Thanh Điền,cao su; cà phê; lúa; lạc; nho,khô vằn; lem lép hạt; nấm hồng; phấn trắng; rỉ sắt; đốm lá,
Aviando 50SC,Hexaconazole (min 85%),Thuốc trừ bệnh,Công ty CP BVTV Kiên Giang,cà phê,rỉ sắt,
Avil-cali 100SC,Hexaconazole (min 85%),Thuốc trừ bệnh,Công ty CP Cali Agritech USA,lúa,lem lép hạt,
A-V-T Vil 5SC,Hexaconazole (min 85%),Thuốc trừ bệnh,Công ty TNHH Việt Thắng,cao su; lúa; lạc,khô vằn; lem lép hạt; nấm hồng; vàng rụng lá; đạo ôn; đốm lá,
Awin 100SC,Hexaconazole (min 85%),Thuốc trừ bệnh,Công ty TNHH TM Thái Phong,cao su; cà phê; lúa; lạc; nấm; rỉ sắt; điều,hồng; khô vằn; lem lép hạt; thán thư; vàng rụng lá; đốm lá,
Bena 5SC,Hexaconazole (min 85%),Thuốc trừ bệnh,Công ty TNHH Agro Việt,lạc,đốm nâu,
Best-Harvest 15SC,Hexaconazole (min 85%),Thuốc trừ bệnh,Sundat (S) Pte Ltd,cà phê; khô; lúa,rỉ sắt; vằn,
Bioride 50SC,Hexaconazole (min 85%),Thuốc trừ bệnh,Công ty CP Nông dược Việt Nam,lúa,lem lép hạt,
BN-Vinzole 10SC,Hexaconazole (min 85%),Thuốc trừ bệnh,Công ty CP Bảo Nông Việt,ngô,khô vằn,
BP.Hexasuper 50SC,Hexaconazole (min 85%),Thuốc trừ bệnh,Công ty TNHH TM Bình Phương,ngô,khô vằn,
Callihex 5SC,Hexaconazole (min 85%),Thuốc trừ bệnh,Công ty TNHH UPL Việt Nam,cà phê; lúa; lạc; điều; đậu tương,khô vằn; rỉ sắt; thán thư; đốm lá,
Centervin 50SC,Hexaconazole (min 85%),Thuốc trừ bệnh,Công ty TNHH MTV BVTV Omega,cao su; lúa; lạc,khô vằn; lem lép hạt; nấm hồng; đốm lá,
"Chevin 5SC, 40WG",Hexaconazole (min 85%),Thuốc trừ bệnh,Công ty CP Nicotex,cam; cao su; cà phê; dưa hấu; lem lép; lúa; xoài,ghẻ sẹo; hạt; khô vằn; lem lép hạt; nấm hồng; phấn trắng; rỉ sắt; thán thư; vàng rụng lá,
Ckvil 10SC,Hexaconazole (min 85%),Thuốc trừ bệnh,Công ty TNHH Nông dược CKD Việt Nam,cà phê,rỉ sắt,
"Convil 100EC, 100SC",Hexaconazole (min 85%),Thuốc trừ bệnh,Công ty TNHH Alfa (Sài gòn),cà phê; khô; lem lép; lúa; thán; xoài; điều,hạt; sắt; thán thư; thư; vằn,
"Dibazole 5SC, 10SL",Hexaconazole (min 85%),Thuốc trừ bệnh,Công ty TNHH XNK Quốc tế SARA,bầu bí; cao su; cà phê; hoa hồng; khô; lúa; lạc; lở cổ; ngô; vàng rụng; đạo; đốm mắt,cua; khô vằn; lem lép hạt; lá; lở cổ rễ; rễ; rỉ sắt; vằn; ôn; đạo ôn; đốm lá; đốm vòng,
"Doctor 5ME, 5SC",Hexaconazole (min 85%),Thuốc trừ bệnh,Công ty TNHH BVTV Đồng Phát,lúa,hạt; khô vằn,
Dovil 5SC,Hexaconazole (min 85%),Thuốc trừ bệnh,Công ty TNHH MTV BVTV Thạnh Hưng,lúa,khô vằn; lem lép hạt,
Endico 5SC,Hexaconazole (min 85%),Thuốc trừ bệnh,Công ty TNHH SX & TM HAI Long An,cao su,nấm hồng,
Evitin 50SC,Hexaconazole (min 85%),Thuốc trừ bệnh,Công ty CP Tập đoàn Lộc Trời,cam; cao su; cà phê; hoa hồng; lúa; lạc; ngô; nấm; sầu riêng; thanh long; vàng rụng lá; điều,ghẻ; hồng; khô vằn; lem lép hạt; nấm hồng; nứt vỏ; phấn trắng; rỉ sắt; thán thư; đốm lá; đốm nâu; đốm đen,
Extra-Vil 10SC,Hexaconazole (min 85%),Thuốc trừ bệnh,Công ty CP Hưng Toàn Vĩnh Phát,lạc,đốm nâu,
Fillmore 100SC,Hexaconazole (min 85%),Thuốc trừ bệnh,Công ty TNHH Western Agrochemicals,hoa hồng,đốm đen,
Forwavil 5SC,Hexaconazole (min 85%),Thuốc trừ bệnh,Forward International Ltd,lúa,khô vằn,
Fulvin 5SC,Hexaconazole (min 85%),Thuốc trừ bệnh,Công ty TNHH TM Tân Thành,cao su; cà phê; dưa hấu; hoa hồng; khô cành; lúa; nấm; rỉ sắt; điều,hồng; khô vằn; lem lép hạt; phấn trắng; rỉ sắt; thán thư; vàng rụng lá,
Goldvil 50SC,Hexaconazole (min 85%),Thuốc trừ bệnh,Công ty CP Khoa học Công nghệ cao American,lúa,lem lép hạt,
Hakivil 5SC,Hexaconazole (min 85%),Thuốc trừ bệnh,Công ty CP Đầu tư VTNN Sài Gòn,lúa,khô vằn,
Hanovil 10SC,Hexaconazole (min 85%),Thuốc trừ bệnh,Công ty CP Nông nghiệp HP,cao su; lúa; ngô; điều; đậu tương,khô vằn; lem lép hạt; nấm hồng; rỉ sắt; thán thư,
Haruko 5SC,Hexaconazole (min 85%),Thuốc trừ bệnh,Công ty CP BMC Vĩnh Phúc,cao su; cà phê; hoa hồng,nấm hồng; phấn trắng; đốm mắt cua,
Hecona 10SC,Hexaconazole (min 85%),Thuốc trừ bệnh,"United Plant Protection Co., Limited",cao su,phấn trắng,
"Hecwin 5SC, 550WP",Hexaconazole (min 85%),Thuốc trừ bệnh,Công ty TNHH ADC,cao su; cà phê; lem lép; lúa,hạt; khô vằn; lem lép hạt; nấm hồng; phấn trắng; rỉ sắt; vàng rụng lá,
Hexathai 100SC,Hexaconazole (min 85%),Thuốc trừ bệnh,Công ty TNHH Đầu tư và Phát triển Ngọc Lâm,cao su; cà phê; lem lép; lúa; vàng rụng,hạt; lá; rỉ sắt,
Hexaindia 5SC,Hexaconazole (min 85%),Thuốc trừ bệnh,Công ty TNHH A2T Việt Nam,hoa hồng,phấn trắng,
Hexausa 10SC,Hexaconazole (min 85%),Thuốc trừ bệnh,Công ty CP Hóa chất SAM,cà phê,nấm hồng,
Hexavil 6SC,Hexaconazole (min 85%),Thuốc trừ bệnh,Công ty CP SX Thuốc BVTV Omega,cao su; cà phê; lúa; lạc; rỉ; vàng rụng; đốm,khô vằn; lá; sắt,
Hexin 5SC,Hexaconazole (min 85%),Thuốc trừ bệnh,Công ty CP Khử trùng Nam Việt,lúa,lem lép hạt,
Hextat 75WG,Hexaconazole (min 85%),Thuốc trừ bệnh,Công ty TNHH BVTV TAT Hà Nội,lạc,đốm nâu,
Hoanganhvil 50SC,Hexaconazole (min 85%),Thuốc trừ bệnh,Công ty TNHH BVTV Hoàng Anh,cà phê,rỉ sắt,
Hosavil 5SC,Hexaconazole (min 85%),Thuốc trừ bệnh,Công ty CP Hóc Môn,cao su; cà phê; lúa; lạc; rỉ; thán; vàng rụng; điều; đốm,khô vằn; lem lép hạt; lá; sắt; thư,
Huivil 5SC,Hexaconazole (min 85%),Thuốc trừ bệnh,Agria S.A,cao su; cà phê; lúa,lem lép hạt; nấm hồng; rỉ sắt,
Indiavil 5SC,Hexaconazole (min 85%),Thuốc trừ bệnh,Công ty CP Đồng Xanh,cao su; cà phê; lúa; lạc; nấm; xoài; điều; đốm,hồng; khô vằn; lem lép hạt; lá; rỉ sắt; thán thư; vàng rụng lá,
Japa vil 110SC,Hexaconazole (min 85%),Thuốc trừ bệnh,Công ty TNHH Hoá sinh Phong Phú,,,
JAVI Vil 50SC,Hexaconazole (min 85%),Thuốc trừ bệnh,Công ty CP Nông dược Nhật Việt,lúa,lem lép hạt,
Jiavin 5 SC,Hexaconazole (min 85%),Thuốc trừ bệnh,Công ty CP Jia Non Biotech (VN),cao su; cà phê; lúa; nấm; rỉ; thán; điều,hồng; khô vằn; sắt; thư,
Joara 5SC,Hexaconazole (min 85%),Thuốc trừ bệnh,"FarmHannong Co., Ltd",lúa,khô vằn,
Kenvil 100SC,Hexaconazole (min 85%),Thuốc trừ bệnh,Công ty TNHH TM Anh Thơ,lạc,đốm nâu,
Lervil 100SC,Hexaconazole (min 85%),Thuốc trừ bệnh,Công ty CP Quốc tế Hòa Bình,lúa,lem lép hạt,
Longanvin 5SC,Hexaconazole (min 85%),Thuốc trừ bệnh,Công ty TNHH MTV BVTV Long An,lúa,khô vằn,
Mainex 50SC,Hexaconazole (min 85%),Thuốc trừ bệnh,Công ty TNHH Adama Việt Nam,cao su; cà phê; lúa,khô vằn; lem lép hạt; nấm hồng; phấn trắng; vàng rụng lá,
Mekongvil 5SC,Hexaconazole (min 85%),Thuốc trừ bệnh,Công ty TNHH P - H,lúa,khô vằn,
Namotor 100SC,Hexaconazole (min 85%),Thuốc trừ bệnh,Công ty CP Công nghệ Nông nghiệp Chiến Thắng,hoa hồng,phấn trắng,
Pyravil 5SC,Hexaconazole (min 85%),Thuốc trừ bệnh,Công ty TNHH Hóa chất và TM Trần Vũ,lúa,khô vằn,
RD-Viral 5SC,Hexaconazole (min 85%),Thuốc trừ bệnh,Công ty TNHH Radiant AG,cà phê,rỉ sắt,
Saizole 5SC,Hexaconazole (min 85%),Thuốc trừ bệnh,Công ty CP BVTV Sài Gòn,cao su; cà phê; cà rốt; lúa; lạc; nho,chết cây con; khô vằn; lem lép hạt; nấm hồng; phấn trắng; vàng rụng lá; đốm lá,
Synvil 5SC,Hexaconazole (min 85%),Thuốc trừ bệnh,Công ty TNHH Master AG,lạc,đốm nâu,
Tadowin 5SC,Hexaconazole (min 85%),Thuốc trừ bệnh,Công ty CP Vật tư Tây Đô Long An,cà phê,rỉ sắt,
TB-hexa 5SC,Hexaconazole (min 85%),Thuốc trừ bệnh,Công ty TNHH SX-TM Tô Ba,cao su; lúa,khô vằn; lem lép hạt; phấn trắng; đạo ôn,
Tecvil 50SC,Hexaconazole (min 85%),Thuốc trừ bệnh,Công ty TNHH Kiên Nam,chôm chôm; cà phê; lúa; phấn; rỉ,lem lép hạt; sắt; trắng,
Thonvil 100SC,Hexaconazole (min 85%),Thuốc trừ bệnh,Công ty TNHH TM SX Thôn Trang,lúa,khô vằn,
Topvil 111SC,Hexaconazole (min 85%),Thuốc trừ bệnh,Công ty TNHH TM DV Tấn Hưng,cao su; cà phê; lúa; nấm; thán,hồng; lem lép hạt; thư,
Tungvil 5SC,Hexaconazole (min 85%),Thuốc trừ bệnh,Công ty CP SX -TM - DV Ngọc Tùng,cao su; cà phê; hoa hồng; lúa; thuốc lá; điều; đậu tương,khô vằn; lem lép hạt; lở cổ rễ; nấm hồng; rỉ sắt; thán thư; đạo ôn; đốm lá; đốm đen,
Tvil TSC 50SC,Hexaconazole (min 85%),Thuốc trừ bệnh,Công ty CP Lion Agrevo,lúa,lem lép hạt,
Uni-hexma 5SC,Hexaconazole (min 85%),Thuốc trừ bệnh,Công ty TNHH World Vision (VN),cao su; cà phê; lúa; nấm; rỉ,hồng; khô văn; sắt,
Vilmax 50SC,Hexaconazole (min 85%),Thuốc trừ bệnh,Công ty TNHH Phú Nông,cao su; cà phê; lem lép; lúa; rỉ,hạt; sắt; vàng rụng lá,
Vilover 55SC,Hexaconazole (min 85%),Thuốc trừ bệnh,Công ty CP Thuốc BVTV Việt Trung,cà phê,nấm hồng,
Vivil 5SC,Hexaconazole (min 85%),Thuốc trừ bệnh,Công ty CP Thuốc sát trùng Việt Nam,cao su; cà phê; lúa; lạc; nho; phấn; xoài; điều,khô vằn; lem lép hạt; rỉ sắt; thán thư; thối quả; trắng; vàng rụng lá; đốm lá,
Saipora super 350SC,Hexaconazole 100 g/l + Iprodione 250 g/l,Thuốc trừ bệnh,Công ty CP BVTV Sài Gòn,cà phê; lúa; thanh long; xoài,khô vằn; lem lép hạt; rỉ sắt; thán thư; đốm nâu,
Thontrangvil 150SC,Hexaconazole 75g/l + Isoprothiolane 75g/l,Thuốc trừ bệnh,Công ty TNHH TM SX Thôn Trang,lúa,lem lép hạt,
Absolute 35SC,Hexaconazole 5% + Isoprothiolane 30%,Thuốc trừ bệnh,Công ty TNHH BVTV Akita Việt Nam,cà phê,rỉ sắt,
Starmonas 45WP,Hexaconazole 5% + Isoprothiolane 40%,Thuốc trừ bệnh,Công ty CP Công nghệ Nông nghiệp Chiến Thắng,lúa,lem lép hạt; đạo ôn,
"Bibiusamy 550SC, 800WP",Hexaconazole 30g/l (20g/kg) + Isoprothiolane,Thuốc trừ bệnh,Công ty TNHH TM SX Thôn Trang,lúa,đạo ôn,
Nofada 822WP,Hexaconazole 32 g/kg + Isoprothiolane 350g/kg + Tricyclazole 440g/kg,Thuốc trừ bệnh,Công ty TNHH TM Nông Phát,lúa,đạo ôn,
Camel 860WP,Hexaconazole 30g/kg + Isoprothiolane 420g/kg + Tricyclazole 410g/kg,Thuốc trừ bệnh,Công ty TNHH Việt Đức,lúa,đạo ôn,
Beansuperusa 80WP,Hexaconazole 5% + Isoprothiolane 35% + Tricyclazole 40%,Thuốc trừ bệnh,Công ty CP BVTV An Hưng Phát,lúa,đạo ôn,
Citymyusa 86WP,Hexaconazole 3% + Isoprothiolane 43% + Tricyclazole 40%,Thuốc trừ bệnh,Công ty TNHH MTV DV TM Đăng Vũ,lúa,đạo ôn,
"Lany super 80WP, 440SC",Hexaconazole 5% (50g/l) + Kasugamycin 3% (30g/l) + Tricyclazole 72% (360g/l),Thuốc trừ bệnh,Công ty TNHH TM và SX Ngọc Yến,bạc lá; cao su; cà phê; lúa; lạc; rỉ; thối thân lúa; đạo,bạc lá; lem lép hạt; loét sọc mặt cạo; sắt; thán thư; ôn; đạo ôn,
Hekaxim 40SC,Hexaconazole 25% + Kresoxim-methyl 15%,Thuốc trừ bệnh,Công ty CP Công nghệ Israel Việt Nam,dưa chuột,phấn trắng,
Nourich 550WG,Hexaconazole 24g/kg + Mancozeb 526g/kg,Thuốc trừ bệnh,Công ty TNHH UPL Việt Nam,xoài,thán thư,
Workplay 100SL,Hexaconazole 40g/l + Metconazole 60g/l,Thuốc trừ bệnh,Công ty TNHH An Nông,lúa,lem lép hạt,
Centerbig 700WP,Hexaconazole 320g/kg + Myclobutanil 380g/kg,Thuốc trừ bệnh,Công ty TNHH Agrohao VN,lúa,lem lép hạt; đạo ôn,
Anproxa 28SC,Hexaconazole 8% + Prochloraz 20%,Thuốc trừ bệnh,Công ty CP TM SX - XNK Otuksa Nhật Bản,hoa hồng,phấn trắng,TT28/2026: đổi tổ chức đăng ký
Nevis 65SC,Hexaconazole 55 g/l + Prochloraz 10 g/l,Thuốc trừ bệnh,Công ty CP Thuốc BVTV Việt Trung,cà phê,rỉ sắt,
Complex super 20WP,Hexaconazole 1.5% + Prochloraz Manganese chloride complex 18.5%,Thuốc trừ bệnh,Công ty TNHH Pesticide Nhật Bản,cà phê,nấm hồng,
Helpro 60WG,Hexaconazole 4% + Propineb 56%,Thuốc trừ bệnh,"Shaanxi Bencai Agricultural Development Co., Ltd",cao su,nấm hồng,
Shut 677WP,Hexaconazole 62 g/kg + Propineb 615 g/kg,Thuốc trừ bệnh,Công ty TNHH ADC,cao su; cà phê; lúa; thanh long; điều,khô vằn; lem lép hạt; nấm hồng; phấn trắng; rỉ sắt; thán thư; vàng rụng lá; đốm nâu,
Passcan 705WP,Hexaconazole 75g/kg + Propineb 630g/kg,Thuốc trừ bệnh,Công ty TNHH TM SX Thôn Trang,cao su,vàng rụng lá,
Sieubem super 555WP,Hexaconazole 50g/kg + Propiconazole 150g/kg + Tricyclazole 355g/kg,Thuốc trừ bệnh,Công ty CP Quốc tế Hòa Bình,lúa,đạo ôn,
"Galirex 99.9SC, 99.9WP",Hexaconazole 50g/l (50g/kg) + Sulfur 49.9g/l (49.9g/kg),Thuốc trừ bệnh,Công ty CP Nông dược Việt Thành,cà phê; lúa,khô vằn; sắt,
"Grandgold 80SC, 510WP",Hexaconazole 50g/l (10g/kg) + Sulfur 20g/l (450g/kg) + Tricyclazole 10g/l (50g/kg),Thuốc trừ bệnh,Công ty CP Thuốc BVTV Việt Trung,lúa,khô vằn; ôn,
Ferssy 66SC,Hexaconazole 56g/l + Tebuconazole 10g/l,Thuốc trừ bệnh,Công ty CP Thuốc BVTV Việt Trung,hoa hồng,phấn trắng,
Tezole super 300SC,Hexaconazole 50g/l + Tebuconazole 250g/l,Thuốc trừ bệnh,Công ty TNHH Ô tô Việt Thắng,lúa,khô vằn,
"Vatino super 500WP, 525SE, 780WG","Hexaconazole 50g/kg (25g/l), (30g/kg) + Tebuconazole 250g/kg (100g/l), (500g/kg) + Tricyclazole 200g/kg (400g/l), (250g/kg)",Thuốc trừ bệnh,Công ty TNHH An Nông,lúa; vàng; đạo ôn,hạt; khô vằn; lá; xử lý hạt giống trừ bệnh lúa von; đạo ôn,
Natoyo 750WG,Hexaconazole 100g/kg + Tebuconazole 400g/kg + Trifloxystrobin 250g/kg,Thuốc trừ bệnh,Công ty TNHH An Nông,lúa,lem lép hạt; xử lý hạt giống trừ bệnh lúa von; đạo ôn,
Hezamide 27.8SC,Hexaconazole 13.9% + Thifluzamide 13.9%,Thuốc trừ bệnh,"Shandong Weifang Rainbow Chemical Co., Ltd",hoa hồng,phấn trắng,
Agsorento 28SC,Hexaconazole 14%+ Thifluzamide 14%,Thuốc trừ bệnh,Công ty TNHH MTV Sao Phương Nam AG,hồ tiêu,thán thư,
Maika 40SC,Hexaconazole 20% + Thifluzamide 20%,Thuốc trừ bệnh,Công ty TNHH Thuốc BVTV Bông Sen Vàng,cà phê; ngô,khô vằn; rỉ sắt,
Rovecc 40SC,Hexaconazole 20% + Thifluzamide 20%,Thuốc trừ bệnh,"Beijing Bioseen Crop Sciences Co., Ltd",cà phê,thán thư,
Mdan Light 20SC,Hexaconazole 5% + Thifluzamide 15%,Thuốc trừ bệnh,Công ty CP Mạnh Đan,ngô,khô vằn,
Valentino 20SC,Hexaconazole 5% + Thifluzamide 15%,Thuốc trừ bệnh,"Xuzhou Jinhe Chemicals Co., Ltd",ngô,khô vằn,
Viltop 20SC,Hexaconazole 5% + Thifluzamide 15%,Thuốc trừ bệnh,Công ty TNHH TM Agri Green,ngô,khô vằn,
Leener 66SC,Hexaconazole 56 g/l + Tricyclazole 10 g/l,Thuốc trừ bệnh,Công ty CP Thuốc BVTV Việt Trung,cà phê,rỉ sắt,
Bimvin 250SC,Hexaconazole 30g/l + Tricyclazole 220g/l,Thuốc trừ bệnh,Công ty TNHH TM DV Tấn Hưng,lúa,đạo ôn,
Dohazol 250SC,Hexaconazole 30g/l + Tricyclazole 220g/l,Thuốc trừ bệnh,Công ty CP KT Dohaledusa,lúa,khô vằn,
Forvilnew 250 SC,Hexaconazole 30g/l + Tricyclazole 220g/l,Thuốc trừ bệnh,Công ty TNHH Phú Nông,cà phê; lúa; lạc; đậu tương,rỉ sắt; thán thư; đạo ôn; đốm lá; đốm vằn,
Hextric 250SC,Hexaconazole 30g/l + Tricyclazole 220g/l,Thuốc trừ bệnh,Công ty CP Đồng Xanh,lúa,khô vằn; lem lép hạt; đạo ôn,
Sun-hex-tric 25SC,Hexaconazole 30g/l + Tricyclazole 220g/l,Thuốc trừ bệnh,Sundat (S) Pte Ltd,lúa; lạc; rỉ; thán; điều,sắt; thư; đạo ôn,
Westminster 250SC,Hexaconazole 30g/l + Tricyclazole 220g/l,Thuốc trừ bệnh,Công ty TNHH TM-SX GNC,lúa,đạo ôn,
Beamvil-super 250SC,Hexaconazole 50g/l + Tricyclazole 200g/l,Thuốc trừ bệnh,Công ty TNHH XNK Gold Star Thụy Điển,lúa,đạo ôn,
Lashsuper 250SC,Hexaconazole 50g/l + Tricyclazole 200g/l,Thuốc trừ bệnh,Công ty TNHH TM Tân Thành,cao su; cà phê; lúa; thán thư; điều,héo đen đầu lá; khô vằn; rỉ sắt; thán thư; vàng rụng lá; đạo ôn,
"King-cide 279SC, 805WP",Hexaconazole 40g/l (35g/kg) + Tricyclazole 239g/l (770g/kg),Thuốc trừ bệnh,Công ty CP SX Thuốc BVTV Omega,lúa,đạo ôn,
"Siukalin 250SC, 525SE, 757WP","Hexaconazole 30g/l (100g/l), (57g/kg) + Tricyclazole 220g/l (425g/l), (700g/kg)",Thuốc trừ bệnh,Công ty TNHH An Nông,lem lép; lúa; lúa 525SE,hạt; khô vằn; lem lép hạt; đạo ôn,
Co-trihex 280SC,Hexaconazole 30g/l + Tricyclazole 250g/l,Thuốc trừ bệnh,Công ty TNHH Baconco,cà phê; lúa; thán,thư; đạo ôn,
Donomyl 280SC,Hexaconazole 30g/l + Tricyclazole 250g/l,Thuốc trừ bệnh,Công ty TNHH MTV BVTV Thạnh Hưng,lúa,đạo ôn,
Amilan 300SC,Hexaconazole 50g/l + Tricyclazole 250g/l,Thuốc trừ bệnh,Công ty TNHH – TM Thái Nông,cà phê; lúa; lạc; điều,lem lép hạt; nấm hồng; rỉ sắt; thán thư; đạo ôn; đốm lá,
HD-pingo 300SC,Hexaconazole 50g/l + Tricyclazole 250g/l,Thuốc trừ bệnh,Công ty TNHH TM DV Hằng Duy,lúa,đạo ôn,
Hexalazole 300SC,Hexaconazole 50g/l + Tricyclazole 250g/l,Thuốc trừ bệnh,Công ty TNHH TM DV SX XNK Đức Thành,cao su; cà phê; lúa; lạc; điều; đốm,héo đen đầu lá; khô vằn; lá; phấn trắng; rỉ sắt; thán thư; đạo ôn,
Newtec® 300SC,Hexaconazole 50g/l + Tricyclazole 250g/l,Thuốc trừ bệnh,Công ty TNHH Syngenta Việt Nam,lúa,khô vằn; lem lép hạt; đạo ôn,
Trivin 300SC,Hexaconazole 50g/l + Tricyclazole 250g/l,Thuốc trừ bệnh,Công ty TNHH TM DV Việt Nông,lúa,đạo ôn,
Gold-duck 500SC,Hexaconazole 50g/l + Tricyclazole 450g/l,Thuốc trừ bệnh,Công ty CP SX - TM - DV Ngọc Tùng,cao su; cà phê; nấm; thán; điều,hồng; rỉ sắt; thư,
Avinduc 400SC,Hexaconazole 100g/l + Tricyclazole 300g/l,Thuốc trừ bệnh,Công ty TNHH Việt Đức,lúa,khô vằn; lem lép hạt; đạo ôn,
Marx 525SC,Hexaconazole 125g/l + Tricyclazole 400g/l,Thuốc trừ bệnh,Công ty CP Tập đoàn Điện bàn,lúa,đạo ôn,
"Natofull 525SE, 750WP",Hexaconazole 100g/l (150g/kg) + Tricyclazole 425g/l (600g/kg),Thuốc trừ bệnh,Công ty TNHH Hoá nông Mê Kông,lúa,đạo ôn,
"Perevil 300SC, 800WP",Hexaconazole 30g/l (30g/kg) + Tricyclazole 270g/l (770g/kg),Thuốc trừ bệnh,Công ty TNHH TM SX Thôn Trang,lúa,đạo ôn,
Trihexad 700WP,Hexaconazole 30g/kg + Tricyclazole 670g/kg,Thuốc trừ bệnh,Công ty CP Bình Điền MeKong,lúa,đạo ôn,
Roxaly 7.5SC,Hexaconazole 5% + Validamycin 2.5%,Thuốc trừ bệnh,Công ty TNHH Rhone Việt Nam,lạc,đốm nâu,
ValXtra 7.5SC,Hexaconazole 5% + Validamycin 2.5%,Thuốc trừ bệnh,Công ty TNHH Agrimatco Việt Nam,ngô,khô vằn,
Zilla 100SC,Hexaconazole 25g/l + Validamycin 75g/l,Thuốc trừ bệnh,Công ty TNHH TM DV SX XNK Đức Thành,cao su,nấm hồng,
"SV-Atomer 11WP, 3.5ME",Hexaconazole 2.5% (1.2%) + Validamycin 8.5% (2.3%),Thuốc trừ bệnh,Công ty TNHH Saturn Chemical Việt Nam,hoa hồng,đốm đen,
Hariwon 30SL,Hymexazol (min 98%),Thuốc trừ bệnh,Công ty CP BMC Vĩnh Phúc,hồ tiêu,chết nhanh,
Hymethazol 30SL,Hymexazol (min 98%),Thuốc trừ bệnh,Công ty TNHH BVTV Thảo Điền,hoa cúc,héo vàng,
Raigoc 0.1GR,Hymexazol (min 98%),Thuốc trừ bệnh,Công ty TNHH TM DV Đức Nông,lạc,chết cây con,
Hymex 30SL,Hymexazol 25% + Metalaxyl-M 5%,Thuốc trừ bệnh,Công ty TNHH Á Châu Hóa sinh,hồ tiêu,chết nhanh,
Imapro 30EW,Imazalil (min 95%) 10% + Prochloraz 20%,Thuốc trừ bệnh,Công ty TNHH Vĩnh Nông Phát,lạc,đốm nâu,
Manage 5WP,Imibenconazole (min 98.3%),Thuốc trừ bệnh,Sumitomo Corporation Vietnam LLC,chè; dưa chuột; dưa hấu; hoa hồng; nho; vải; xoài; đậu tương; ớt,phấn trắng; phồng lá; rỉ sắt; thán thư; đốm đen,
Bellkute 40WP,Iminoctadine (min 93%),Thuốc trừ bệnh,Sumitomo Corporation Vietnam LLC,hoa hồng,phấn trắng,
"Kisaigon 10GR, 50EC",Iprobenfos (min 94%),Thuốc trừ bệnh,Công ty CP BVTV Sài Gòn,lúa; đạo,thối thân; ôn; đạo ôn,
"Kitatigi 10GR, 50EC",Iprobenfos (min 94%),Thuốc trừ bệnh,Công ty CP Vật tư NN Tiền Giang,lúa; thối,thân; đạo ôn,
"Tipozin 10GR, 50EC",Iprobenfos (min 94%),Thuốc trừ bệnh,Công ty TNHH TM Thái Phong,lúa,đạo ôn,
"Vikita 10GR, 50EC",Iprobenfos (min 94%),Thuốc trừ bệnh,Công ty CP Thuốc sát trùng Việt Nam,lúa,đạo ôn,
Bimtado 40EC,Iprobenfos 20% + Isoprothiolane 20%,Thuốc trừ bệnh,Công ty CP Vật tư Tây Đô Long An,hoa hồng,đốm đen,
Vifuki 40EC,Iprobenfos 20% + Isoprothiolane 20%,Thuốc trừ bệnh,Công ty CP Thuốc sát trùng Việt Nam,lúa,đạo ôn,
"Afumin 45EC, 400WP",Iprobenfos 30% (10g/kg) + Isoprothiolane 15% (390g/kg),Thuốc trừ bệnh,Công ty CP XNK Nông dược Hoàng Ân,lúa,đạo ôn,
Dacbi 20WP,Iprobenfos 10% + Tricyclazole 10%,Thuốc trừ bệnh,Công ty TNHH Hạt giống HANA,lúa,khô vằn,
Lúa vàng 20WP,Iprobenfos 14% + Tricyclazole 6%,Thuốc trừ bệnh,Công ty CP BVTV Sài Gòn,lúa,đạo ôn,
Superbem 850WP,Iprobenfos 100g/kg+ Tricyclazole 750g/kg,Thuốc trừ bệnh,Công ty CP Quốc tế Agritech Hoa Kỳ,lúa,đạo ôn,
"Citione 350SC, 500WP, 700WG",Iprodione (min 96%),Thuốc trừ bệnh,Công ty TNHH TM Tân Thành,lúa,vằn,
Doroval 50WP,Iprodione (min 96%),Thuốc trừ bệnh,Công ty TNHH MTV BVTV Long An,lúa,lem lép hạt,
Givral 500WP,Iprodione (min 96%),Thuốc trừ bệnh,Công ty TNHH TM SX Thôn Trang,lúa,lem lép hạt,
Hạt chắc 50WP,Iprodione (min 96%),Thuốc trừ bệnh,Công ty TNHH TM và SX Ngọc Yến,lúa,lem lép hạt,
"Hạt vàng 50 WP, 250SC",Iprodione (min 96%),Thuốc trừ bệnh,Công ty CP BVTV Sài Gòn,lúa; nhãn; đốm,hạt; lem lép hạt; quả,
Matador 750WG,Iprodione (min 96%),Thuốc trừ bệnh,Công ty TNHH CN KH Mùa màng Anh - Rê,lúa,lem lép hạt,
Niforan 50WP,Iprodione (min 96%),Thuốc trừ bệnh,Công ty CP Nicotex,lúa,lem lép hạt,
"Prota 50WP, 750WG",Iprodione (min 96%),Thuốc trừ bệnh,Công ty CP SX TM Bio Vina,dưa hấu; khô; lúa; đậu tương,héo vàng; khô vằn; lem lép hạt; thối gốc; vằn,
Prozalthai 500SC,Iprodione (min 96%),Thuốc trừ bệnh,Công ty TNHH Adama Việt Nam,lúa,khô vằn,
Rora 750WP,Iprodione (min 96%),Thuốc trừ bệnh,Công ty CP SX - TM - DV Ngọc Tùng,hồ tiêu; lúa; điều; đậu tương,khô vằn; lem lép hạt; thán thư; đốm lá,
Rorang 50WP,Iprodione (min 96%),Thuốc trừ bệnh,Công ty TNHH - TM ACP,lúa,lem lép hạt,
"Rovannong 50WP, 250SC, 750WG",Iprodione (min 96%),Thuốc trừ bệnh,Công ty TNHH An Nông,lúa; lúa 250SC,hạt; khô vằn,
"Royal 350SC, 350WP",Iprodione (min 96%),Thuốc trừ bệnh,Công ty TNHH TM - DV Thanh Sơn Hóa Nông,lúa,khô vằn; lem lép hạt,
Rovral 50WP,Iprodione (min 96%),Thuốc trừ bệnh,Công ty TNHH FMC Việt Nam,bắp cải; cà chua; cà phê; dưa hấu; lúa; lạc,lem lép hạt; thán thư; đốm lá,
Tilral 500WP,Iprodione (min 96%),Thuốc trừ bệnh,Công ty CP Quốc tế Hòa Bình,lúa,lem lép hạt,
Viroval 50WP,Iprodione (min 96%),Thuốc trừ bệnh,Công ty CP Thuốc sát trùng Việt Nam,lúa,lem lép hạt,
"Zoralmy 50WP, 250SC",Iprodione (min 96%),Thuốc trừ bệnh,Công ty TNHH Hoá sinh Á Châu,lúa,lem lép hạt,
AF-Oxyned 16SC,Iprodione 8% + Prochloraz 8%,Thuốc trừ bệnh,Công ty TNHH Agrifuture,hoa hồng,phấn trắng,
Union 250WP,Iprodione 200g/kg + Pyraclostrobin 50g/kg,Thuốc trừ bệnh,Công ty TNHH thuốc BVTV Mekong,hoa hồng,phấn trắng,
"Rollone 500SC, 550WP",Iprodione 200g/l (50g/kg) + Sulfur 300g/l (500g/kg),Thuốc trừ bệnh,Công ty CP Thuốc BVTV Việt Trung,lúa,lem lép hạt,
Bemgold 750WP,Iprodione 50g/kg + Tricyclazole 700g/kg,Thuốc trừ bệnh,Công ty CP Công nghệ cao Thuốc BVTV USA,lúa,đạo ôn,
Bigrorpran 600WP,Iprodione 350g/kg + Zineb 250g/kg,Thuốc trừ bệnh,Công ty TNHH Hóa Nông Lúa Vàng,lúa,lem lép hạt,
Aco one 400EC,Isoprothiolane (min 96%),Thuốc trừ bệnh,Công ty TNHH - TM Thái Nông,lúa,đạo ôn,
"Anfuan 40EC, 40WP",Isoprothiolane (min 96%),Thuốc trừ bệnh,Công ty TNHH An Nông,lúa,đạo ôn,
Dojione 40EC,Isoprothiolane (min 96%),Thuốc trừ bệnh,Công ty TNHH MTV BVTV Long An,lúa,đạo ôn,
Fuan 40EC,Isoprothiolane (min 96%),Thuốc trừ bệnh,Công ty CP Tập đoàn Lộc Trời,lúa,đạo ôn cổ bông; đạo ôn lá,
Fuannong 400EC,Isoprothiolane (min 96%),Thuốc trừ bệnh,Công ty TNHH US.Chemical,lúa,đạo ôn,
"Fu-army 30WP, 40EC",Isoprothiolane (min 96%),Thuốc trừ bệnh,Công ty CP Nicotex,lúa,đạo ôn,
Fujiduc 450EC,Isoprothiolane (min 96%),Thuốc trừ bệnh,Công ty TNHH Việt Đức,lúa,đạo ôn,
"Fuji-One 40EC, 40WP",Isoprothiolane (min 96%),Thuốc trừ bệnh,"Nihon Nohyaku Co., Ltd",lúa,đạo ôn,
"Fujy New 40EC, 400WP",Isoprothiolane (min 96%),Thuốc trừ bệnh,Công ty CP SX Thuốc BVTV Omega,lúa,đạo ôn,
Fuel-One 40EC,Isoprothiolane (min 96%),Thuốc trừ bệnh,Công ty TNHH TM - DV Thanh Sơn Hóa Nông,lúa,đạo ôn,
"Funhat 40EC, 40WP",Isoprothiolane (min 96%),Thuốc trừ bệnh,Công ty TNHH Việt Thắng,lúa,đạo ôn,
Futrangone 40EC,Isoprothiolane (min 96%),Thuốc trừ bệnh,Công ty TNHH TM SX Thôn Trang,lúa,đạo ôn,
"Fuzin 400EC, 400WP",Isoprothiolane (min 96%),Thuốc trừ bệnh,Công ty CP Quốc tế Hòa Bình,lúa,đạo ôn,
Iso one 40EC,Isoprothiolane (min 96%),Thuốc trừ bệnh,Công ty CP Nông nghiệp Việt Nam,lúa,đạo ôn,
"Jia-Jione 40EC, 400WP",Isoprothiolane (min 96%),Thuốc trừ bệnh,Công ty CP Jia Non Biotech (VN),lúa,đạo ôn,
Kara-one,Isoprothiolane (min 96%),Thuốc trừ bệnh,"Eastchem Co., Ltd",lúa,đạo ôn,
"400EC, 400WP",Isoprothiolane (min 96%),Thuốc trừ bệnh,,,,
Lumix 40EC,Isoprothiolane (min 96%),Thuốc trừ bệnh,Công ty TNHH TM Tân Thành,lúa,đạo ôn,
One-Over 40EC,Isoprothiolane (min 96%),Thuốc trừ bệnh,Công ty TNHH XNK QT SARA,lúa,đạo ôn,
One-Super 400EC,Isoprothiolane (min 96%),Thuốc trừ bệnh,Công ty CP SX - TM – DV Ngọc Tùng,lúa,đạo ôn,
Vifusi 40EC,Isoprothiolane (min 96%),Thuốc trừ bệnh,Công ty CP Thuốc sát trùng Việt Nam,lúa,đạo ôn,
Fukasu 42WP,Isoprothiolane 40% + Kasugamycin 2%,Thuốc trừ bệnh,Công ty CP Công nghệ Nông nghiệp Chiến Thắng,lúa,đạo ôn,
"Topzole 650WP, 800WG",Isoprothiolane 235g/kg (230g/kg) + Kasugamycin 15g/kg (20g/kg) + Tricyclazole 400g/kg (550g/kg),Thuốc trừ bệnh,Công ty TNHH Hóa chất và TM Trần Vũ,lúa,đạo ôn,
Tung super 300EC,Isoprothiolane 50g/l + Propiconazole 250g/l,Thuốc trừ bệnh,Công ty CP SX - TM - DV Ngọc Tùng,cà phê; lúa,lem lép hạt; rỉ sắt; đốm lá,
Tilred Super 350EC,Isoprothiolane 200g/l + Propiconazole 150g/l,Thuốc trừ bệnh,Công ty CP Hóa nông Mỹ Việt Đức,lúa,đạo ôn,
Tinanosuper 600SE,Isoprothiolane 150g/l + Propiconazole 100g/l + Tricyclazole 350g/l,Thuốc trừ bệnh,Công ty TNHH UPL Việt Nam,lúa,đạo ôn,
"Eifelgold 415SC, 215WP",Isoprothiolane 10.5g/l (10g/kg) + Propineb 4.5g/l (150g/kg) + Tricyclazole 400g/l (55g/kg),Thuốc trừ bệnh,Công ty CP Thuốc BVTV Việt Trung,lúa,đạo ôn,
Tung One 430 EC,Isoprothiolane 400g/l + Sulfur 30 g/l,Thuốc trừ bệnh,Công ty CP SX - TM - DV Ngọc Tùng,lúa,đạo ôn,
Puvertin 650WP,Isoprothiolane 250g/kg + Sulfur 400g/kg,Thuốc trừ bệnh,Công ty CP Nông dược Việt Thành,lúa,đạo ôn,
Bimmy 800.8WP,Isoprothiolane 250g/kg + Sulfur 350g/kg + Tricyclazole 200.8g/kg,Thuốc trừ bệnh,Công ty TNHH An Nông,lúa,đạo ôn,
"Ricegold 421SC, 425EC, 820WP",Isoprothiolane 0.5g/l (405g/l) (10g/kg) + Sulfur 20g/l (19.5g/l) (55g/kg) + Tricyclazole 400.5g/l (0.5g/l) (755g/kg),Thuốc trừ bệnh,Công ty CP thuốc BVTV Việt Trung,lem lép; lúa; lúa 425EC,hạt; đạo ôn,
Gold-buffalo 550EC,Isoprothiolane 400g/l + Tebuconazole 150g/l,Thuốc trừ bệnh,Công ty CP SX - TM - DV Ngọc Tùng,lúa,khô vằn; đạo ôn,
Citiusa 810WP,Isoprothiolane 10g/kg + Tricyclazole 800g/kg,Thuốc trừ bệnh,Công ty CP Lan Anh,lúa,đạo ôn,
Trizim 650WP,Isoprothiolane 400g/kg + Tricyclazole 250 g/kg,Thuốc trừ bệnh,Công ty TNHH vật tư BVTV Phương Mai,lúa,đạo ôn,
Bump 650WP,Isoprothiolane 250g/kg + Tricyclazole 400g/kg,Thuốc trừ bệnh,Công ty TNHH ADC,lúa,đạo ôn,
Downy 650WP,Isoprothiolane 250g/kg + Tricyclazole 400g/kg,Thuốc trừ bệnh,Công ty CP BMC Vĩnh Phúc,lúa,đạo ôn,
Ka-bum 650WP,Isoprothiolane 250g/kg + Tricyclazole 400g/kg,Thuốc trừ bệnh,Công ty TNHH Việt Thắng,lúa,đạo ôn,
Stazole top 650WP,Isoprothiolane 250g/kg + Tricyclazole 400g/kg,Thuốc trừ bệnh,Công ty TNHH Hoá chất và TM Trần Vũ,lúa,đạo ôn,
Bulny 700WP,Isoprothiolane 250g/kg + Tricyclazole 450g/kg,Thuốc trừ bệnh,Công ty TNHH TM và SX Ngọc Yến,lúa,đạo ôn,
Tripro-HB 700WP,Isoprothiolane 30% (300g/kg) + Tricyclazole 40% (400g/kg),Thuốc trừ bệnh,Công ty CP Quốc tế Hòa Bình,lúa,đạo ôn,
Triosuper 70WP,Isoprothiolane 30% (300g/kg) + Tricyclazole 40% (400g/kg),Thuốc trừ bệnh,Công ty TNHH TM Tân Thành,lúa,đạo ôn,
"NP G6 4.8GR, 860WP",Isoprothiolane 18g/kg (460g/kg) + Tricyclazole 30g/kg (400g/kg),Thuốc trừ bệnh,Công ty TNHH TM Nông Phát,lúa,đạo ôn,
"Bom-annong 525SE, 650WP",Isoprothiolane 200g/l (400g/kg) + Tricyclazole 325g/l (250g/kg),Thuốc trừ bệnh,Công ty TNHH An Nông,lúa,đạo ôn,
Bimson 750WP,Isoprothiolane 375g/kg + Tricyclazole 375g/kg,Thuốc trừ bệnh,Công ty TNHH TM Tùng Dương,lúa,đạo ôn,
Bim-fu 750WG,Isoprothiolane 350g/kg + Tricyclazole 400g/kg,Thuốc trừ bệnh,Công ty TNHH Việt Đức,lúa,đạo ôn,
Newtinano super 800WP,Isoprothiolane 300g/kg + Tricyclazole 500g/kg,Thuốc trừ bệnh,Công ty TNHH UPL Việt Nam,lúa,đạo ôn,
Acfubim 800WP,Isoprothiolane 400g/kg + Tricyclazole 400g/kg,Thuốc trừ bệnh,Công ty TNHH Hoá sinh Á Châu,lúa,đạo ôn,
Bim 800WP,Isoprothiolane 400g/kg + Tricyclazole 400g/kg,Thuốc trừ bệnh,Công ty CP SX - TM - DV Ngọc Tùng,lúa,đạo ôn,
Fireman 800WP,Isoprothiolane 400g/kg + Tricyclazole 400g/kg,Thuốc trừ bệnh,Công ty CP TST Cần Thơ,lúa,đạo ôn,
Trifuaic 800WP,Isoprothiolane 400g/kg + Tricyclazole 400g/kg,Thuốc trừ bệnh,Công ty CP Hoá chất Nông nghiệp và Công nghiệp AIC,lúa,đạo ôn,
Reflect® 125EC,Isopyrazam (min 92%),Thuốc trừ bệnh,Công ty TNHH Syngenta Việt Nam,lúa,khô vằn,
Freelance 667.5WP,Iprovalicarb (min 95%) 55g/kg + Propineb 612.5g/kg,Thuốc trừ bệnh,Công ty TNHH Alfa (Sài Gòn),sầu riêng,thán thư,
Interest 667.5WP,Iprovalicarb (min 95%) 55g/kg + Propineb 612.5g/kg,Thuốc trừ bệnh,Công ty TNHH Hóa sinh Mùa Vàng,dưa chuột; nho; xoài,giả sương mai; mốc sương; thán thư,
Melody duo 66.75WP,Iprovalicarb (min 95%) 55g/kg + Propineb 612.5g/kg,Thuốc trừ bệnh,Bayer Vietnam Ltd (BVL),cà chua; dâu tây; dưa hấu; hoa hồng; hành; nho; rau cải; vải; ớt,mốc sương; sương mai; thán thư,
Mix-pro 667.5WP,Iprovalicarb (min 95%) 55g/kg + Propineb 612.5g/kg,Thuốc trừ bệnh,Công ty CP Hoá chất Nông nghiệp và Công nghiệp AIC,hoa hồng,phấn trắng,
Marolyn 10WP,Kanamycin sulfate (min 98%),Thuốc trừ bệnh,Công ty CP Trường Sơn,bắp cải; lúa; lạc; rỉ sắt; thán; thối,khô vằn; nhũn; thư,
Asana 2SL,Kasugamycin (min 70%),Thuốc trừ bệnh,Công ty TNHH SX TM Tô Ba,bắp cải; cam; cà chua; cải xanh; lúa; nhãn; sầu riêng; vải; xoài,bạc lá; héo xanh; khô vằn; sẹo; thối quả; thỗi nhũn; đạo ôn,
AD-Carp 2SL,Kasugamycin (min 70%),Thuốc trừ bệnh,Công ty TNHH Anh Dẩu Tiền Giang,lúa; thán; ớt,bạc lá; thư,
"Bactecide 20SL, 60WP",Kasugamycin (min 70%),Thuốc trừ bệnh,Công ty CP Quốc tế Agritech Hoa Kỳ,bầu bí; lúa; ớt,bạc lá; phấn trắng; thán thư; đạo ôn,
"Bisomin 2SL, 6WP",Kasugamycin (min 70%),Thuốc trừ bệnh,"Bailing Agrochemical Co., Ltd",bạc; bắp cải; cam; cà chua; lúa; nho; nhãn; quýt; vải; xoài,bạc lá; héo rũ; lá; lở cổ rễ; phấn trắng; sẹo; thán thư; thối quả; đạo ôn,
BN-Kakasu 2SL,Kasugamycin (min 70%),Thuốc trừ bệnh,Công ty CP Bảo Nông Việt,lúa,bạc lá,
"Calistar 20SC, 25WP",Kasugamycin (min 70%),Thuốc trừ bệnh,Công ty TNHH Thuốc BVTV Liên doanh Nhật Mỹ,lúa,hạt; đạo ôn,
Chay bia la 2SL,Kasugamycin (min 70%),Thuốc trừ bệnh,Công ty TNHH MTV BVTV Long An,lúa,bạc lá,
Citimycin 20SL,Kasugamycin (min 70%),Thuốc trừ bệnh,"Eastchem Co., Ltd",lúa,bạc lá; đạo ôn,
"Fujimin 20SL, 50WP",Kasugamycin (min 70%),Thuốc trừ bệnh,Công ty CP Khoa học Công nghệ cao American,bí xanh; cà chua; dưa chuột; lúa; đậu trạch,bạc lá; chết ẻo cây con; đạo ôn; đốm sọc,
Fukmin 20SL,Kasugamycin (min 70%),Thuốc trừ bệnh,Công ty CP Quốc tế Hòa Bình,lúa,đạo ôn,
"Golcol 20SL, 50WP",Kasugamycin (min 70%),Thuốc trừ bệnh,Công ty CP Nông dược Việt Nam,bí xanh; cà chua; dưa chuột; lúa; đậu trạch,bạc lá; chết ẻo cây con; đạo ôn; đốm sọc,
Goldkamin 20SL,Kasugamycin (min 70%),Thuốc trừ bệnh,Công ty TNHH MTV Gold Ocean,bắp cải; hành; lúa; xoài,bạc lá; thán thư; thối nhũn; thối đen; đạo ôn,
"Grahitech 2SL, 4WP",Kasugamycin (min 70%),Thuốc trừ bệnh,Công ty TNHH Sản phẩm Công nghệ cao,bắp cải; cam; cà chua; dưa chuột; dưa hấu; hành; lúa; thuốc lá; vải; xoài,bạc lá; bệnh sẹo; lem lép hạt; lở cổ rễ; thán thư; thối nhũn; đạo ôn,
"JAVI Min 20SL, 60WP",Kasugamycin (min 70%),Thuốc trừ bệnh,Công ty CP Nông dược Nhật Việt,lúa,lem lép hạt; ôn,
Kagomi 3SL,Kasugamycin (min 70%),Thuốc trừ bệnh,Công ty TNHH TM và SX Ngọc Yến,bắp cải; cam; lúa,bạc lá vi khuẩn; loét; thối nhũn vi khuẩn; đạo ôn,
"Kamycinjapane 20SL, 80WP",Kasugamycin (min 70%),Thuốc trừ bệnh,Công ty TNHH Hóa chất và TM Trần Vũ,lúa,khô vằn; ôn,
"Kamsu 2SL, 8WP",Kasugamycin (min 70%),Thuốc trừ bệnh,Công ty TNHH Việt Thắng,bắp cải; cam; cà chua; dưa chuột; dưa hấu; hành; hồ tiêu; lúa; nho; nhãn; thuốc lào; thuốc lá; vải; xoài; điều,bạc lá; lem lép hạt; lở cổ rễ; sẹo; thán thư; thối nhũn do vi khuẩn; đạo ôn,
"Karide 3SL, 6WP",Kasugamycin (min 70%),Thuốc trừ bệnh,Công ty TNHH An Nông,bắp cải; hành; lúa; nho; xoài,bạc lá; phấn trắng; thán thư; thối nhũn; thối đen; đạo ôn,
"Kasuduc 3SL, 100WP",Kasugamycin (min 70%),Thuốc trừ bệnh,Công ty TNHH Việt Đức,bạc; lúa,bạc lá; lá,
Kasuga 60WP,Kasugamycin (min 70%),Thuốc trừ bệnh,Công ty TNHH TM - DV Thanh Sơn Hóa Nông,bí xanh; cải bắp; phấn,thối nhũn; trắng,
Kasugacin,Kasugamycin (min 70%),Thuốc trừ bệnh,Công ty CP Nông nghiệp,dưa chuột; lúa; sương,khô vằn; mai; đạo ôn,
3SL,Kasugamycin (min 70%),Thuốc trừ bệnh,Việt Nam,,,
Kasugen 20SL,Kasugamycin (min 70%),Thuốc trừ bệnh,Công ty CP Genta Thụy Sĩ,cải bắp,thối nhũn,
Kasuhan 4WP,Kasugamycin (min 70%),Thuốc trừ bệnh,Công ty CP BMC Việt Nam,cải thảo; hành,thối nhũn,
Kasumin 2SL,Kasugamycin (min 70%),Thuốc trừ bệnh,Sumitomo Corporation Vietnam LLC,bắp cải; cam; hành; lúa; lạc,bạc lá; loét vi khuẩn; thối vi khuẩn; đen lép hạt do vi khuẩn; đạo ôn; đốm lá; đốm sọc,
Kasumira 60SL,Kasugamycin (min 70%),Thuốc trừ bệnh,Công ty TNHH XNK TM Agriasian,lạc,đốm nâu,
Kasustar 62WP,Kasugamycin (min 70%),Thuốc trừ bệnh,Công ty CP Vagritex,lúa,lem lép hạt,
Kata 2SL,Kasugamycin (min 70%),Thuốc trừ bệnh,Công ty CP SX - TM - DV Ngọc Tùng,bắp cải; cam; lúa; lạc,bạc lá; bệnh loét; lem lép hạt; thối nhũn; đạo ôn; đốm lá,
Katamin 3SL,Kasugamycin (min 70%),Thuốc trừ bệnh,Công ty TNHH TM Tân Thành,lúa,bạc lá; đạo ôn,
"Kminstar 20SL, 60WP",Kasugamycin (min 70%),Thuốc trừ bệnh,Công ty CP Thuốc BVTV Việt Trung,bắp cải; cam; lúa; vải; xoài,lem lép hạt; sẹo; thối quả; thối vi khuẩn; đạo ôn,
"Fortamin 3SL, 6WP",Kasugamycin (min 70%),Thuốc trừ bệnh,Công ty TNHH Phú Nông,bắp cải; cam; dưa chuột; dưa hấu; lúa; xoài,bạc lá; sẹo; thán thư; thối nhũn; đạo ôn; đốm lá; đốm nâu,
Laba 20WP,Kasugamycin (min 70%),Thuốc trừ bệnh,"Công ty TNHH Hóa chất Phân bón, Thuốc BVTV Dubai",hoa cúc; mít; thanh long,phấn trắng; thán thư; thối quả vi khuẩn,
"Newkaride 3SL, 6WP",Kasugamycin (min 70%),Thuốc trừ bệnh,Công ty TNHH US.Chemical,bạc; bắp cải; bệnh; cam; hành; lúa; nho; xoài,bạc lá; lá; phấn trắng; sẹo; thán thư; thối nhũn; thối đen; đạo ôn; đốm đen vi khuẩn,
Tabla 20 SL,Kasugamycin (min 70%),Thuốc trừ bệnh,Công ty TNHH Hóa Nông Lúa Vàng,bắp cải; lúa,bạc lá; thối nhũn; đạo ôn,
"Trasuminjapane 2SL, 8WP",Kasugamycin (min 70%),Thuốc trừ bệnh,Công ty TNHH TM SX Thôn Trang,bắp cải; cam; dưa chuột; dưa hấu; lúa; xoài,bạc lá; khô vằn; loét sẹo vi khuẩn; thán thư; thối nhũn; đạo ôn; đốm lá; đốm nâu,
Tutin 40SL,Kasugamycin (min 70%),Thuốc trừ bệnh,Công ty CP Công nghệ cao Kyoto Japan,lem lép; lúa; phong lan; thán; đốm; ớt,hạt; lá; thư; đạo ôn,
Saipan 2 SL,Kasugamycin (min 70%),Thuốc trừ bệnh,Công ty CP BVTV Sài Gòn,bắp cải; cam; lúa; thối,bạc lá; loét; nhũn; đạo ôn,
"Usakacin 6WP, 30SL",Kasugamycin (min 70%),Thuốc trừ bệnh,Công ty TNHH Hóa sinh Á Châu,bắp cải; lúa,bạc lá; thối nhũn; đạo ôn,
Xperia 420WP,Kasugamycin 30g/kg + Isoprothiolane 390g/kg,Thuốc trừ bệnh,Công ty TNHH Hoá chất Mạnh Hùng,ngô,đốm lá lớn,
Tranbemusa 850WP,Kasugamycin 20g/kg + Isoprothiolane 180g/kg + Tricyclazole 650g/kg,Thuốc trừ bệnh,Công ty TNHH TM SX Thôn Trang,lúa,đạo ôn,
Kamilaic 42SL,Kasugamycin 2g/l + Ningnanmycin 40g/l,Thuốc trừ bệnh,Công ty CP Hoá chất Nông nghiệp và Công nghiệp AIC,hành,đốm lá,
No-vaba 68WP,Kasugamycin 20 g/kg + Ningnanmycin 48g/kg,Thuốc trừ bệnh,Công ty TNHH Agricare Việt Nam,lúa,bạc lá,
"Linacin 40SL, 50WP",Kasugamycin 2g/l (2g/kg) + Ningnanmycin 38g/l (48g/kg),Thuốc trừ bệnh,Công ty CP nông dược Việt Nam,lúa,bạc lá,
"Chobits 50SL, 110WP",Kasugamycin 25g/l (50g/kg) + Ningnanmycin 25g/l (60g/kg),Thuốc trừ bệnh,Công ty TNHH TM SX Thôn Trang,lúa; đốm sọc vi,khuẩn; lem lép hạt,
Parisa 40SL,Kasugamycin 20g/l + Ningnanmycin 20g/l,Thuốc trừ bệnh,Công ty CP CN Hoá chất Nhật Bản Kasuta,bắp cải,thối nhũn,
"Kamycinusa 75SL, 76WP",Kasugamycin 10g/l (16g/kg) + Ningnanmycin 65g/l (60g/kg),Thuốc trừ bệnh,Công ty TNHH Hóa chất và TM Trần Vũ,cao su; lúa,khuẩn; khô vằn; nấm hồng,
Nikasu 100WP,Kasugamycin 2g/kg + Ningnanmycin 98g/kg,Thuốc trừ bệnh,Công ty TNHH CEC Việt Nam,lúa,bạc lá,
"Gallegold 47SL, 71WP","Kasugamycin 5g/l, (20g/kg) + Ningnanmycin 41.9g/l (50.9g/kg) + Polyoxin B 0.1g/l, (0.1g/kg)",Thuốc trừ bệnh,Công ty TNHH Thuốc BVTV Liên doanh Nhật Mỹ,lem lép; lúa; vải,hạt; thán thư,
"Famycinusa 100WP, 150SL",Kasugamycin 10g/kg (10g/l) + Ningnanmycin 40g/kg (40g/l) + Streptomycin sulfate 50g/kg (100g/l),Thuốc trừ bệnh,Công ty TNHH Hóa chất và TM Trần Vũ,lúa,bạc lá,
Oli Bgo 4SL,Kasugamycin 2% + Oligosaccharins 2%,Thuốc trừ bệnh,Công ty TNHH Nông nghiệp Công nghệ xanh Bắc Giang,lúa,khô vằn,
Biolisa 10SL,Kasugamycin 7% + Oligosaccharins 3%,Thuốc trừ bệnh,Công ty TNHH BVTV Akita Việt Nam,lúa,bạc lá,
IKD-Keni 33SC,Kasugamycin 3% + Oxine copper 30%,Thuốc trừ bệnh,Công ty CP Nghiên cứu Ứng dụng Công nghệ sinh học IKD – Hoa Kỳ,cà phê,rỉ sắt,
Kaoxin 33SC,Kasugamycin 3% + Oxine copper 30%,Thuốc trừ bệnh,Công ty TNHH A2T Việt Nam,lạc,rỉ sắt,
Topaz 33SC,Kasugamycin 3% + Oxine copper 30%,Thuốc trừ bệnh,Công ty CP US Farm Việt Nam,lạc,đốm nâu,
Asus 36SC,Kasugamycin 3% + Oxine copper 33%,Thuốc trừ bệnh,Công ty TNHH Kona Crop Science,khoai tây; lạc,mốc sương; đốm nâu,
Kasuno 43.5WP,Kasugamycin 3.5% (35g/kg) + Oxine copper 40% (400g/kg),Thuốc trừ bệnh,Công ty CP Hợp Trí Summit,gừng; khoai tây; sương,cháy bìa lá; mai,
Osaku 435WP,Kasugamycin 3.5% (35g/kg) + Oxine copper 40% (400g/kg),Thuốc trừ bệnh,Công ty CP BVTV Asata Hoa Kỳ,hoa hồng,thán thư,
"Starsuper 10SC, 20WP, 21SL","Kasugamycin 9g/l (1g/kg), (1g/l) + Polyoxin 1g/l (19g/kg), (20g/l)",Thuốc trừ bệnh,Công ty TNHH MTV BVTV Omega,cam; chè; cà chua; dưa chuột; héo; lúa; vải; xoài,bạc lá; khô vằn; lem lép hạt; lá; sương mai; sẹo; thối quả; xanh; đạo ôn,
"Kaminone 17SL, 22WP",Kasugamycin 15g/l (20g/kg) + Polyoxin 2g/l (2g/kg),Thuốc trừ bệnh,Công ty CP Vagritex,vải,thán thư quả,
"Yomisuper 22SC, 23WP",Kasugamycin 1g/l (1g/kg) + Polyoxin B 21g/l (22g/kg),Thuốc trừ bệnh,Công ty TNHH Thuốc BVTV Liên doanh Nhật Mỹ,chè; lúa; phồng; vải; đạo,Lem lép hạt; lá; thư; ôn; đạo ôn,
Sunner 40WP,Kasugamycin 2g/kg + Streptomycin 38g/kg,Thuốc trừ bệnh,Công ty CP Thuốc BVTV Việt Trung,lúa,bạc lá,
Navara 50WP,Kasugamycin 10g/kg + Streptomycin sulfate 40g/kg,Thuốc trừ bệnh,Công ty TNHH BVTV Hoàng Anh,lúa,bạc lá,
Amigol-lux 100WP,Kasugamycin 20g/kg + Streptomycin sulfate 80g/kg,Thuốc trừ bệnh,Công ty TNHH Việt Thắng,lúa,đạo ôn,
Teptop 100WP,Kasugamycin 50g/kg + Streptomycin sulfate 50g/kg,Thuốc trừ bệnh,Công ty TNHH Vipes Việt Nam,lúa,đạo ôn,
Novinano 55WP,Kasugamycin 5g/kg + Streptomycin sulfate 50g/kg,Thuốc trừ bệnh,Công ty CP Nông Việt,cà chua; héo; lúa,bạc lá; xanh,
Teamgold 101WP,Kasugamycin 1g/kg + Streptomycin sulfate 100g/kg,Thuốc trừ bệnh,Công ty TNHH Thuốc BVTV Liên doanh Nhật Mỹ,bắp cải; cà chua; hành; lúa; thán; thối; ớt,bạc lá; héo xanh vi khuẩn; lở cổ rễ; nhũn; thư,
"Gamycinusa 150SL, 185WP",Kasugamycin (10g/l) 15g/kg + Streptomycin sulfate (140g/l) 170g/kg,Thuốc trừ bệnh,Công ty TNHH Hoá chất và TM Trần Vũ,lúa,bạc lá,
Bingle 320WP,Kasugamycin 20g/kg + Tricyclazole 300 g/kg,Thuốc trừ bệnh,Công ty TNHH Alfa (Sài gòn),lúa,đạo ôn,
Javizole 777WP,Kasugamycin 77g/kg + Tricyclazole 700g/kg,Thuốc trừ bệnh,Công ty CP Nông dược Nhật Việt,lúa,đạo ôn,
Bemsai 262WP,Kasugamycin 12g/kg + Tricyclazole 250g/kg,Thuốc trừ bệnh,Công ty CP Quốc tế Hòa Bình,lúa,đạo ôn,
Kansui 21.2WP,Kasugamycin 1.2% + Tricyclazole 20%,Thuốc trừ bệnh,Công ty TNHH Việt Thắng,lúa,khô vằn; lem lép hạt; đạo ôn,
RB-Trisu 28WP,Kasugamycin 3.6% + Tricyclazole 24.4%,Thuốc trừ bệnh,Công ty CP Môi trường Quốc tế Rainbow,cà phê,thán thư,
Kabim 30WP,Kasugamycin 2% + Tricyclazole 28%,Thuốc trừ bệnh,Công ty CP BVTV I TW,lúa,đạo ôn,
"Ankamycin 30SL, 250WP",Kasugamycin 19 g/l (10g/kg) + Tricyclazole 11g/l (240g/kg),Thuốc trừ bệnh,Công ty CP XNK Nông dược Hoàng Ân,lúa,bạc lá; ôn,
Hibim 31WP,Kasugamycin 2% + Tricyclazole 29%,Thuốc trừ bệnh,Công ty TNHH Sản phẩm Công nghệ cao,lúa,bạc lá; đạo ôn,
"Unitil 32WP, 32WG",Kasugamycin 2% + Tricyclazole 30%,Thuốc trừ bệnh,Công ty TNHH TM Tân Thành,lem lép; lúa,bạc lá; hạt; đạo ôn,
Daiwantocin 50WP,Kasugamycin 20g/kg + Tricyclazole 480g/kg,Thuốc trừ bệnh,Công ty CP Futai,lúa,đạo ôn,
Bibojapane 800WP,Kasugamycin 10g/kg + Tricyclazole 790g/kg,Thuốc trừ bệnh,Công ty TNHH TM SX Thôn Trang,lúa,đạo ôn,
"Beammy-kasu 300SC, 800WG",Kasugamycin 15g/l (30g/kg) +Tricyclazole 285g/l (770g/kg),Thuốc trừ bệnh,Công ty TNHH Việt Đức,lúa,bạc lá; lem lép hạt; đạo ôn,
Binbinmy 80WP,Kasugamycin 5% + Tricyclazole 75%,Thuốc trừ bệnh,Công ty TNHH TM Thiên Nông,lúa,bạc lá; lem lép hạt; đạo ôn,
Stardoba 715WP,Kasugamycin 15g/kg + Tricyclazole 700g/kg,Thuốc trừ bệnh,Công ty TNHH Agro Việt,lúa,bạc lá; đạo ôn,
Kasai-S 92SC,Kasugamycin 12g/l + Tricyclazole 80g/l,Thuốc trừ bệnh,Sumitomo Corporation Vietnam LLC,lúa,đạo ôn,
Nano Diamond 808WP,Kasugamycin 40g/kg + Tricyclazole 768g/kg,Thuốc trừ bệnh,Công ty TNHH UPL Việt Nam,lúa,đạo ôn,
Fujitil 820WP,Kasugamycin 20g/kg + Tricyclazole 800g/kg,Thuốc trừ bệnh,Công ty CP Hóa Nông Mỹ Việt Đức,lúa,đạo ôn,
Haragold 75WP,Kasugamycin 0.5% + Tricyclazole 74.5%,Thuốc trừ bệnh,Công ty TNHH BVTV Hoàng Anh,lúa,đạo ôn,
Tilmec 777WP,Kasugamycin 35g/kg + Tricyclazole 692g/kg + Validamycin 50g/kg,Thuốc trừ bệnh,Công ty CP Quốc tế Hòa Bình,lúa,đạo ôn,
Emycin 4WP,Kasugamycin 2% + Zhongshengmycin 2%,Thuốc trừ bệnh,Công ty CP Agri Shop,cam; lúa,bạc lá; ghẻ sẹo,
Rankacin 5WP,Kasugamycin 3% + Zhongshengmycin 2%,Thuốc trừ bệnh,"Shandong Weifang Rainbow Chemical Co., Ltd",cam; cải bắp; lúa,bạc lá; loét; thối nhũn,
Kaminusavb 13WG,Kasugamycin 10% + Zhongshengmycin 3%,Thuốc trừ bệnh,Công ty TNHH Vbook Hoa Kỳ,cà phê,rỉ sắt,
Bolivar 500WG,Kresoxim-methyl (min 95%),Thuốc trừ bệnh,Công ty TNHH Western Agrochemicals,xoài,thán thư,
Dosumba 50WG,Kresoxim-methyl (min 95%),Thuốc trừ bệnh,Công ty CP ND Quốc tế Nhật Bản,hành; ớt,sương mai; thán thư,
Inari 300SC,Kresoxim-methyl (min 95%),Thuốc trừ bệnh,Công ty CP Nông nghiệp HP,dưa hấu; nhãn; thanh long; ớt,giả sương mai; thán thư,
"Kexim 30WP, 50WG",Kresoxim-methyl (min 95%),Thuốc trừ bệnh,Công ty TNHH Gap Agro,ớt,đốm mắt cua,
Kesoximusa 30SC,Kresoxim-methyl (min 95%),Thuốc trừ bệnh,Công ty TNHH Pesticide Nhật Bản,cà phê; dưa hấu,giả sương mai; nấm hồng,
Kimju 500WP,Kresoxim-methyl (min 95%),Thuốc trừ bệnh,Công ty TNHH TM SX Thôn Trang,cà phê; hồ tiêu; lạc,chết nhanh; thán thư; đốm nâu,
MAP Rota 50WP,Kresoxim-methyl (min 95%),Thuốc trừ bệnh,Map Pacific Pte Ltd,cam; cà chua; dâu tây; dưa hấu; giả sương; hoa hồng; hồ tiêu; nho; phấn; thán; xoài; đốm; ớt,chết nhanh; mai; phấn trắng; sương mai; sẹo; thán thư; thư; trắng; vòng; đốm đen,
Newkoxim 500WP,Kresoxim-methyl (min 95%),Thuốc trừ bệnh,Công ty CP S New Rice,ớt,thán thư,
Sasusim 500WG,Kresoxim-methyl (min 95%),Thuốc trừ bệnh,Công ty TNHH thuốc BVTV Nam Nông,xoài,thán thư,
Sosim 300SC,Kresoxim-methyl (min 95%),Thuốc trừ bệnh,Công ty TNHH Việt Thắng,bí xanh; bầu; lúa; mướp; rau cải; đậu côve; đậu đũa,mốc xám; sương mai; đạo ôn,
Topxim Pro 30SC,Kresoxim-methyl (min 95%),Thuốc trừ bệnh,Công ty CP BMC Vĩnh Phúc,hoa cúc; hoa đào,rỉ sắt; đốm lá,
Vadisanam 50WG,Kresoxim-methyl (min 95%),Thuốc trừ bệnh,Công ty TNHH TM - DV VAD,dưa chuột; hoa cúc,phấn trắng; rỉ sắt,
BC-Phytopkill 65WP,Kresoxim-methyl 15% + Metalaxyl 50%,Thuốc trừ bệnh,Công ty TNHH Biocrop,cà phê; hoa hồng,phấn trắng; thán thư,
Ketiram 60WP,Kresoxim-methyl 10% + Metiram 50%,Thuốc trừ bệnh,Công ty TNHH Golden Bells Việt Nam,khoai tây,mốc sương,
Omega-downy rot 60WG,Kresoxim-methyl 10% + Propineb 50%,Thuốc trừ bệnh,Công ty TNHH MTV BVTV Omega,cà phê; đậu tương; đốm,lá; rỉ sắt,
"Trido 450WP, 450WG",Kresoxim-methyl 300 g/kg + Tebuconazole 150 g/kg,Thuốc trừ bệnh,Công ty CP BVTV ATC,cà phê; hoa cúc; hoa hồng; khoai tây,phấn trắng; rỉ sắt; sương; thán thư,
Dream heart 35SC,Kresoxim-methyl 20% + Triflumizole 15%,Thuốc trừ bệnh,Công ty TNHH hỗ trợ phát triển kỹ thuật và chuyển giao công nghệ,cà phê,thán thư,
Vacciplant 45SL,Laminarin (min 86%),Thuốc trừ bệnh,Công ty TNHH UPL Việt Nam,dưa chuột; dưa hấu; lúa; sầu riêng; thanh long,bạc lá; giả sương mai; thán thư; đốm nâu,
Aikosen 80WP,Mancozeb (min 85%),Thuốc trừ bệnh,Công ty TNHH World Vision (VN),bắp cải; sầu riêng; thanh long; xoài; xì; đốm; ớt,lá; mủ; thán thư,
An-K-Zeb 800WP,Mancozeb (min 85%),Thuốc trừ bệnh,Công ty CP BVTV An Hưng Phát,vải,thối quả,
"Annong Manco 80WP, 300SC",Mancozeb (min 85%),Thuốc trừ bệnh,Công ty TNHH An Nông,cà chua; cà phê; hoa hồng; khoai tây; lúa; nho; phấn; xoài,hạt; lem lép hạt; phấn trắng; rỉ sắt; sương mai; thán thư; trắng,
Bavizeb 75WP,Mancozeb (min 85%),Thuốc trừ bệnh,Công ty TNHH BVTV Hoàng Anh,hoa hồng,phấn trắng,
BM Plant Shield 80WP,Mancozeb (min 85%),Thuốc trừ bệnh,"Behn Meyer Agricare Vietnam Co., Ltd",lạc,đốm nâu,
Byphan 800WP,Mancozeb (min 85%),Thuốc trừ bệnh,Công ty TNHH TM Bình Phương,vải,thán thư,
"Cadilac 75WG, 80 WP",Mancozeb (min 85%),Thuốc trừ bệnh,Agria S.A,cà phê; dưa hấu; giả sương; hoa cây cảnh; hoa hồng; khoai tây; lúa; mốc; rỉ; thán; vải; đốm,lem lép hạt; lá; mai; sương; sắt; thư; đốm đen,
"Caliber 750WG, 800WP",Mancozeb (min 85%),Thuốc trừ bệnh,Công ty TNHH Thuốc BVTV MeKong,cà phê; hoa hồng; khoai tây; rỉ; sương; thán; xoài; đốm,mai; rỉ sắt; sắt; thư; đen,
Camaneb 80WP,Mancozeb (min 85%),Thuốc trừ bệnh,Công ty CP TST Cần Thơ,cà chua,mốc sương,
Đaiman 800WP,Mancozeb (min 85%),Thuốc trừ bệnh,Công ty TNHH Trường Thịnh,cà chua; hồ tiêu; lúa,chết nhanh; lem lép hạt; mốc sương,
"Dipomate 80 WP, 430SC",Mancozeb (min 85%),Thuốc trừ bệnh,Công ty CP BVTV Sài Gòn,cà chua; hoa cúc; lem lép; lúa; rỉ,hạt; sương mai; sắt,
"Dithane® M-45 80WP, 600OS",Mancozeb (min 85%),Thuốc trừ bệnh,Công ty TNHH Arysta LifeScience Việt Nam,cao su; cà chua; cà phê; khoai tây; lúa; nho; vải; xoài; điều,lem lép hạt; mốc sương; rỉ sắt; rỉ sắt cà phê.; thán thư; đạo ôn,
Dizeb-M 45 80 WP,Mancozeb (min 85%),Thuốc trừ bệnh,"Bailing Agrochemical Co., Ltd",cà phê; khoai tây; lúa; lạc; ngô; thuốc lá; đậu tương,khô vằn; rỉ sắt; sương mai; đạo ôn; đốm lá; đốm nâu,
Dofazeb 800WP,Mancozeb (min 85%),Thuốc trừ bệnh,Công ty TNHH BVTV Đồng Phát,cà phê; khoai tây; rỉ; sầu riêng; thối,quả; sương mai; sắt,
Dove 80WP,Mancozeb (min 85%),Thuốc trừ bệnh,Công ty TNHH Nông nghiệp Mặt Trời Vàng,xoài,thán thư,
"Forthane 43 SC, 80WP",Mancozeb (min 85%),Thuốc trừ bệnh,"Longfat Global Co., Ltd",bắp cải; lúa; lúa.; đạo,thán thư; ôn,
Fovathane 80WP,Mancozeb (min 85%),Thuốc trừ bệnh,Công ty TNHH Việt Thắng,cao su; cà phê; khoai tây; lúa; lạc; đốm,lá; nấm hồng; rỉ sắt; sương mai; vàng rụng lá; đạo ôn,
Kingcozeb 80WP,Mancozeb (min 85%),Thuốc trừ bệnh,Công ty CP Genta Thụy Sĩ,cà chua,sương mai,
Lanozeb 800WP,Mancozeb (min 85%),Thuốc trừ bệnh,Công ty CP Hóa nông Lâm Ngọc,cà phê,rỉ sắt,
Man 80 WP,Mancozeb (min 85%),Thuốc trừ bệnh,DNTN TM - DV và Vật tư Nông nghiệp Tiến Nông,bắp cải; cà phê; rỉ,sắt; thốí nhũn,
Man City 80WP,Mancozeb (min 85%),Thuốc trừ bệnh,Công ty CP Liên doanh quốc tế Fujimoto,hoa hồng,đốm đen,
Manando 80WP,Mancozeb (min 85%),Thuốc trừ bệnh,Công ty CP TM Hải Ánh,hoa hồng,phấn trắng,
Manco TD 80WP,Mancozeb (min 85%),Thuốc trừ bệnh,Công ty TNHH BVTV Thảo Điền,cà phê,rỉ sắt,
Manco Color 80WP,Mancozeb (min 85%),Thuốc trừ bệnh,Công ty TNHH TM SX XNK Đinh Gia Phát,cam,thán thư,
Mancobaca 80WP,Mancozeb (min 85%),Thuốc trừ bệnh,Công ty TNHH NN Bà Cả,cà phê,thán thư,
Mancobgo 80WP,Mancozeb (min 85%),Thuốc trừ bệnh,Công ty TNHH Nông nghiệp Công nghệ xanh Bắc Giang,vải,thán thư,
Makozeb-RBC 80WP,Mancozeb (min 85%),Thuốc trừ bệnh,Công ty CP Môi trường Quốc tế Rainbow,cam,thối quả,
Manindia 80WP,Mancozeb (min 85%),Thuốc trừ bệnh,Công ty CP Khử trùng Nam Việt,hoa hồng,đốm đen,
Manozeb 80 WP,Mancozeb (min 85%),Thuốc trừ bệnh,Công ty CP Nông dược HAI,chết; cà phê; dưa chuột; dưa hấu; hồ tiêu; lạc; thán; đốm,lá; nhanh; phấn trắng; sương mai; thư,
"Manthane M 46 37 SC, 80 WP",Mancozeb (min 85%),Thuốc trừ bệnh,Công ty TNHH TM - DV Thanh Sơn Hóa Nông,cao su; cà chua; vàng rụng,lá; mai; sương mai,
"Penncozeb 75WG, 80 WP",Mancozeb (min 85%),Thuốc trừ bệnh,Công ty TNHH Baconco,cà chua; cà phê; xoài; đốm; ớt,lá; rỉ sắt; thán thư; thư; đốm lá,
Queen night 800WP,Mancozeb (min 85%),Thuốc trừ bệnh,Công ty TNHH Hóa chất phân bón thuốc BVTV Dubai,hoa hồng,rỉ sắt,
Sancozeb 80 WP,Mancozeb (min 85%),Thuốc trừ bệnh,Forward International Ltd,cam; dưa chuột; phấn,thối quả; trắng,
Sunmanbul 80WP,Mancozeb (min 85%),Thuốc trừ bệnh,Công ty CP Sunseaco Việt Nam,lạc,đốm lá,
Tenem 80 WP,Mancozeb (min 85%),Thuốc trừ bệnh,Công ty TNHH TM Trang Nông,cây có múi; dưa chuột; đốm,lá; mốc sương,
Timan 80 WP,Mancozeb (min 85%),Thuốc trừ bệnh,Công ty CP Vật tư NN Tiền Giang,bắp cải; cam; dưa hấu; thanh long; thán,ghẻ; thư; thối nhũn,
Tipozeb 80 WP,Mancozeb (min 85%),Thuốc trừ bệnh,Công ty TNHH – TM Thái Phong,cà phê; lúa; quýt; rỉ; thán; xoài,sắt; sẹo; thư; đạo ôn,
Tungmanzeb 800WP,Mancozeb (min 85%),Thuốc trừ bệnh,Công ty CP SX - TM - DV Ngọc Tùng,cà phê; lúa; lạc; ngô; điều,lem lép hạt; rỉ sắt; thán thư; đốm lá,
Tvzeb 800WP,Mancozeb (min 85%),Thuốc trừ bệnh,Công ty TNHH Hóa chất và TM Trần Vũ,hoa hồng,phấn trắng,
Unizebando 800WP,Mancozeb (min 85%),Thuốc trừ bệnh,Công ty CP SAM,cà chua,sương mai,
"Unizeb M-45 75WG, 80 WP",Mancozeb (min 85%),Thuốc trừ bệnh,Công ty TNHH UPL Việt Nam,cà chua; dưa hấu; lúa; lạc; thanh long; xoài; ớt,rỉ sắt; sương mai; thư; vàng lá; đốm vòng,
Vimancoz 80WP,Mancozeb (min 85%),Thuốc trừ bệnh,Công ty CP Thuốc sát trùng Việt Nam,chảy; chết; hồ tiêu; khoai tây; lạc; rau cải; sầu riêng; thán; thối gốc; xoài,chậm; chết cây con; mủ; sương mai; thư; đốm lá,
Vosong 800WP,Mancozeb (min 85%),Thuốc trừ bệnh,Công ty TNHH Nông Nghiệp Xanh,cam; cà chua; dưa hấu; ghẻ; hồ tiêu; sương; đốm,lá; mai; nhám; sương mai,
VT Manco 80WP,Mancozeb (min 85%),Thuốc trừ bệnh,Công ty CP Thuốc BVTV Việt Trung,hoa hồng,phấn trắng,
ZebindiaX 80WP,Mancozeb (min 85%),Thuốc trừ bệnh,Công ty TNHH MTV Hóa Sinh Cửu Long,hoa hồng,phấn trắng,
"Biorosamil 0.25PA, 72WP",Mancozeb 0.24% (64%) + Metalaxyl 0.01% (8%),Thuốc trừ bệnh,Công ty TNHH SX - TM Tô Ba,cao su,loét sọc mặt cạo,
Rinhmyn 680WP,Mancozeb 640g/kg + Metalaxyl 40g/kg,Thuốc trừ bệnh,Công ty TNHH An Nông,cà phê; hồ tiêu; khoai tây; rỉ; thán; điều,sương mai; sắt; thư,
Agrimyl 72WP,Mancozeb 64% + Metalaxyl 8%,Thuốc trừ bệnh,Công ty CP Sinh học NN Hai Lúa Vàng,lúa,lem lép hạt,
BP Dimilgold 720WP,Mancozeb 64% + Metalaxyl 8%,Thuốc trừ bệnh,Công ty TNHH MTV Nam Thịnh Hòa Bình,cao su,loét sọc mặt cạo,
Favaret 72WP,Mancozeb 64% + Metalaxyl 8%,Thuốc trừ bệnh,Công ty CP Nicotex,cao su,loét sọc mặt cạo,
Fortazeb 72 WP,Mancozeb 64% + Metalaxyl 8%,Thuốc trừ bệnh,Forward International Ltd,cao su,loét sọc mặt cạo,
Hacoxyl 72WP,Mancozeb 64% + Metalaxyl 8%,Thuốc trừ bệnh,Công ty CP TM Hải Ánh,hoa hồng,phấn trắng,
Hoanganhbul 72WP,Mancozeb 64% + Metalaxyl 8%,Thuốc trừ bệnh,Công ty TNHH BVTV Hoàng Anh,hoa hồng,phấn trắng,
Mancolaxyl 72WP,Mancozeb 64% + Metalaxyl 8%,Thuốc trừ bệnh,Công ty TNHH UPL Việt Nam,cao su; hồ tiêu; lúa,lem lép hạt; loét miệng cạo; thối rễ,
Met-Helmer 72WP,Mancozeb 64% + Metalaxyl 8%,Thuốc trừ bệnh,Công ty TNHH B.Helmer,cao su; cà phê; hoa hồng. xì; đốm,mủ; thán thư; đen,
Meman 72WP,Mancozeb 64% + Metalaxyl 8%,Thuốc trừ bệnh,Công ty TNHH Ngân Anh,cao su; cà phê; loét sọc mặt; điều,cạo; rỉ sắt; thán thư,
Mexyl MZ,Mancozeb 64% + Metalaxyl 8%,Thuốc trừ bệnh,Công ty CP BVTV,cao su; hồ tiêu,chết nhanh; loét sọc mặt cạo,
72WP,Mancozeb 64% + Metalaxyl 8%,Thuốc trừ bệnh,Sài Gòn,,,
Phesolmanco-M 72WP,Mancozeb 64% + Metalaxyl 8%,Thuốc trừ bệnh,Công ty TNHH World Vision (VN),cao su,loét sọc mặt cạo,
Ricide 72 WP,Mancozeb 64% + Metalaxyl 8%,Thuốc trừ bệnh,Công ty CP BVTV I TW,cao su; thuốc lào; đốm,loét sọc mặt cạo; lá,
Ridozeb 72WP,Mancozeb 64% + Metalaxyl 8%,Thuốc trừ bệnh,Công ty CP Nông dược HAI,cao su; cây vừng; loét sọc mặt; mắc ca; xì mủ,cạo; lở cổ rễ; thân,
Rithonmin 72WP,Mancozeb 64% + Metalaxyl 8%,Thuốc trừ bệnh,Công ty TNHH TM SX Thôn Trang,cà phê; lúa; rỉ,sắt; đạo ôn,
Romil 72WP,Mancozeb 64% + Metalaxyl 8%,Thuốc trừ bệnh,"Rotam Agrochemical Co., Ltd",hồ tiêu,chết nhanh,
T-Promy MZ 72WP,Mancozeb 64% + Metalaxyl 8%,Thuốc trừ bệnh,Công ty TNHH TM Thái Phong,cao su; hồ tiêu; thán; điều,chết nhanh; loét sọc mặt cạo; thư,
Talaxylindiavb 72WP,Mancozeb 64% + Metalaxyl 8%,Thuốc trừ bệnh,Công ty TNHH Vbook Hoa Kỳ,hoa hồng,phấn trắng,
Tungsin-M 72WP,Mancozeb 64% + Metalaxyl 8%,Thuốc trừ bệnh,Công ty CP SX - TM - DV Ngọc Tùng,cao su; hồ tiêu; lúa; điều,chết héo; lem lép hạt; loét miệng cạo; thán thư,
Vimonyl 72 WP,Mancozeb 64% + Metalaxyl 8%,Thuốc trừ bệnh,Công ty CP Thuốc sát trùng Việt Nam,cao su; chết; hồ tiêu; khoai tây; lạc; sương; thán; điều,loét sọc mặt cạo; mai; nhanh; thư; ẻo,
Ridoman 720WP,Mancozeb 640g/kg + Metalaxyl 80g/kg,Thuốc trừ bệnh,Công ty TNHH Trường Thịnh,hồ tiêu,chết nhanh,
Zimvil 720WP,Mancozeb 640g/kg + Metalaxyl 80g/kg,Thuốc trừ bệnh,Công ty CP Khoa học Công nghệ cao American,lúa,lem lép hạt,
"Rorigold 680WG, 720WP",Mancozeb 600 g/kg (640g/kg) + Metalaxyl 80g/kg (80g/kg),Thuốc trừ bệnh,Công ty TNHH Việt Thắng,lúa,lem lép hạt,
"Metman bul 68WG, 72WP",Mancozeb 60% (64%) + Metalaxyl 8% (8%),Thuốc trừ bệnh,Agria S.A,cao su; khoai tây; sương,loét sọc mặt cạo; mai,
Domigold 580WP,Mancozeb 480g/kg (48%) + Metalaxyl 100g/kg (10%),Thuốc trừ bệnh,Công ty CP Bigfive Việt Nam,hoa hồng,đốm đen,
Manmetpul 58WP,Mancozeb 480g/kg (48%) + Metalaxyl 100g/kg (10%),Thuốc trừ bệnh,Công ty TNHH Nam Bắc,cà phê,thán thư,
Mexyl Gold 580WP,Mancozeb 480g/kg (48%) + Metalaxyl 100g/kg (10%),Thuốc trừ bệnh,Công ty CP Hóa sinh Takashi Nhật Bản,cà phê,thán thư,
Ridokin 58WP,Mancozeb 480g/kg (48%) + Metalaxyl 100g/kg (10%),Thuốc trừ bệnh,Công ty CP Genta Thụy Sĩ,hồ tiêu,chết nhanh,
VT-Manmet 58WP,Mancozeb 480g/kg (48%) + Metalaxyl 100g/kg (10%),Thuốc trừ bệnh,Công ty TNHH CNSH Quốc tế Việt Thái,cà phê,thán thư,
Ω-Mancom 53WP,Mancozeb 48% + Metalaxyl-M 5%,Thuốc trừ bệnh,Công ty TNHH Á Châu Hóa Sinh,cà phê,rỉ sắt,
Copezin 680WP,Mancozeb 64% (640g/kg) + Metalaxyl-M 4% (40g/kg),Thuốc trừ bệnh,Công ty TNHH TM Tân Thành,cao su; cà phê; khoai tây; loét sọc mặt; sương,cạo; mai; rỉ sắt,
DN Man 68WG,Mancozeb 64% (640g/kg) + Metalaxyl-M 4% (40g/kg),Thuốc trừ bệnh,Công ty TNHH BVTV Thảo Điền,ngô,đốm lá,
Lanomyl 680WP,Mancozeb 64% (640g/kg) + Metalaxyl-M 4% (40g/kg),Thuốc trừ bệnh,Công ty TNHH MTV BVTV Long An,hồ tiêu,chết nhanh,
"Mekomil gold 680WG, 680WP",Mancozeb 64% (640g/kg) + Metalaxyl-M 4% (40g/kg),Thuốc trừ bệnh,Công ty TNHH Thuốc BVTV MeKong,cà phê; khoai tây; lúa; sương; thán; điều,mai; rỉ sắt; thư; ôn,
Ridomil Gold 68WG,Mancozeb 64% (640g/kg) + Metalaxyl-M 4% (40g/kg),Thuốc trừ bệnh,Công ty CP Khử trùng Việt Nam,ca cao; cao su; hồ tiêu; lạc; ngô; thuốc lá; điều,chết cây con; chết nhanh; loét sọc mặt cạo; sương mai; thán thư; đốm lá,
Rildzomigol super 68WG,Mancozeb 64% (640g/kg) + Metalaxyl-M 4% (40g/kg),Thuốc trừ bệnh,Công ty TNHH TM DV Nông Trang,hồ tiêu,chết nhanh,
Suncolex 68WP,Mancozeb 64% (640g/kg) + Metalaxyl-M 4% (40g/kg),Thuốc trừ bệnh,Sundat (S) PTe Ltd,cao su; chết; hồ tiêu,loét sọc mặt cạo; nhanh,
Skywalk 679WG,Mancozeb 640g/kg + Metalaxyl-M 39g/kg,Thuốc trừ bệnh,Công ty TNHH UPL Việt Nam,hồ tiêu,chết nhanh,
Rubbercare 720WP,Mancozeb 660g/kg + Metalaxyl-M 60g/kg,Thuốc trừ bệnh,Công ty TNHH TM DV SX XNK Đức Thành,cao su; hồ tiêu; ngô; thán; điều; đốm,chết nhanh; loét sọc mặt cạo; lá; thư,
Shikoku 720WG,Mancozeb 680g/kg + Metalaxyl-M 40g/kg,Thuốc trừ bệnh,Công ty TNHH TM-SX GNC,chết; cà phê; hồ tiêu,nhanh; nấm hồng,
Polyman 46WP,Mancozeb 44% + Polyoxin B 2%,Thuốc trừ bệnh,Công ty TNHH SX và KD Tam Nông,thanh long,thán thư,
Propman bul 550SC,Mancozeb 301.6g/l + Propamocarb.HCl 248g/l,Thuốc trừ bệnh,Agria S.A,cà chua; dưa hấu,sương mai,
Triman gold 800WP,Mancozeb 620 g/kg + Tricyclazole 180g/kg,Thuốc trừ bệnh,Công ty CP SAM,hoa hồng,đốm đen,
Sufer man 700WP,Mancozeb 280 g/kg + Sulfur 420 g/kg,Thuốc trừ bệnh,Công ty TNHH BVTV Akita Việt Nam,cà phê,rỉ sắt,
Orande® 280SC,Mandipropamid (min 93%) 250g/l + Oxathiapiprolin 30g/l,Thuốc trừ bệnh,Công ty TNHH Syngenta Việt Nam,cam; vải,sương mai; xì mủ,
Cevya 400SC,Mefentrifluconazole (min 97%),Thuốc trừ bệnh,"BASF Vietnam Co., Ltd",cà chua; dưa chuột; lúa; phấn; đốm,lem lép hạt; trắng; vòng,
"Acodyl 25EC, 35WP",Metalaxyl (min 95%),Thuốc trừ bệnh,Công ty TNHH - TM Thái Nông,cao su; hồ tiêu; khoai tây; loét sọc mặt; thối,cạo; rễ; sương mai,
Alfamil 350WP,Metalaxyl (min 95%),Thuốc trừ bệnh,Công ty TNHH Alfa (Sài gòn),hồ tiêu; khoai tây,chết nhanh; mốc sương,
Binhtaxyl 25 EC,Metalaxyl (min 95%),Thuốc trừ bệnh,"Bailing Agrochemical Co., Ltd",khoai tây; lạc,mốc sương; đốm lá,
"Eroxyl gold 250EC, 500WG",Metalaxyl (min 95%),Thuốc trừ bệnh,Công ty CP SX và TM Công nghệ Châu Âu,hoa hồng,sương mai,
Foraxyl 35WP,Metalaxyl (min 95%),Thuốc trừ bệnh,Forward International Ltd,đậu tương,rỉ sắt,
Karoke 350WP,Metalaxyl (min 95%),Thuốc trừ bệnh,Công ty TNHH Nông Nghiệp Xanh,hoa hồng; ngô; phấn; sọc; tiêu,chết nhanh; lá; trắng,
Lâmbac 35WP,Metalaxyl (min 95%),Thuốc trừ bệnh,Công ty TNHH TM Thái Phong,lạc,rỉ sắt,
"Mataxyl 500WG, 500WP",Metalaxyl (min 95%),Thuốc trừ bệnh,Map Pacific Pte Ltd,ca cao; cao su; hồ tiêu; khoai tây; loét sọc mặt; lạc; sắn; đậu tương,chết nhanh; chết ẻo; cạo; loét sọc mặt cạo; nhanh; phấn trắng; sương mai; thối quả; thối thân; vàng lá; vàng rụng lá,
Meta-M-CMP 35WP,Metalaxyl (min 95%),Thuốc trừ bệnh,Công ty CP Nông nghiệp CMP,cao su; hồ tiêu; loét sọc mặt,chết nhanh; cạo,
No mildew 25WP,Metalaxyl (min 95%),Thuốc trừ bệnh,Công ty TNHH TM Trang Nông,hồ tiêu,thối,
Rampart 35SD,Metalaxyl (min 95%),Thuốc trừ bệnh,Công ty TNHH UPL Việt Nam,chết; hồ tiêu; thuốc lá,chết ẻo cây con; nhanh,
Salegold 250EC,Metalaxyl (min 95%),Thuốc trừ bệnh,Công ty TNHH Việt Thắng,hồ tiêu,chết nhanh,
Tân qui Talaxyl 25WP,Metalaxyl (min 95%),Thuốc trừ bệnh,Công ty TNHH Ngân Anh,cao su; cà phê; hồ tiêu; điều,chết nhanh; loét sọc mặt cạo; rỉ sắt; thán thư,
Tatsu 25WP,Metalaxyl (min 95%),Thuốc trừ bệnh,Công ty CP BMC Vĩnh Phúc,hoa hồng; khoai tây,sương mai,
Vilaxyl 35 WP,Metalaxyl (min 95%),Thuốc trừ bệnh,Công ty CP Thuốc sát trùng Việt Nam,chết; héo rũ trắng; hồ tiêu; khoai tây; lạc,gốc; mốc sương; nhanh,
Laxyl pro 25WP,Metalaxyl 15% + Propamocarb 10%,Thuốc trừ bệnh,Công ty TNHH MTV BVTV Omega,cà phê,rỉ sắt,
Voces 25WP,Metalaxyl-M (min 91%),Thuốc trừ bệnh,Công ty TNHH Agricare Việt Nam,cao su,loét sọc mặt cạo,
Maxkudo 45SL,Metalaxyl-M 7.5% + Propamocarb 37.5%,Thuốc trừ bệnh,Công ty TNHH TM Hải Thụy,lạc,chết cây con,
Bavacol 500WP,Metalaxyl-M 80 g/kg + Propineb 420 g/kg,Thuốc trừ bệnh,Công ty CP Bigfive Việt Nam,hoa hồng,phấn trắng,
Anti-fusa 90SL,Metconazole (min 94%),Thuốc trừ bệnh,Công ty TNHH Phú Nông,lúa,khô vằn,
Ozzova 90SL,Metconazole (min 94%),Thuốc trừ bệnh,Công ty TNHH MTV Lucky,lúa (xử lý hạt giống),lem lép hạt; lúa von,
Workup 9 SL,Metconazole (min 94%),Thuốc trừ bệnh,Sumitomo Corporation Vietnam LLC,lúa,lem lép hạt,
Polyram 80WG,Metiram Complex (min 85%),Thuốc trừ bệnh,"BASF Vietnam Co., Ltd",cam; cà chua; dưa chuột; dưa hấu; hồ tiêu; lúa; nhãn; sầu riêng; thanh long; vải; xoài,chạy dây; ghẻ sẹo; lúa von; sương mai; thán thư; thối quả; đốm nâu; đốm vòng,
Haohao 600WG,Metiram complex 550 g/kg + Pyraclostrobin 50 g/kg,Thuốc trừ bệnh,Công ty CP ĐT TM và PTNN ADI,lúa; vải; đạo,thán thư; ôn,
Verityz 600WG,Metiram complex 550 g/kg + Pyraclostrobin 50 g/kg,Thuốc trừ bệnh,Công ty CP Tập đoàn Japec,cam; chuối; cà chua; dưa chuột; hoa hồng; thanh long; xoài; ớt,ghẻ sẹo; giả sương mai; mốc sương; sương mai; thán thư; đốm lá sigatoka,
Metipro 52WP,Metiram 40% + Prochloraz- Manganese Chloride complex 12%,Thuốc trừ bệnh,Công ty TNHH TM Agri Green,hoa hồng,phấn trắng,
ADU-Flore 600WG,Metiram 55% (550g/kg) + Pyraclostrobin 5% (50g/kg),Thuốc trừ bệnh,Công ty TNHH ADU Việt Nam,ớt,thán thư,
Ballad 60WG,Metiram 55% (550g/kg) + Pyraclostrobin 5% (50g/kg),Thuốc trừ bệnh,Công ty TNHH Deutschland Việt Nam,hoa hồng,phấn trắng,
Bellico 60WG,Metiram 55% (550g/kg) + Pyraclostrobin 5% (50g/kg),Thuốc trừ bệnh,Công ty CP BVTV I TW,cam,sẹo,
Cabrio Top 600WG,Metiram 55% (550g/kg) + Pyraclostrobin 5% (50g/kg),Thuốc trừ bệnh,"BASF Vietnam Co., Ltd",cam; cà chua; dưa chuột; dưa hấu; hồ tiêu; khoai tây; rỉ; sương; sầu riêng; thanh long; xoài; đậu tương; ớt,bệnh sẹo; giả sương mai; mai; sương mai; sắt; thán thư; đốm nâu,
Carlos 60WG,Metiram 55% (550g/kg) + Pyraclostrobin 5% (50g/kg),Thuốc trừ bệnh,Công ty TNHH Thuốc BVTV MeKong,cam; hoa hồng; khoai tây; sương,mai; phấn trắng; sẹo,
Casino Top 600WG,Metiram 55% (550g/kg) + Pyraclostrobin 5% (50g/kg),Thuốc trừ bệnh,Công ty CP Liên doanh Quốc tế Fujimoto,hoa hồng,phấn trắng,
Combo 600WG,Metiram 55% (550g/kg) + Pyraclostrobin 5% (50g/kg),Thuốc trừ bệnh,Công ty CP Khử trùng Việt Nam,ớt,thán thư,
Magic-Power 60WG,Metiram 55% (550g/kg) + Pyraclostrobin 5% (50g/kg),Thuốc trừ bệnh,Công ty CP Itagro Việt Nam,hoa hồng; xoài; ớt,thán thư,
Metrobin 600WG,Metiram 55% (550g/kg) + Pyraclostrobin 5% (50g/kg),Thuốc trừ bệnh,Công ty TNHH Vĩnh Nông Phát,ớt,thán thư,
Metrotop 600WG,Metiram 55% (550g/kg) + Pyraclostrobin 5% (50g/kg),Thuốc trừ bệnh,Công ty CP Hóa nông AMC,cà chua,mốc sương,
Morio top 600WG,Metiram 55% (550g/kg) + Pyraclostrobin 5% (50g/kg),Thuốc trừ bệnh,Công ty TNHH TM DV Việt Phát,ớt,thán thư,
Ometi super 60WG,Metiram 55% (550g/kg) + Pyraclostrobin 5% (50g/kg),Thuốc trừ bệnh,Công ty TNHH Cooperation Bio Đức,cà phê,nấm hồng,
Pymetop 60WG,Metiram 55% (550g/kg) + Pyraclostrobin 5% (50g/kg),Thuốc trừ bệnh,Công ty CP Khử trùng Nam Việt,cà phê; ớt,thán thư,
Rambrio 60WG,Metiram 55% (550g/kg) + Pyraclostrobin 5% (50g/kg),Thuốc trừ bệnh,Công ty TNHH Hoá Sinh Á Châu,dưa chuột; xoài,giả sương mai; thán thư,
Rhett 60WG,Metiram 55% (550g/kg) + Pyraclostrobin 5% (50g/kg),Thuốc trừ bệnh,Công ty TNHH Agro Việt,hoa cúc,rỉ sắt,
Sun Milano 60WG,Metiram 55% (550g/kg) + Pyraclostrobin 5% (50g/kg),Thuốc trừ bệnh,Công ty TNHH Đầu tư và Phát triển Hagrochem,đậu tương,rỉ sắt,
Ringo-L 20SC,Metominostrobin (min 97%),Thuốc trừ bệnh,Sumitomo Corporation Vietnam LLC,cà phê; gừng; thán; đậu tương,rỉ sắt; thư,
"Kanaka 50SC, 405WP",Myclobutanil (min 98%),Thuốc trừ bệnh,Công ty TNHH An Nông,cà phê; lúa; rỉ,hạt; lem lép hạt; sắt,
Micelo 125WP,Myclobutanil (min 98%),Thuốc trừ bệnh,Công ty TNHH TM - DV Thanh Sơn Hóa Nông,hồ tiêu; khoai môn; đốm,chết nhanh; lá,
Myclo 400WP,Myclobutanil (min 98%),Thuốc trừ bệnh,Công ty CP Hóc Môn,hồ tiêu; lúa,chết nhanh; đạo ôn,
Phytoxil 400SC,Myclobutanil (min 98%),Thuốc trừ bệnh,"Shanghai Synagy Chemicals Co., Ltd",khoai môn,đốm lá,
Tokayo 380WP,Myclobutanil 130 g/kg + Pyraclostrobin 250 g/kg,Thuốc trừ bệnh,Công ty TNHH An Nông,lúa,lem lép hạt,
"Sieutino 500WP, 780WG",Myclobutanil 50g/kg (30g/kg) + Tebuconazole 250g/kg (500g/kg ) + Tricyclazole 200g/kg (250g/kg),Thuốc trừ bệnh,Công ty TNHH An Nông,lem lép; lúa; lúa (xử lý hạt giống); đạo ôn,hạt; khô vằn; lem lép hạt; lúa von,
Rusem super 750WP,Myclobutanil 100g/kg + Tebuconazole 400g/kg + Trifloxystrobin 250g/kg,Thuốc trừ bệnh,Công ty TNHH An Nông,lúa,khô vằn; lem lép hạt; xử lý hạt giống trừ bệnh lúa von; đạo ôn,
Wonderful 600WP,Myclobutanil 100g/kg + Thifluzamide 500g/kg,Thuốc trừ bệnh,Công ty TNHH An Nông,khoai tây,mốc sương,
"Usagvil 250SC, 700WP",Myclobutanil 50g/l (200g/kg) + Thiodiazole Zinc 200g/l (500g/kg),Thuốc trừ bệnh,Công ty TNHH An Nông,cà phê; hồ tiêu; lem lép; lúa; điều,bạc lá; chết nhanh; hạt; thán thư,
Ace green 8SL,Ningnanmycin (min 20%),Thuốc trừ bệnh,Công ty CP ACE Biochem Việt Nam,lúa,đốm sọc vi khuẩn,
"Annongmycin 80SL, 100SP",Ningnanmycin (min 20%),Thuốc trừ bệnh,Công ty TNHH An Nông,hành; lúa; nho; xoài,bạc lá; lem lép hạt; nhũn; phấn trắng; thán thư,
Bonny 4SL,Ningnanmycin (min 20%),Thuốc trừ bệnh,Công ty CP Nông dược HAI,bạc; cà chua; cải bắp; dưa chuột; dưa hấu; héo; hồ tiêu; lúa; lạc; sương; thối,chạy dây; chết chậm; chết cây con; chết nhanh; lá; mai; nhũn; rũ; thối thân vi khuẩn,
Cosmos 2SL,Ningnanmycin (min 20%),Thuốc trừ bệnh,Công ty TNHH Nam Bắc,bí xanh; cà chua; dưa chuột; lúa; thuốc lá; ớt,bạc lá; giả sương mai; hoa lá; khô dây; khô vằn; phấn trắng; sương mai; thán thư; thối rễ; xoăn lá,
Diboxylin 2 SL,Ningnanmycin (min 20%),Thuốc trừ bệnh,Công ty TNHH XNK Quốc tế SARA,bầu bí; bắp cải; cam; chanh; cà chua; cà phê; cải xanh; dưa hấu; hoa cúc; hành; hồ tiêu; lúa; lạc; nho; nhãn; thanh long; tỏi; vải; xoài; điều; đậu tương; đốm,bạc lá; chêt nhanh; chết chậm; hoa cúc; héo rũ; khô bông; khô vằn; lem lép hạt; lúa von; lở cổ rễ; mốc xám; nâu; phấn trắng; phẩn trắng; rỉ sắt; rụng quả; sương mai; thán thư; thối mạ; thối nhũn; thối quả; vàng lá; đạo ôn; đốm lá,
"Ditacin 8 SL, 10 WP",Ningnanmycin (min 20%),Thuốc trừ bệnh,Công ty TNHH Nông Sinh,bí xanh; cà chua; dưa chuột; dứa; lúa; lạc; thuốc lá,bạc lá; bệnh khảm; bệnh sáng gân; héo rũ; héo xanh; khảm; sương mai; thối nõn,
Evanton 40SL,Ningnanmycin (min 20%),Thuốc trừ bệnh,Công ty CP Nông nghiệp Việt Nam,bạc; bắp cải; lúa,lá; thối nhũn,
Fukuda 3SL,Ningnanmycin (min 20%),Thuốc trừ bệnh,Công ty TNHH TM-SX GNC,lúa,bạc lá,
Jonde 3SL,Ningnanmycin (min 20%),Thuốc trừ bệnh,Công ty TNHH TM DV Tấn Hưng,lúa,cháy bìa lá,
Kanicin 100WP,Ningnanmycin (min 20%),Thuốc trừ bệnh,Công ty TNHH CEC Việt Nam,bắp cải,thối nhũn,
"Kozuma 5WP, 3SL",Ningnanmycin (min 20%),Thuốc trừ bệnh,Công ty CP Nông nghiệp HP,bí xanh; cam; cà chua; cà phê; dưa hấu; hoa cúc; lúa; lạc; nho; nhãn; thuốc lá; vải; xoài; đậu tương; ớt,bạc lá; héo khô; héo rũ; khô vằn; khảm; lem lép hạt lúa; loét; lở cổ rễ; sương mai; thối quả; vàng lá; xoăn lá; đạo ôn,
Kufic 80SL,Ningnanmycin (min 20%),Thuốc trừ bệnh,Công ty CP ĐT TM và PTNN ADI,bạc; cà chua; lúa,héo xanh; lá,
"Lincolnusa 15WP, 81SL",Ningnanmycin (min 20%),Thuốc trừ bệnh,Công ty TNHH Thuốc BVTV Liên doanh Nhật Mỹ,hành; lúa; thối,bạc lá; lá; nhũn,
Molbeng 2SL,Ningnanmycin (min 20%),Thuốc trừ bệnh,Công ty CP BVTV An Hưng Phát,cà chua; dưa hấu; héo; lúa; vải; xoài,bạc lá; rũ; sương mai; thối quả,
Naga 80SL,Ningnanmycin (min 20%),Thuốc trừ bệnh,Công ty CP Hóc Môn,chết; cà chua; cải bắp; héo; hồ tiêu; lúa,bạc lá; chậm; thối nhũn; xanh,
Niclosat 4SL,Ningnanmycin (min 20%),Thuốc trừ bệnh,Công ty TNHH Sản phẩm Công nghệ cao,bí xanh; cao su; cà chua; cà phê; cải bắp; khoai tây; lúa; lạc; ngô; thuốc lá; đậu đỗ; ớt,bạc lá; hoa lá; khô cành; khô vằn; lở cổ rễ; nấm hồng; sương mai; thối gốc; xoăn lá,
"Ningnastar 50WP, 50SL",Ningnanmycin (min 20%),Thuốc trừ bệnh,Công ty CP Quốc tế Agritech Hoa Kỳ,dưa chuột; lúa,khô vằn; phấn trắng; trắng; đạo ôn,
Pyramos 40SL,Ningnanmycin (min 20%),Thuốc trừ bệnh,Công ty TNHH Hoá chất và TM Trần Vũ,lúa,bạc lá,
"Romexusa 2SL, 20WP",Ningnanmycin (min 20%),Thuốc trừ bệnh,Công ty CP Thuốc BVTV Việt Trung,lúa; đậu tương,lá; phấn trắng,
Somec 2 SL,Ningnanmycin (min 20%),Thuốc trừ bệnh,Công ty TNHH Nông dược Miền Nam,bí xanh; cà chua; dưa chuột; lúa; thuốc lá; ớt,bạc lá; bệnh hoa lá; khô dây; phấn trắng; sương mai; thối rễ; xoăn lá,
"Sucker 4SL, 90WP",Ningnanmycin (min 20%),Thuốc trừ bệnh,Công ty TNHH TM SX Thôn Trang,bắp cải; cam; cà chua; cà phê; hành; khô; lúa; tỏi; xoài; điều,bạc lá; héo rũ; khô bông; khô vằn; lem lép hạt; lúa von; lở cổ rễ; mốc xám; phấn trắng; rỉ sắt; thán thư; thối mạ; thối nhũn; thối quả; vằn; đạo ôn; đốm lá,
"Supercin 50WP, 80SL",Ningnanmycin (min 20%),Thuốc trừ bệnh,Công ty CP nông dược Việt Nam,bầu bí; bắp cải; cà chua; dưa chuột; lúa,bạc lá; giả sương mai; khô vằn; lem lép hạt; thối nhũn; đạo ôn,
"Supermil 50WP, 40SL",Ningnanmycin (min 20%),Thuốc trừ bệnh,Công ty CP Khoa học Công nghệ cao American,bí xanh; bắp cải; cà chua; dưa chuột; lúa; đậu trạch,bạc lá; chết ẻo cây con; thối nhũn; đạo ôn; đốm sọc,
Thaiponbao 40SL,Ningnanmycin (min 20%),Thuốc trừ bệnh,Công ty TNHH - TM Thái Phong,bạc; bắp cải; cà chua; cà phê; lúa; nho; thối,chết cây con; lá; nhũn; phấn trắng; sương mai; thối quả,
"Polysuper 27SL, 32WP","Ningnanmycin 17g/l, (10g/kg) + Polyoxin B 10g/l, (22g/kg)",Thuốc trừ bệnh,Công ty CP Thuốc BVTV Việt Trung,lúa; thán; vải,hạt; thán thư; thư,
Rorai 21WP,Ningnanmycin 5g/kg + Polyoxin B 11g/kg + Streptomycin sulfate 5g/kg,Thuốc trừ bệnh,Công ty TNHH Thuốc BVTV Liên doanh Nhật Mỹ,lúa; vải,bạc lá; lem lép hạt; thán thư,
Sunshi 21WP,Ningnanmycin 5g/kg + Polyoxin B 11g/kg + Streptomycin sulfate 5g/kg,Thuốc trừ bệnh,Công ty CP Thuốc BVTV Việt Trung,lúa; vải,bạc lá; lem lép hạt; thán thư,
"Mycinusa 78WP, 80SL",Ningnanmycin 10g/kg (20g/l) + Streptomycin sulfate 68g/kg (60g/l),Thuốc trừ bệnh,Công ty TNHH Hoá chất và TM Trần Vũ,lúa,bạc lá,
"Liveshow 300SL, 550WP",Ningnanmycin 60g/l (60g/kg) + Streptomycin 240g/l (490g/kg),Thuốc trừ bệnh,Công ty TNHH TM SX Thôn Trang,cam; lúa; xoài,bạc lá; lem lép hạt; phấn trắng; thư; đạo ôn; đốm sọc vi khuẩn,
Avazole 800WP,Ningnanmycin 30g/kg + Tricyclazole 770g/kg,Thuốc trừ bệnh,Công ty TNHH Hoá chất và TM Trần Vũ,lúa,đạo ôn,
"Vitaminusa 450SC, 800WP",Ningnanmycin 25g/l (10g/kg) + Tricyclazole 425g/l (790g/kg),Thuốc trừ bệnh,Công ty TNHH TM SX Thôn Trang,lúa,đạo ôn,
Goldbem 777WP,Ningnanmycin 27g/kg + Tricyclazole 700g/kg + Validamycin 50g/kg,Thuốc trừ bệnh,Công ty CP Quốc tế Hoà Bình,lúa,đạo ôn,
Couple 29WP,Ningnanmycin 4% + Triflumizole 25%,Thuốc trừ bệnh,Công ty CP Đầu tư phát triển Apollo Việt Nam,khoai tây,mốc sương,
M.A Maral 10SL,Oligo-alginate,Thuốc trừ bệnh,Công ty TNHH Ngân Anh,chè; cà rốt,kích thích sinh trưởng; đốm vòng,
Olicide 9SL,Oligo-sacarit,Thuốc trừ bệnh,Công ty CP SX TM Bio Vina,bắp cải; chè; chết nhanh (héo; hồ tiêu; lúa; sương; đạo,mai; rũ); rỉ sắt; ôn,
Acoustic 5SL,Oligosaccharins,Thuốc trừ bệnh,Công ty TNHH Deutschland Việt Nam,cà chua,sương mai,
ET-Oligo 30SL,Oligosaccharins,Thuốc trừ bệnh,"Shanghai E-Tong Chemical Co., Ltd",chè; cà chua; lúa,chấm xám; sương mai; đạo ôn,
KT-Oligosa 0.5SL,Oligosaccharins,Thuốc trừ bệnh,Công ty TNHH TM DV NN Kiên Thịnh,cà chua; dưa hấu; lúa; sầu riêng; ớt,giả sương mai; sương mai; thán thư; đạo ôn,
Tutola 2.0SL,Oligosaccharins,Thuốc trừ bệnh,Công ty CP BVTV I TW,chè; cà chua; hoa cúc; lúa,chấm xám; rỉ sắt; sương mai; đạo ôn,
Vdimin 5SL,Oligosaccharins,Thuốc trừ bệnh,Công ty CP Quốc tế Việt Đức,dưa chuột,giả sương mai,
Oli gold 100WP,Oligosaccharins 75g/kg + Zhongshengmycin 25g/kg,Thuốc trừ bệnh,Công ty TNHH Nông nghiệp New Season,cà chua; hành; lúa,bạc lá; héo xanh vi khuẩn; thối nhũn vi khuẩn,
Zorvec® Enicade® 10 OD,Oxathiapiprolin (min 95%),Thuốc trừ bệnh,Công ty TNHH Corteva Agriscience Việt Nam,cà chua,sương mai,
Cadatil 33.5SC,Oxine Copper (min 99%),Thuốc trừ bệnh,Công ty TNHH TM Anh Thơ,lúa,cháy bìa lá,
Batista 33.5SC,Oxine Copper (min 99%),Thuốc trừ bệnh,Sinon Corporation,lúa,bạc lá,
Funsave 33.5SC,Oxine Copper (min 99%),Thuốc trừ bệnh,Công ty CP Global Farm,lúa,bạc lá,
Piracop 40SC,Oxine copper 30% + Pyraclostrobin 10%,Thuốc trừ bệnh,Công ty TNHH TM Hải Thụy,lạc,đốm nâu,
G-start 200WP,Oxolinic acid (min 93%),Thuốc trừ bệnh,Công ty TNHH Hoá sinh Á Châu,lúa,bạc lá,
Jesmin 200WP,Oxolinic acid (min 93%),Thuốc trừ bệnh,Công ty TNHH TM SX Thôn Trang,lạc,héo xanh,
Oka 20WP,Oxolinic acid (min 93%),Thuốc trừ bệnh,Công ty CP SX - TM - DV Ngọc Tùng,lúa,bạc lá,
Oxalin 200WP,Oxolinic acid (min 93%),Thuốc trừ bệnh,Công ty TNHH TM - DV Thanh Sơn Hóa Nông,héo dây thối; khoai lang; lúa,bạc lá; củ,
Oxo 200WP,Oxolinic acid (min 93%),Thuốc trừ bệnh,Công ty TNHH Đầu tư và Phát triển Ngọc Lâm,lúa,bạc lá,
Sieu tar 20WP,Oxolinic acid (min 93%),Thuốc trừ bệnh,Công ty TNHH MTV BVTV Thạnh Hưng,lúa,bạc lá,
Starner 20WP,Oxolinic acid (min 93%),Thuốc trừ bệnh,Công ty TNHH Hóa chất Sumitomo Việt Nam,hoa cúc; lúa,bạc lá; héo xanh; lem lép hạt,
Starwiner 20WP,Oxolinic acid (min 93%),Thuốc trừ bệnh,Công ty CP Công nghệ Nông nghiệp Chiến Thắng,lúa,bạc lá; lem lép hạt,
Violet 200WP,Oxolinic acid (min 93%),Thuốc trừ bệnh,Công ty CP Kiên Nam,hoa hồng; ngô,khô vằn; thán thư,
Dorter 750WP,Oxolinic acid 600g/kg + Salicylic acid 150g/kg,Thuốc trừ bệnh,Công ty TNHH An Nông,bạc; hoa hồng; lúa,lá; thán thư,
Map lotus 125WP,Oxolinic acid 100g/kg + Streptomycin sulfate 25g/kg,Thuốc trừ bệnh,Map Pacific Pte Ltd,lúa,bạc lá; thối bẹ; thối hạt,
Lino oxto 200WP,Oxolinic acid 100g/kg + Streptomycin sulfate 100g/kg,Thuốc trừ bệnh,Công ty CP Liên Nông Việt Nam,cao su; lúa; phấn,bạc lá; trắng,
Tryxo 750WP,Oxolinic acid 200g/kg + Tricyclazole 550g/kg,Thuốc trừ bệnh,Công ty TNHH Hóa sinh Á Châu,lúa,bạc lá,
Usastano 500WP,Oxytetracycline,Thuốc trừ bệnh,Công ty TNHH An Nông,bắp cải; lúa; đốm,bạc lá; vòng,
Miksabe 100WP,Oxytetracycline 50g/kg + Streptomycin 50g/kg,Thuốc trừ bệnh,Công ty TNHH TM DV Tấn Hưng,bắp cải; cam; cà chua; cà phê; dưa chuột; dưa hấu; hoa cúc; hoa hồng; hoa ly; lúa; thuốc lá,bạc lá; héo cây con; héo rũ; héo rũ cây con; héo xanh; lem lép hạt; loét; phấn trắng; sẹo; thối gốc; thối hoa; thối nhũn; thối quả; thối đen gân lá; đốm lá; đốm sọc vi khuẩn,
Oxycin 100WP,Oxytetracycline 50g/kg + Streptomycin 50g/kg,Thuốc trừ bệnh,Công ty TNHH Hóa chất Đại Nam Á,bắp cải,thối nhũn,
Marthian 90SP,Oxytetracycline hydrochloride 55% (550g/kg) + Streptomycin sulfate 35% (350g/kg),Thuốc trừ bệnh,Công ty TNHH Hạt giống HANA,cà chua,héo xanh,
Ychatot 900SP,Oxytetracycline hydrochloride 55% (550g/kg) + Streptomycin sulfate 35% (350g/kg),Thuốc trừ bệnh,Công ty CP ĐT TM và PTNN ADI,bạc; cà chua; lúa,héo xanh; lá,
Centertaner 500WP,Oxytetracycline 400 g/kg + Streptomycin 100 g/kg,Thuốc trừ bệnh,Công ty TNHH An Nông,cải xanh; lúa; đốm,bạc lá; đen,
Banking 110WP,Oxytetracycline 50g/kg + Streptomycin 50g/kg + Gentamicin 10g/kg,Thuốc trừ bệnh,Công ty TNHH TM DV Tấn Hưng,cà chua; héo; hồ tiêu; lúa; thanh long; thán,bạc lá; chết nhanh; thư; xanh,
Avikhuan 102SP,Oxytetracycline hydrochloride 2g/kg +,Thuốc trừ bệnh,Công ty CP XNK nông dược Hoàng Ân,lúa,bạc lá,
Goldfull 500WP,Oxytetracycline 300g/kg + Tetramycin 200g/kg,Thuốc trừ bệnh,Công ty TNHH An Nông,gừng; hành; lúa; ớt,bạc lá; cháy bìa lá; thán thư; thối củ; thối nhũn,
Bionema 80WP,Paecilomyces lilacinus,Thuốc trừ bệnh,Trung tâm công nghệ sinh học TP. Hồ Chí Minh,cà phê; dưa lưới; hồ tiêu,tuyến trùng,
Manecer 200WP,Paecilomyces lilacinus,Thuốc trừ bệnh,Công ty CP Nông dược HAI,hồ tiêu; thanh long,tuyến trùng,
Nemaces 108 cfu/g WP,Paecilomyces lilacinus,Thuốc trừ bệnh,Công ty CP Tập đoàn Lộc Trời,cam; chuối; cà phê; cà rốt; hồ tiêu; thanh long,tuyến trùng,
Padave 106 WP,Paecilomyces lilacinus,Thuốc trừ bệnh,Công ty TNHH Công nghệ sạch Nông nghiệp,cà chua; thuốc lá,tuyến trùng,
Palila 500WP (5 x 109cfu/g),Paecilomyces lilacinus,Thuốc trừ bệnh,Công ty TNHH Nông Sinh,cà chua; cà phê; cà rốt; hồ tiêu; lạc; thuốc lá,tuyến trùng,
Panda 10 x 108 WP,Paenibacillus polymyza,Thuốc trừ bệnh,Công ty TNHH Gap Agro,cà chua; dưa chuột; dưa hấu,héo xanh vi khuẩn; thán thư; đốm góc cạnh,
MAP Oni 2 SL,Papain,Thuốc trừ bệnh,Map Pacific Pte Ltd,bắp cải; cam; cà chua; lúa,bạc lá; héo xanh vi khuẩn; loét; thối nhũn,
Penazon 100EC,Penconazole (min 95%),Thuốc trừ bệnh,Công ty TNHH Việt Hoá Nông,lúa,đạo ôn,
Toshiro 10EC,Penconazole (min 95%),Thuốc trừ bệnh,Công ty CP BMC Vĩnh Phúc,hoa cúc; hoa hồng; đốm mắt,cua; phấn trắng,
Ω-Penco 20EW,Penconazole (min 95%),Thuốc trừ bệnh,Công ty TNHH MTV BVTV Omega,cà phê,rỉ sắt,
Pencobin 25SC,Penconazole 10% + Pyraclostrobin 15%,Thuốc trừ bệnh,Công ty CP Hóa sinh Alpha,cà phê,rỉ sắt,
Alfaron 250 WP,Pencycuron (min 98%),Thuốc trừ bệnh,Công ty TNHH Alfa (Sài gòn),chết rạp cây; lúa; đậu tương,con; khô vằn,
Forwaceren 25 WP,Pencycuron (min 98%),Thuốc trừ bệnh,Forward International Ltd,khoai tây; lúa; đổ ngã cây,con; khô vằn,
Luster 250 SC,Pencycuron (min 98%),Thuốc trừ bệnh,Công ty CP BVTV Sài Gòn,lúa,khô vằn,
Monceren 250 SC,Pencycuron (min 98%),Thuốc trừ bệnh,Công ty TNHH TM - DV Thanh Sơn Hóa Nông,bông vải; chết; lúa; lạc; lở cổ,khô vằn; rễ; ẻo,
Moren 25 WP,Pencycuron (min 98%),Thuốc trừ bệnh,Công ty CP BVTV I TW,chết ẻo cây; dưa chuột; khô; lúa; lạc; lở cổ; ngô,con; khô vằn; rễ; vằn,
Vicuron 250 SC,Pencycuron (min 98%),Thuốc trừ bệnh,Công ty CP Thuốc sát trùng Việt Nam,bông vải; lúa; lở cổ,khô vằn; rễ,
Arakawa 270WP,Pencycuron 150g/kg + Tebuconazole 120g/kg,Thuốc trừ bệnh,Công ty TNHH TM-SX GNC,lúa,lem lép hạt,
Teb 270WP,Pencycuron 150g/kg + Tebuconazole 120g/kg,Thuốc trừ bệnh,Sundat (S) PTe Ltd,hoa cúc; lúa; lở cổ,lem lép hạt; rễ,
Kabina 200SC,Penthiopyrad (min 98.8%),Thuốc trừ bệnh,"Mitsui Chemicals Crop & Life Solutions, Inc",thanh long,đốm nâu,
Quintect 10SC,Picarbutrazox (min 94.5%),Thuốc trừ bệnh,Công ty TNHH FMC Việt Nam,cà chua; dưa hấu,giả sương mai; sương mai,
Dofine 0.5SL,Physcion,Thuốc trừ bệnh,Công ty TNHH BVTV Đồng Phát,bí đao; lúa; thanh long; đạo; đốm,nâu; phấn trắng; ôn,
AA Yaki 30SC,Picoxystrobin (min 98.5%),Thuốc trừ bệnh,Công ty TNHH XNK TM Agriasian,xoài,thán thư,
Aproach® 250SC,Picoxystrobin (min 98.5%),Thuốc trừ bệnh,Công ty TNHH Corteva Agriscience Việt Nam,lúa; xoài,khô vằn; lem lép hạt; thán thư; đạo ôn,
Coxy 225SC,Picoxystrobin (min 98.5%),Thuốc trừ bệnh,Công ty TNHH Á Châu Hoá Sinh,xoài,thán thư,
Master Plus 225SC,Picoxystrobin (min 98.5%),Thuốc trừ bệnh,Công ty TNHH Master AG,ngô,đốm lá,
Picobin 250SC,Picoxystrobin (min 98.5%),Thuốc trừ bệnh,Công ty TNHH Phú Nông,cà chua; lúa; đốm,lem lép hạt; vòng; đạo ôn,
Picothaobin 250SC,Picoxystrobin (min 98.5%),Thuốc trừ bệnh,Công ty TNHH BVTV Thảo Điền,cà chua,đốm vòng,
Ω-Pico 225SC,Picoxystrobin (min 98.5%),Thuốc trừ bệnh,Công ty TNHH MTV BVTV Omega,thanh long,thán thư,
Ace pypro 30SC,Picoxystrobin 10% + Propiconazole 20%,Thuốc trừ bệnh,Công ty CP ACE Biochem Việt Nam,cà phê,rỉ sắt,
Suntioo 190SC,Picoxystrobin 70g/l + Propiconazole 120g/l,Thuốc trừ bệnh,Công ty CP Nông nghiệp HP,lúa; đậu tương,lem lép hạt; rỉ sắt; đạo ôn,
Picoros 300SC,Picoxystrobin 250g/l + Prothioconazole 50g/l,Thuốc trừ bệnh,Công ty TNHH Phú Nông,cà chua; lúa; mít; thanh long,lem lép hạt; mốc sương; nứt thân xì mủ; đạo ôn; đốm nâu,
Salsa 27.11SC,Picoxystrobin 6.78% + Tricyclazole 20.33%,Thuốc trừ bệnh,Công ty TNHH Arysta LifeScience Việt Nam,cà phê; hồ tiêu,rỉ sắt; thán thư,
Agri-Fos 400SL,Phosphorous acid,Thuốc trừ bệnh,Công ty CP Phát triển CN sinh học (DONA- Techno),cao su; hồ tiêu; lúa; sầu riêng; thanh long; vàng rụng,bạc lá; bệnh do nấm phythophthora; chết nhanh; khô vằn; lem lép hạt; lá; vàng lá thối rễ; xử lý hạt giống trừ bệnh đạo ôn; đạo ôn; đốm nâu,
Ceres 600SL,Phosphorous acid,Thuốc trừ bệnh,Công ty CP Hợp Trí Summit,sầu riêng,nứt thân chảy nhựa,
Herofos 400 SL,Phosphorous acid,Thuốc trừ bệnh,Công ty CP BVTV An Hưng Phát,cà phê; cải bắp; cỏ sân golf; hồ tiêu; lúa; nho; thanh long,bạc lá; chết nhanh; mốc sương; tuyến trùng; đạo ôn; đốm nâu,
Hortiphos 600SL,Phosphorous acid,Thuốc trừ bệnh,Công ty TNHH Agmin Vietnam,sầu riêng,xì mủ,
Phytofos 600SL,Phosphorous acid,Thuốc trừ bệnh,Công ty TNHH TM Vĩnh Thạnh,khoai tây; sương; sầu riêng,mai; nứt thân xì mủ,
Sprayphos 620SL,Phosphorous acid,Thuốc trừ bệnh,Công ty TNHH SX-TM Tô Ba,cam; cà chua; hồ tiêu; quýt; sầu riêng,chết nhanh; sương mai; xì mủ,
Polyoxin AL 10WP,Polyoxin complex (min 31%),Thuốc trừ bệnh,Sumitomo Corporation Vietnam LLC,chảy; dưa hấu; hành; thanh long; thán; ớt,gôm; thư; đốm lá,
"5 Lua 3SL, 20WP",Polyoxin B,Thuốc trừ bệnh,Công ty TNHH Việt Thắng,bầu bí; cà chua; lúa,bạc lá; khô vằn; phấn trắng; sương mai; đạo ôn,
Bio Top 30WP,Polyoxin B,Thuốc trừ bệnh,Công ty CP Công nghệ cao Kyoto Japan,cải bắp; hành; sưng,rễ; đốm lá,
Caligold 20WP,Polyoxin B,Thuốc trừ bệnh,Công ty TNHH Thuốc BVTV Liên doanh Nhật Mỹ,lúa,bạc lá,
"Ellestar 3SL, 20WP, 30SC",Polyoxin B,Thuốc trừ bệnh,Công ty CP Thuốc BVTV Việt Trung,bầu bí; bắp cải; cam; cà chua; khô; lem lép hạt; lúa; xoài,lở cổ rễ; phấn trắng; sương mai; sẹo; vằn,
Indicater 10WP,Polyoxin B,Thuốc trừ bệnh,Công ty TNHH Hóa nông Á Châu Hà Nội,hoa hồng,phấn trắng,
Ortega 10WP,Polyoxin B,Thuốc trừ bệnh,Công ty TNHH BVTV Akita Việt Nam,ớt,phấn trắng,
Super poly 50SL,Polyoxin B,Thuốc trừ bệnh,Sino Ocean Enterprises Limited,lúa,đạo ôn,
Staroxin 10WP,Polyoxin B,Thuốc trừ bệnh,Công ty CP Biostars,lúa,bạc lá,
Awesome 10WP,Polyoxin B 4% + Pyraclostrobin 6%,Thuốc trừ bệnh,Công ty CP Công nghệ cao Kyoto Japan,khoai tây,sương mai,
Chubeca 1.8SL,"Polyphenol chiết xuất từ cây núc nác (Oroxylum indicum) và lá, vỏ cây liễu (Salix babylonica)",Thuốc trừ bệnh,Trung tâm nghiên cứu và phát triển công nghệ hóa sinh,bắp cải; cam; cải xanh; ghẻ; hành; lúa; ngô; nhãn; thanh long; xoài; đốm; ớt,bạc lá; héo rũ; khô vằn; lem lép hạt; lá; lở cổ rễ; nhám; nhện lông nhung; thán thư; thối nhũn; đạo ôn; đốm nâu,
Agrivil 250EC,Prochloraz (min 97%),Thuốc trừ bệnh,Công ty TNHH Việt Thắng,lúa,khô vằn,
Atilora 48EC,Prochloraz (min 97%),Thuốc trừ bệnh,Asiagro Pacific Ltd,lúa,lem lép hạt,
Azopro Top 450EW,Prochloraz (min 97%),Thuốc trừ bệnh,Công ty TNHH Pesticide Nhật Bản,cà phê,thán thư,
Dailora 25EC,Prochloraz (min 97%),Thuốc trừ bệnh,Công ty CP Futai,lúa,lem lép hạt,
Khabib 250EC,Prochloraz (min 97%),Thuốc trừ bệnh,Công ty TNHH TM SX Thôn Trang,cà phê; lạc,thán thư; đốm nâu,
Satno 250EC,Prochloraz (min 97%),Thuốc trừ bệnh,Công ty TNHH World Vision (VN),cà phê,thán thư,
Talent 500WP,Prochloraz (min 97%),Thuốc trừ bệnh,Công ty TNHH Alfa (Sài gòn),cà phê,thán thư,
Thanstar 50WP,Prochloraz-Manganese complex,Thuốc trừ bệnh,Công ty CP SX – TM - DV Ngọc Tùng,cao su; cà phê,thán thư,
Trinong 50WP,Prochloraz-Manganese complex,Thuốc trừ bệnh,Công ty CP BMC Vĩnh Phúc,lúa,khô vằn; lem lép hạt; thối thân; đạo ôn,
Shimizu 50WP,Prochloraz-Manganese chloride complex,Thuốc trừ bệnh,Công ty CP BMC Việt Nam,hoa mai,đốm lá (cháy lá),
Picoraz 490 EC,Prochloraz 400 g/l + Propiconazole 90 g/l,Thuốc trừ bệnh,Công ty TNHH Adama Việt Nam,lúa; lạc,lem lép hạt; đạo ôn; đốm lá,
"Forlione 265EW, 310EC, 715WP, 750WG","Prochloraz 255g/l, (309.9g/l), (10g/kg), 250g/kg + Propineb 10g/l, (0.1g/l), (705g/kg), 500g/kg",Thuốc trừ bệnh,Công ty CP thuốc BVTV Việt Trung,lúa,lem lép hạt,
Mergent Plus 40EW,Prochloraz 30% + Pyraclostrobin 10%,Thuốc trừ bệnh,"Shandong Runke Chemical Co., Ltd",lạc; điều,chết cây con; thán thư,
Sunbeam 45EW,Prochloraz 30% + Tebuconazole 15%,Thuốc trừ bệnh,Công ty TNHH TM và SX Ngọc Yến,cà phê; lúa; lạc,lem lép hạt; thán thư; đốm nâu,
AGsouthstar 42WP,Prochloraz-Manganese chloride complex 35% + Tebuconazole 7%,Thuốc trừ bệnh,Công ty TNHH MTV Sao Phương Nam AG,lạc,đốm nâu,
Sun Coloraz 400EW,Prochloraz 267 g/l + Tebuconazole 133 g/l,Thuốc trừ bệnh,Công ty CP Sunseaco Việt Nam,lạc,đốm lá,
Tepro 400EW,Prochloraz 267 g/l + Tebuconazole 133 g/l,Thuốc trừ bệnh,Công ty TNHH TM DV XNK Global Ecotech,cà phê,thán thư,
Tilrice 410EC,Prochloraz 250g/l + Tebuconazole 160g/l,Thuốc trừ bệnh,Công ty CP thuốc BVTV Việt Trung,lạc,đốm lá,
Prozamide 300SC,Prochloraz 250g/l + Thifluzamide 50g/l,Thuốc trừ bệnh,Công ty TNHH Hóa nông Á Châu Hà Nội,cà phê,thán thư,
"Anizol 430SC, 75WP","Prochloraz 420g/l (10g/kg), + Tricyclazole 10g/l (65g/kg)",Thuốc trừ bệnh,Công ty CP Vagritex,lúa,hạt; đạo ôn,
"Rexcide 430SC, 515WP","Prochloraz 400g/l (10g/kg) + Sulfur 20g/l (450g/kg), (300g/kg) + Tricyclazole 10g/l (55g/kg)",Thuốc trừ bệnh,Công ty CP Thuốc BVTV Việt Trung,lúa,hạt; đạo ôn,
Hussa 722SL,Propamocarb.HCl (min 92%),Thuốc trừ bệnh,Công ty CP BVTV ATC,dưa hấu; lạc; sầu riêng,chết cây con; nứt thân xì mủ; sương mai,
Paro 722SL,Propamocarb.HCl (min 92%),Thuốc trừ bệnh,Công ty TNHH Á Châu Hóa Sinh,cà chua,sương mai,
Probull 722SL,Propamocarb.HCl (min 92%),Thuốc trừ bệnh,Công ty TNHH Trường Thịnh,hồ tiêu,tuyến trùng,
Proplant 722 SL,Propamocarb.HCl (min 92%),Thuốc trừ bệnh,Công ty TNHH Kiên Nam,cam; chết ẻo cây; dưa hấu; hồ tiêu; lạc; nứt thân chảy; xì,con; mủ; nhựa; nấm trong đất,
SV Hebula 66.5SL,Propamocarb.HCl (min 92%),Thuốc trừ bệnh,Công ty TNHH Saturn Chemical Việt Nam,hồ tiêu,chết nhanh,
Treppach Bul 607SL,Propamocarb.HCl (min 92%),Thuốc trừ bệnh,Agria S.A,cao su; cà chua; dưa chuột; hồ tiêu; sương; sầu riêng; xì,chết nhanh; loét sọc mặt cạo; mai; mốc sương; mủ,
Zamil 722SL,Propamocarb.HCl (min 92%),Thuốc trừ bệnh,Công ty CP Nicotex,nho,mốc sương,
Previcur Energy 840 SL,Propamocarb 530 g/l + Fosetyl-aluminium 310g/l,Thuốc trừ bệnh,Bayer Vietnam Ltd (BVL),cà chua (sử dụng trong vườm ươm),chết rạp,
Vaba super 525SL,Propamocarb hydrochloride 500g/l + Kasugamycin 25g/l,Thuốc trừ bệnh,Công ty TNHH Agricare Việt Nam,hồ tiêu,chết nhanh,
Agrozo 250 EC,Propiconazole (min 90%),Thuốc trừ bệnh,Công ty TNHH Alfa (Sài gòn),lúa,lem lép hạt; thối thân,
Bumper 250 EC,Propiconazole (min 90%),Thuốc trừ bệnh,Công ty TNHH Adama Việt Nam,cà phê; lúa; rỉ,khô vằn; sắt,
Canazole 250 EC,Propiconazole (min 90%),Thuốc trừ bệnh,Công ty CP TST Cần Thơ,lúa; rỉ; đậu tương,lem lép hạt; sắt,
Catcat 250EC,Propiconazole (min 90%),Thuốc trừ bệnh,Công ty CP Nông dược HAI,lúa,khô vằn; lem lép hạt,
Fordo 250 EC,Propiconazole (min 90%),Thuốc trừ bệnh,Forward International Ltd,lúa,khô vằn,
Fungimaster 250EC,Propiconazole (min 90%),Thuốc trừ bệnh,Công ty TNHH Việt Hoá Nông,cà phê; lúa,khô vằn; lem lép hạt; rỉ sắt,
Lunasa 25 EC,Propiconazole (min 90%),Thuốc trừ bệnh,Công ty CP BVTV Sài Gòn,cà phê; lúa; rỉ,lem lép hạt; sắt,
Propytil 250EC,Propiconazole (min 90%),Thuốc trừ bệnh,Công ty TNHH BVTV Đồng Phát,lúa,lem lép hạt,
Starsai 300EC,Propiconazole (min 90%),Thuốc trừ bệnh,Công ty CP Công nghệ cao Thuốc BVTV USA,lúa,lem lép hạt,
Tien sa 250 EC,Propiconazole (min 90%),Thuốc trừ bệnh,Công ty TNHH XNK Quốc tế SARA,lúa,lem lép hạt,
Tilusa super 300EC,Propiconazole (min 90%),Thuốc trừ bệnh,Công ty CP Quốc tế Hòa Bình,lúa,lem lép hạt; đạo ôn,
"Tinmynew 250 EC, 250EW",Propiconazole (min 90%),Thuốc trừ bệnh,Công ty TNHH US.Chemical,cà phê; lúa,hạt; khô vằn; rỉ sắt,
Tinix 250 EC,Propiconazole (min 90%),Thuốc trừ bệnh,Công ty TNHH Sản phẩm Công Nghệ Cao,cà phê; lúa; rỉ,lem lép hạt; sắt,
Tiptop 250 EC,Propiconazole (min 90%),Thuốc trừ bệnh,Công ty CP BVTV I TW,cà phê; lúa; rỉ,lem lép hạt; sắt,
Vitin New 250EC,Propiconazole (min 90%),Thuốc trừ bệnh,Công ty CP Thuốc sát trùng Việt Nam,lúa,lem lép hạt,
Farader 225EW,Propiconazole 125g/l + Tebuconazole 100g/l,Thuốc trừ bệnh,Công ty TNHH TM Nông Phát,lúa,khô vằn,
Folitasuper 300EC,Propiconazole 150g/l + Tebuconazole 150g/l,Thuốc trừ bệnh,Công ty TNHH Phú Nông,cà phê; lúa; lạc; đậu tương,khô vằn; lem lép hạt; rỉ sắt; đốm lá; đốm nâu,
TEPRO - Super 300EC,Propiconazole 150g/l + Tebuconazole 150g/l,Thuốc trừ bệnh,Công ty CP Hợp Trí Summit,cà phê; lúa; lạc; ngô; thán; điều; đốm,khô vằn; lem lép hạt; lá; thán thư; thư,
Tilgol super 300EC,Propiconazole 150g/l + Tebuconazole 150g/l,Thuốc trừ bệnh,Công ty CP Công nghệ cao Thuốc BVTV USA,cà phê; lúa; lạc; rỉ,lem lép hạt; sắt; đốm lá,
Gtop 400EC,Propiconazole 200g/l + Tebuconazole 200g/l,Thuốc trừ bệnh,Công ty TNHH Anh Dẩu Tiền Giang,lúa,đạo ôn,
Bembo 550SE,Propiconazole 150 g/l + Tebuconazole 50 g/l + Tricyclazole 350 g/l,Thuốc trừ bệnh,Công ty CP SX – TM - DV Ngọc Tùng,lúa,đạo ôn,
Bismer 780WP,Propiconazole 30g/kg + Tebuconazole 500g/kg + Trifloxystrobin 250g/kg,Thuốc trừ bệnh,"Công ty TNHH Hóa chất Phân bón, Thuốc BVTV Dubai",lúa,lem lép hạt,
Dotalia 525 SC,Propiconazole 125g/l + Tricyclazole 400g/l,Thuốc trừ bệnh,Công ty TNHH MTV BVTV Thạnh Hưng,lúa,đạo ôn,
Fao-gold 525 SE,Propiconazole 125g/l + Tricyclazole 400g/l,Thuốc trừ bệnh,Công ty CP SX Thuốc BVTV Omega,lúa,lem lép hạt,
Filia® 525 SE,Propiconazole 125g/l + Tricyclazole 400g/l,Thuốc trừ bệnh,Công ty TNHH Syngenta Việt Nam,lúa,đạo ôn,
Filyannong super 525SE,Propiconazole 125g/l + Tricyclazole 400g/l,Thuốc trừ bệnh,Công ty TNHH An Nông,lúa,đạo ôn,
Newlia Super 525SE,Propiconazole 125g/l + Tricyclazole 400g/l,Thuốc trừ bệnh,Công ty TNHH US.Chemical,lúa,đạo ôn,
Tillage-super 525SE,Propiconazole 125g/l + Tricyclazole 400g/l,Thuốc trừ bệnh,Công ty TNHH Việt Thắng,lúa,lem lép hạt; đạo ôn,
Nano Gold 555SC,Propiconazole 55g/l + Tricyclazole 500g/l,Thuốc trừ bệnh,Công ty TNHH UPL Việt Nam,lúa,đạo ôn,
"Novazole 525SE, 750WG",Propiconazole 125g/l (30g/kg) + Tricyclazole 400g/l (720 g/kg),Thuốc trừ bệnh,Công ty TNHH Agrohao VN,lúa,đạo ôn,
"Bumrosai 555SE, 650WP",Propiconazole 55 g/l (100g/kg) + Tricyclazole 500g/l (550g/kg),Thuốc trừ bệnh,Công ty CP ND Quốc tế Nhật Bản,lúa,đạo ôn,
"Rocksai super 425WP, 525SE",Propiconazole 25g/kg (125g/l) + Tricyclazole 400g/kg (400g/l),Thuốc trừ bệnh,Công ty TNHH Hóa Nông Lúa Vàng Hậu Giang,lúa,đạo ôn,
Finali 575SE,Propiconazole 125g/l + Tricyclazole 450 g/l,Thuốc trừ bệnh,Công ty TNHH TM SX Thôn Trang,lúa,đạo ôn,
Bimtil 550SE,Propiconazole 150g/l + Tricyclazole 400g/l,Thuốc trừ bệnh,Công ty CP SX - TM - DV Ngọc Tùng,lúa,lem lép hạt; đạo ôn,
TilBem Super 550SE,Propiconazole 150g/l + Tricyclazole 400g/l,Thuốc trừ bệnh,Công ty CP Quốc tế Hoà Bình,lúa,đạo ôn,
Tilbis super 550SE,Propiconazole 150g/l + Tricyclazole 400g/l,Thuốc trừ bệnh,Công ty CP nông dược Việt Nam,lúa,đạo ôn,
Tilmil super 550SE,Propiconazole 150g/l + Tricyclazole 400g/l,Thuốc trừ bệnh,Công ty CP Hóa Nông Mỹ Việt Đức,lúa,lem lép hạt,
Thiazol 44.9SE,Propiconazole 10.7% + Tricyclazole 34.2%,Thuốc trừ bệnh,Công ty TNHH Thuốc BVTV Thiên Bình,lạc,đốm nâu,
A-chacô 70WP,Propineb (min 80%),Thuốc trừ bệnh,Công ty TNHH TM Thái Phong,xoài,thán thư,
Aconeb 70WP,Propineb (min 80%),Thuốc trừ bệnh,Công ty CP Đồng Xanh,dưa chuột; lúa; nho; xoài,lem lép hạt; mốc sương; sương mai; thán thư,
Afico 70WP,Propineb (min 80%),Thuốc trừ bệnh,Công ty CP Nicotex,dưa hấu; hành; xoài,lở cổ rễ; sương mai; thán thư,
Alphacol 700WP,Propineb (min 80%),Thuốc trừ bệnh,Công ty CP Quốc tế Hòa Bình,nho; phấn; xoài,thán thư; trắng,
"Antracol 70WP, 70WG",Propineb (min 80%),Thuốc trừ bệnh,Bayer Vietnam Ltd (BVL),bưởi; bắp cải; cam; chè; chôm chôm; cà chua; cà phê; dưa chuột; hành; hồ tiêu; khoai tây; lúa; lạc; mồng tơi; ngô; nho; rau cải; sương; thanh long; thuốc lá; vải; xoài; điều; đậu tương,cháy sớm; khô vằn; lem lép hạt; mai; mốc xám; rỉ sắt; sương mai; thán thư; thư; thối cổ rễ; đạo ôn; đốm lá; đốm mắt cua; đốm quả; đốm vòng; đốm đen,
Bach 70WP,Propineb (min 80%),Thuốc trừ bệnh,Sinon Corporation,lúa,lem lép hạt,
Donacol super 700WP,Propineb (min 80%),Thuốc trừ bệnh,Công ty CP Smart Farm,xoài,thán thư,
Doremon 70WP,Propineb (min 80%),Thuốc trừ bệnh,Công ty TNHH An Nông,khoai tây; lúa; xoài,lem lép hạt; sương mai; thán thư,
Dovatracol 72WP,Propineb (min 80%),Thuốc trừ bệnh,Công ty TNHH Thuốc BVTV Đồng Vàng,chanh; cà phê; dưa hấu; hồ tiêu; lúa; sầu riêng; xoài,ghẻ nhám; lem lép hạt; sương mai; thán thư,
Ekawa 800WP,Propineb (min 80%),Thuốc trừ bệnh,Công ty CP Công nghệ cao Kyoto Japan,thuốc lá,đốm lá,
Finish 700WP,Propineb (min 80%),Thuốc trừ bệnh,Công ty CP Hóa chất SAM,cà phê,thán thư,
Newtracon 70 WP,Propineb (min 80%),Thuốc trừ bệnh,Công ty TNHH TM Tân Thành,bắp cải; cam; cà chua; cà phê; dưa hấu; hành; hồ tiêu; khoai lang; lúa; lạc; nho; vải; xoài; điều,ghẻ sẹo; lở cổ rễ; mốc sương; sương mai; thán thư; thối rễ chết nhanh; vàng lá; đạo ôn; đốm lá,
Nofacol 70WP,Propineb (min 80%),Thuốc trừ bệnh,"Công ty TNHH Hóa chất Phân bón, Thuốc BVTV Dubai",cà chua; thanh long; ớt,thán thư; đốm vòng,
Nova 70WP,Propineb (min 80%),Thuốc trừ bệnh,Công ty TNHH TM - DV Thanh Sơn Hóa Nông,cà chua; cà phê; xoài; đậu cô ve,thán thư,
Pylacol 700WP,Propineb (min 80%),Thuốc trừ bệnh,Albaugh Asia Pacific Limited,cần tây; lúa; xoài; ớt,thán thư; đạo ôn; đốm lá; đốm nâu,
Sienna 70WP,Propineb (min 80%),Thuốc trừ bệnh,Công ty TNHH Nam Bộ,dưa chuột,sương mai,
Startracon 70WP,Propineb (min 80%),Thuốc trừ bệnh,Công ty TNHH MTV BVTV Long An,hồ tiêu,chết nhanh,
Strancolusa 70WP,Propineb (min 80%),Thuốc trừ bệnh,Công ty TNHH TM SX Thôn Trang,cà phê,thán thư,
Tadashi 700WP,Propineb (min 80%),Thuốc trừ bệnh,Công ty CP GAP AP,cà phê; dưa hấu; hành; xoài,sương mai; thán thư,
Tamnong Propin 70WG,Propineb (min 80%),Thuốc trừ bệnh,Công ty TNHH SX và KD Tam Nông,ớt,thán thư,
Tobacol 70WP,Propineb (min 80%),Thuốc trừ bệnh,Công ty TNHH Syngenta Việt Nam,cao su; nho; thán; vàng rụng; xoài,lá; mốc sương; thư,
Yoshino 70WP,Propineb (min 80%),Thuốc trừ bệnh,Công ty TNHH TM-SX GNC,cao su; cà phê; hồ tiêu,chết nhanh; loét sọc mặt cạo; nấm hồng,
Zintracol 70WP,Propineb (min 80%),Thuốc trừ bệnh,Công ty TNHH Phú Nông,bắp cải; cà phê; dưa chuột; lúa; nho; xoài,lem lép hạt; phấn trắng; sương mai; thán thư; đạo ôn; đốm lá,
Jeezp 500WG,Propineb 450g/kg + Pyraclostrobin 50g/kg,Thuốc trừ bệnh,Công ty TNHH Được Mùa,dưa hấu,giả sương mai,
Rominbgo 70WP,Propineb 65% + Pyraclostrobin 5%,Thuốc trừ bệnh,Công ty TNHH Nông nghiệp Công nghệ xanh Bắc Giang,cà phê,rỉ sắt,
Capjapane 70WP,Propineb 65% + Tebuconazole 5%,Thuốc trừ bệnh,Công ty CP Newfarm Việt Nam,hoa hồng,rỉ sắt,
"Natisuper 270EW, 455SC, 715WP, 750WG","Propineb 10g/l (10g/l), (705g/kg), (500g/kg) + Tebuconazole 260g/l (445g/l), (10g/kg), (250g/kg)",Thuốc trừ bệnh,Công ty TNHH Thuốc BVTV Liên doanh Nhật Mỹ,lúa,lem lép hạt,
"Natitop 280EW, 420SC, 800WP","Propineb 10g/l (10g/l), (30g/kg) + Tebuconazole 260g/l (10g/l), (10g/kg) + Tricyclazole 10g/l (400g/l), (760g/kg)",Thuốc trừ bệnh,Công ty CP Thuốc BVTV Việt Trung,lúa,ôn,
ARC-carder 75WP,Propineb 70% + Triadimefon 5%,Thuốc trừ bệnh,Công ty TNHH TM và SX Ngọc Yến,cà phê; khoai tây; lúa; rỉ; đốm,lem lép hạt; sắt; vòng,
Felling 692WP,Propineb 542g/kg + Tricyclazole 150g/kg,Thuốc trừ bệnh,Công ty CP Nông dược HAI,lạc,đốm lá,
Activo super 648WP,Propineb 613g/kg + Trifloxystrobin 35g/kg,Thuốc trừ bệnh,Công ty CP GAP AP,cà phê; hành; nho; thanh long; vải; xoài,phấn trắng; sương mai; thán thư; đốm nâu,
Flint pro 648WG,Propineb 613g/kg + Trifloxystrobin 35g/kg,Thuốc trừ bệnh,Bayer Vietnam Ltd (BVL),bắp cải; cà chua; dưa chuột; dưa hấu; lúa; nhãn; rau cải; xoài; ớt,mốc xám; thán thư; đạo ôn; đốm lá,
Vikny 0.5 SL,Protein amylose,Thuốc trừ bệnh,Công ty TNHH TM và SX Ngọc Yến,bắp cải; cam; dưa hấu; hành; loét vi; lép vàng vi khuẩn; lúa; thối; thối gốc vi; ớt,bạc lá; khuẩn; nhũn; thán thư; thối nhũn; xử lý hạt giống bệnh lúa von,
Midas 30OD,Prothioconazole (min 95%),Thuốc trừ bệnh,Công ty TNHH Đầu tư và Phát triển Ngọc Lâm,cà phê,rỉ sắt,
Navypro 300SC,Prothioconazole (min 95%),Thuốc trừ bệnh,Công ty TNHH MTV BVTV Omega,lúa; thanh long; thán; xoài; đạo,thư; ôn; đốm nâu,
TT Tadol 480SC,Prothioconazole (min 95%),Thuốc trừ bệnh,Công ty TNHH TM Tân Thành,xoài,thán thư,
Pickleball 400SC,Prothioconazole 150g/l + Pyraclostrobin 250g/l,Thuốc trừ bệnh,Công ty TNHH Fujimoto Nhật Bản,hoa hồng,thán thư,
Tebul Cap 40SC,Prothioconazole 20% + Tebuconazole 20%,Thuốc trừ bệnh,Công ty TNHH Hóa sinh Mũ Xanh,lạc,đốm nâu,
Mdanzole 400SC,Prothioconazole 200 g/l + Tebuconazole 200 g/l,Thuốc trừ bệnh,Công ty CP Mạnh Đan,đậu tương,rỉ sắt,
Mobipro 420SC,Prothioconazole 210 g/l + Tebuconazole 210 g/l,Thuốc trừ bệnh,Công ty TNHH Phú Nông,lúa,đạo ôn,
Trithizole 325SC,Prothioconazole 175 g/l + Trifloxystrobin 150 g/l,Thuốc trừ bệnh,Công ty CP BVTV Asata Hoa Kỳ,hoa hồng,thán thư,
B Cure 1.75WP,Pseudomonas fluorescens,Thuốc trừ bệnh,Công ty CP Hợp Trí Summit,cà chua; lúa; nho; đậu tương; ớt,giả sương mai; khô vằn; khô đầu lá; lúa von; lở cổ rễ; mốc xám; thối bẹ; đạo ôn; đốm gạch; đốm lá; đốm nâu,
Sudo 0.5WP,Pseudomonas fluorescens,Thuốc trừ bệnh,Công ty CP Newfarm Việt Nam,đậu tương,héo rũ,
TKS-Anti Phytop WP,Pseudomonas fluorescens,Thuốc trừ bệnh,Công ty TNHH Thủy Kim Sinh,chanh; hồ tiêu; thán,chết nhanh; thư,
Topfast 311WP,Pseudomonas fluorescens,Thuốc trừ bệnh,Công ty CP ACE Biochem Việt Nam,cà chua,héo xanh vi khuẩn,
Miravis® 200SC,Pydiflumetofen (min 98%),Thuốc trừ bệnh,Công ty TNHH Syngenta Việt Nam,cam; thanh long; ớt,ghẻ; phấn trắng; đốm nâu,
Century New 300SC,Pyraclostrobin (min 95%),Thuốc trừ bệnh,Công ty TNHH Công nghệ Nhật Bản STJ,cà phê,rỉ sắt,
Coranto 250SC,Pyraclostrobin (min 95%),Thuốc trừ bệnh,Công ty TNHH SX và TM Tinh Hóa,khoai tây,sương mai,
Eva 250SC,Pyraclostrobin (min 95%),Thuốc trừ bệnh,Công ty TNHH MTV BVTV Long An,đậu tương,rỉ sắt,
Hansam 25SC,Pyraclostrobin (min 95%),Thuốc trừ bệnh,Công ty CP SX - TM - DV Ngọc Tùng,cải bắp; dưa hấu; ngô,rỉ sắt; thán thư; đốm vòng,
Hao Bach Nien 25SC,Pyraclostrobin (min 95%),Thuốc trừ bệnh,Công ty TNHH World Vision (VN),ca cao,thán thư,
Hi-top 250SC,Pyraclostrobin (min 95%),Thuốc trừ bệnh,Công ty CP Global Farm,cà phê,rỉ sắt,
Highline 150SC,Pyraclostrobin (min 95%),Thuốc trừ bệnh,"Beijing Bioseen Crop Sciences Co., Ltd",lạc,đốm lá,
Kaiser 250EC,Pyraclostrobin (min 95%),Thuốc trừ bệnh,Công ty CP Nicotex Nam Thái Dương,cam,ghẻ sẹo,
Koko 25SC,Pyraclostrobin (min 95%),Thuốc trừ bệnh,Công ty CP Nông dược Việt Nam,cà chua,sương mai,
Kanto 250SC,Pyraclostrobin (min 95%),Thuốc trừ bệnh,Công ty TNHH Đầu tư và Phát triển Ngọc Lâm,khoai tây,sương mai,
Kratos 250SC,Pyraclostrobin (min 95%),Thuốc trừ bệnh,Công ty TNHH BVTV Akita Việt Nam,điều,thán thư,
Mdbin 250SC,Pyraclostrobin (min 95%),Thuốc trừ bệnh,Công ty CP Mạnh Đan,cà phê; thán; xoài,rỉ sắt; thư,
Mastery 25SC,Pyraclostrobin (min 95%),Thuốc trừ bệnh,Công ty TNHH Agro Việt,khoai tây,sương mai,
Milife super 250SC,Pyraclostrobin (min 95%),Thuốc trừ bệnh,Công ty TNHH Pesticide Nhật Bản,cà phê,nấm hồng,
Miterbin 25SC,Pyraclostrobin (min 95%),Thuốc trừ bệnh,Công ty CP Hitaka,hồ tiêu,thán thư,
Nevi-Kepler 200CS,Pyraclostrobin (min 95%),Thuốc trừ bệnh,Công ty CP Newfarm Việt Nam,cà phê,rỉ sắt,
Otkunka 250SC,Pyraclostrobin (min 95%),Thuốc trừ bệnh,Công ty CP Tập đoàn King Elong,cà phê,rỉ sắt,
Pilino 250SC,Pyraclostrobin (min 95%),Thuốc trừ bệnh,Công ty CP Hóc Môn,ngô; thanh long; thối,cành; đốm lá nhỏ,
Pyra Cap 25SC,Pyraclostrobin (min 95%),Thuốc trừ bệnh,Công ty TNHH Hóa sinh Mũ Xanh,hoa hồng,phấn trắng,
Pyratado 25SC,Pyraclostrobin (min 95%),Thuốc trừ bệnh,Công ty CP Vật tư Tây Đô Long An,hoa hồng,đốm đen,
PyrazoleTV 25SC,Pyraclostrobin (min 95%),Thuốc trừ bệnh,Công ty TNHH Hóa chất và TM Trần Vũ,hoa hồng,đốm đen,
Smart Pro 250SC,Pyraclostrobin (min 95%),Thuốc trừ bệnh,Công ty CP Thuốc sát trùng Việt Nam,ớt,thán thư,
Sunline 25SC,Pyraclostrobin (min 95%),Thuốc trừ bệnh,Công ty TNHH Sun Agro,cà phê,thán thư,
Tanaka 265SC,Pyraclostrobin (min 95%),Thuốc trừ bệnh,Công ty TNHH Hoá sinh Vinchem,khoai tây,mốc sương,
Tanzent 20WG,Pyraclostrobin (min 95%),Thuốc trừ bệnh,Công ty TNHH hỗ trợ phát triển kỹ thuật và chuyển giao công nghệ,cà phê,thán thư,
Topsun 250SC,Pyraclostrobin (min 95%),Thuốc trừ bệnh,Công ty CP Vagritex,cà phê,rỉ sắt,
Trilosan 300SC,Pyraclostrobin (min 95%),Thuốc trừ bệnh,"Shanghai Synagy Chemicals Co., Ltd",dưa hấu,nứt thân xì mủ,
Youtup 250EC,Pyraclostrobin (min 95%),Thuốc trừ bệnh,Công ty TNHH TM DV Tấn Hưng,cà phê,thán thư,
Goruden 350SC,Pyraclostrobin 7% + Tebuconazole 28%,Thuốc trừ bệnh,"Beijing Bioseen Crop Sciences Co., Ltd",hoa hồng; lạc; ngô,phấn trắng; rỉ sắt,
Aglasoto 30SC,Pyraclostrobin 10% + Tebuconazole 20%,Thuốc trừ bệnh,Công ty TNHH MTV Sao Phương Nam AG,đậu tương,rỉ sắt,
Tebeauty 30SC,Pyraclostrobin 10% + Tebuconazole 20%,Thuốc trừ bệnh,"Shaanxi Bencai Agricultural Development Co., Ltd",cà phê,rỉ sắt,
Pilartep 345SC,Pyraclostrobin 115 g/l + Tebuconazole 230 g/l,Thuốc trừ bệnh,Pilarquim (Shanghai) Co. Ltd,cà phê,rỉ sắt,
BN-Tepy 45WP,Pyraclostrobin 8% + Tebuconazole 37%,Thuốc trừ bệnh,Công ty CP Bảo Nông Việt,cà phê,rỉ sắt,
Gongfu 20SC,Pyraclostrobin 10% + Thifluzamide 10%,Thuốc trừ bệnh,"Beijing Bioseen Crop Sciences Co., Ltd",hồ tiêu; điều,thán thư,
Parade 20SC,Pyraziflumid (min 96%),Thuốc trừ bệnh,Công ty TNHH Nichino Việt Nam,dưa chuột; hoa hồng; nho,chảy nhựa; nứt thân; phấn trắng; thán thư,
Halo Farm 40SC,Pyrimethanil (min 95%),Thuốc trừ bệnh,Công ty CP Hóa chất Nông nghiệp Hà Long,cà chua,mốc xám,
Rovia 420SC,Pyrimethanil (min 95%),Thuốc trừ bệnh,Công ty TNHH Được Mùa,hồ tiêu,chết nhanh,
Tilsom 400SC,Pyrimethanil (min 95%),Thuốc trừ bệnh,Công ty TNHH Trường Thịnh,hành,thối nhũn,
Mai 007 5SL,Pyrimidine Nucleotide Antibiotic,Thuốc trừ bệnh,Công ty CP Hợp Trí Summit,dưa chuột; lúa; thán; xoài; đạo,giả sương mai; thư; ôn,
Physan 20SL,Quaternary Ammonium Salts,Thuốc trừ bệnh,Công ty TNHH Hóa Nông Lúa Vàng Hậu Giang,cao su; lúa; phong lan; thối,bạc lá; lem lép hạt; lúa von; nhũn; nấm hồng; thối hạt vi khuẩn; thối thân; vàng rụng lá; đạo ôn,
Regalia 12SL,Reynoutria sachalinensis,Thuốc trừ bệnh,Công ty CP Hợp Trí Summit,cà chua; lúa,lem lép hạt; đốm lá vi khuẩn,
Sunfly SC,Rhodopseudomonas palustri PSB-S,Thuốc trừ bệnh,Công ty TNHH Á Châu Hóa sinh,cà chua; hành; đốm,lá; sương mai,
Uprise SC,Rhodovulum sulfidophilum HNI-1,Thuốc trừ bệnh,Công ty CP ACE Biochem Việt Nam,cà chua; thanh long; đốm; đốm lá vi; ớt,khuẩn; nâu; sương mai,
Conpho 200SC,Saisentong (min 95%),Thuốc trừ bệnh,Công ty TNHH Tấn Hưng Việt Nam,lạc,héo xanh,
Newsen 200SC,Saisentong (min 95%),Thuốc trừ bệnh,Công ty CP S New Rice,lạc,héo xanh,
Saisen-XO 200SC,Saisentong (min 95%),Thuốc trừ bệnh,Công ty TNHH Phú Nông,cam; lúa,bạc lá; loét,
Sasuke 200SC,Saisentong (min 95%),Thuốc trừ bệnh,Công ty CP Nông nghiệp HP,cam,loét,
Visen 20SC,Saisentong (min 95%),Thuốc trừ bệnh,Công ty CP Thuốc sát trùng Việt Nam,lúa,bạc lá; lem lép hạt,
Bacla 50SC,Salicylic Acid,Thuốc trừ bệnh,Công ty TNHH Hóa Sinh Á Châu,lúa,bạc lá; khô vằn,
Exin 4.5SC,Salicylic Acid,Thuốc trừ bệnh,Công ty TNHH ứng dụng công nghệ Sinh học,chết; cà chua; hồ tiêu; lúa,(Exin R) đạo ôn; bạc lá; nhanh; tươi,
Kiwin 50SC,Salicylic Acid,Thuốc trừ bệnh,Công ty CP Kiên Nam,cà chua; hoa hồng; hồ tiêu,chết nhanh; héo xanh vi khuẩn; thán thư,
Sparkup 800EC,Spiroxamine (min 95%),Thuốc trừ bệnh,"Shandong Weifang Rainbow Chemical Co., Ltd",ngô,khô vằn,
Actinovate 1 SP,Streptomyces lydicus,Thuốc trừ bệnh,Công ty TNHH Hóa Nông Lúa Vàng,bầu bí; bắp cải; cam; chè; cà chua; dâu tây; dưa chuột; dưa hấu; hành; hồ tiêu; khoai tây; lúa; nho; nhãn; phong lan; sầu riêng; thối; vải; xoài; đốm; ớt,búp; ghẻ loét; héo rũ do vi khuẩn; lem lép hạt; mốc xám; nứt dây chảy nhựa; phấn trắng; sương mai; thán thư; thối nhũn; thối nhũn do vi khuẩn; thối nứt trái do vi khuẩn; thối rễ; thối thân; thối trái; tuyến trùng; vàng lá; vòng; xì mủ thân; đốm vòng,
Actino-Iron 1.3 SP,Streptomyces lydicus 1.3% + Fe 21.9% + Humic acid 47%,Thuốc trừ bệnh,Công ty TNHH Hóa Nông Lúa Vàng,bầu bí; bắp cải; cam; cà chua; dâu tây; dưa chuột; dưa hấu; khoai tây; lúa; nho; nhãn; phong lan; sầu riêng; vải; xoài; ớt,ghẻ loét; héo rũ do vi khuẩn; lem lép hạt; mốc xám; nứt dây chảy nhựa; phấn trắng; sương mai; thán thư; thối nhũn do vi khuẩn; thối nứt trái do vi khuẩn; thối rễ; thối thân; thối trái; vàng lá; xì mủ thân; đốm vòng,
Acstreptocinsuper 40TB,Streptomycin sulfate,Thuốc trừ bệnh,Công ty TNHH Hoá sinh Á Châu,bắp cải; cam; thanh long,sẹo; thán thư; thối nhũn,
Goldnova 200WP,Streptomycin sulfate,Thuốc trừ bệnh,Công ty TNHH An Nông,lúa; xà lách,bạc lá; thối nhũn,
Kaisin 100WP,Streptomycin sulfate,Thuốc trừ bệnh,Công ty TNHH Việt Thắng,bạc lá; bắp cải; cam; dưa chuột; giả sương; lem lép; lúa,hạt; mai; sẹo; thối nhũn,
Liberty 100WP,Streptomycin sulfate,Thuốc trừ bệnh,Công ty TNHH Đầu tư và Phát triển Ngọc Lâm,bạc; bắp cải; cam; lúa,loét; lá; thối nhũn,
"Poner 40TB, 40SP",Streptomycin sulfate,Thuốc trừ bệnh,Công ty TNHH MTV Tô Nam Biotech,bắp cải,thối nhũn,
"Stepguard 100SP, 150TB",Streptomycin sulfate,Thuốc trừ bệnh,Công ty CP Quốc tế Agritech Hoa Kỳ,bắp cải; lúa,bạc lá; lá; thối nhũn,
Strepgold 100WP,Streptomycin sulfate,Thuốc trừ bệnh,Công ty TNHH Hoá chất và TM Trần Vũ,lúa,bạc lá,
Supervery 50WP,Streptomycin sulfate,Thuốc trừ bệnh,Công ty CP Thuôc BVTV Việt Trung,cam; cà chua; lúa; vải; xoài,bạc lá; lem lép hạt; sương mai; sẹo; thối quả; đạo ôn,
Yomistar 105WP,Streptomycin sulfate,Thuốc trừ bệnh,Công ty TNHH Thuốc BVTV Liên doanh Nhật Mỹ,lúa,lem lép hạt,
"Fulac 80WG, 80WP, 500SC",Sulfur (min 99%),Thuốc trừ bệnh,Công ty TNHH Hoá chất và TM Trần Vũ,cam; cao su; lúa,nhện gié; trắng; đỏ,
Hafurlac 80WG,Sulfur (min 99%),Thuốc trừ bệnh,Công ty CP TM Hải Ánh,hoa hồng,phấn trắng,
Kumulus 80WG,Sulfur (min 99%),Thuốc trừ bệnh,"BASF Vietnam Co., Ltd",cam; cao su; cà phê; lúa; nhện; phấn; xoài,gié; sẹo; trắng; đỏ,
Lipman 80WG,Sulfur (min 99%),Thuốc trừ bệnh,Công ty CP Nông dược HAI,cam; cao su; chôm chôm; lúa; xoài,nhện gié; phấn trắng; sẹo,
"Microthiol Special 80WG, 80WP",Sulfur (min 99%),Thuốc trừ bệnh,Công ty TNHH UPL Việt Nam,cam; chôm chôm; ngô; nho; rau cải; đốm,lá; nhện; phấn trắng; trắng,
"OK-Sulfolac 80WG, 80WP, 85SC",Sulfur (min 99%),Thuốc trừ bệnh,Công ty TNNH Ngân Anh,cam; chôm chôm; cà phê; lúa; nho; nhãn; nhện; xoài,gié; lem lép hạt; nhện lông nhung; phấn trắng; rỉ sắt; trắng; đỏ,
Scorcarb 80WG,Sulfur (min 99%),Thuốc trừ bệnh,Công ty CP BMC Vĩnh Phúc,dâu tây; xoài,phấn trắng,
"Sulfurindiavb 80WG, 55.16SC",Sulfur (min 99%),Thuốc trừ bệnh,Công ty TNHH Vbook Hoa Kỳ,hoa hồng,phấn trắng,
Sulfurluxthai 80WG,Sulfur (min 99%),Thuốc trừ bệnh,Công ty CP Sunseaco Việt Nam,vải,thán thư,
Sulox 80 WP,Sulfur (min 99%),Thuốc trừ bệnh,Công ty CP BVTV Sài Gòn,cao su; lúa; lạc; nhãn; vải; xoài,nhện gié; nhện lông nhung; phấn trắng; đốm lá,
T-Sulfur 50SC,Sulfur (min 99%),Thuốc trừ bệnh,Công ty CP Nông dược Nhật Thành,cam; xoài,phấn trắng; sẹo,
Haru 750WG,Sulfur 65% (650g/kg) + Tebuconazole 10% (100g/kg),Thuốc trừ bệnh,Công ty TNHH Hóa chất Sumitomo Việt Nam,cà phê,rỉ sắt,
Tebufurindiavb 75WG,Sulfur 65% (650g/kg) + Tebuconazole 10% (100g/kg),Thuốc trừ bệnh,Công ty TNHH Vbook Hoa Kỳ,hoa hồng,phấn trắng,
Novitop 850WP,Sulfur 100g/kg + Tebuconazole 250g/kg + Tricyclazole 500g/kg,Thuốc trừ bệnh,Công ty CP Nông Việt,lúa,lem lép hạt; đạo ôn,
Dimafur 20WP,Sulfur 10% + Triadimefon 10%,Thuốc trừ bệnh,Công ty CP TM SX - XNK Otuksa Nhật Bản,cà phê,rỉ sắt,
"Vieteam 42SC, 77WG, 82WP","Sulfur 2% (2%), (7%) + Tricyclazole 40% (75%), (75%)",Thuốc trừ bệnh,Công ty CP Thuốc BVTV Việt Trung,lúa,đạo ôn,
Bibim 750WP,Sulfur 50g/kg + Tricyclazole 700g/kg,Thuốc trừ bệnh,Công ty CP SX - TM - DV Ngọc Tùng,lúa,đạo ôn,
StarBem Super 750WP,Sulfur 250g/kg + Tricyclazole 500g/kg,Thuốc trừ bệnh,Công ty CP Quốc tế Hòa Bình,lúa,đạo ôn,
"Bimsuper 650SC, 855WP",Sulfur 450g/l (655g/kg)+ Tricyclazole 200g/l (200g/kg),Thuốc trừ bệnh,Công ty TNHH An Nông,lúa,đạo ôn,
Labem 85WP,Sulfur 35% + Tricyclazole 50%,Thuốc trừ bệnh,Công ty TNHH MTV BVTV Long An,lúa,đạo ôn,
Lionsul 575WP,Sulfur 350g/kg + Tricyclazole 225g/kg,Thuốc trừ bệnh,Công ty TNHH Hóa Nông Lúa Vàng Hậu Giang,lúa,đạo ôn,
Conaxel 150SC,Tebuconazole (min 95%),Thuốc trừ bệnh,Công ty TNHH TM DV Thanh Sơn Hoá Nông,cà phê; hồ tiêu; thối cổ,rễ; thán thư,
"Folicur 250EW, 250WG, 430SC",Tebuconazole (min 95%),Thuốc trừ bệnh,Bayer Vietnam Ltd (BVL),cao su; chết; hồ tiêu; lem lép; lúa; lạc; vàng rụng; điều; đạo ôn,chậm; chết chậm; hạt; khô vằn; lem lép hạt; lá; thán thư; xử lý hạt giống trừ bệnh lúa von; đạo ôn; đốm lá,
"Forlita 250EW, 430SC",Tebuconazole (min 95%),Thuốc trừ bệnh,Công ty TNHH Phú Nông,lem lép; lúa; lạc; đậu tương; đốm,chết cây con; hạt; khô vằn; lem lép hạt; lá; xử lý hạt giống trừ bệnh lúa von; đốm lá,
Fortil 25 SC,Tebuconazole (min 95%),Thuốc trừ bệnh,Công ty TNHH – TM Thái Nông,lúa,khô vằn; lem lép hạt; đạo ôn,
Fozeni 250EW,Tebuconazole (min 95%),Thuốc trừ bệnh,Công ty CP Nicotex,lúa,lem lép hạt,
Huibomb 25EW,Tebuconazole (min 95%),Thuốc trừ bệnh,Huikwang Corporation,lúa,khô vằn,
Jiacure 25EC,Tebuconazole (min 95%),Thuốc trừ bệnh,Công ty CP Jia Non Biotech (VN),lúa,lem lép hạt,
Milazole 250 EW,Tebuconazole (min 95%),Thuốc trừ bệnh,Công ty TNHH Adama Việt Nam,lúa,khô vằn,
"Poly annong 250EW, 250EC, 450SC",Tebuconazole (min 95%),Thuốc trừ bệnh,Công ty TNHH An Nông,lúa,khô vằn; lem lép hạt; von; đạo ôn,
Poticua 250EW,Tebuconazole (min 95%),Thuốc trừ bệnh,Công ty TNHH TM Thái Phong,lúa; lạc,chết cây con; lem lép hạt; xử lý hạt giống trừ bệnh lúa von,
"Provil 30EW, 450SC",Tebuconazole (min 95%),Thuốc trừ bệnh,Công ty TNHH TM Tân Thành,hoa hồng; hồ tiêu; lúa; đạo,chết chậm; lem lép hạt; phấn trắng; ôn; đạo ôn,
Sforlicuajapane 450SC,Tebuconazole (min 95%),Thuốc trừ bệnh,Công ty TNHH TM SX Thôn Trang,lúa; xử lý hạt giống trừ bệnh lúa,lem lép hạt; von,
Sieu tin 300EC,Tebuconazole (min 95%),Thuốc trừ bệnh,Công ty TNHH MTV BVTV Thạnh Hưng,lúa,lem lép hạt,
T.B.Zol 250EW,Tebuconazole (min 95%),Thuốc trừ bệnh,Công ty CP Thanh Điền,lúa,lem lép hạt,
Tebuzole 250 SC,Tebuconazole (min 95%),Thuốc trừ bệnh,Công ty CP Đồng Xanh,lúa,lem lép hạt,
Thianzole 12.5EW,Tebuconazole (min 95%),Thuốc trừ bệnh,Công ty TNHH Hóa sinh Á Châu,lúa,lem lép hạt,
Tien 250 EW,Tebuconazole (min 95%),Thuốc trừ bệnh,Công ty TNHH XNK Quốc tế SARA,lúa,khô vằn; lem lép hạt,
"T-zole super 250EW, 250SC",Tebuconazole (min 95%),Thuốc trừ bệnh,Công ty TNHH Hóa nông Mê Kông,khoai môn; lúa; lạc; đậu tương; đốm,hạt; nâu; vòng; đốm lá,
Vitebu 250SC,Tebuconazole (min 95%),Thuốc trừ bệnh,Công ty CP Thuốc sát trùng Việt Nam,lúa,lem lép hạt,
Beam™ Plus 360SC,Tebuconazole 160 g/l + Tricyclazole 200 g/l,Thuốc trừ bệnh,Công ty TNHH Corteva Agriscience Việt Nam,lúa,đạo ôn,
Dolalya 525SC,Tebuconazole 125g/l + Tricyclazole 400g/l,Thuốc trừ bệnh,Công ty TNHH MTV BVTV Long An,lúa,đạo ôn,
Gold-dog 525SC,Tebuconazole 250 g/l + Tricyclazole 275 g/l,Thuốc trừ bệnh,Công ty CP SX - TM - DV Ngọc Tùng,cà phê; thán; điều,rỉ sắt; thư,
Tivaho 700WP,Tebuconazole 500g/kg + Tricyclazole 200g/kg,Thuốc trừ bệnh,Công ty TNHH TM Thái Phong,lúa,lem lép hạt,
Map Unique 750WP,Tebuconazole 250g/kg + Tricyclazole 500g/kg,Thuốc trừ bệnh,Map Pacific Pte Ltd,cà phê; lúa; lạc; rỉ; thán thư; xử lý hạt giống trừ lúa,khô vằn; lem lép hạt; sắt; von; đạo ôn; đốm lá,
Novigold 800WP,Tebuconazole 250g/kg + Tricyclazole 550g/kg,Thuốc trừ bệnh,Công ty CP Nông Việt,lúa,khô vằn; lem lép hạt; đạo ôn,
Bourbo 360SC,Tebuconazole 240g/l + Trifloxystrobin 120g/l,Thuốc trừ bệnh,Công ty TNHH ADC,cà phê; hoa hồng,phấn trắng; thán thư,
Huge 48SC,Tebuconazole 32% + Trifloxystrobin 16%,Thuốc trừ bệnh,Công ty CP Bigfive Việt Nam,cà phê; hoa hồng,phấn trắng; rỉ sắt,
TT-Bastigold 500SC,Tebuconazole 250g/kg + Trifloxystrobin 250g/kg,Thuốc trừ bệnh,Công ty TNHH TM Tân Thành,hồ tiêu,thán thư,
Sanbang 30SC,Tebuconazole 20% + Trifloxystrobin 10%,Thuốc trừ bệnh,Công ty CP BMC Việt Nam,cà phê,rỉ sắt,
AD-Siva 45SC,Tebuconazole 30% + Trifloxystrobin 15%,Thuốc trừ bệnh,Công ty TNHH Anh Dẩu Tiền Giang,cà phê,rỉ sắt,
"Nativo 750WG, 300SC",Tebuconazole 500g/kg (200g/l) + Trifloxystrobin 250g/kg (100g/l),Thuốc trừ bệnh,Bayer Vietnam Ltd (BVL),ca cao; cà phê; hoa cúc; hoa hồng; hồ tiêu; khoai tây; lúa; lạc; ngô; rỉ; điều; đậu tương,bệnh sọc đen; khô vằn; lem lép hạt; phấn trắng; rỉ sắt; sắt; thán thư; đạo ôn; đốm lá; đốm vòng,
Activo 750 WG,Tebuconazole 500g/kg (50%) + Trifloxystrobin 250g/kg (25%),Thuốc trừ bệnh,Công ty CP Nông nghiệp HP,lúa,lem lép hạt,
Amtivo 75WG,Tebuconazole 500g/kg (50%) + Trifloxystrobin 250g/kg (25%),Thuốc trừ bệnh,Công ty TNHH Thuốc BVTV Thiên Bình,cà phê,rỉ sắt,
Atrozole 750WG,Tebuconazole 500g/kg (50%) + Trifloxystrobin 250g/kg (25%),Thuốc trừ bệnh,Công ty CP BVTV Asata Hoa Kỳ,hoa hồng,thán thư,
BC-Latino 750WP,Tebuconazole 500g/kg (50%) + Trifloxystrobin 250g/kg (25%),Thuốc trừ bệnh,Công ty TNHH Biocrop,cà phê,rỉ sắt,
Conabin 750WG,Tebuconazole 500g/kg (50%) + Trifloxystrobin 250g/kg (25%),Thuốc trừ bệnh,Công ty TNHH Phú Nông,lúa; r,lem lép hạt; đạo ôn,
Natrobin 750WG,Tebuconazole 500g/kg (50%) + Trifloxystrobin 250g/kg (25%),Thuốc trừ bệnh,Công ty TNHH TM Vĩnh Thạnh,cà phê; hoa cúc,rỉ sắt; thán thư,
Navigator 750WG,Tebuconazole 500g/kg (50%) + Trifloxystrobin 250g/kg (25%),Thuốc trừ bệnh,Công ty TNHH Alfa (Sài Gòn),cà phê,thán thư,
Subway 750WG,Tebuconazole 500g/kg (50%) + Trifloxystrobin 250g/kg (25%),Thuốc trừ bệnh,Công ty CP Nông dược Nhật Việt,đậu tương,rỉ sắt,
Tanimax 750WG,Tebuconazole 500g/kg (50%) + Trifloxystrobin 250g/kg (25%),Thuốc trừ bệnh,Công ty TNHH SX và KD Tam Nông,hồ tiêu,đốm lá,
Triflo-top 750WG,Tebuconazole 500g/kg (50%) + Trifloxystrobin 250g/kg (25%),Thuốc trừ bệnh,Công ty CP Hoá chất Nông nghiệp và Công nghiệp AIC,hoa hồng,phấn trắng,
Twinstar 75WG,Tebuconazole 500g/kg (50%) + Trifloxystrobin 250g/kg (25%),Thuốc trừ bệnh,"Shandong Weifang Rainbow Chemical Co., Ltd",cà phê; hoa hồng; lạc,phấn trắng; rỉ sắt,
Yanibin 75WG,Tebuconazole 500g/kg (50%) + Trifloxystrobin 250g/kg (25%),Thuốc trừ bệnh,Công ty TNHH TM Anh Thơ,cà phê,rỉ sắt,
Madex Top 70WG,Tebuconazole 50% + Trifloxystrobin 20%,Thuốc trừ bệnh,Công ty TNHH ADU Việt Nam,cà phê,rỉ sắt,
Nafluz 270SC,Tebuconazole 180 g/l + Thifluzamide 90 g/l,Thuốc trừ bệnh,"Nanjing Agrochemical Co., Ltd",lạc,lở cỗ rễ,
Domark 40 ME,Tetraconazole (min 94%),Thuốc trừ bệnh,Công ty TNHH Kỹ thuật sinh học Mekong,cà phê; hoa cúc; lạc; ngô,rỉ sắt,
Mikcide 1.5SL,Tetramycin,Thuốc trừ bệnh,Công ty TNHH Được Mùa,bắp cải; cam; cao su; cà chua; cà phê; dưa hấu; hoa hồng; lúa; nho; thanh long; thuốc lá,bạc lá; chết xanh; héo rũ; khô vằn; lem lép hạt; loét; phấn trắng; thối nhũn; thối thân; thối đen gân lá; vàng rụng lá; đạo ôn; đốm nâu,
Tiêu tuyến trùng 18EC,Tinh dầu quế,Thuốc trừ bệnh,Công ty CP VT NN Việt Nông,cà phê; cà rốt; hồ tiêu,tuyến trùng,
SH-Lifu (SH-BV1),"Thảo mộc (Bã quả trẩu, bã thanh hao hoa vàng, bã vỏ hạt điều) 70% + Trichoderma harzianum 106 cfu/g + Bacillus subtilis 106 cfu/g + Metarhizium anisopliae 106 cfu/g + Azotobacter beijerinckii 106 cfu/g + Bacillus gisengihumi 106 cfu/g + Streptomyces owasiensis 106 cfu/g",Thuốc trừ bệnh,Viện Bảo vệ thực vật,hồ tiêu,chết chậm; chết nhanh; tuyến trùng,
Bestar 505SC,Thiabendazole (min 98.5%),Thuốc trừ bệnh,Công ty TNHH Hóa sinh Á Châu,lúa,lem lép hạt do vi khuẩn,
Amide Gold 240SC,Thifluzamide (min 96%),Thuốc trừ bệnh,Công ty TNHH Pesticide Nhật Bản,cao su,vàng rụng lá,
BC-thizamide 240SC,Thifluzamide (min 96%),Thuốc trừ bệnh,Công ty TNHH Biocrop,ngô,khô vằn,
Filix 240SC,Thifluzamide (min 96%),Thuốc trừ bệnh,Công ty TNHH BVTV Akita Việt Nam,cà phê,rỉ sắt,
Linozamzar 240SC,Thifluzamide (min 96%),Thuốc trừ bệnh,Công ty CP Liên nông Việt Nam,khoai tây; ngô,khô vằn; mốc sương,
Luza Plus 240SC,Thifluzamide (min 96%),Thuốc trừ bệnh,Công ty TNHH Rồng Đại Dương,cà phê,nấm hồng,
Luzamin 240SC,Thifluzamide (min 96%),Thuốc trừ bệnh,Công ty TNHH Fujimoto Việt Nam,ngô,khô vằn,
NBC-Zitto 240SC,Thifluzamide (min 96%),Thuốc trừ bệnh,Công ty TNHH Nam Bắc,ngô,khô vằn,
Pulsor 23SC,Thifluzamide (min 96%),Thuốc trừ bệnh,Công ty TNHH Nissei Corporation Việt Nam,lúa,khô vằn,
Shiral 240SC,Thifluzamide (min 96%),Thuốc trừ bệnh,Công ty TNHH ADU Việt Nam,ngô,khô vằn,
SV-Semeta 240SC,Thifluzamide (min 96%),Thuốc trừ bệnh,Công ty TNHH Saturn Chemical Việt Nam,cà phê; ngô,khô vằn; thán thư,
Tribute 230SC,Thifluzamide (min 96%),Thuốc trừ bệnh,Công ty TNHH Alfa (Sài Gòn),hoa hồng,phấn trắng,
VT-Zamite 240SC,Thifluzamide (min 96%),Thuốc trừ bệnh,Công ty TNHH CNSH Quốc tế Việt Thái,ngô,khô vằn,
Longbay 20SC,Thiodiazole copper (min 95%),Thuốc trừ bệnh,Công ty TNHH Trường Thịnh,cao su; lúa,bạc lá; nấm hồng; vàng rụng lá; xì mủ,
Anti-one 200SC,Thiodiazole zinc (min 95%),Thuốc trừ bệnh,Công ty TNHH Phú Nông,lúa; xoài,bạc lá; đốm đen vi khuẩn,
Lk-one 50SC,Thiodiazole zinc (min 95%),Thuốc trừ bệnh,Công ty TNHH Hoá sinh Á Châu,cam; lúa,bạc lá; sẹo,
Itaboom 50WP,Thiram (TMTD) (min 96%),Thuốc trừ bệnh,Công ty CP Itagro Việt Nam,cà phê,rỉ sắt,
Mdan Guard 50WP,Thiram (TMTD) (min 96%),Thuốc trừ bệnh,Công ty CP Mạnh Đan,lạc,đốm nâu,
Newthiram 800WP,Thiram (TMTD) (min 96%),Thuốc trừ bệnh,Công ty CP S New Rice,cà phê,thán thư,
"Pro-Thiram 80WP, 80WG",Thiram (TMTD) (min 96%),Thuốc trừ bệnh,Agspec Asia Pte Ltd,cà phê; lúa; phong lan; thán,thư; vằn; đốm lá,
Proram 500WP,Thiram (TMTD) (min 96%),Thuốc trừ bệnh,Công ty CP Fujisan Nhật Bản,cà phê,rỉ sắt,
"Scortlan 80WP, 80WG",Thiram (TMTD) (min 96%),Thuốc trừ bệnh,Công ty CP BMC Vĩnh Phúc,hoa mai; lạc; đậu tương,lá; đốm lá,
Zipra 80WP,Thiram 30% + Ziram 50%,Thuốc trừ bệnh,Công ty TNHH MTV BVTV Omega,cà phê,rỉ sắt; thán thư điều,
Zipram 80WP,Thiram 30% + Ziram 50%,Thuốc trừ bệnh,Công ty CP Fujisan Nhật Bản,cà phê,rỉ sắt,
Anmefon 250SC,Triadimefon (min 96%),Thuốc trừ bệnh,Công ty CP XNK Nông dược Hoàng Ân,đậu tương,đốm lá,
Apricot 80WP,Triadimefon (min 96%),Thuốc trừ bệnh,Công ty TNHH Anh Dẩu Tiền Giang,cà phê,rỉ sắt,
Encoleton 250 WP,Triadimefon (min 96%),Thuốc trừ bệnh,Công ty TNHH Alfa (Sài Gòn),cà phê; khoai tây; rỉ,sắt; thối gốc,
Nicalusa 250WP,Triadimefon (min 96%),Thuốc trừ bệnh,Công ty TNHH TM SX Thôn Trang,cà phê,rỉ sắt,
Omega-mefon 15WP,Triadimefon (min 96%),Thuốc trừ bệnh,Công ty TNHH MTV BVTV Omega,cà phê; rỉ; đậu tương,sắt; đốm lá,
Cocosieu 15.5WP,Triadimefon 9.3% + Jingangmycin (Validamycin) 6.2 %,Thuốc trừ bệnh,"Xuzhou Jinhe Chemicals Co., Ltd",cà phê,rỉ sắt,
Bayfidan 250 EC,Triadimenol (min 97%),Thuốc trừ bệnh,Bayer Vietnam Ltd (BVL),cà phê,rỉ sắt,
Samet 25EC,Triadimenol (min 97%),Thuốc trừ bệnh,Công ty CP BVTV Sài Gòn,cao su; cà phê; rỉ,phấn trắng; sắt,
Taminop 250EC,Triadimenol (min 97%),Thuốc trừ bệnh,Công ty CP Kiên Nam,cao su; cà phê,phấn trắng; rỉ sắt,
Bio-Pro Tricho 1 x 109 bào tử/g FG,Trichoderma spp,Thuốc trừ bệnh,Công ty TNHH Dalat Hasfarm,cà chua; cà rốt; cải bắp,chết rạp cây con,
Promot Plus WP (Trichoderma spp 5.107 bào tử/g); Promot Plus SL (Trichoderma koningii 3.107 bào tử/g + Trichoderma harzianum 2.107 bào tử/g),Trichoderma spp,Thuốc trừ bệnh,Công ty TNHH Ngân Anh,bắp cải; chè; cải thảo SL: đốm nâu; đốm,chết cây con; thối gốc; thối hạch; xám,
TRICÔ-ĐHCT 108 bào tử/g,Trichoderma spp,Thuốc trừ bệnh,Công ty CP Tập đoàn Lộc Trời,bí đỏ; bắp cải; cà phê; cà rốt; cây có múi; cải bẹ; dưa hấu; hồ tiêu; lạc; điều,chết cây con; sưng rễ; thối rễ; tuyến trùng; vàng lá thối rễ do Fusarium solani,
Vi-ĐK 109 bào tử/g AP,Trichoderma spp,Thuốc trừ bệnh,Công ty CP Thuốc sát trùng Việt Nam,cà chua; hồ tiêu; sầu riêng,chết nhanh; lở cổ rễ; thối rễ,
Tiên tiến 5 WP,Trichoderma harzianum 4% + Trichoderma konigii 1%,Thuốc trừ bệnh,Công ty Hợp danh SH NN Sinh Thành,lúa,đạo ôn,
Podesta 200WP,Trichoderma harzianum,Thuốc trừ bệnh,Công ty CP Nông dược HAI,cà chua; hành,lở cổ rễ; thán thư,
Nemastin TH 1.0WP,Trichoderma harzianum,Thuốc trừ bệnh,Công ty CP Newfarm Việt Nam,cà rốt,tuyến trùng,
Taglife H 1.0WP,Trichoderma harzianum,Thuốc trừ bệnh,Công ty TNHH Saturn Chemical Việt Nam,cà rốt,tuyến trùng,
Zianum 1.00WP,Trichoderma harzianum,Thuốc trừ bệnh,Công ty CP Hóc Môn,cà chua; cà phê; cải cúc; hành; hồ tiêu; lở cổ; thanh long; thán; thối,chết rạp cây con; rễ; thư; tuyến trùng,
TricôĐHCT-Lúa von 108 bào tử/g WP,Trichoderma asperellum 80% (8 x 107 bào tử/g) +,Thuốc trừ bệnh,Công ty CP Tập đoàn Lộc Trời,lúa,khô vằn; lúa von,
TricôĐHCT-Phytoph 108 bào tử/g WP,Trichoderma virens 80% (8 x 107 bào tử/g) + Trichoderma hamatum 20% (2 x 107 bào tử/g),Thuốc trừ bệnh,Công ty CP Tập đoàn Lộc Trời,bưởi; cao su; chết; cà chua; hồ tiêu; khoai tây; nhãn; sầu riêng; thanh long; vải,loét sọc miệng cạo; nhanh; sương mai; thối quả; xì mủ; đốm nâu,
Tricô ĐHCT-Nấm hồng 108 bào tử/g WP,Trichoderma viride 75% (7.5 x 107 bào tử/g) + Trichoderma harzianum 25% (2.5 x 107 bào tử/g),Thuốc trừ bệnh,Công ty CP Tập đoàn Lộc Trời,cao su; cà phê; sầu riêng,nấm hồng,
Tricô ĐHCT-Khóm 108 bào tử/g WP,Trichoderma sperellum 80% (8 x 107 bào tử/g) + Trichoderma harzianum 20% (2 x 107 bào tử/g),Thuốc trừ bệnh,Công ty CP Tập đoàn Lộc Trời,dứa,thối nõn,
Tricô hạt nhân C833 1x109 CFU/g WP,Trichoderma konigii M8; M32; M35 1x109 CFU/g,Thuốc trừ bệnh,Công ty TNHH Tam Nông,cà phê,tuyến trùng,
NLU-Tri,Trichoderma virens (T.41).109 cfu/g,Thuốc trừ bệnh,Trường ĐH Nông lâm TP Hồ Chí Minh,cà chua; cải ngọt; dưa chuột,chết rạp cây con; héo rũ trắng gốc,
Ace tricov 19WP,Trichoderma viride,Thuốc trừ bệnh,Công ty CP ACE Biochem Việt Nam,ớt,thối rễ,
Biobus 1.00WP,Trichoderma viride,Thuốc trừ bệnh,Công ty TNHH Nam Bắc,bắp cải; chè; cà chua; cà phê; hành; hồ tiêu; khoai tây; sầu riêng; xoài,chấm xám; chết nhanh; héo vàng; lở cổ rễ; mốc sương; nấm hồng; rỉ sắt; thán thư; thối búp; thối gốc; thối gốc rễ; thối hạch; thối nhũn; xì mủ; đốm lá,
Taglife V 1.5WP,Trichoderma viride,Thuốc trừ bệnh,Công ty TNHH Saturn Chemical Việt Nam,dưa hấu,héo rũ,
Acdowbimusa 75WP,Tricyclazole (min 95%),Thuốc trừ bệnh,Công ty TNHH MTV Lucky,lúa,đạo ôn,
Andozol 75WP,Tricyclazole (min 95%),Thuốc trừ bệnh,Công ty CP XNK Nông dược Hoàng Ân,lúa,đạo ôn,
"Angate 75WP, 350SC",Tricyclazole (min 95%),Thuốc trừ bệnh,Công ty CP Tập đoàn Lộc Trời,lúa,đạo ôn,
Avako 800WP,Tricyclazole (min 95%),Thuốc trừ bệnh,Công ty TNHH TM Thái Nông,lúa,đạo ôn,
Bamy 75WP,Tricyclazole (min 95%),Thuốc trừ bệnh,Công ty CP Nicotex,lúa,đạo ôn,
Beam® 75WP,Tricyclazole (min 95%),Thuốc trừ bệnh,Công ty TNHH Corteva Agriscience Việt Nam,lúa,đạo ôn,
Belazole 75WP,Tricyclazole (min 95%),Thuốc trừ bệnh,"Guizhou CUC INC. (Công ty TNHH TM Hồng Xuân Kiệt, Quý Châu, Trung Quốc)",lúa,đạo ôn,
Bemgreen 750WP,Tricyclazole (min 95%),Thuốc trừ bệnh,Công ty CP Khoa học Công nghệ cao American,lúa,đạo ôn,
"Bemsuper 500SC, 750WG, 750WP",Tricyclazole (min 95%),Thuốc trừ bệnh,Công ty CP Quốc tế Hòa Bình,lúa,đạo ôn,
Bidizole 750WP,Tricyclazole (min 95%),Thuốc trừ bệnh,Công ty CP SAM,lúa,đạo ôn,
"Bim-annong 45SC, 75WP, 75WG",Tricyclazole (min 95%),Thuốc trừ bệnh,Công ty TNHH An Nông,lúa,đạo ôn,
"Bimdowmy 375SC, 750WG, 750WP",Tricyclazole (min 95%),Thuốc trừ bệnh,Công ty TNHH MTV BVTV Omega,lúa,đạo ôn,
Bimusa 800WP,Tricyclazole (min 95%),Thuốc trừ bệnh,Công ty TNHH Hóa Sinh Á Châu,lúa,đạo ôn,
"Binlazonethai 75WP, 75WG",Tricyclazole (min 95%),Thuốc trừ bệnh,Công ty CP BVTV An Hưng Phát,lúa,đạo ôn,
Binhtryzol 75 WP,Tricyclazole (min 95%),Thuốc trừ bệnh,"Bailing Agrochemical Co., Ltd",lúa,đạo ôn,
Blastogan 75WP,Tricyclazole (min 95%),Thuốc trừ bệnh,Công ty TNHH DVTM Witip,lúa,đạo ôn,
"Bn-salatop 80WP, 80WG",Tricyclazole (min 95%),Thuốc trừ bệnh,Công ty CP Bảo Nông Việt,lúa,đạo ôn,
Bpbyms 200WP,Tricyclazole (min 95%),Thuốc trừ bệnh,Công ty TNHH TM Bình Phương,lúa,đạo ôn,
"Bsimsu 75WG, 555SC, 880WP",Tricyclazole (min 95%),Thuốc trừ bệnh,Công ty TNHH hỗ trợ phát triển kỹ thuật và chuyển giao công nghệ,lúa,đạo ôn,
"Cittizen 75WP, 333SC",Tricyclazole (min 95%),Thuốc trừ bệnh,"Eastchem Co., Ltd",lúa,đạo ôn,
"Colraf 20 WP, 75WG",Tricyclazole (min 95%),Thuốc trừ bệnh,Công ty TNHH Việt Thắng,lúa,đạo ôn,
"Danabin 75WP, 80WG",Tricyclazole (min 95%),Thuốc trừ bệnh,Công ty TNHH CN KH Mùa màng Anh - Rê,lúa,đạo ôn,
Dolazole 80WP,Tricyclazole (min 95%),Thuốc trừ bệnh,Công ty TNHH MTV BVTV Thạnh Hưng,lúa,đạo ôn,
Forbine 75WP,Tricyclazole (min 95%),Thuốc trừ bệnh,Công ty CP Thanh Điền,lúa,đạo ôn,
"Flash 75WP, 800WG",Tricyclazole (min 95%),Thuốc trừ bệnh,Map Pacific Pte Ltd,lúa,đạo ôn,
Frog 750WP,Tricyclazole (min 95%),Thuốc trừ bệnh,Công ty TNHH ADC,lúa,đạo ôn,
"Fullcide 50SC, 760WG, 860WP",Tricyclazole (min 95%),Thuốc trừ bệnh,Công ty CP SX Thuốc BVTV Omega,lúa,đạo ôn,
"Goldone 420SC, 760WG, 75WP",Tricyclazole (min 95%),Thuốc trừ bệnh,Công ty CP Thuốc BVTV Việt Trung,lúa,đạo ôn,
"Gremusamy 80WP, 80WG",Tricyclazole (min 95%),Thuốc trừ bệnh,Công ty TNHH TM SX Thôn Trang,lúa,đạo ôn,
Hagro.Blast 75WP,Tricyclazole (min 95%),Thuốc trừ bệnh,Công ty CP Hợp Trí Summit,lúa,đạo ôn,
Hobine 75WP,Tricyclazole (min 95%),Thuốc trừ bệnh,Công ty CP Hóc Môn,lúa,đạo ôn,
Jiabean 75 WP,Tricyclazole (min 95%),Thuốc trừ bệnh,Công ty CP Jia Non Biotech (VN),lúa,đạo ôn,
Kennedy 75WP,Tricyclazole (min 95%),Thuốc trừ bệnh,Công ty TNHH TM-SX GNC,lúa,đạo ôn,
Koszon-New 75WP,Tricyclazole (min 95%),Thuốc trừ bệnh,Công ty TNHH OCI Việt Nam,lúa,đạo ôn,
Lany 75 WP,Tricyclazole (min 95%),Thuốc trừ bệnh,Công ty TNHH TM và SX Ngọc Yến,lúa,đạo ôn,
Lazole TSC 750WP,Tricyclazole (min 95%),Thuốc trừ bệnh,Công ty CP Lion Agrevo,lúa,đạo ôn,
Lim 750WP,Tricyclazole (min 95%),Thuốc trừ bệnh,Công ty TNHH TM - DV Thanh Sơn Hóa Nông,lúa,đạo ôn,
Newbem 750WP,Tricyclazole (min 95%),Thuốc trừ bệnh,Công ty TNHH SX TM & DV Nông Tiến,lúa,đạo ôn,
"Newzobim 45SC, 75WG, 80WP",Tricyclazole (min 95%),Thuốc trừ bệnh,Công ty TNHH US.Chemical,lúa,đạo ôn,
Pim.pim 75WP,Tricyclazole (min 95%),Thuốc trừ bệnh,Công ty TNHH P - H,lúa,đạo ôn,
Pin ấn độ 75WP,Tricyclazole (min 95%),Thuốc trừ bệnh,Công ty TNHH Hoá sinh Phong Phú,lúa,đạo ôn,
Sieubymsa 75WP,Tricyclazole (min 95%),Thuốc trừ bệnh,Công ty TNHH - TM Thái Phong,lúa,đạo ôn,
Superzole 75WP,Tricyclazole (min 95%),Thuốc trừ bệnh,Công ty CP Long Hiệp,lúa,đạo ôn,
Tanbim 800WP,Tricyclazole (min 95%),Thuốc trừ bệnh,Công ty TNHH TM DV Tấn Hưng,lúa,đạo ôn,
Tri 75WG,Tricyclazole (min 95%),Thuốc trừ bệnh,Công ty TNHH TM Tân Thành,lúa,khô vằn; đạo ôn,
"Tricom 75WG, 75WP",Tricyclazole (min 95%),Thuốc trừ bệnh,Công ty TNHH Phú Nông,lúa; xử lý hạt giống trừ bệnh lúa,von; ôn; đạo ôn,
"Tridozole 45 SC, 75WP, 75WG",Tricyclazole (min 95%),Thuốc trừ bệnh,Công ty CP Đồng Xanh,lúa,đạo ôn,
Trione 750WG,Tricyclazole (min 95%),Thuốc trừ bệnh,Công ty TNHH MTV Lucky,lúa,đạo ôn,
"Trizole 75WP, 75WG, 400SC",Tricyclazole (min 95%),Thuốc trừ bệnh,Công ty CP BVTV Sài Gòn,lúa,cổ bông; ôn,
Uni-trico 75WP,Tricyclazole (min 95%),Thuốc trừ bệnh,Công ty TNHH World Vision (VN),lúa,đạo ôn,
Usabim 75WP,Tricyclazole (min 95%),Thuốc trừ bệnh,Công ty CP Vật tư Liên Việt,lúa,đạo ôn,
Vace 75WP,Tricyclazole (min 95%),Thuốc trừ bệnh,Công ty CP Nông Việt,lúa,đạo ôn,
Vdbimduc 820WG,Tricyclazole (min 95%),Thuốc trừ bệnh,Công ty TNHH Việt Đức,lúa,lem lép hạt; đạo ôn,
Vibimzol 75WP,Tricyclazole (min 95%),Thuốc trừ bệnh,Công ty CP Thuốc sát trùng Việt Nam,lúa,đạo ôn,
Window 75WP,Tricyclazole (min 95%),Thuốc trừ bệnh,Công ty TNHH Nam Bộ,lúa,đạo ôn,
Zoletigi 80WP,Tricyclazole (min 95%),Thuốc trừ bệnh,Công ty CP Vật tư NN Tiền Giang,lúa,đạo ôn,
Centerdorter 850WP,Tricyclazole 200 g/kg + Sulfur 650 g/kg,Thuốc trừ bệnh,Công ty TNHH MTV XNK Quốc tế An Thành,lúa,đạo ôn,
Grinusa 860WP,Tricyclazole 720 g/kg + Sulfur 140g/kg,Thuốc trừ bệnh,Công ty TNHH TM SX Thôn Trang,lúa,đạo ôn,
Musaclean 860OL,Tridemorph (min 95%),Thuốc trừ bệnh,Albaugh Asia Pacific Limited,cao su,phấn trắng,
Bao ngu coc 500WG,Trifloxystrobin (min 96%),Thuốc trừ bệnh,Công ty TNHH World Vision (VN),ca cao; thanh long,thán thư,
Bina 30SC,Trifloxystrobin (min 96%),Thuốc trừ bệnh,"Zhejiang Udragon Pesticides and Chemicals Co., Ltd",ớt,thán thư,
Kora 250SC,Trifloxystrobin (min 96%),Thuốc trừ bệnh,Công ty TNHH TM - DV Thanh Sơn Hóa Nông,cà phê,rỉ sắt,
Triforce 500WG,Trifloxystrobin (min 96%),Thuốc trừ bệnh,Công ty TNHH Danken Việt Nam,cà chua,đốm vòng,
Movie 30WP,Triflumizole (min 99.38%),Thuốc trừ bệnh,Công ty CP BMC Vĩnh Phúc,hoa hồng,phấn trắng,
TT-Akazole 480SC,Triflumizole (min 99.38%),Thuốc trừ bệnh,Công ty TNHH TM Tân Thành,hồ tiêu; lúa; lở cổ,rễ; đạo ôn,
Saprol 190DC,Triforine (min 97%),Thuốc trừ bệnh,Sumitomo Corporation Vietnam LLC,hoa hồng; lúa; thanh long; thán; xoài; đạo; đốm,nâu; phấn trắng; thư; ôn,
TP-Zep 18EC,"Tổ hợp dầu thực vật (dầu màng tang, dầu sả, dầu hồng, dầu hương nhu, dầu chanh)",Thuốc trừ bệnh,Công ty TNHH Thành Phương,chè; cà chua; hoa hồng; lúa; nhãn,bạc lá; khô vằn; lem lép hạt; mốc sương; nấm muội đen (Capnodium sp); phấn trắng; thối búp; đạo ôn; đốm nâu; đốm sọc vi khuẩn; đốm xám; đốm đen,
"Anlicin 5WP, 5SL",Validamycin (Validamycin A) (Jingangmycin) (min 40%),Thuốc trừ bệnh,Công ty TNHH An Nông,cao su; cà phê; lúa,khô vằn; nấm hồng; vằn,
Asiamycin super 100SL,Validamycin (Validamycin A) (Jingangmycin) (min 40%),Thuốc trừ bệnh,Asiatic Agricultural Industries Pte Ltd,cao su; lúa; nấm,hồng; khô vằn,
Avalin 5SL,Validamycin (Validamycin A) (Jingangmycin) (min 40%),Thuốc trừ bệnh,Công ty TNHH - TM Thái Nông,lúa,khô vằn,
Biovacare 5SL,Validamycin (Validamycin A) (Jingangmycin) (min 40%),Thuốc trừ bệnh,Công ty TNHH SX – TM Tô Ba,cao su,nấm hồng,
"Damycine 5 WP, 5SL",Validamycin (Validamycin A) (Jingangmycin) (min 40%),Thuốc trừ bệnh,Công ty TNHH XNK Quốc tế SARA,bông vải; cao su; cà chua; dưa chuột; khoai tây; lúa; lạc; lở cổ; ngô; rau cải,héo rũ; khô vằn; nấm hồng; rễ; thối rễ,
"Duo Xiao Meisu 3SL, 5WP",Validamycin (Validamycin A) (Jingangmycin) (min 40%),Thuốc trừ bệnh,Công ty TNHH TM Bình Phương,lúa,khô vằn,
Fubarin 20WP,Validamycin (Validamycin A) (Jingangmycin) (min 40%),Thuốc trừ bệnh,Công ty TNHH Nông Sinh,cao su; lúa; lạc; đậu tương,khô vằn; lở cổ rễ; nấm hồng,
"Haifangmeisu 5WP, 10WG, 10SL",Validamycin (Validamycin A) (Jingangmycin) (min 40%),Thuốc trừ bệnh,Công ty TNHH SX TM DV Thu Loan,chết cây; dưa hấu; lúa,con; khô vằn; vằn,
"Javidacin 5SL, 5WP",Validamycin (Validamycin A) (Jingangmycin) (min 40%),Thuốc trừ bệnh,Công ty TNHH Việt Đức,cao su; cà chua; lúa; lở cổ; nấm,hồng; khô vằn; rễ; vằn,
"Jinggangmeisu 5SL, 10WP",Validamycin (Validamycin A) (Jingangmycin) (min 40%),Thuốc trừ bệnh,Công ty CP Nicotex,cao su; lúa; nấm,hồng; khô vằn,
Limycin 5SL,Validamycin (Validamycin A) (Jingangmycin) (min 40%),Thuốc trừ bệnh,Công ty TNHH TM Thiên Nông,lúa,khô vằn,
"Natistar 51WG, 100SC",Validamycin (Validamycin A) (Jingangmycin) (min 40%),Thuốc trừ bệnh,Công ty CP Vagritex,lúa,khô vằn,
"Navalilusa 5SL, 5WP",Validamycin (Validamycin A) (Jingangmycin) (min 40%),Thuốc trừ bệnh,Công ty CP Quốc tế Agritech Hoa Kỳ,bắp cải; dưa hấu; lúa; thuốc lá; ớt,chết ẻo cây con; khô vằn,
"Pinkvali 5SL, 50WP",Validamycin (Validamycin A) (Jingangmycin) (min 40%),Thuốc trừ bệnh,Công ty CP Hóc Môn,cao su; cà chua; khô; lúa; đốm,nấm hồng; rễ; vằn,
"Qian Jiang Meisu 5WP, 5SL",Validamycin (Validamycin A) (Jingangmycin) (min 40%),Thuốc trừ bệnh,Công ty TNHH Trường Thịnh,cao su; cà phê; lúa; đậu tương,khô vằn; nấm hồng; rễ,
"Tidacin 3SC, 5SL",Validamycin (Validamycin A) (Jingangmycin) (min 40%),Thuốc trừ bệnh,Công ty TNHH - TM Thái Phong,cao su; lúa; nấm,hồng; khô vằn,
Top-vali 5SL,Validamycin (Validamycin A) (Jingangmycin) (min 40%),Thuốc trừ bệnh,Công ty TNHH SX ND vi sinh Viguato,cao su; cà phê; lúa,khô vằn; mốc hồng,
"Tung vali 5SL, 5WP",Validamycin (Validamycin A) (Jingangmycin) (min 40%),Thuốc trừ bệnh,Công ty CP SX - TM - DV Ngọc Tùng,bí xanh; cao su; cà chua; cà phê; dưa chuột; dưa hấu; lúa; lở cổ; nấm; rau cải; thuốc lá; đậu tương; ớt,bệnh khô cành; hồng; khô vằn; rễ; vằn,
Vacin 5SL,Validamycin (Validamycin A) (Jingangmycin) (min 40%),Thuốc trừ bệnh,Công ty TNHH ADC,cao su; lúa; nấm,hồng; khô vằn,
"Vacinmeisu 50WP, 50SL",Validamycin (Validamycin A) (Jingangmycin) (min 40%),Thuốc trừ bệnh,Công ty CP Quốc tế Hòa Bình,lúa,khô vằn,
Vacony 5SL,Validamycin (Validamycin A) (Jingangmycin) (min 40%),Thuốc trừ bệnh,Công ty TNHH TM và SX Ngọc Yến,lúa,khô vằn,
Vali 5 SL,Validamycin (Validamycin A) (Jingangmycin) (min 40%),Thuốc trừ bệnh,Công ty CP Nông dược HAI,cao su; cà phê; lúa; đậu,khô vằn; lở cổ rễ; nấm hồng,
"Valicare 5WP, 8SL",Validamycin (Validamycin A) (Jingangmycin) (min 40%),Thuốc trừ bệnh,Công ty TNHH Agricare Việt Nam,lúa,khô vằn,
Validad 100SL,Validamycin (Validamycin A) (Jingangmycin) (min 40%),Thuốc trừ bệnh,Công ty CP Bình Điền MeKong,cao su,nấm hồng,
Vali TSC 5SL,Validamycin (Validamycin A) (Jingangmycin) (min 40%),Thuốc trừ bệnh,Công ty CP Lion Agrevo,cao su,nấm hồng,
Vali-navi 5SL,Validamycin (Validamycin A) (Jingangmycin) (min 40%),Thuốc trừ bệnh,Công ty CP Khử Trùng Nam Việt,cao su; khô; lúa,nấm hồng; vằn,
Validacin 5SL,Validamycin (Validamycin A) (Jingangmycin) (min 40%),Thuốc trừ bệnh,Công ty TNHH Hóa chất Sumitomo Việt Nam,cao su; lúa; mốc; đổ ngã cây; ớt,con; hồng; khô vằn,
"Validan 3SL, 5WP",Validamycin (Validamycin A) (Jingangmycin) (min 40%),Thuốc trừ bệnh,Công ty CP Tập đoàn Lộc Trời,bầu bí; dưa hấu; lúa; lạc; ngô; rau cải; đậu côve,chết cây con; khô vằn; vằn,
"Valijapane 5SL, 5SP",Validamycin (Validamycin A) (Jingangmycin) (min 40%),Thuốc trừ bệnh,Công ty TNHH TM SX Thôn Trang,bông vải; cao su; cà phê; lúa; lạc; đậu tương,khô vắn; lở cổ rễ; nấm hồng,
Valitigi 3SL,Validamycin (Validamycin A) (Jingangmycin) (min 40%),Thuốc trừ bệnh,Công ty CP Vật tư NN Tiền Giang,lúa,khô vằn,
"Valigreen 50SL, 100WP",Validamycin (Validamycin A) (Jingangmycin) (min 40%),Thuốc trừ bệnh,Công ty TNHH Sản phẩm Công nghệ Cao,bí xanh; bắp cải; cao su; cà chua; cà phê; khoai tây; lúa; lạc; ngô; đậu đũa,khô cành; khô vằn; lở cổ rễ; nấm hồng; thối gốc,
"Valivithaco 3SL, 5SC, 5WP",Validamycin (Validamycin A) (Jingangmycin) (min 40%),Thuốc trừ bệnh,Công ty TNHH Việt Thắng,bệnh chết; cao su; cà phê; dưa chuột; dưa hấu; lúa; ngô; nhãn; rau cải; thuốc lào; thuốc lá; vải,khô vằn; lở cổ rễ; nấm hồng; thán thư; vằn; ẻo,
Valinhut 5SL,Validamycin (Validamycin A) (Jingangmycin) (min 40%),Thuốc trừ bệnh,Công ty TNHH MTV BVTV Long An,lúa,khô vằn,
"Vallistar 5SL, 10WP",Validamycin (Validamycin A) (Jingangmycin) (min 40%),Thuốc trừ bệnh,Công ty TNHH MTV BVTV Omega,lúa,khô vằn,
Valygold 5SL,Validamycin (Validamycin A) (Jingangmycin) (min 40%),Thuốc trừ bệnh,Công ty CP Nông Việt,lúa,khô vằn,
Vamylicin 5 WP,Validamycin (Validamycin A) (Jingangmycin) (min 40%),Thuốc trừ bệnh,Công ty TNHH DVTM Witip,bắp cải; lúa,khô vằn; lở cổ rễ,TT28/2026: đổi tổ chức đăng ký
Villa-fuji 100SL,Validamycin (Validamycin A) (Jingangmycin) (min 40%),Thuốc trừ bệnh,Công ty TNHH TM DV SX XNK Đức Thành,cà phê; lạc; nấm,hồng; lở cổ rễ,
"Vanicide 5SL, 5WP",Validamycin (Validamycin A) (Jingangmycin) (min 40%),Thuốc trừ bệnh,Công ty CP BVTV Sài Gòn,cao su; cà chua; khoai tây; lúa; lở cổ; ngô; nấm; thối,gốc; hồng; khô vằn; lở cổ rễ; rễ; vằn,
Varison 5 WP,Validamycin (Validamycin A) (Jingangmycin) (min 40%),Thuốc trừ bệnh,Công ty CP Giải pháp Nông nghiệp Tiên Tiến,lúa,khô vằn,
"Vida® 3 SC, 5WP",Validamycin (Validamycin A) (Jingangmycin) (min 40%),Thuốc trừ bệnh,Công ty CP BVTV I TW,lúa; rau cải; thối (gốc,khô vằn; rễ); vằn,
V-cin 5 SL,Validamycin (Validamycin A) (Jingangmycin) (min 40%),Thuốc trừ bệnh,Sundat (S) PTe Ltd,cao su; lúa; nấm,hồng; khô vằn,
"Vivadamy 5SL, 5SP",Validamycin (Validamycin A) (Jingangmycin) (min 40%),Thuốc trừ bệnh,Công ty CP Thuốc sát trùng Việt Nam,cao su; cà phê; lúa; mốc,hồng; khô vằn; mốc hồng; nấm hồng; vằn,
Voalyđacyn-nhật 5SL,Validamycin (Validamycin A) (Jingangmycin) (min 40%),Thuốc trừ bệnh,Công ty TNHH Anh Dẩu Tiền Giang,cao su; lúa; nấm,hồng; khô vằn,
"Yomivil 108SC, 115WG",Validamycin (Validamycin A) (Jingangmycin) (min 40%),Thuốc trừ bệnh,Công ty TNHH Thuốc BVTV Liên doanh Nhật Mỹ,lúa,khô vằn,
Bp-nhepbun 800WP,Zineb (min 86%),Thuốc trừ bệnh,Công ty TNHH TM Bình Phương,dưa hấu,thán thư,
Guinness 72 WP,Zineb (min 86%),Thuốc trừ cỏ,Công ty TNHH TM - DV Thanh Sơn Hóa Nông,cà chua; nho,phấn trắng,
Tigineb 80 WP,Zineb (min 86%),Thuốc trừ cỏ,Công ty CP Vật tư NN Tiền Giang,cam; cà chua; cà phê; ghẻ; quýt; thối; xà lách xoong,mốc sương; quả; sẹo; thán thư; đốm lá,
Zinebusa 800WP,Zineb (min 86%),Thuốc trừ cỏ,Công ty CP Global Farm,cà chua,đốm vòng,
Zin 80WP,Zineb (min 86%),Thuốc trừ cỏ,Công ty CP BVTV Sài Gòn,khoai tây; lem lép; lúa; mốc; thuốc lá,hạt; mốc sương; xanh,
Zineb Bul 80WP,Zineb (min 86%),Thuốc trừ cỏ,Agria S.A,cam; cà chua; khoai tây; lem lép; lúa; nho; phấn; đốm,hạt; mốc sương; sẹo; trắng; vòng,
Zinacol 80WP,Zineb (min 86%),Thuốc trừ cỏ,Imaspro Resources Sdn Bhd,cao su,rụng lá,
Zinforce 80WP,Zineb (min 86%),Thuốc trừ cỏ,Forward International Ltd,dưa hấu; lúa; thán,lem lép hạt; thư,
Zithane Z 80WP,Zineb (min 86%),Thuốc trừ cỏ,Công ty CP BVTV I TW,cà chua; nho; sương,mai; thối quả,
Zodiac 80WP,Zineb (min 86%),Thuốc trừ cỏ,Asiatic Agricultural Industries Pte Ltd,cà chua; lúa; mốc,sương; đốm nâu,
Ziflo 76WG,Ziram (min 95%),Thuốc trừ cỏ,Agspec Asia Pte Ltd,cà phê,thán thư,
Limousine 3WP,Zhongshengmycin (min 95%),Thuốc trừ cỏ,Công ty TNHH Master AG,hoa cúc; lúa; ớt,bạc lá; héo xanh; đốm lá vi khuẩn,
"Map strong 3WP, 8SP",Zhongshengmycin (min 95%),Thuốc trừ cỏ,Map Pacific Pte Ltd,cam; cà chua; cải bắp; lúa; xoài,bạc lá; héo xanh; loét; loét vi khuẩn; thối nhũn vi khuẩn; đốm đen vi khuẩn,
Senmy 3WP,Zhongshengmycin (min 95%),Thuốc trừ cỏ,Công ty TNHH Gap Agro,cà chua,héo xanh,
Vadaka 3WP,Zhongshengmycin (min 95%),Thuốc trừ cỏ,Công ty TNHH TM - DV VAD,lạc,héo xanh,
Winsa 3WP,Zhongshengmycin (min 95%),Thuốc trừ cỏ,Công ty CP Nông dược Quốc tế Nhật Bản,cà chua; dưa chuột; hành,giả sương mai; héo xanh; thối nhũn,
Nosiquat 0.2SL,1.8-Cineole (min 98%),Thuốc trừ cỏ,Công ty TNHH Nông Sinh,cam; cà phê,cỏ,
Acepro 50EC,Acetochlor (min 93.3%),Thuốc trừ cỏ,Công ty CP Futai,ngô,cỏ,
Acetad 900EC,Acetochlor (min 93.3%),Thuốc trừ cỏ,Công ty CP Bình Điền MeKong,ngô,cỏ,
Acvipas 50EC,Acetochlor (min 93.3%),Thuốc trừ cỏ,Công ty CP DV NN & PTNT Vĩnh Phúc,mía; ngô,cỏ,
Alibom 500EC,Acetochlor (min 93.3%),Thuốc trừ cỏ,Công ty TNHH Trường Thịnh,lạc; sắn,cỏ,
Antaco 500EC,Acetochlor (min 93.3%),Thuốc trừ cỏ,Công ty TNHH Việt Thắng,hành; lạc; mía; ngô; sắn,cỏ,
Antacogold 500EC,Acetochlor (min 93.3%),Thuốc trừ cỏ,Công ty TNHH DV TM Ánh Dương,lạc; ngô; sắn,cỏ,
Atabar 800EC,Acetochlor (min 93.3%),Thuốc trừ cỏ,Công ty CP SX - TM - DV Ngọc Tùng,lạc; mía; ngô,cỏ,
Atas 500EC,Acetochlor (min 93.3%),Thuốc trừ cỏ,Công ty CP Khử trùng Việt Nam,ngô,cỏ,
Atasco 500EC,Acetochlor (min 93.3%),Thuốc trừ cỏ,Công ty TNHH Ô tô Việt Thắng,lạc,cỏ,
Bpsaco 500EC,Acetochlor (min 93.3%),Thuốc trừ cỏ,Công ty TNHH TM Bình Phương,lạc,cỏ,
Capeco 500EC,Acetochlor (min 93.3%),Thuốc trừ cỏ,Công ty TNHH TM DV SX XNK Đức Thành,lạc; mía; ngô; sắn,cỏ,
Cochet 200WP,Acetochlor (min 93.3%),Thuốc trừ cỏ,Công ty CP Nông dược Nhật Thành,lúa cấy,cỏ,
Dibstar 50EC,Acetochlor (min 93.3%),Thuốc trừ cỏ,Công ty TNHH XNK Quốc tế SARA,bông vải; lạc; ngô; sắn; đậu tương,cỏ,
DN Tocoi 50EC,Acetochlor (min 93.3%),Thuốc trừ cỏ,Công ty TNHH TM DV Đức Nông,ngô,cỏ,
Gorop 500EC,Acetochlor (min 93.3%),Thuốc trừ cỏ,Công ty CP Nông dược HAI,khoai lang; mía; ngô; đậu tương,cỏ,
Herbest 50EC,Acetochlor (min 93.3%),Thuốc trừ cỏ,Công ty TNHH TM và SX Ngọc Yến,bông vải; lạc,cỏ,
Iaco 500EC,Acetochlor (min 93.3%),Thuốc trừ cỏ,Công ty CP Kỹ thuật Dohaledusa,đậu tương,cỏ,
Jia-anco 50EC,Acetochlor (min 93.3%),Thuốc trừ cỏ,Công ty CP Jia Non Biotech (VN),đậu tương,cỏ,
Kamaras 50EC,Acetochlor (min 93.3%),Thuốc trừ cỏ,Công ty CP VTNN Việt Nông,đậu tương,cỏ,
Nistar 500EC,Acetochlor (min 93.3%),Thuốc trừ cỏ,Công ty CP Nicotex,đậu tương,cỏ,
Missusa 500EC,Acetochlor (min 93.3%),Thuốc trừ cỏ,Công ty TNHH TM SX Thôn Trang,đậu tương,cỏ,
Peso 480EC,Acetochlor (min 93.3%),Thuốc trừ cỏ,Công ty CP Hóc Môn,lạc; mía; ngô; sắn,cỏ,
Pestcetor 900EC,Acetochlor (min 93.3%),Thuốc trừ cỏ,Công ty CP Xây dựng An Phú,đậu tương,cỏ,
Safe-co 500EC,Acetochlor (min 93.3%),Thuốc trừ cỏ,Công ty CP BVTV An Hưng Phát,ngô,cỏ,
Saicoba,Acetochlor (min 93.3%),Thuốc trừ cỏ,Công ty CP BVTV,lạc; mía; ngô; sắn,cỏ,
500EC,Acetochlor (min 93.3%),Thuốc trừ cỏ,Sài Gòn,,,
Starco 500EC,Acetochlor (min 93.3%),Thuốc trừ cỏ,Công ty CP Quốc tế Hòa Bình,lạc,cỏ,
Tropica 900EC,Acetochlor (min 93.3%),Thuốc trừ cỏ,"Shandong Weifang Rainbow Chemical Co., Ltd",lạc,cỏ,
Valux 500EC,Acetochlor (min 93.3%),Thuốc trừ cỏ,Công ty CP Nông nghiệp HP,lạc; sắn,cỏ,
Beto 14WP,Acetochlor 12% + Bensulfuron-methyl 2%,Thuốc trừ cỏ,Công ty CP BVTV Sài Gòn,lúa,cỏ,
Afadax 170WP,Acetochlor 145g/kg + Bensulfuron-methyl 25g/kg,Thuốc trừ cỏ,Công ty CP Quốc tế Hòa Bình,lúa cấy; lúa gieo thẳng,cỏ,
Acenidax 17WP,Acetochlor 14.6% (146g/kg) + Bensulfuron-methyl 2.4% (24g/kg),Thuốc trừ cỏ,Công ty CP Nicotex,lúa cấy,cỏ,
Arorax 17WP,Acetochlor 14.6% (146g/kg) + Bensulfuron-methyl 2.4% (24g/kg),Thuốc trừ cỏ,Công ty TNHH Việt Thắng,lúa cấy,cỏ,
Bpanidat 170WP,Acetochlor 14.6% (146g/kg) + Bensulfuron-methyl 2.4% (24g/kg),Thuốc trừ cỏ,Công ty TNHH TM Bình Phương,lúa cấy,cỏ,
"Aloha 5GR, 25WP",Acetochlor 42g/kg (210g/kg) + Bensulfuron- methyl 8g/kg (40g/kg),Thuốc trừ cỏ,Công ty TNHH XNK Quốc tế SARA,lúa cấy; lúa gieo thẳng,cỏ,
Natos 15WP,Acetochlor 14.0% + Bensulfuron-methyl 0.8% + Metsulfuron-methyl 0.2%,Thuốc trừ cỏ,Công ty CP Nicotex,lúa cấy,cỏ,
Alphadax 250WP,Acetochlor 200 g/kg + Bensulfuron-methyl 45g/kg + Metsulfuron-methyl 5g/kg,Thuốc trừ cỏ,Công ty CP Khoa học Công nghệ cao American,lúa gieo thẳng,cỏ,
"Sarudo 18WP, 500.5EC",Acetochlor 16% (500g/l) + Bensulfuron-methyl 1.6% (0.3g/l) + Metsulfuron- methyl 0.4% (0.2g/l),Thuốc trừ cỏ,Công ty TNHH An Nông,lúa cấy; lạc; sắn; đậu tương,cỏ,
Sun-like 18WP,Acetochlor 160g/kg + Bensulfuron-methyl 16g/kg + Metsulfuron-methyl 4g/kg,Thuốc trừ cỏ,Công ty TNHH TM - DV Thanh Sơn Hóa Nông,lúa gieo thẳng,cỏ,
Rontatap 500EC,Acetochlor 470g/l + Butachlor 30g/l,Thuốc trừ cỏ,Công ty CP Công nghệ cao Thuốc BVTV USA,đậu tương,cỏ,
"Duaone 195WP, 735EC",Acetochlor 180g/kg (10g/l) + Metolachlor 15g/kg (725g/l),Thuốc trừ cỏ,Công ty TNHH Thuốc BVTV Liên doanh Nhật Mỹ,lúa cấy; lạc,cỏ,
Tvatozone 35EC,Acetochlor 30% + Oxadiazon 5%,Thuốc trừ cỏ,Công ty TNHH Vbook Hoa Kỳ,lúa gieo thẳng,cỏ,
Catholis 450EC,Acetochlor 410g/l + Oxyfluorfen 40g/l,Thuốc trừ cỏ,Công ty CP BVTV I TW,lạc,cỏ,
Nomefit 300EC,Acetochlor 15 g/l + Pretilachlor 285 g/l + chất an toàn Fenclorim 100g/l,Thuốc trừ cỏ,Công ty CP Nông dược Việt Nam,lúa gieo thẳng,cỏ,
Blurius 200WP,Acetochlor 160g/kg + Pyrazosulfuron-ethyl 40g/kg,Thuốc trừ cỏ,Công ty CP Công nghệ cao Thuốc BVTV USA,lúa cấy,cỏ,
Aciben 440SL,Acifluorfen (min 95%) 80g/l + Bentazone 360 g/l,Thuốc trừ cỏ,Công ty TNHH Á Châu Hoá Sinh,lúa gieo thẳng,cỏ,
Bentac 440SL,Acifluorfen (min 95%) 80g/l + Bentazone 360 g/l,Thuốc trừ cỏ,Công ty TNHH TM Agri Green,ngô,cỏ,
Khong Lo Fen 440SL,Acifluorfen (min 95%) 80g/l + Bentazone 360 g/l,Thuốc trừ cỏ,Công ty TNHH World Vision (VN),lạc,cỏ,
Tasmani 40SL,Acifluorfen 8% + Bentazone 32%,Thuốc trừ cỏ,Công ty TNHH BVTV Akita Việt Nam,lạc,cỏ,
Amesip 80 WP,Ametryn (min 96%),Thuốc trừ cỏ,Forward International Ltd,mía; ngô,cỏ,
"Ametrex 80 WP, 80WG",Ametryn (min 96%),Thuốc trừ cỏ,Công ty TNHH Adama Việt Nam,mía,cỏ,
"Amet annong 500FW, 800WP",Ametryn (min 96%),Thuốc trừ cỏ,Công ty TNHH An Nông,cà phê; mía,cỏ,
Ametsuper 80WP,Ametryn (min 96%),Thuốc trừ cỏ,Công ty CP Quốc tế Hòa Bình,mía; ngô,cỏ,
Aptramax 800 WP,Ametryn (min 96%),Thuốc trừ cỏ,Công ty CP Nông nghiệp HP,mía; ngô,cỏ,
Asarin 800WP,Ametryn (min 96%),Thuốc trừ cỏ,Công ty TNHH Việt Thắng,mía,cỏ,
Atryl 80WP,Ametryn (min 96%),Thuốc trừ cỏ,Công ty CP Khoa học Công nghệ cao American,mía; ngô,cỏ,
Dkmetryn 80WG,Ametryn (min 96%),Thuốc trừ cỏ,Công ty TNHH Danken Việt Nam,mía,cỏ,
Phu Quy Do 25EC,Ametryn (min 96%),Thuốc trừ cỏ,Công ty TNHH World Vision (VN),mía,cỏ,
"Slimgold 510SC, 810WP",Ametryn (min 96%),Thuốc trừ cỏ,Công ty CP Thuốc BVTV Việt Trung,mía,cỏ,
Atramet Combi 80WP,Ametryn 40% (400g/kg) + Atrazine 40% (400g/kg),Thuốc trừ cỏ,Công ty TNHH Adama Việt Nam,mía,cỏ,
Animex 800WP,Ametryn 40% (400g/kg) + Atrazine 40% (400g/kg),Thuốc trừ cỏ,Công ty CP Nicotex,mía; ngô,cỏ,
Aviator combi 800WP,Ametryn 40% (400g/kg) + Atrazine 40% (400g/kg),Thuốc trừ cỏ,Công ty CP Công nghệ Nông nghiệp Chiến Thắng,mía,cỏ,
Metrimex 80WP,Ametryn 40% (400g/kg) + Atrazine 40% (400g/kg),Thuốc trừ cỏ,Forward International Ltd,mía,cỏ,
Wamrincombi 800WP,Ametryn 40% (400g/kg) + Atrazine 40% (400g/kg),Thuốc trừ cỏ,Công ty TNHH Việt Thắng,mía,cỏ,
Okaya 830WP,Ametryn 800g/kg + Halosulfuron-methyl 30g/kg,Thuốc trừ cỏ,Công ty CP BVTV I TW,mía,cỏ,
Solid 48WP,Ametryn 40% + MCPA-Sodium 8%,Thuốc trừ cỏ,Công ty CP Nicotex,mía,cỏ,
T-P.Metsi 80WP,Ametryn 30% + Simazine 50%,Thuốc trừ cỏ,Công ty TNHH TM Thái Phong,mía,cỏ,
Dinamic 700WG,Amicarbazone (min 96.5%),Thuốc trừ cỏ,Công ty TNHH UPL Việt Nam,mía,cỏ,
Ω-Flora 12WG,Amidosulfuron (min 98%) 10.4% + Florasulam 1.6%,Thuốc trừ cỏ,Công ty TNHH MTV BVTV Omega,lúa gieo thẳng,cỏ,
"Agmaxzime 500SC, 800WP",Atrazine (min 96%),Thuốc trừ cỏ,Công ty CP Giải pháp NN Tiên Tiến,ngô,cỏ,
Amex gold 800WP,Atrazine (min 96%),Thuốc trừ cỏ,Công ty CP Quốc tế Hòa Bình,mía,cỏ,
Atamex 800WP,Atrazine (min 96%),Thuốc trừ cỏ,Công ty CP Công nghệ Nông nghiệp Chiến Thắng,ngô,cỏ,
Atra 500 SC,Atrazine (min 96%),Thuốc trừ cỏ,Công ty CP Khoa học Công nghệ cao American,mía; ngô,cỏ,
"Atra annong 500 FW, 800WP",Atrazine (min 96%),Thuốc trừ cỏ,Công ty TNHH An Nông,mía; ngô,cỏ,
Atraco 500SC,Atrazine (min 96%),Thuốc trừ cỏ,Công ty TNHH Trường Thịnh,ngô,cỏ,
Atranex 80 WP,Atrazine (min 96%),Thuốc trừ cỏ,Công ty TNHH Adama Việt Nam,mía; ngô,cỏ,
A-zet 80WP,Atrazine (min 96%),Thuốc trừ cỏ,Công ty TNHH SX - TM Tô Ba,ngô,cỏ,
Catrazin 800WP,Atrazine (min 96%),Thuốc trừ cỏ,Công ty TNHH Phú Nông,ngô,cỏ,
Destruc 800WP,Atrazine (min 96%),Thuốc trừ cỏ,Công ty CP ĐT TM và PTNN ADI,mía; ngô; quế,cỏ,
Hagumex 800WP,Atrazine (min 96%),Thuốc trừ cỏ,Công ty TNHH CEC Việt Nam,ngô,cỏ,
Many 800WP,Atrazine (min 96%),Thuốc trừ cỏ,Công ty CP BMC Vĩnh Phúc,ngô,cỏ,
Maizine 80 WP,Atrazine (min 96%),Thuốc trừ cỏ,Forward International Ltd,mía; ngô,cỏ,
"Mizin 80WP, 500SC",Atrazine (min 96%),Thuốc trừ cỏ,Công ty CP BVTV Sài Gòn,mía; ngô,cỏ,
Nitrazin 800WP,Atrazine (min 96%),Thuốc trừ cỏ,Công ty CP Nicotex,ngô,cỏ,
Sanazine 500 SC,Atrazine (min 96%),Thuốc trừ cỏ,"Longfat Global Co., Ltd",mía; ngô,cỏ,
"Wamrin 500SL, 800WP",Atrazine (min 96%),Thuốc trừ cỏ,Công ty TNHH Việt Thắng,mía; ngô,cỏ,
Zimizin 800WP,Atrazine (min 96%),Thuốc trừ cỏ,Công ty CP Nông dược Việt Thành,ngô,cỏ,
Omega-Manchester 48SE,Atrazine 29% + Butachlor 19%,Thuốc trừ cỏ,Công ty TNHH MTV BVTV Omega,mía; ngô,cỏ,
Zinzin 26SC,Atrazine 20% + Mesotrione 6%,Thuốc trừ cỏ,Công ty CP Big Tree,ngô,cỏ,
Atraone 25OD,Atrazine 20% + Mesotrione 5%,Thuốc trừ cỏ,Công ty TNHH TM và SX Ngọc Yến,mía; ngô,cỏ,
Calaris Xtra 275SC,Atrazine 250g/l + Mesotrione 25g/l,Thuốc trừ cỏ,Công ty TNHH Syngenta Việt Nam,mía; ngô,cỏ,
Mesoiplus 300 OD,Atrazine 240g/l + Mesotrione 60g/l,Thuốc trừ cỏ,Công ty TNHH US Agro,ngô,cỏ,
Ω-Ameso 400SC,Atrazine 34% + Mesotrione 6%,Thuốc trừ cỏ,Công ty TNHH Á Châu Hoá Sinh,mía; ngô,cỏ,
Azin rio 45SC,Atrazine 35% + Mesotrione 10%,Thuốc trừ cỏ,Công ty TNHH Nông nghiệp Công nghệ xanh Bắc Giang,ngô,cỏ,
Valora 46SC,Atrazine 40% + Mesotrione 6%,Thuốc trừ cỏ,"Zhejiang Udragon Pesticides and Chemicals Co., Ltd",ngô,cỏ,
Hamaize 50WP,Atrazine 40% + Mesotrione 10%,Thuốc trừ cỏ,Công ty TNHH XNK Hóa chất Công nghệ cao Việt Nam,ngô,cỏ,
New Warmrin 500WP,Atrazine 40% + Mesotrione 10%,Thuốc trừ cỏ,Công ty TNHH Việt Thắng Hà Nội,ngô,cỏ,
Hetloco 550SC,Atrazine 50% (500g/l) + Mesotrione 5% (50g/l),Thuốc trừ cỏ,Công ty TNHH Vĩnh Nông Phát,ngô,cỏ,
Halanmizin 55SC,Atrazine 50% (500g/l) + Mesotrione 5% (50g/l),Thuốc trừ cỏ,Công ty CP Hóa chất NN Hà Lan,ngô,cỏ,
Logichu 55SC,Atrazine 50% (500g/l) + Mesotrione 5% (50g/l),Thuốc trừ cỏ,Công ty CP ĐT TM và PTNN ADI,ngô,cỏ,
Metrazin 550SC,Atrazine 50% (500g/l) + Mesotrione 5% (50g/l),Thuốc trừ cỏ,Công ty TNHH TCT Hà Nội,ngô,cỏ,
Mezin-xtra 55SC,Atrazine 50% (500g/l) + Mesotrione 5% (50g/l),Thuốc trừ cỏ,Công ty CP Hóa chất SAM,ngô,cỏ,
Obisu 55SC,Atrazine 50% (500g/l) + Mesotrione 5% (50g/l),Thuốc trừ cỏ,Công ty CP BVTV I TW,ngô,cỏ,
Armaize Xtra 88WG,Atrazine 76% + Mesotrione 12%,Thuốc trừ cỏ,"Shandong Weifang Rainbow Chemical Co., Ltd",ngô,cỏ,
Dicoba 88.8WG,Atrazine 80.8% + Mesotrione 8%,Thuốc trừ cỏ,Công ty TNHH MTC Tiến Minh,ngô,cỏ,
Lumax 472SE,Atrazine 120g/l + Mesotrione 32g/l + S-metolachlor 320g/l,Thuốc trừ cỏ,Công ty TNHH Syngenta Việt Nam,ngô,cỏ,
VT-Ansaron 23 OD,Atrazine 20% + Nicosulfuron 3%,Thuốc trừ cỏ,Công ty TNHH CNSH Quốc tế Việt Thái,mía,cỏ,
Anico 240OD,Atrazine 200 g/l + Nicosulfuron 40 g/l,Thuốc trừ cỏ,Công ty TNHH Á Châu Hóa Sinh,mía; sắn,cỏ,
Bigzin 52WP,Atrazine 48% + Nicosulfuron 4%,Thuốc trừ cỏ,Công ty CP Bigfive Việt Nam,ngô; quế,cỏ,
Tgold 52WP,Atrazine 48% + Nicosulfuron 4%,Thuốc trừ cỏ,Công ty TNHH Hóa sinh Việt Nhật,ngô,cỏ,
Map hope 510WP,Atrazine 500g/kg + Nicosulfuron 10g/kg,Thuốc trừ cỏ,Map Pacific Pte Ltd,mía; ngô,cỏ,
Nicosuper 480WP,Atrazine 445g/kg + Nicosulfuron 35g/kg,Thuốc trừ cỏ,Công ty CP Thuốc BVTV Việt Trung,ngô,cỏ,
Nicomaize 80WG,Atrazine 72% + Nicosulfuron 8%,Thuốc trừ cỏ,Công ty TNHH TM-DV VAD,ngô,cỏ,
Ω-Apiso 40SE,Atrazine 14% + Propisochlor 26%,Thuốc trừ cỏ,Công ty TNHH MTV BVTV Omega,mía; ngô,cỏ,
Topical 425SC,Atrazine 300g/l + Sulcotrione (min 95%) 125g/l,Thuốc trừ cỏ,Công ty CP Công nghệ Nông nghiệp Chiến Thắng,ngô,cỏ,
Asuherb 40SC,Atrazine 30% + Sulcotrione 10%,Thuốc trừ cỏ,Công ty TNHH XNK Kết Nông,ngô,cỏ,
Beron 10 WP,Bensulfuron-methyl (min 96%),Thuốc trừ cỏ,Công ty CP BVTV Sài Gòn,lúa gieo thẳng,cỏ,
Bensurus 10WP,Bensulfuron-methyl (min 96%),Thuốc trừ cỏ,Công ty CP Nông dược Việt Nam,lúa cấy,cỏ,
Furore 10WP,Bensulfuron-methyl (min 96%),Thuốc trừ cỏ,"Công ty TNHH Hóa chất Phân bón, Thuốc BVTV Dubai",lúa gieo thẳng,cỏ,
"Loadstar 10WP, 60WG",Bensulfuron-methyl (min 96%),Thuốc trừ cỏ,Công ty TNHH XNK Quốc tế SARA,lúa cấy; lúa gieo thẳng,cỏ,
"Mullai 100WP, 100WG",Bensulfuron-methyl (min 96%),Thuốc trừ cỏ,Công ty TNHH TM Bình Phương,lúa gieo thẳng,cỏ,
Rorax 10 WP,Bensulfuron-methyl (min 96%),Thuốc trừ cỏ,Công ty TNHH Việt Thắng,lúa gieo thẳng,cỏ,
Sharon 100 WP,Bensulfuron-methyl (min 96%),Thuốc trừ cỏ,Công ty CP Quốc tế Hòa Bình,lúa gieo thẳng,cỏ,
Sulzai 10WP,Bensulfuron-methyl (min 96%),Thuốc trừ cỏ,Công ty TNHH Vật tư BVTV Phương Mai,lúa cấy; lúa gieo thẳng,cỏ,
Honixon 30WP,Bensulfuron-methyl 12% + Bispyribac-sodium 18%,Thuốc trừ cỏ,Công ty CP Nicotex,lúa gieo thẳng,cỏ,
Apoger 3.2GR,Bensulfuron-methyl 0.16g/kg + Butachlor 3.04g/kg,Thuốc trừ cỏ,Công ty CP Chuyển giao tiến bộ KTNN Nicotex,lúa cấy,cỏ,
Apogy 3.2GR,Bensulfuron-methyl 0.16g/kg + Butachlor 3.04g/kg,Thuốc trừ cỏ,Công ty CP Nicotex,lúa cấy,cỏ,
One-tri 3.2GR,Bensulfuron-methyl 0.16g/kg + Butachlor 3.04g/kg,Thuốc trừ cỏ,Công ty CP BMC Vĩnh Phúc,lúa cấy,cỏ,
"Bé bụ 30WP, 30SE",Bensulfuron-methyl 1.5% + Butachlor 28.5% + Chất an toàn Fenclorim 10%,Thuốc trừ cỏ,Công ty CP BVTV Sài Gòn,lúa gieo thẳng,cỏ,
Haly super 450WP,Bensulfuron-methyl 100g/kg + Cyhalofop butyl 50g/kg + Quinclorac 300g/kg,Thuốc trừ cỏ,Công ty CP ND Quốc tế Nhật Bản,lúa gieo thẳng,cỏ,
Topsuper 407WP,Bensulfuron-methyl 63g/kg + Cyhalofop Butyl 1g/kg + Quinclorac 343g/kg,Thuốc trừ cỏ,Công ty CP Thuốc BVTV Việt Trung,lúa gieo thẳng,cỏ,
Danox 68WP,Bensulfuron-methyl 20g/kg + Mefenacet 660 g/kg,Thuốc trừ cỏ,Công ty TNHH XNK Quốc tế SARA,lúa gieo thẳng,cỏ,
Acocet 53WP,Bensulfuron-methyl 30g/kg + Mefenacet 500g/kg,Thuốc trừ cỏ,Công ty TNHH - TM Thái Nông,lúa gieo thẳng,cỏ,
Wenson 50WP,Bensulfuron-methyl 4% + Mefenacet 46%,Thuốc trừ cỏ,Công ty TNHH Trường Thịnh,lúa cấy; lúa gieo thẳng,cỏ,
Superdax 20WP,Bensulfuron-methyl 3% + Metolachlor 17%,Thuốc trừ cỏ,Công ty CP Nicotex Đông Thái,ngô,cỏ,
Queen soft 40WP,Bensulfuron-methyl 4% + Pretilachlor 36%,Thuốc trừ cỏ,Công ty TNHH Công nghiệp Khoa học Mùa màng Anh-Rê,lúa gieo thẳng,cỏ,
Cetrius 10WP,Bensulfuron-methyl 0.7% + Pyrazosulfuron-ethyl 9.3%,Thuốc trừ cỏ,Công ty CP Công nghệ cao Thuốc BVTV USA,lúa gieo thẳng,cỏ,
Sirafb 100WP,Bensulfuron-methyl 5g/kg + Pyrazosulfuron-ethyl 95g/kg,Thuốc trừ cỏ,Công ty CP Khoa học Công nghệ cao American,lúa gieo thẳng,cỏ,
Rus-Sunri 110WP,Bensulfuron-methyl 10g/kg + Pyrazosulfuron-ethyl 100g/kg,Thuốc trừ cỏ,Công ty TNHH Việt Thắng,lúa gieo thẳng,cỏ,
"Droper 2GR, 400WP",Bensulfuron-methyl 0.25g/kg (40g/kg) + Pretilachlor 1.75g/kg (360g/kg),Thuốc trừ cỏ,Công ty CP BMC Vĩnh Phúc,lúa gieo thẳng,cỏ,
Masaro 55OD,Bensulfuron-methyl 5.5% + Pretilachlor 49.5%,Thuốc trừ cỏ,Công ty CP BVTV ATC,lúa gieo thẳng,cỏ,
Fenrim 18.5WP,Bensulfuron-methyl 3.5% + Propisochlor (min 95%) 15%,Thuốc trừ cỏ,Công ty CP BVTV I TW,lúa cấy; lúa gieo thẳng,cỏ,
Fitri 18.5 WP,Bensulfuron-methyl 3.5% + Propisochlor (min 95%) 15%,Thuốc trừ cỏ,Công ty TNHH Sản phẩm Công nghệ cao,lúa cấy; lúa gieo thẳng; lạc,cỏ,
Pisorim 18.5WP,Bensulfuron-methyl 3.5% + Propisochlor (min 95%) 15%,Thuốc trừ cỏ,Công ty TNHH TM SX Thôn Trang,lúa cấy,cỏ,
Vitarai 18.5WP,Bensulfuron-methyl 3.5% + Propisochlor (min 95%) 15%,Thuốc trừ cỏ,Công ty TNHH Việt Thắng,lúa cấy,cỏ,
Gradf 200WP,Bensulfuron-methyl 40g/kg + Propisochlor 160g/kg,Thuốc trừ cỏ,Công ty CP Nông dược Nhật Việt,lúa gieo thẳng,cỏ,
Quinix 32 WP,Bensulfuron-methyl 4% + Quinclorac 28%,Thuốc trừ cỏ,Công ty CP Nicotex,lúa gieo thẳng,cỏ,
Cow 36WP,Bensulfuron-methyl 3% (30g/kg) + Quinclorac 33% (330g/kg),Thuốc trừ cỏ,Công ty TNHH TM - DV Thanh Sơn Hóa Nông,lúa gieo thẳng,cỏ,
Sifata 36WP,Bensulfuron-methyl 3% (30g/kg) + Quinclorac 33% (330g/kg),Thuốc trừ cỏ,"Guizhou CUC INC. (Công ty TNHH TM Hồng Xuân Kiệt, Quý Châu, Trung Quốc)",lúa gieo thẳng,cỏ,
Subrai 36WP,Bensulfuron-methyl 3% (30g/kg) + Quinclorac 33% (330g/kg),Thuốc trừ cỏ,Công ty TNHH Việt Thắng,lúa cấy; lúa gieo thẳng,cỏ,
Tempest 36 WP,Bensulfuron-methyl 3% (30g/kg) + Quinclorac 33% (330g/kg),Thuốc trừ cỏ,Công ty TNHH XNK Quốc tế SARA,lúa gieo thẳng,cỏ,
Flaset 400WP,Bensulfuron-methyl 50g/kg + Quinclorac 350g/kg,Thuốc trừ cỏ,Công ty TNHH Nông dược HAI Quy Nhơn,lúa gieo thẳng,cỏ,
Laphasi 40WP,Bensulfuron-methyl 7% + Quinclorac 33%,Thuốc trừ cỏ,Công ty TNHH MTV BVTV Long An,lúa gieo thẳng,cỏ,
"Ankill A 40WP, 40SC",Bensulfuron-methyl 6% (60g/l) + Quinclorac 34% (340g/l),Thuốc trừ cỏ,Công ty CP Tập đoàn Lộc Trời,lúa gieo thẳng,cỏ,
Newnee 540SC,Bensulfuron-methyl 90g/l (90g/kg) + Quinclorac 450g/l (450g/kg),Thuốc trừ cỏ,Công ty CP Nông dược Việt Nam,lúa gieo thẳng,cỏ,
Omofit 540WP,Bensulfuron-methyl 90g/l (90g/kg) + Quinclorac 450g/l (450g/kg),Thuốc trừ cỏ,Công ty CP Multiagro,lúa gieo thẳng,cỏ,
"Rocet 100WP, 250SC",Bensulfuron-methyl 95g/kg (7g/kg) + Quinclorac 5g/kg (243g/kg),Thuốc trừ cỏ,Công ty CP Công nghệ cao Thuốc BVTV USA,lúa cấy; lúa gieo thẳng,cỏ,
Mizujapane 600WP,Bensulfuron-methyl 40g/kg + Quinclorac 560g/kg,Thuốc trừ cỏ,Công ty TNHH TM SX Thôn Trang,lúa gieo thẳng,cỏ,
Baragren 480SL,Bentazone (min 96%),Thuốc trừ cỏ,Công ty CP Genta Thụy Sĩ,đậu tương,cỏ,
Basagran 480SL,Bentazone (min 96%),Thuốc trừ cỏ,"BASF Vietnam Co., Ltd",lúa gieo thẳng; lạc; ngô,cỏ,
Basegold 480SL,Bentazone (min 96%),Thuốc trừ cỏ,Công ty CP Nicotex,lúa gieo thẳng,cỏ,
Benta 480SL,Bentazone (min 96%),Thuốc trừ cỏ,Công ty TNHH Á Châu Hóa Sinh,lạc,cỏ,
Bentagold 560SL,Bentazone (min 96%),Thuốc trừ cỏ,Công ty CP SX - TM - DV Ngọc Tùng,lúa gieo thẳng,cỏ,
Bentaherb 480SL,Bentazone (min 96%),Thuốc trừ cỏ,Công ty TNHH XNK Kết Nông,ngô,cỏ,
Bentazan 480SL,Bentazone (min 96%),Thuốc trừ cỏ,Công ty CP Vagritex,đậu tương,cỏ,
Benzema 480SL,Bentazone (min 96%),Thuốc trừ cỏ,Công ty CP Liên doanh quốc tế Fujimoto,lúa gieo thẳng; lạc,cỏ,
Betazol 480SL,Bentazone (min 96%),Thuốc trừ cỏ,Công ty CP Thuốc sát trùng VN,lạc,cỏ,
Benton 480SL,Bentazone (min 96%),Thuốc trừ cỏ,Công ty CP Hợp Trí Summit,lúa gieo thẳng,cỏ,
Bolero 480SL,Bentazone (min 96%),Thuốc trừ cỏ,Công ty TNHH Fujimoto Việt Nam,lúa gieo thẳng,cỏ,
DB-Roma 480SL,Bentazone (min 96%),Thuốc trừ cỏ,"Công ty TNHH Hóa chất Phân bón, thuốc BVTV Dubai",lúa gieo thẳng,cỏ,
Dktazone 480SL,Bentazone (min 96%),Thuốc trừ cỏ,Công ty TNHH Danken Việt Nam,đậu tương,cỏ,
Eco-chac 480SL,Bentazone (min 96%),Thuốc trừ cỏ,Công ty TNHH TM DV XNK Global Ecotech,đậu tương,cỏ,
Genaxe 480SL,Bentazone (min 96%),Thuốc trừ cỏ,Công ty TNHH US Agro,đậu tương,cỏ,
Helios 480SL,Bentazone (min 96%),Thuốc trừ cỏ,Công ty CP SX và TM Công nghệ Châu Âu,ngô,cỏ,
Khong lo 480SL,Bentazone (min 96%),Thuốc trừ cỏ,Công ty TNHH World Vision (VN),lạc,cỏ,
Mdbenzone 480SL,Bentazone (min 96%),Thuốc trừ cỏ,Công ty CP Mạnh Đan,đậu tương,cỏ,
Novastar 480SL,Bentazone (min 96%),Thuốc trừ cỏ,Công ty CP Kỹ thuật công nghệ Klever,lạc,cỏ,
Rider 480SL,Bentazone (min 96%),Thuốc trừ cỏ,Công ty TNHH Đầu tư và Phát triển Ngọc Lâm,lúa gieo thẳng,cỏ,
SV-Bentamaxel 480SL,Bentazone (min 96%),Thuốc trừ cỏ,Công ty TNHH Saturn Chemical Việt Nam,ngô,cỏ,
Vitop 480SL,Bentazone (min 96%),Thuốc trừ cỏ,Công ty CP Delta Cropcare,lúa gieo thẳng,cỏ,
Wingo 480SL,Bentazone (min 96%),Thuốc trừ cỏ,Công ty CP Hóc Môn,lúa gieo thẳng; sắn; đậu xanh,cỏ,
Yoko 480SL,Bentazone (min 96%),Thuốc trừ cỏ,Công ty TNHH BVTV Thảo Điền,đậu tương,cỏ,
Zontex 480SL,Bentazone (min 96%),Thuốc trừ cỏ,Công ty TNHH Thuốc BVTV Liên doanh Nhật Mỹ,đậu tương,cỏ,
Dictate 450SL,Bentazone 300g/l + MCPA 150g/l,Thuốc trừ cỏ,Công ty TNHH Nufarm Việt Nam,lúa gieo thẳng,cỏ,
Benta Top 460SL,Bentazone 400 g/l + MCPA 60 g/l,Thuốc trừ cỏ,Công ty TNHH TM và SX Ngọc Yến,ngô,cỏ,
Cambio Pro 460SL,Bentazone 400 g/l + MCPA 60 g/l,Thuốc trừ cỏ,"BASF Vietnam Co., Ltd",lúa gieo thẳng; ngô,cỏ,
Newmeso 460SL,Bentazone 400 g/l + MCPA 60 g/l,Thuốc trừ cỏ,Công ty CP S New Rice,ngô,cỏ,
Raingran 460SL,Bentazone 400 g/l + MCPA 60 g/l,Thuốc trừ cỏ,"Shandong Weifang Rainbow Chemical Co., Ltd",ngô,cỏ,
Sipita 46SL,Bentazone 40% + MCPA 6%,Thuốc trừ cỏ,Công ty TNHH TCT Hà Nội,lạc,cỏ,
Maneki 460SL,Bentazone 400 g/l + MCPA- sodium 60 g/l,Thuốc trừ cỏ,Công ty CP Thịnh Vượng Việt,lúa gieo thẳng,cỏ,
Mia Pro 37.5SL,Bentazone 30% + MCPA- sodium 7.5%,Thuốc trừ cỏ,Công ty TNHH VTNN Trung Phong,ngô,cỏ,
Zoset 30 SC,Bentazone 10% + Quinclorac 20%,Thuốc trừ cỏ,Công ty CP BVTV I TW,lúa gieo thẳng,cỏ,
Startup 450SC,Bentazone 200g/l + Cyhalofop butyl 50g/l + Quinclorac 200g/l,Thuốc trừ cỏ,Công ty CP Nông Việt,lúa gieo thẳng,cỏ,
Shootbis 350EC,Benazolin-ethyl (min 95%) 300g/l + Quizalofop-P-ethyl 50g/l,Thuốc trừ cỏ,Công ty TNHH Hóa Nông Lúa Vàng,lạc,cỏ,
Ang.tieuco 300SC,Benzobicyclon (min 97%),Thuốc trừ cỏ,Công ty TNHH An Nông,lúa gieo thẳng,cỏ,
Kabuto 500SC,Benzobicyclon (min 97%),Thuốc trừ cỏ,Công ty TNHH TM Tân Thành,lúa gieo thẳng,cỏ,
Danphos 10 SC,Bispyribac-sodium (min 93%),Thuốc trừ cỏ,Công ty TNHH XNK Quốc tế SARA,lúa gieo thẳng,cỏ,
Domino 20WP,Bispyribac-sodium (min 93%),Thuốc trừ cỏ,Công ty CP BVTV Sài Gòn,lúa gieo thẳng,cỏ,
Faxai 10 SC,Bispyribac-sodium (min 93%),Thuốc trừ cỏ,Công ty TNHH Hóa sinh Á Châu,lúa gieo thẳng,cỏ,
Horse 10SC,Bispyribac-sodium (min 93%),Thuốc trừ cỏ,Công ty TNHH ADC,lúa gieo thẳng,cỏ,
Jianee 10SC,Bispyribac-sodium (min 93%),Thuốc trừ cỏ,Công ty CP Jia Non Biotech (VN),lúa gieo thẳng,cỏ,
Lanina 100SC,Bispyribac-sodium (min 93%),Thuốc trừ cỏ,Công ty TNHH Hóa Nông Lúa Vàng,lúa gieo thẳng,cỏ,
Maxima 10 SC,Bispyribac-sodium (min 93%),Thuốc trừ cỏ,Công ty TNHH – TM ACP,lúa gieo thẳng,cỏ,
Newmilce 100SC,Bispyribac-sodium (min 93%),Thuốc trừ cỏ,Công ty TNHH An Nông,lúa gieo thẳng,cỏ,
Nixon 20WP,Bispyribac-sodium (min 93%),Thuốc trừ cỏ,Công ty CP Nicotex,lúa gieo thẳng,cỏ,
Nofami 10SC,Bispyribac-sodium (min 93%),Thuốc trừ cỏ,Công ty TNHH TM Nông Phát,lúa gieo thẳng,cỏ,
Nomeler 100 SC,Bispyribac-sodium (min 93%),Thuốc trừ cỏ,Công ty CP Công nghệ cao Thuốc BVTV USA,lúa gieo thẳng,cỏ,
"Nominee 10SC, 100OF",Bispyribac-sodium (min 93%),Thuốc trừ cỏ,Sumitomo Corporation Vietnam LLC,lúa cấy; lúa gieo thẳng,cỏ,
"Nonee-cali 10WP, 100SC",Bispyribac-sodium (min 93%),Thuốc trừ cỏ,Công ty CP Khoa học CNC American,lúa gieo thẳng,cỏ,
"Nonider 10SC, 130WP",Bispyribac-sodium (min 93%),Thuốc trừ cỏ,Công ty CP Thuốc BVTV Việt Trung,lúa gieo thẳng,cỏ,
Sipyri 10 SC,Bispyribac-sodium (min 93%),Thuốc trừ cỏ,Công ty TNHH Adama Việt Nam,lúa gieo thẳng,cỏ,
Somini 10 SC,Bispyribac-sodium (min 93%),Thuốc trừ cỏ,Công ty TNHH TM - DV Thanh Sơn Hóa Nông,lúa gieo thẳng,cỏ,
Sunbishi 10SC,Bispyribac-sodium (min 93%),Thuốc trừ cỏ,Sundat (S) Pte Ltd,lúa gieo thẳng,cỏ,
Superminee 10 SC,Bispyribac-sodium (min 93%),Thuốc trừ cỏ,Công ty TNHH TM Tân Thành,lúa gieo thẳng,cỏ,
TTBye 300EC,Bispyribac-sodium 100g/l + Cyhalofop butyl 200 g/l,Thuốc trừ cỏ,Công ty TNHH TM Tân Thành,lúa gieo thẳng,cỏ,
Nograss 16OD,Bispyribac-sodium 4% + Cyhalofop-butyl 12%,Thuốc trừ cỏ,Công ty CP BVTV ATC,lúa gieo thẳng,cỏ,
Morclean 150SC,Bispyribac-sodium 100g/l + Fenoxaprop-P-Ethyl 50g/l,Thuốc trừ cỏ,Công ty TNHH Hóa Nông Lúa Vàng,lúa gieo thẳng,cỏ,
Dosuha 100 OD,Bispyribac-sodium 40g/l + Penoxsulam 60g/l,Thuốc trừ cỏ,Công ty CP Nông dược Việt Thành,lúa gieo thẳng,cỏ,
Nomirius super 200WP,Bispyribac-sodium 130g/kg + Pyrazosulfuron-ethyl 70g/kg,Thuốc trừ cỏ,Công ty CP Hóa nông Mỹ Việt Đức,lúa gieo thẳng,cỏ,
Supecet 250SC,Bispyribac-sodium 70g/l + Quinclorac 180g/l,Thuốc trừ cỏ,Công ty CP Khoa học Công nghệ cao American,lúa gieo thẳng,cỏ,
Newday 270SC,Bispyribac-sodium 20g/l + Quinclorac 250g/l,Thuốc trừ cỏ,Công ty CP Công nghệ hoá chất Nhật Bản Kasuta,lúa gieo thẳng,cỏ,
Supernee 500WP,Bispyribac-sodium 70g/kg + Quinclorac 430 g/kg,Thuốc trừ cỏ,Công ty CP CNC Thuốc BVTV USA,lúa gieo thẳng,cỏ,
Bêlêr 620 OD,Bispyribac-sodium 20g/l + Thiobencarb (min 92%) 600g/l,Thuốc trừ cỏ,Công ty TNHH Hóa Nông Lúa Vàng,lúa gieo thẳng,cỏ,
AG-Lego 600EC,Butachlor (min 93%),Thuốc trừ cỏ,Công ty TNHH Hoá chất Phân bón Thuốc BVTV An Giang,ngô,cỏ,
"B.L.Tachlor 27 WP, 60 EC",Butachlor (min 93%),Thuốc trừ cỏ,Công ty CP Thuốc BVTV Việt Trung,lúa cấy; lúa gieo thẳng,cỏ,
Buchlorsuper 600EC,Butachlor (min 93%),Thuốc trừ cỏ,Công ty TNHH MTV Gold Ocean,lạc,cỏ,
Butaco 600EC,Butachlor (min 93%),Thuốc trừ cỏ,Công ty TNHH TM DV SX XNK Đức Thành,lúa,cỏ,
Buta gold 600EC,Butachlor (min 93%),Thuốc trừ cỏ,Công ty CP Hóa nông AMC,ngô,cỏ,
Butalo 60EC,Butachlor (min 93%),Thuốc trừ cỏ,Công ty TNHH Master AG,lạc,cỏ,
Butan 60 EC,Butachlor (min 93%),Thuốc trừ cỏ,Công ty CP Lion Agrevo,lúa cấy; lúa gieo thẳng,cỏ,
Butanix 60 EC,Butachlor (min 93%),Thuốc trừ cỏ,Công ty CP Nicotex,lúa cấy; lúa gieo thẳng; lạc,cỏ,
Butavi 60 EC,Butachlor (min 93%),Thuốc trừ cỏ,Công ty CP DV NN & PTNT Vĩnh Phúc,lúa cấy; lúa gieo thẳng; mạ,cỏ,
"Butoxim 5GR, 60EC",Butachlor (min 93%),Thuốc trừ cỏ,Công ty CP BVTV Sài Gòn,lúa; lúa cấy; lúa gieo thẳng,cỏ,
Dibuta 60 EC,Butachlor (min 93%),Thuốc trừ cỏ,Công ty TNHH XNK Quốc tế SARA,lúa,cỏ,
Dietcomam 65EC,Butachlor (min 93%),Thuốc trừ cỏ,Công ty TNHH MTV BVTV Long An,lúa gieo thẳng,cỏ,
Echo 60EW,Butachlor (min 93%),Thuốc trừ cỏ,Công ty TNHH Syngenta Việt Nam,lúa cấy; lúa gieo thẳng,cỏ,
"Forwabuta 5GR, 60EC",Butachlor (min 93%),Thuốc trừ cỏ,Forward International Ltd,lúa,cỏ,
Heco 600 EC,Butachlor (min 93%),Thuốc trừ cỏ,Công ty CP BVTV I TW,lúa cấy; lúa gieo thẳng; lạc; mía; đậu tương,cỏ,
Kocin 60 EC,Butachlor (min 93%),Thuốc trừ cỏ,"Bailing Agrochemical Co., Ltd",lúa gieo thẳng; lạc,cỏ,
"Lambast 5GR, 60EC",Butachlor (min 93%),Thuốc trừ cỏ,Công ty CP Giải pháp NN Tiên Tiến,lúa,cỏ,
"Machete 5GR, 60EC",Butachlor (min 93%),Thuốc trừ cỏ,Công ty TNHH Hóa sinh Á Châu,lúa,cỏ,
MDButa 50EC,Butachlor (min 93%),Thuốc trừ cỏ,Công ty CP Mạnh Đan,đậu tương,cỏ,
Meco 60 EC,Butachlor (min 93%),Thuốc trừ cỏ,Công ty CP Tập đoàn Lộc Trời,lúa cấy; lúa gieo thẳng,cỏ,
"Michelle 5GR, 62EC",Butachlor (min 93%),Thuốc trừ cỏ,Sinon Corporation,lúa,cỏ,
Misen 620EC,Butachlor (min 93%),Thuốc trừ cỏ,Công ty TNHH Á Châu Hoá Sinh,lúa gieo thẳng,cỏ,
Saco 600 EC,Butachlor (min 93%),Thuốc trừ cỏ,Công ty CP Quốc tế Hòa Bình,lúa gieo thẳng,cỏ,
"Super-Bu 5GR, 60EC",Butachlor (min 93%),Thuốc trừ cỏ,Công ty TNHH TM - DV Thanh Sơn Hóa Nông,lúa cấy; lúa gieo thẳng; lạc,cỏ,
Taco 600 EC,Butachlor (min 93%),Thuốc trừ cỏ,Công ty TNHH Việt Thắng,lúa,cỏ,
Tico 60 EC,Butachlor (min 93%),Thuốc trừ cỏ,Công ty CP Vật tư NN Tiền Giang,lúa,cỏ,
"Vibuta 5 GR, 62EC",Butachlor (min 93%),Thuốc trừ cỏ,Công ty CP Thuốc sát trùng Việt Nam,lúa cấy; lúa gieo thẳng,cỏ,
B.L.Tachlor 27 WP,Butachlor 27% + Chất an toàn Fenclorim 0.2% (10%),Thuốc trừ cỏ,Công ty CP Thuốc BVTV Việt Trung,lúa gieo thẳng Fenclorim 10%:; lạc,Fenclorim 0.2%: cỏ; cỏ,
Echo 60EC,Butachlor 600g/l + chất an toàn Fenclorim 60g/l,Thuốc trừ cỏ,Công ty TNHH Syngenta Việt Nam,lúa,cỏ,
Savik 60EC,Butachlor 600g/l + chất an toàn Fenclorim 60g/l,Thuốc trừ cỏ,Sumitomo Corporation Vietnam LLC,ngô,cỏ,
Colua 600EC,Butachlor 600 g/l + chất an toàn Fenclorim 90 g/l,Thuốc trừ cỏ,Công ty CP Khử trùng Việt Nam,lạc,cỏ,
Burn-co 60EC,Butachlor 600g/l + chất an toàn Fenclorim 100g/l,Thuốc trừ cỏ,Công ty TNHH TM DV Việt Nông,lúa gieo thẳng,cỏ,
Butoxim 60EC,Butachlor 600g/l + chất an toàn Fenclorim 100g/l,Thuốc trừ cỏ,Công ty CP BVTV Sài Gòn,lúa gieo thẳng,cỏ,
Sabuta 600EC,Butachlor 600g/l + chất an toàn Fenclorim 100g/l,Thuốc trừ cỏ,Công ty CP SX - TM - DV Ngọc Tùng,lúa gieo thẳng,cỏ,
Trabuta 60EC,Butachlor 600g/l + chất an toàn Fenclorim 100g/l,Thuốc trừ cỏ,Công ty TNHH TM SX Thôn Trang,lúa gieo thẳng,cỏ,
Miceo 620EC,Butachlor 620g/l + chất an toàn Fenclorim 100g/l,Thuốc trừ cỏ,Công ty TNHH Phú Nông,lúa gieo thẳng,cỏ,
Butafit 320EC,Butachlor 320g/l + chất an toàn Fenclorim 50g/l,Thuốc trừ cỏ,Công ty TNHH Trường Thịnh,lúa gieo thẳng,cỏ,
Beeco 345EC,Butachlor 30g/l + Cyhalofop butyl 315g/l,Thuốc trừ cỏ,Công ty CP Thuốc BVTV Việt Trung,lúa gieo thẳng,cỏ,
AF-Procare 66EC,Butachlor 55% + Oxadiazon 11%,Thuốc trừ cỏ,Công ty TNHH Agrifuture,lạc,cỏ,
Rosazone 60EC,Butachlor 50% + Oxadiazon 10%,Thuốc trừ cỏ,Công ty CP Quốc tế Việt Đức,ngô,cỏ,
Rainbow® 410SE,Butachlor 400g/l + Penoxsulam 10g/l,Thuốc trừ cỏ,Công ty TNHH Corteva Agriscience Việt Nam,lúa gieo thẳng,cỏ,
Newfit 330EC,Butachlor 30g/l + Pretilachlor 300g/l + chất an toàn Fenclorim 100g/l,Thuốc trừ cỏ,Công ty CP Hóa Nông Mỹ Việt Đức,lúa gieo thẳng,cỏ,
Newrofit 350EC,Butachlor 50 g/l + Pretilachlor 300 g/l + chất an toàn Fenclorim 100 g/l,Thuốc trừ cỏ,Công ty CP Công nghệ cao Thuốc BVTV USA,lúa gieo thẳng,cỏ,
Omegafit 350EC,Butachlor 50 g/l + Pretilachlor 300 g/l + chất an toàn Fenclorim 100 g/l,Thuốc trừ cỏ,Công ty TNHH Hóa Sinh Á Châu,lúa gieo thẳng,cỏ,
Topfit one 350EC,Butachlor 50 g/l + Pretilachlor 300 g/l + chất an toàn Fenclorim 100 g/l,Thuốc trừ cỏ,Công ty TNHH Thuốc BVTV Bông Sen Vàng,lúa gieo thẳng,cỏ,
Xofisasia 350EC,Butachlor 50 g/l + Pretilachlor 300 g/l + chất an toàn Fenclorim 100 g/l,Thuốc trừ cỏ,Công ty CP Cali Agritech USA,lúa gieo thẳng,cỏ,
Sofigold 320EC,Butachlor 20g/l + Pretilachlor 300g/l + Chất an toàn Fenclorim 100g/l,Thuốc trừ cỏ,Công ty CP Thuốc BVTV Việt Trung,lúa gieo thẳng,cỏ,
Sofigold 271WP,Butachlor 270g/kg + Pretilachlor 1g/kg,Thuốc trừ cỏ,Công ty CP Thuốc BVTV Việt Trung,lúa cấy; lúa gieo thẳng,cỏ,
NewYorkFit-Usa 370EC,Butachlor 90g/l + Pretilachlor 280g/l + Chất an toàn Fenclorim 100g/l,Thuốc trừ cỏ,Công ty TNHH Anh Dẩu Tiền Giang,lúa gieo thẳng,cỏ,
Tacogold 400EC,Butachlor 100g/l + Pretilachlor 300g/l + Chất an toàn Fenclorim 100g/l,Thuốc trừ cỏ,Công ty TNHH Việt Thắng,lúa gieo thẳng,cỏ,
"Tecogold 272WP, 508SC, 601EC","Butachlor 270g/kg (1g/l), (241g/l) + Pretilachlor 1g/kg (1g/l), (10g/l) + Propanil 1g/kg (506g/l), (350g/l)",Thuốc trừ cỏ,Công ty CP Thuốc BVTV Việt Trung,lúa gieo thẳng,cỏ,
Butanil 55 EC,Butachlor 275g/l + Propanil 275g/l,Thuốc trừ cỏ,Công ty TNHH Syngenta Việt Nam,lúa,cỏ,
Bupanil 550EC,Butachlor 275g/l + Propanil 275g/l,Thuốc trừ cỏ,Công ty CP Kiên Nam,mía; ngô; sắn,cỏ,
Cantanil 550 EC,Butachlor 275g/l + Propanil 275g/l,Thuốc trừ cỏ,Công ty TNHH TM - DV Thanh Sơn Hóa Nông,lúa,cỏ,
Danator 55EC,Butachlor 275g/l + Propanil 275g/l,Thuốc trừ cỏ,Công ty TNHH XNK Quốc tế SARA,lúa gieo thẳng,cỏ,
Mototsc 550EC,Butachlor 275g/l + Propanil 275g/l,Thuốc trừ cỏ,Công ty CP Lion Agrevo,lúa gieo thẳng,cỏ,
Pataxim 55 EC,Butachlor 275g/l + Propanil 275g/l,Thuốc trừ cỏ,Công ty CP BVTV Sài Gòn,lúa cấy; lúa gieo thẳng,cỏ,
Platin 55 EC,Butachlor 275g/l + Propanil 275g/l,Thuốc trừ cỏ,Công ty CP TST Cần Thơ,lúa gieo thẳng,cỏ,
Probuta 550EC,Butachlor 275g/l + Propanil 275g/l,Thuốc trừ cỏ,Công ty TNHH Trường Thịnh,lúa gieo thẳng,cỏ,
Butapro 550EC,Butachlor 275g/l + Propanil 275g/l + chất an toàn Fenclorim 25 g/l,Thuốc trừ cỏ,Công ty TNHH Phú Nông,lúa gieo thẳng,cỏ,
Topbuta 600EC,Butachlor 250g/l + Propanil 350g/l,Thuốc trừ cỏ,Công ty CP Thuốc BVTV Việt Trung,lúa gieo thẳng,cỏ,
"Bup 700OD, 700SE",Butachlor 350g/l + Propanil 350g/l,Thuốc trừ cỏ,Công ty TNHH Á Châu Hoá Sinh,lúa gieo thẳng,cỏ,
Soon 700EC,Butachlor 350g/l + Propanil 350g/l,Thuốc trừ cỏ,Công ty CP BVTV An Hưng Phát,lúa gieo thẳng,cỏ,
Vitanil 60EC,Butachlor 40% + Propanil 20%,Thuốc trừ cỏ,Công ty CP Thuốc sát trùng Việt Nam,lúa,cỏ,
Trisacousamy 635EC,Butachlor 600 g/l + Pyrazosulfuron-ethyl 35g/l,Thuốc trừ cỏ,Công ty TNHH TM SX Thôn Trang,lúa gieo thẳng,cỏ,
Chushin 40WG,Carfentrazone-ethyl (min 90%),Thuốc trừ cỏ,Công ty CP BMC Vĩnh Phúc,cam; ngô,cỏ,
Spotlight 40WG,Carfentrazone-ethyl (min 90%),Thuốc trừ cỏ,Công ty TNHH FMC Việt Nam,lúa gieo thẳng,cỏ,
Nongiadat 70.5WP,Carfentrazone-ethyl 4% + MCPA-sodium 66.5%,Thuốc trừ cỏ,Công ty TNHH TM Thái Phong,cà phê,cỏ,
Naweed 20WP,Chlorimuron-ethyl (min 95%) 10% + Metsulfuron- methyl 10%,Thuốc trừ cỏ,Công ty CP Khử Trùng Nam Việt,lúa gieo thẳng,cỏ,
Cinorice 25WP,Cinosulfuron (min 92%),Thuốc trừ cỏ,Công ty CP Đồng Xanh,lúa gieo thẳng,cỏ,
Cetoxim 240EC,Clethodim (min 91.2%),Thuốc trừ cỏ,Công ty TNHH Fujimoto Việt Nam,lạc,cỏ,
Cledimsuper 250EC,Clethodim (min 91.2%),Thuốc trừ cỏ,Công ty TNHH An Nông,lạc; sắn; vừng; đậu tương,cỏ,
Codasuper 240EC,Clethodim (min 91.2%),Thuốc trừ cỏ,Công ty TNHH World Vision (VN),lạc,cỏ,
Grasidim 240EC,Clethodim (min 91.2%),Thuốc trừ cỏ,"Shandong Weifang Rainbow Chemical Co., Ltd",lạc,cỏ,
Kilet 240EC,Clethodim (min 91.2%),Thuốc trừ cỏ,Công ty CP Kiên Nam,lạc; sắn; đậu tương,cỏ,
Select 240EC,Clethodim (min 91.2%),Thuốc trừ cỏ,Công ty TNHH UPL Việt Nam,lạc; sắn; vừng; đậu tương,cỏ,
Tachac 120EC,Clethodim (min 91.2%),Thuốc trừ cỏ,Công ty CP ĐT TM và PTNN ADI,đậu tương,cỏ,
Xeletsupe 24 EC,Clethodim (min 91.2%),Thuốc trừ cỏ,Công ty TNHH - TM ACP,lạc,cỏ,
Wisdom 12EC,Clethodim (min 91.2%),Thuốc trừ cỏ,Công ty TNHH XNK Quốc tế SARA,lạc; sắn; đậu tương,cỏ,
Kraken 9 OD,Clodinafop-propargyl (min 96%) 8% + Mesosulfuron- methyl 1%,Thuốc trừ cỏ,Công ty TNHH Hóa chất Mạnh Hùng,mía,cỏ,
Proxaden 20ME,Clodinafop-propargyl 12% + Pinoxaden (min 97%) 8%,Thuốc trừ cỏ,Công ty TNHH TAT Hà Nội,lạc,cỏ,
Mia-san 16WP,Clodinafop-propargyl 15% + Metsulfuron-methyl 1%,Thuốc trừ cỏ,Công ty TNHH Nông Dược CKD Việt Nam,sắn,cỏ,
Akina 48EC,Clomazone (min 88%),Thuốc trừ cỏ,Asiagro Pacific Ltd,lúa gieo thẳng,cỏ,
Comaster 360CS,Clomazone (min 88%),Thuốc trừ cỏ,"Shandong Weifang Rainbow Chemical Co., Ltd",sắn,cỏ,
"Command 36 ME, 48EC",Clomazone (min 88%),Thuốc trừ cỏ,Công ty TNHH FMC Việt Nam,lúa; lúa gieo thẳng,cỏ,
Kimbella 480EC,Clomazone (min 88%),Thuốc trừ cỏ,Công ty CP BMC Việt Nam,đậu tương,cỏ,
Bignil 39EC,Clomazone 12% + Propanil 27%,Thuốc trừ cỏ,Công ty CP Bigfive Việt Nam,lúa gieo thẳng,cỏ,
Fitter 39EC,Clomazone 120 g/l + Propanil 270 g/l,Thuốc trừ cỏ,Công ty CP Thịnh Vượng Việt,lúa,cỏ,
TĐK clopy _ 350SL,Clopyralid (min 95%),Thuốc trừ cỏ,Công ty TNHH MTV Lucky,ngô,cỏ,
Mercy 48SC,Cyanazine (min 95%) 44% + Mesotrione 4%,Thuốc trừ cỏ,Công ty TNHH Á Châu Hóa Sinh,mía; ngô,cỏ,
Anlicher 10EC,Cyhalofop-butyl (min 97%),Thuốc trừ cỏ,Công ty CP XNK Nông dược Hoàng Ân,lúa gieo thẳng,cỏ,
Anstrong 10 EC,Cyhalofop-butyl (min 97%),Thuốc trừ cỏ,Công ty CP Tập đoàn Lộc Trời,lúa gieo thẳng,cỏ,
Bangbang 10EC,Cyhalofop-butyl (min 97%),Thuốc trừ cỏ,Công ty TNHH Nam Bộ,lúa gieo thẳng,cỏ,
Bonzer 300EC,Cyhalofop-butyl (min 97%),Thuốc trừ cỏ,Công ty TNHH Thuốc BVTV MeKong,lúa gieo thẳng,cỏ,
Clear Chor 100EC,Cyhalofop-butyl (min 97%),Thuốc trừ cỏ,Công ty CP Quốc tế Hòa Bình,lúa gieo thẳng,cỏ,
Clincher® 200EC,Cyhalofop-butyl (min 97%),Thuốc trừ cỏ,Công ty TNHH Corteva Agriscience Việt Nam,lúa gieo thẳng,cỏ,
Cybu 300EC,Cyhalofop-butyl (min 97%),Thuốc trừ cỏ,Công ty TNHH Việt Hoá Nông,lúa gieo thẳng,cỏ,
Cyhany 250EC,Cyhalofop-butyl (min 97%),Thuốc trừ cỏ,Công ty TNHH TM và SX Ngọc Yến,lúa gieo thẳng,cỏ,
Elano 20EC,Cyhalofop-butyl (min 97%),Thuốc trừ cỏ,Công ty CP Hợp Trí Summit,lúa gieo thẳng,cỏ,
Farra 100EW,Cyhalofop-butyl (min 97%),Thuốc trừ cỏ,Công ty TNHH MTV XNK Quốc tế An Thành,lúa gieo thẳng,cỏ,
Figo 100EC,Cyhalofop-butyl (min 97%),Thuốc trừ cỏ,Công ty CP Nông nghiệp HP,lúa gieo thẳng,cỏ,
Incher 100EC,Cyhalofop-butyl (min 97%),Thuốc trừ cỏ,Công ty TNHH TM Nông Phát,lúa gieo thẳng,cỏ,
Goldenfields 35EC,Cyhalofop-butyl (min 97%),Thuốc trừ cỏ,"Anhui Baizhao Richland Co., Ltd",lúa gieo thẳng,cỏ,TT28/2026: đổi tổ chức đăng ký
Gracie 300EC,Cyhalofop-butyl (min 97%),Thuốc trừ cỏ,Công tyTNHH TM và PT Phú Thịnh,lúa gieo thẳng,cỏ,
Koler 10EC,Cyhalofop-butyl (min 97%),Thuốc trừ cỏ,Công ty TNHH ADC,lúa gieo thẳng,cỏ,
Liana 100EC,Cyhalofop-butyl (min 97%),Thuốc trừ cỏ,Công ty TNHH Minh Long,lúa gieo thẳng,cỏ,
Linchor 100EC,Cyhalofop-butyl (min 97%),Thuốc trừ cỏ,Công ty TNHH Phú Nông,lúa gieo thẳng,cỏ,
"Linhtrơ 100EC, 200EW",Cyhalofop-butyl (min 97%),Thuốc trừ cỏ,Công ty TNHH An Nông,lúa gieo thẳng,cỏ,
"Nixcher 100ME, 200EC",Cyhalofop-butyl (min 97%),Thuốc trừ cỏ,Công ty CP Nicotex,lúa gieo thẳng,cỏ,
Pullman 300EC,Cyhalofop-butyl (min 97%),Thuốc trừ cỏ,Công ty CP Liên doanh QT Fujimoto,lúa gieo thẳng,cỏ,
Riceguard 40 OD,Cyhalofop-butyl (min 97%),Thuốc trừ cỏ,Công ty TNHH Kingagroot (Việt Nam),lúa gieo thẳng,cỏ,
Sitcom 350EC,Cyhalofop-butyl (min 97%),Thuốc trừ cỏ,Công ty TNHH TM SX Vỹ Tâm,lúa gieo thẳng,cỏ,
Slincesusamy 200EC,Cyhalofop-butyl (min 97%),Thuốc trừ cỏ,Công ty TNHH TM SX Thôn Trang,lúa gieo thẳng,cỏ,
Tacher 250EC,Cyhalofop-butyl (min 97%),Thuốc trừ cỏ,Công ty CP SX - TM - DV Ngọc Tùng,lúa gieo thẳng,cỏ,
Topcyha 110EC,Cyhalofop-butyl (min 97%),Thuốc trừ cỏ,Công ty CP Thuốc BVTV Việt Trung,lúa gieo thẳng,cỏ,
Topco 300EC,Cyhalofop-butyl (min 97%),Thuốc trừ cỏ,Công ty TNHH TM Tân Thành,lúa gieo thẳng,cỏ,
Topusavb 200OD,Cyhalofop-butyl (min 97%),Thuốc trừ cỏ,Công ty TNHH Saturn Chemical Việt Nam,lúa gieo thẳng,cỏ,
TVShot 30 OD,Cyhalofop-butyl (min 97%),Thuốc trừ cỏ,Công ty TNHH Hoá chất và TM Trần Vũ,lúa gieo thẳng,cỏ,
Venza 300EC,Cyhalofop-butyl (min 97%),Thuốc trừ cỏ,Công ty TNHH Đầu tư và Phát triển Ngọc Lâm,lúa gieo thẳng,cỏ,
Motin.tsc 25EC,Cyhalofop-butyl 10g/l + Ethoxysulfuron 15g/l,Thuốc trừ cỏ,Công ty CP Lion Agrevo,lúa gieo thẳng,cỏ,
Super soil 345WP,Cyhalofop-butyl 315g/kg + Ethoxysulfuron 30g/kg,Thuốc trừ cỏ,Công ty TNHH TM DV Tấn Hưng,lúa gieo thẳng,cỏ,
Linchor’s 115EC,Cyhalofop-butyl 100g/l + Ethoxysulfuron 15g/l,Thuốc trừ cỏ,Công ty TNHH Phú Nông,lúa gieo thẳng,cỏ,
"Mortif 115EC, 333OD, 333WG","Cyhalofop-butyl 100g/l, (330g/l), (330g/kg) + Ethoxysulfuron 15g/l (3g/l), (3g/kg)",Thuốc trừ cỏ,Công ty TNHH Hoá sinh Á Châu,lúa gieo thẳng,cỏ,
Laroot 330WG,Cyhalofop-butyl 300g/kg + Ethoxysulfuron 30g/kg,Thuốc trừ cỏ,Công ty TNHH MTV BVTV Long An,lúa gieo thẳng,cỏ,
Bushusa 330EC,Cyhalofop-butyl 300g/l + Ethoxysulfuron 30g/l,Thuốc trừ cỏ,Công ty CP BVTV An Hưng Phát,lúa gieo thẳng,cỏ,
Coach 330EC,Cyhalofop-butyl 300g/l + Ethoxysulfuron 30g/l,Thuốc trừ cỏ,Công ty TNHH ADC,lúa gieo thẳng,cỏ,
"Push 330EC, 330OD",Cyhalofop-butyl 300g/l + Ethoxysulfuron 30g/l,Thuốc trừ cỏ,Công ty TNHH TM Tân Thành,lúa gieo thẳng,cỏ,
Supershot 330OD,Cyhalofop-butyl 300g/l + Ethoxysulfuron 30g/l,Thuốc trừ cỏ,Công ty TNHH Hóa Nông Lúa Vàng,lúa gieo thẳng,cỏ,
"Sieuco 350SC, 800WP",Cyhalofop-butyl 100g/l (170g/kg) + Ethoxysulfuron 10g/l (30g/kg) + Pyrazosulfuron-ethyl 50g/l (100g/kg) + Quinclorac 190g/l (500g/kg),Thuốc trừ cỏ,Công ty TNHH An Nông,lúa gieo thẳng,cỏ,
SupertopJapane 300OD,Cyhalofop-butyl 90g/l + Ethoxysulfuron 20g/l + Quinclorac 190g/l,Thuốc trừ cỏ,Công ty TNHH TM SX Thôn Trang,lúa gieo thẳng,cỏ,
Topone 155SE,Cyhalofop-butyl 100g/l + Ethoxysulfuron 5g/l + Quinclorac 50g/l,Thuốc trừ cỏ,Công ty TNHH TM SX Khánh Phong,lúa gieo thẳng,cỏ,
Fasta 160SE,Cyhalofop-butyl 100g/l + Ethoxysulfuron 5 g/l + Quinclorac 55 g/l,Thuốc trừ cỏ,Công ty TNHH TM DV Tấn Hưng,lúa gieo thẳng,cỏ,
Xevelo® 120 EC,Cyhalofop-butyl 100 g/l + Florpyrauxifen-benzyl 20g/l,Thuốc trừ cỏ,Công ty TNHH Corteva Agriscience Việt Nam,lúa gieo thẳng,cỏ,
Cyhafop 200EC,Cyhalofop-butyl 100g/l + Metamifop 100g/l,Thuốc trừ cỏ,Công ty TNHH MTV BVTV Omega,lúa gieo thẳng,cỏ,
Etafop Plus 20EC,Cyhalofop-butyl 10% + Metamifop 10%,Thuốc trừ cỏ,Công ty TNHH Khoa học Kỹ thuật Pharma USA,đậu tương,cỏ,
Toppro 350EC,Cyhalofop-butyl 200g/l + Metamifop 150g/l,Thuốc trừ cỏ,Công ty CP Thịnh Vượng Việt,lúa gieo thẳng,cỏ,
Nosotco 400SC,Cyhalofop-butyl 150g/l + Oxaziclomefone (min 96.5%) 150 g/l + Pyrazosulfuron-ethyl 100g/l,Thuốc trừ cỏ,Công ty TNHH An Nông,lúa gieo thẳng,cỏ,
Andoshop 60 OD,Cyhalofop-butyl 50g/l + Penoxsulam 10g/l,Thuốc trừ cỏ,Công ty CP XNK Nông dược Hoàng Ân,lúa gieo thẳng,cỏ,
Anstrong plus 60 OD,Cyhalofop-butyl 50g/l + Penoxsulam 10g/l,Thuốc trừ cỏ,Công ty CP Tập đoàn Lộc Trời,lúa gieo thẳng,cỏ,
Calita 60 OD,Cyhalofop-butyl 50g/l + Penoxsulam 10g/l,Thuốc trừ cỏ,Công ty TNHH TM Tân Thành,lúa gieo thẳng,cỏ,
Cleanshot 60 OD,Cyhalofop-butyl 50g/l + Penoxsulam 10g/l,Thuốc trừ cỏ,Công ty TNHH Alfa (Sài gòn),lúa gieo thẳng,cỏ,
Clinclip 60 OD,Cyhalofop-butyl 50g/l + Penoxsulam 10g/l,Thuốc trừ cỏ,Công ty CP Long Hiệp,lúa gieo thẳng,cỏ,
Clinton 60 OD,Cyhalofop-butyl 50g/l + Penoxsulam 10g/l,Thuốc trừ cỏ,Công ty CP Nông tín AG,lúa gieo thẳng,cỏ,
Comprise 60 OD,Cyhalofop-butyl 50g/l + Penoxsulam 10g/l,Thuốc trừ cỏ,Công ty CP Hóc Môn,lúa gieo thẳng,cỏ,
Compass 60 OD,Cyhalofop-butyl 50g/l + Penoxsulam 10g/l,Thuốc trừ cỏ,Công ty CP Thuốc sát trùng Việt Nam,lúa gieo thẳng,cỏ,
Cypen 60 OD,Cyhalofop-butyl 50g/l + Penoxsulam 10g/l,Thuốc trừ cỏ,Công ty TNHH SX và KD Tam Nông,lúa gieo thẳng,cỏ,
Linchor top 60 OD,Cyhalofop-butyl 50g/l + Penoxsulam 10g/l,Thuốc trừ cỏ,Công ty TNHH Phú Nông,lúa gieo thẳng,cỏ,
Mundo-Super 60 OD,Cyhalofop-butyl 50g/l + Penoxsulam 10g/l,Thuốc trừ cỏ,Công ty CP Điền Thạnh,lúa gieo thẳng,cỏ,
Pymeny 60 EC,Cyhalofop-butyl 50g/l + Penoxsulam 10g/l,Thuốc trừ cỏ,Công ty TNHH TM và SX Ngọc Yến,lúa gieo thẳng,cỏ,
Ricedoctor 60OD,Cyhalofop-butyl 50g/l + Penoxsulam 10g/l,Thuốc trừ cỏ,"Shandong Weifang Rainbow Chemical Co., Ltd",lúa gieo thẳng,cỏ,
Stopusamy 60 EC,Cyhalofop-butyl 50g/l + Penoxsulam 10g/l,Thuốc trừ cỏ,Công ty TNHH TM SX Thôn Trang,lúa gieo thẳng,cỏ,
Topgold 60 OD,Cyhalofop-butyl 50g/l + Penoxsulam 10g/l,Thuốc trừ cỏ,Công ty CP Lion Agrevo,lúa gieo thẳng,cỏ,
Topmost 60 OD,Cyhalofop-butyl 50g/l + Penoxsulam 10g/l,Thuốc trừ cỏ,Công ty CP Công nghệ Nông nghiệp Chiến Thắng,lúa gieo thẳng,cỏ,
Topmy 60 OD,Cyhalofop-butyl 50g/l + Penoxsulam 10g/l,Thuốc trừ cỏ,Albaugh Asia Pacific Limited,lúa gieo thẳng,cỏ,TT28/2026: đổi tổ chức đăng ký
Topnhat 60 OD,Cyhalofop-butyl 50g/l + Penoxsulam 10g/l,Thuốc trừ cỏ,Công ty TNHH Việt Thắng,lúa gieo thẳng,cỏ,
Topshot® 60 OD,Cyhalofop-butyl 50g/l + Penoxsulam 10g/l,Thuốc trừ cỏ,Công ty TNHH Corteva Agriscience Việt Nam,lúa gieo thẳng,cỏ,
Topvip 110 OD,Cyhalofop-butyl 100g/l + Penoxsulam 10g/l,Thuốc trừ cỏ,Công ty TNHH Vipes Việt Nam,lúa gieo thẳng,cỏ,
Grass super 10 OD,Cyhalofop-butyl 8% + Penoxsulam 2%,Thuốc trừ cỏ,Công ty TNHH TAT Hà Nội,lúa gieo thẳng,cỏ,
Oxy 180 OD,Cyhalofop-butyl 150 g/l + Penoxsulam 30 g/l,Thuốc trừ cỏ,Công ty CP Kỹ thuật NN I.FI,lúa gieo thẳng,cỏ,
Nevi-Mongol 23 OD,Cyhalofop-butyl 20% + Penoxsulam 3%,Thuốc trừ cỏ,Công ty CP Newfarm Việt Nam,lúa gieo thẳng,cỏ,
Het-shots 75 OD,Cyhalofop-butyl 65g/l + Penoxsulam 10g/l,Thuốc trừ cỏ,Công ty CP Cali Agritech USA,lúa gieo thẳng,cỏ,
Topfull 90SE,Cyhalofop-butyl 60g/l + Penoxsulam 10 g/l + Pyrazosulfuron-ethyl 20g/l,Thuốc trừ cỏ,Công ty TNHH An Nông,lúa gieo thẳng,cỏ,
Econogold 170WP,Cyhalofop-butyl 120g/kg + Pyrazosulfuron-ethyl 50g/kg,Thuốc trừ cỏ,Công ty TNHH TM - DV Thanh Sơn Hóa Nông,lúa gieo thẳng,cỏ,
"Tossup 90SC, 750WP",Cyhalofop-butyl 60g/l (600g/kg) + Pyrazosulfuron- ethyl 30g/l (150g/kg),Thuốc trừ cỏ,Công ty TNHH An Nông,lúa gieo thẳng,cỏ,
Đại tướng quân 60EC,Cyhalofop-butyl 50g/l + Pyrazosulfuron-ethyl 10g/l,Thuốc trừ cỏ,Công ty TNHH XNK Quốc tế SARA,lúa gieo thẳng,cỏ,
Shotplus 125SC,Cyhalofop-butyl 75g/l + Pyrazosulfuron-ethyl 50g/l,Thuốc trừ cỏ,Công ty TNHH Hóa Nông Lúa Vàng,lúa gieo thẳng,cỏ,
Map fanta 550WP,Cyhalofop-butyl 20% + Pyrazosulfuron-ethyl 5% + Quinclorac 30%,Thuốc trừ cỏ,Map Pacific Pte Ltd,lúa gieo thẳng,cỏ,
Dietcosuper 600WP,Cyhalofop-butyl 200g/kg + Pyrazosulfuron-ethyl 50g/kg+Quinclorac 350g/kg,Thuốc trừ cỏ,Công ty TNHH Hóa sinh Á Châu,lúa gieo thẳng,cỏ,
Pyanchor gold 8.5EC,Cyhalofop-butyl 6.0% + Pyribenzoxim 2.5%,Thuốc trừ cỏ,Công ty CP BVTV Sài Gòn,lúa gieo thẳng,cỏ,
Aman 90EC,Cyhalofop-butyl 60 g/l + Pyribenzoxim 30 g/l,Thuốc trừ cỏ,Công ty CP Nông nghiệp HP,lúa gieo thẳng,cỏ,
ANG-sachco 100EC,Cyhalofop-butyl 70g/l + Pyribenzoxim 30g/l,Thuốc trừ cỏ,Công ty TNHH An Nông,lúa gieo thẳng,cỏ,
Super rim 250EC,Cyhalofop-butyl 200g/l + Pyribenzoxim 50g/l,Thuốc trừ cỏ,Công ty TNHH TM DV Tấn Hưng,lúa gieo thẳng,cỏ,
TAT Super Plus 600WP,Cyhalofop-butyl 90 g/kg + Quinclorac 510 g/kg,Thuốc trừ cỏ,Công ty TNHH A2T Việt Nam,lúa gieo thẳng,cỏ,
CO- 2X 650WP,Cyhalofop-butyl 150g/kg + Quinclorac 500g/kg,Thuốc trừ cỏ,Công ty TNHH Hóa nông Mê Kông,lúa gieo thẳng,cỏ,
Pitagor 550WP,Cyhalofop-butyl 150g/kg + Quinclorac 400g/kg,Thuốc trừ cỏ,Công ty CP Công nghệ Nông nghiệp Chiến Thắng,lúa gieo thẳng,cỏ,
Dipoxim 80WP,Dalapon (min 85%),Thuốc trừ cỏ,Công ty CP BVTV Sài Gòn,mía; xoài,cỏ,
Rainvel 480SL,Dicamba (min 97%),Thuốc trừ cỏ,"Shandong Weifang Rainbow Chemical Co., Ltd",cà phê,cỏ,
Agro-quat 200SL,Diquat (min 95%),Thuốc trừ cỏ,Công ty TNHH Asia Agro,cao su,cỏ,
Anti Grass 20SL,Diquat (min 95%),Thuốc trừ cỏ,Công ty CP VT Nông nghiệp Thái Bình Dương,cà phê,cỏ,
Aquat235 20SL,Diquat (min 95%),Thuốc trừ cỏ,Công ty CP Kỹ nghệ Hoàng Gia Anh,cà phê,cỏ,
Asaquat 200SL,Diquat (min 95%),Thuốc trừ cỏ,Công ty CP BVTV Asata Hoa Kỳ,cao su,cỏ,
BP.Grasscide 25SL,Diquat (min 95%),Thuốc trừ cỏ,Công ty TNHH TM Bình Phương,cà phê,cỏ,
BC-Weedburn 200SL,Diquat (min 95%),Thuốc trừ cỏ,Công ty TNHH Biocrop,cà phê,cỏ,
Bestquat 20SL,Diquat (min 95%),Thuốc trừ cỏ,Công ty TNHH Agrofarm,cao su,cỏ,
Brisk 200SL,Diquat (min 95%),Thuốc trừ cỏ,Công ty TNHH TM SX XNK Đinh Gia Phát,cà phê,cỏ,
Cochay 200SL,Diquat (min 95%),Thuốc trừ cỏ,Công ty TNHH US Agro,cao su; cà phê; ngô,cỏ,
Co-Fast 200SL,Diquat (min 95%),Thuốc trừ cỏ,Công ty TNHH Baconco,cà phê,cỏ,
Dia gold 200SL,Diquat (min 95%),Thuốc trừ cỏ,Công ty TNHH Pesticide Nhật Bản,cà phê,cỏ,
Diamond 200SL,Diquat (min 95%),Thuốc trừ cỏ,Công ty CP Liên doanh QT Fujimoto,cà phê,cỏ,
Difast 200SL,Diquat (min 95%),Thuốc trừ cỏ,Công ty CP Hóa nông AMC,cà phê,cỏ,
Dimaxonevb 20SL,Diquat (min 95%),Thuốc trừ cỏ,Công ty TNHH Vbook Hoa Kỳ,cà phê,cỏ,
Diqua-Trust 200SL,Diquat (min 95%),Thuốc trừ cỏ,"Trustchem Co., Ltd",cà phê,cỏ,
Diraquat 200SL,Diquat (min 95%),Thuốc trừ cỏ,Công ty TNHH MTV Gold Ocean,cao su; cà phê,cỏ,
Diup 200SL,Diquat (min 95%),Thuốc trừ cỏ,Công ty CP Thuốc BVTV Việt Trung,cao su,cỏ,
Dixa 200SL,Diquat (min 95%),Thuốc trừ cỏ,Công ty CP Agri Shop,hoa mai,cỏ,
Dkquat 200SL,Diquat (min 95%),Thuốc trừ cỏ,Công ty TNHH Danken Việt Nam,cà phê,cỏ,
Doziquat 25SL,Diquat (min 95%),Thuốc trừ cỏ,Công ty CP Hóa chất SAM,cà phê,cỏ,
Falcao 200SL,Diquat (min 95%),Thuốc trừ cỏ,Công ty TNHH Anh Dẩu Tiền Giang,cao su,cỏ,
Faquatrio 20SL,Diquat (min 95%),Thuốc trừ cỏ,Công ty TNHH Nông nghiệp Công nghệ xanh Bắc Giang,cao su,cỏ,
Gama 20SL,Diquat (min 95%),Thuốc trừ cỏ,Công ty CP Khử trùng Việt Nam,cà phê,cỏ,
Gap quat 250SL,Diquat (min 95%),Thuốc trừ cỏ,Công ty TNHH Gap Agro,cao su,cỏ,
Genmoxone 200SL,Diquat (min 95%),Thuốc trừ cỏ,Công ty CP Genta Thụy Sĩ,cao su,cỏ,
Glyximgold 200SL,Diquat (min 95%),Thuốc trừ cỏ,Công ty TNHH Việt Thắng Hà Nội,cà phê,cỏ,
Grass-king 20SL,Diquat (min 95%),Thuốc trừ cỏ,Công ty CP Quốc tế Việt Đức,cao su,cỏ,
Halaquat 20SL,Diquat (min 95%),Thuốc trừ cỏ,Công ty CP Hóa chất NN Hà Lan,cà phê,cỏ,
Hamoxone 200SL,Diquat (min 95%),Thuốc trừ cỏ,Công ty CP TM Hải Ánh,cao su; cà phê,cỏ,
Itaquat 20SL,Diquat (min 95%),Thuốc trừ cỏ,Công ty CP Itagro Việt Nam,cao su,cỏ,
Kante promax 200SL,Diquat (min 95%),Thuốc trừ cỏ,Công ty TNHH Vestaron,cao su,cỏ,
Mdiquat 200SL,Diquat (min 95%),Thuốc trừ cỏ,Công ty CP Mạnh Đan,cao su,cỏ,
Niquat 200SL,Diquat (min 95%),Thuốc trừ cỏ,Công ty CP Nicotex,cà phê,cỏ,
Pesle super 374SL,Diquat (min 95%),Thuốc trừ cỏ,Công ty CP BVTV Sài Gòn,cà phê,cỏ,
Pgapaxone 200SL,Diquat (min 95%),Thuốc trừ cỏ,Công ty TNHH TCT Hà Nội,cao su,cỏ,
Porto 200SL,Diquat (min 95%),Thuốc trừ cỏ,"Công ty TNHH Hóa chất Phân bón, Thuốc BVTV Dubai",cao su,cỏ,
Quatdi 200SL,Diquat (min 95%),Thuốc trừ cỏ,Công ty TNHH Á Châu Hóa Sinh,cao su,cỏ,
S-Quat 20SL,Diquat (min 95%),Thuốc trừ cỏ,Công ty CP SX TM - DV,cà phê; ngô,cỏ,
Sundiquat 200SL,Diquat (min 95%),Thuốc trừ cỏ,Công ty CP Sunseaco Việt Nam,cà phê,cỏ,
T Flast 200SL,Diquat (min 95%),Thuốc trừ cỏ,Công ty CP Nông dược Nhật Thành,cao su,cỏ,
Takao 250SL,Diquat (min 95%),Thuốc trừ cỏ,Công ty CP BVTV I TW,cà phê,cỏ,
Tukup 200SL,Diquat (min 95%),Thuốc trừ cỏ,Công ty TNHH TM-SX GNC,cà phê,cỏ,
Vietquat 200SL,Diquat (min 95%),Thuốc trừ cỏ,Công ty TNHH TM DV Vietcropchem,cà phê,cỏ,
Vithaxone 20SL,Diquat (min 95%),Thuốc trừ cỏ,Công ty CP Việt Thắng Group,cà phê,cỏ,
Yonfire 200SL,Diquat (min 95%),Thuốc trừ cỏ,"Yongnong Biosciences Co., Ltd",cà phê,cỏ,
Zizu gold 200SL,Diquat (min 95%),Thuốc trừ cỏ,Công ty TNHH ADC,cà phê,cỏ,
"Ansaron 80WP, 500SC",Diuron (min 97%),Thuốc trừ cỏ,Công ty CP BVTV Sài Gòn,cà phê; mía; sắn,cỏ,
BM Diuron 80 WP,Diuron (min 97%),Thuốc trừ cỏ,"Behn Meyer Agricare Vietnam Co., Ltd",mía,cỏ,
"Deco Duron 80WP, 500SC",Diuron (min 97%),Thuốc trừ cỏ,Công ty CP Giải pháp Nông nghiệp Tiên Tiến,mía; sắn,cỏ,
D-ron 80 WP,Diuron (min 97%),Thuốc trừ cỏ,Imaspro Resources Sdn Bhd,mía; thanh long,cỏ,
Karmex® 80 WP,Diuron (min 97%),Thuốc trừ cỏ,Công ty TNHH Adama Việt Nam,chè; mía; sắn,cỏ,
Go 80WP,Diuron (min 97%),Thuốc trừ cỏ,Công ty TNHH Nufarm Việt Nam,mía,cỏ,
Misaron 80 WP,Diuron (min 97%),Thuốc trừ cỏ,Công ty CP Quốc tế Hòa Bình,dứa; mía,cỏ,
"Sanuron 800WP, 800SC",Diuron (min 97%),Thuốc trừ cỏ,Forward International Ltd,bông vải; chè; cà phê; mía,cỏ,
Suron 80 WP,Diuron (min 97%),Thuốc trừ cỏ,Công ty CP Nông dược HAI,bông vải; mía,cỏ,
Trilla plus 80WG,Diuron (min 97%),Thuốc trừ cỏ,"Shandong Weifang Rainbow Chemical Co., Ltd",mía,cỏ,
Xinron 800WG,Diuron (min 97%),Thuốc trừ cỏ,Anhui Guangxin Agrochemical Co. Ltd,mía,cỏ,
Vidiu 80 WP,Diuron (min 97%),Thuốc trừ cỏ,Công ty CP Thuốc sát trùng Việt Nam,chè; mía,cỏ,
Guang Diu 600WG,Diuron 46.8% (468 g/kg) + Hexazinone (min 95%) 13.2% (132g/kg),Thuốc trừ cỏ,Anhui Guangxin Agrochemical Co. Ltd,mía,cỏ,
Topcane 60WG,Diuron 46.8% (468 g/kg) + Hexazinone (min 95%) 13.2% (132g/kg),Thuốc trừ cỏ,"Shandong Weifang Rainbow Chemical Co., Ltd",mía,cỏ,
Diusinate 268SC,Diuron 160 g/kg + Glufosinate ammonium 108g/kg,Thuốc trừ cỏ,Công ty CP BVTV Sài Gòn,cao su,cỏ,
Canoda 15WG,Ethoxysulfuron (min 94%),Thuốc trừ cỏ,Công ty TNHH Minh Long,lúa gieo thẳng,cỏ,
Map salvo 200WP,Ethoxysulfuron (min 94%),Thuốc trừ cỏ,Map Pacific Pte Ltd,lúa gieo thẳng,cỏ,
Moonrice 15WG,Ethoxysulfuron (min 94%),Thuốc trừ cỏ,Công ty CP Kiên Nam,lúa gieo thẳng,cỏ,
Run life 15WG,Ethoxysulfuron (min 94%),Thuốc trừ cỏ,Công ty TNHH An Nông,lúa gieo thẳng,cỏ,
Sun-raise nongphat 15WG,Ethoxysulfuron (min 94%),Thuốc trừ cỏ,"Công ty TNHH Hóa chất Phân bón, Thuốc BVTV Dubai",lúa gieo thẳng,cỏ,
Sunrice 15WG,Ethoxysulfuron (min 94%),Thuốc trừ cỏ,Bayer Vietnam Ltd (BVL),lúa,cỏ,
Turbo 89 OD,Ethoxysulfuron 20g/l (20g/kg) + Fenoxaprop-P- Ethyl 69g/l (69g/kg),Thuốc trừ cỏ,Bayer Vietnam Ltd (BVL),lúa gieo thẳng,cỏ,
T-ptubos 89WP,Ethoxysulfuron 20g/l (20g/kg) + Fenoxaprop-P- Ethyl 69g/l (69g/kg),Thuốc trừ cỏ,Công ty TNHH TM Thái Phong,lúa gieo thẳng,cỏ,
Xanoprop 89SC,Ethoxysulfuron 20g/l (20g/kg) + Fenoxaprop-P- Ethyl 69g/l (69g/kg),Thuốc trừ cỏ,"Shandong Weifang Rainbow Chemical Co., Ltd",lúa gieo thẳng,cỏ,
"Kiss 150EC, 150WP",Ethoxysulfuron 35 g/l (35g/kg) + MCPA 100g/l (100g/kg) + Pyrazosulfuron- ethyl 15g/l (15g/kg),Thuốc trừ cỏ,Công ty TNHH ADC,lúa gieo thẳng,cỏ,
Map Top-up 253WP,Ethoxysulfuron 23g/kg + Quinclorac 230 g/kg,Thuốc trừ cỏ,Map Pacific Pte Ltd,lúa gieo thẳng,cỏ,
"anRUMA 6.9 EC, 75SC",Fenoxaprop-P-Ethyl (min 88%),Thuốc trừ cỏ,Công ty TNHH An Nông,lúa gieo thẳng,cỏ,
Challenger 6.9EC,Fenoxaprop-P-Ethyl (min 88%),Thuốc trừ cỏ,Sundat (S) PTe Ltd,lúa gieo thẳng,cỏ,
Golvips 7.5 EW,Fenoxaprop-P-Ethyl (min 88%),Thuốc trừ cỏ,Công ty CP Quốc tế Hòa Bình,lúa gieo thẳng,cỏ,
Quip-s 7.5 EW,Fenoxaprop-P-Ethyl (min 88%),Thuốc trừ cỏ,Công ty TNHH MTV BVTV Thạnh Hưng,lúa gieo thẳng,cỏ,
Web Super 7.5 SC,Fenoxaprop-P-Ethyl (min 88%),Thuốc trừ cỏ,Công ty TNHH TM - DV Thanh Sơn Hóa Nông,lúa gieo thẳng,cỏ,
Wipnix 7.5EW,Fenoxaprop-P-Ethyl (min 88%),Thuốc trừ cỏ,Công ty CP Nicotex,lúa gieo thẳng,cỏ,
"Whip’S 6.9 EC, 7.5EW",Fenoxaprop-P-Ethyl (min 88%),Thuốc trừ cỏ,Bayer Vietnam Ltd (BVL),lúa; lúa gieo thẳng; lạc,cỏ,
"Runtop 375SC, 775WP",Fenoxaprop-P-Ethyl 75g/l (100g/kg) + Pyrazosulfuron- ethyl 50g/l (150g/kg) + Quinclorac 250g/l (225g/kg) + chất an toàn Fenclorim 50g/l (25g/kg),Thuốc trừ cỏ,Công ty TNHH An Nông,lúa gieo thẳng,cỏ,
"Topgun 700WG, 700WP",Fenoxaprop-P-Ethyl 130g/kg + Pyrazosulfuron- ethyl 70g/kg + Quinclorac 500g/kg,Thuốc trừ cỏ,Map Pacific Pte Ltd,lúa gieo thẳng,cỏ,
Pyan-Plus 5.8EC,Fenoxaprop-P-Ethyl 8g/l + Pyribenzoxim 50g/l,Thuốc trừ cỏ,Công ty CP BVTV Sài Gòn,lúa gieo thẳng,cỏ,
TT-Runny 6EC,Fenoxaprop-P-Ethyl 1% + Pyribenzoxim 5%,Thuốc trừ cỏ,Công ty TNHH TM Tân Thành,lúa gieo thẳng,cỏ,
Voi đỏ 750WP,Flazasulfuron (min 95%),Thuốc trừ cỏ,Công ty TNHH An Nông,mía,cỏ,
Rasulam 50SC,Florasulam (min 98%),Thuốc trừ cỏ,Công ty TNHH MTV Gold Ocean,ngô,cỏ,
Loyant® 25EC,Florpyrauxifen-benzyl (min 92%),Thuốc trừ cỏ,Công ty TNHH Corteva Agriscience Việt Nam,lúa gieo thẳng,cỏ,
Novixid® 32.5OD,Florpyrauxifen-benzyl 12.5g/l + Penoxsulam 20g/l,Thuốc trừ cỏ,Công ty TNHH Corteva Agriscience Việt Nam,lúa gieo thẳng,cỏ,
Baloric® 310EC,Florpyrauxifen-benzyl 10g/l + Pretilachlor 300g/l + chất an toàn Fenclorim 75g/l,Thuốc trừ cỏ,Công ty TNHH Syngenta Việt Nam,lúa gieo thẳng,cỏ,
Bellow 15EC,Fluazifop-P-Butyl (min 90%),Thuốc trừ cỏ,Công ty CP Hóc Môn,sắn; ớt,cỏ,
Fuquy 150EC,Fluazifop-P-Butyl (min 90%),Thuốc trừ cỏ,Công ty CP BVTV I TW,sắn,cỏ,
Onecide 15EC,Fluazifop-P-Butyl (min 90%),Thuốc trừ cỏ,Sumitomo Corporation Vietnam LLC,bông vải; cam; dưa hấu; lạc; sắn; vừng; đậu tương,cỏ,
Oneness 150EC,Fluazifop-P-Butyl (min 90%),Thuốc trừ cỏ,Công ty CP BVTV An Hưng Phát,lạc,cỏ,
Sai-one 15EC,Fluazifop-P-Butyl (min 90%),Thuốc trừ cỏ,Công ty CP BVTV Sài Gòn,lạc; vừng,cỏ,
Sinonvictor 15EC,Fluazifop-P-Butyl (min 90%),Thuốc trừ cỏ,Sinon Corporation,lạc,cỏ,
Uni-Weedout 15EC,Fluazifop-P-Butyl (min 90%),Thuốc trừ cỏ,Công ty TNHH World Vision (VN),sắn,cỏ,
Tiara 60 WP,Flufenacet (min 95%),Thuốc trừ cỏ,Bayer Vietnam Ltd (BVL),lúa cấy,cỏ,
Omega-Vando 800WG,Flumetsulam (min 97%),Thuốc trừ cỏ,Công ty TNHH MTV BVTV Omega,ngô,cỏ,
Pulita 50WP,Flumioxazin (min 96%),Thuốc trừ cỏ,Công ty CP Tập đoàn Lộc Trời,ngô; điều,cỏ,
Sumimax 50WP,Flumioxazin (min 96%),Thuốc trừ cỏ,Công ty TNHH HC Sumitomo Việt Nam,lạc; sắn,cỏ,
Weedie 51WG,Flumioxazin (min 96%),Thuốc trừ cỏ,"Shandong Weifang Rainbow Chemical Co., Ltd",sắn,cỏ,
Purger 66WP,Flumioxazin 6% + Glufosinate ammonium 60%,Thuốc trừ cỏ,Công ty TNHH Kesai Eagrow Việt Nam,cà phê,cỏ,
Bistar Plus 200OD,Flumioxazin 15g/l + Glufosinate ammonium 185g/l,Thuốc trừ cỏ,"Shandong Runke Chemical Co., Ltd",cà phê,cỏ,
Conifa 200ME,Fluoroglycofen (min 95%) 10 g/l + Glufosinate ammonium 190g/l,Thuốc trừ cỏ,Công ty CP Nông nghiệp HP,cà phê,cỏ,
Glurio 240 OD,Fluoroglycofen-ethyl (min 95%) 15 g/l + Glufosinate ammonium 225 g/l,Thuốc trừ cỏ,Công ty TNHH Nông nghiệp Công nghệ xanh Bắc Giang,cao su,cỏ,
Glu-cofen 11ME,Fluoroglycofen-ethyl 0.4% + Glufosinate ammonium 10.6%,Thuốc trừ cỏ,Công ty TNHH BVTV Minh Châu,cà phê,cỏ,
Napalme 11ME,Fluoroglycofen-ethyl 0.4% + Glufosinate ammonium 10.6%,Thuốc trừ cỏ,Công ty TNHH TM Gem Sky,cà phê,cỏ,
Bombo 20ME,Fluoroglycofen-ethyl 1% + Glufosinate ammonium 19%,Thuốc trừ cỏ,Công ty TNHH TM Hải Thụy,cà phê,cỏ,
Glulyco 20EW,Fluoroglycofen-ethyl 1% + Glufosinate ammonium 19%,Thuốc trừ cỏ,Công ty TNHH Cửu Long MTV,cà phê,cỏ,
Volcano 20ME,Fluoroglycofen-ethyl 1% + Glufosinate ammonium 19%,Thuốc trừ cỏ,Công ty CP ADN Châu Á,cà phê,cỏ,
Vilufen 21OD,Fluoroglycofen-ethyl 1% + Glufosinate ammonium 20%,Thuốc trừ cỏ,Công ty CP Việt Thắng Group,cà phê,cỏ,
Finaking 24 OD,Fluoroglycofen-ethyl 1.5% + Glufosinate ammonium 22.5%,Thuốc trừ cỏ,"Beijing Bioseen Crop Sciences Co., Ltd",điều,cỏ,
Indy 200EC,Fluroxypyr (min 95%),Thuốc trừ cỏ,Công ty CP BMC Vĩnh Phúc,ngô,cỏ,
Sunzin 20 OD,Fluroxypyr-meptyl 12% + Topramezone 8%,Thuốc trừ cỏ,Công ty CP Bigfive Việt Nam,ngô,cỏ,
ADU-Safen 250 SL,Fomesafen (min 95%),Thuốc trừ cỏ,Công ty TNHH ADU Việt Nam,đậu tương,cỏ,
Fomerio 250SL,Fomesafen (min 95%),Thuốc trừ cỏ,Công ty TNHH Nông nghiệp Công nghệ xanh Bắc Giang,đậu tương,cỏ,
Gardona 250SL,Fomesafen (min 95%),Thuốc trừ cỏ,Công ty CP BMC Vĩnh Phúc,lạc; đậu tương,cỏ,
Gorich 250SL,Fomesafen (min 95%),Thuốc trừ cỏ,Công ty CP Nông dược HAI,đậu tương,cỏ,
Hetsure 250SL,Fomesafen (min 95%),Thuốc trừ cỏ,Công ty CP ĐT TM và PTNN ADI,đậu tương,cỏ,
Mesafen 250SL,Fomesafen (min 95%),Thuốc trừ cỏ,Công ty TNHH Phú Nông,lạc,cỏ,
Metit top 250SL,Fomesafen (min 95%),Thuốc trừ cỏ,Công ty TNHH Pesticide Nhật Bản,đậu tương,cỏ,
Midori 25SL,Fomesafen (min 95%),Thuốc trừ cỏ,Công ty CP Hóc Môn,đậu tương,cỏ,
New Fome 250SL,Fomesafen (min 95%),Thuốc trừ cỏ,Công ty CP S New Rice,ngô,cỏ,
Nisafen 250SL,Fomesafen (min 95%),Thuốc trừ cỏ,Công ty CP Nicotex,đậu tương,cỏ,
Grasskill 15EC,Fomesafen 12% + Quizalofop-P-ethyl 3%,Thuốc trừ cỏ,Công ty TNHH TM và SX Ngọc Yến,sắn; đậu tương,cỏ,
Ace gluffit 30SL,Glufosinate ammonium (min 95%),Thuốc trừ cỏ,Công ty CP ACE Biochem Việt Nam,cà phê,cỏ,
AF-Fulsta 200SL,Glufosinate ammonium (min 95%),Thuốc trừ cỏ,Công ty TNHH Agrifuture,cà phê,cỏ,
Andofonat 200SL,Glufosinate ammonium (min 95%),Thuốc trừ cỏ,Công ty CP XNK Nông dược Hoàng Ân,hồ tiêu,cỏ,
Amegro 150SL,Glufosinate ammonium (min 95%),Thuốc trừ cỏ,Công ty TNHH Sustainable Development S.U.D,cao su,cỏ,
Amosate 200SL,Glufosinate ammonium (min 95%),Thuốc trừ cỏ,Công ty TNHH Thuốc BVTV Thiên Bình,cao su,cỏ,
Apatit Super 150SL,Glufosinate ammonium (min 95%),Thuốc trừ cỏ,Công ty TNHH TM-SX GNC,cà phê,cỏ,
Asupergras 200SL,Glufosinate ammonium (min 95%),Thuốc trừ cỏ,Công ty TNHH TM Thái Nông,cao su; cà phê,cỏ,
AT-Sinat 200SL,Glufosinate ammonium (min 95%),Thuốc trừ cỏ,Công ty TNHH TM Anh Thơ,cà phê,cỏ,
Avansta 150 SL,Glufosinate ammonium (min 95%),Thuốc trừ cỏ,Imaspro Resources Sdn Bhd,cà phê,cỏ,
Bamboo 200SL,Glufosinate ammonium (min 95%),Thuốc trừ cỏ,Công ty CP Liên doanh Quốc tế Fujimoto,cà phê,cỏ,
Basta 15SL,Glufosinate ammonium (min 95%),Thuốc trừ cỏ,"BASF Vietnam Co., Ltd",ca cao; cà phê; hồ tiêu; mía; ngô; điều,cỏ,
Bastnate 200SL,Glufosinate ammonium (min 95%),Thuốc trừ cỏ,"Shandong Weifang Rainbow Chemical Co., Ltd",cà phê,cỏ,
Bata Sas 200SL,Glufosinate ammonium (min 95%),Thuốc trừ cỏ,Công ty CP Nông dược Nhật Việt,cà phê,cỏ,
Batot 200SL,Glufosinate ammonium (min 95%),Thuốc trừ cỏ,Công ty CP SX và TM Hà Thái,cà phê,cỏ,
BC-Weedkill 200SL,Glufosinate ammonium (min 95%),Thuốc trừ cỏ,Công ty TNHH Biocrop,cà phê,cỏ,
Bezorol 18SL,Glufosinate ammonium (min 95%),Thuốc trừ cỏ,Công ty TNHH Nichino Việt Nam,cao su,cỏ,
Bistarnate 13.5SL,Glufosinate ammonium (min 95%),Thuốc trừ cỏ,Công ty TNHH Bano Food,cà phê,cỏ,
BM Hector 200SL,Glufosinate ammonium (min 95%),Thuốc trừ cỏ,"Behn Meyer Agricare Vietnam Co., Ltd",cà phê,cỏ,
BN-Gluxon 200SL,Glufosinate ammonium (min 95%),Thuốc trừ cỏ,Công ty CP Bảo Nông Việt,cà phê,cỏ,
Burner 200SL,Glufosinate ammonium (min 95%),Thuốc trừ cỏ,Công ty TNHH Phân bón Nông Tín,cà phê,cỏ,
BV-Supersinate 200SL,Glufosinate ammonium (min 95%),Thuốc trừ cỏ,Công ty TNHH NN Công nghệ cao Bản Việt,cao su,cỏ,
Cháy rụi 150SL,Glufosinate ammonium (min 95%),Thuốc trừ cỏ,Công ty TNHH Tập đoàn An Nông,cao su; cà phê; hồ tiêu,cỏ,
Daitai 200SL,Glufosinate ammonium (min 95%),Thuốc trừ cỏ,Công ty TNHH Nam Bộ,cà phê,cỏ,
Đầu trâu Glusad 200SL,Glufosinate ammonium (min 95%),Thuốc trừ cỏ,Công ty CP Bình Điền MeKong,cao su,cỏ,
Ebalstar 200SL,Glufosinate ammonium (min 95%),Thuốc trừ cỏ,Công ty CP Bigfive Việt Nam,cà phê,cỏ,
Erase 200SL,Glufosinate ammonium (min 95%),Thuốc trừ cỏ,Công ty TNHH SX và TM HAI Long An,cà phê,cỏ,
Etoweed 200SL,Glufosinate ammonium (min 95%),Thuốc trừ cỏ,"Shanghai E-tong Chemical Co., Ltd",cao su,cỏ,
Exterminate 200SL,Glufosinate ammonium (min 95%),Thuốc trừ cỏ,Công ty TNHH BVTV Akita Việt Nam,cà phê,cỏ,
Fasfix 150SL,Glufosinate ammonium (min 95%),Thuốc trừ cỏ,Công ty CP BVTV Sài Gòn,cà phê,cỏ,
Fastonad 200SL,Glufosinate ammonium (min 95%),Thuốc trừ cỏ,Forward International Ltd,cao su,cỏ,
Fosina 200SL,Glufosinate ammonium (min 95%),Thuốc trừ cỏ,Công ty TNHH Syngenta Việt Nam,cà phê,cỏ,
Fuglusina 18.02 SL,Glufosinate ammonium (min 95%),Thuốc trừ cỏ,Công ty CP Futai,cà phê,cỏ,
Gamasate-Pro 200SL,Glufosinate ammonium (min 95%),Thuốc trừ cỏ,Công ty CP Kỹ nghệ Hoàng Gia Anh,cà phê,cỏ,
Glifumax 200SL,Glufosinate ammonium (min 95%),Thuốc trừ cỏ,Công ty TNHH Dynamic Vitality Việt Nam,cà phê,cỏ,
Glogger 200SL,Glufosinate ammonium (min 95%),Thuốc trừ cỏ,Công ty TNHH TM SX Thôn Trang,cà phê,cỏ,
Glu dragon 200SL,Glufosinate ammonium (min 95%),Thuốc trừ cỏ,Công ty TNHH Rồng Đại Dương,cao su,cỏ,
Glu quat 200SL,Glufosinate ammonium (min 95%),Thuốc trừ cỏ,Công ty CP Agri Shop,cà phê; mắc ca,cỏ,
Glu-elong 15SL,Glufosinate ammonium (min 95%),Thuốc trừ cỏ,Công ty TNHH Hóa sinh Á Châu,cà phê,cỏ,
Glu-trust 200SL,Glufosinate ammonium (min 95%),Thuốc trừ cỏ,"Trustchem Co., Ltd",cà phê; hồ tiêu,cỏ,
Gluclear 880SG,Glufosinate ammonium (min 95%),Thuốc trừ cỏ,Công ty CP Khoa học cây trồng Agrorise,cà phê,cỏ,
Glufast 200SL,Glufosinate ammonium (min 95%),Thuốc trừ cỏ,Công ty CP Nicotex Nam Thái Dương,cà phê,cỏ,
Glufire 200SL,Glufosinate ammonium (min 95%),Thuốc trừ cỏ,Công ty TNHH Hóa sinh Việt Nhật,cà phê,cỏ,
Glufo 200SL,Glufosinate ammonium (min 95%),Thuốc trừ cỏ,Công ty TNHH Á Châu Hóa Sinh,cao su,cỏ,
Glufo super 200SL,Glufosinate ammonium (min 95%),Thuốc trừ cỏ,Công ty CP KHNN Vinacoop,cà phê,cỏ,
Glufo-gold 200SL,Glufosinate ammonium (min 95%),Thuốc trừ cỏ,Công ty TNHH TM Gem Sky,cao su,cỏ,
Glufoca 200SL,Glufosinate ammonium (min 95%),Thuốc trừ cỏ,Công ty TNHH TM và SX Ngọc Yến,cà phê,cỏ,
Glufocide 200SL,Glufosinate ammonium (min 95%),Thuốc trừ cỏ,Công ty TNHH Nam Bắc,cà phê,cỏ,
Glufonate 200SL,Glufosinate ammonium (min 95%),Thuốc trừ cỏ,Công ty TNHH Tấn Hưng Việt Nam,cà phê,cỏ,
Glufosat 200SL,Glufosinate ammonium (min 95%),Thuốc trừ cỏ,Công ty TNHH TM DV SX XNK Đức Thành,cà phê,cỏ,
Glufosam 200SL,Glufosinate ammonium (min 95%),Thuốc trừ cỏ,Công ty TNHH XNK TM Agriasian,cà phê,cỏ,
Glufosan 200SL,Glufosinate ammonium (min 95%),Thuốc trừ cỏ,Công ty CP Tập đoàn Lộc Trời,cao su; cà phê; điều,cỏ,
Glufota 200SL,Glufosinate ammonium (min 95%),Thuốc trừ cỏ,Công ty CP Genta Thụy Sĩ,cao su,cỏ,
Glujinhe 200SL,Glufosinate ammonium (min 95%),Thuốc trừ cỏ,"Xuzhou Jinhe Chemicals Co., Ltd",cao su,cỏ,
Glumax 100SL,Glufosinate ammonium (min 95%),Thuốc trừ cỏ,Công ty CP Fujisan Nhật Bản,cao su,cỏ,
Glumore 200SL,Glufosinate ammonium (min 95%),Thuốc trừ cỏ,Công ty CP Thịnh Vượng Việt,cà phê,cỏ,
Glunate 150SL,Glufosinate ammonium (min 95%),Thuốc trừ cỏ,Công ty CP Thuốc sát trùng Việt Nam,cà phê,cỏ,
Glunat PD 200SL,Glufosinate ammonium (min 95%),Thuốc trừ cỏ,Công ty TNHH Vật tư NN Phương Đông,cà phê,cỏ,
Gluphadex 200SL,Glufosinate ammonium (min 95%),Thuốc trừ cỏ,Công ty TNHH Baconco,cà phê,cỏ,
Gluriver 200SL,Glufosinate ammonium (min 95%),Thuốc trừ cỏ,Công ty TNHH An Nông,cà phê,cỏ,
Glusaco 10SL,Glufosinate ammonium (min 95%),Thuốc trừ cỏ,Công ty TNHH Richfar Việt Nam,cao su,cỏ,
Glusat 200SL,Glufosinate ammonium (min 95%),Thuốc trừ cỏ,Công ty CP Hoá chất Nông nghiệp và Công nghiệp AIC,cà phê,cỏ,
Glusate Gold 200SL,Glufosinate ammonium (min 95%),Thuốc trừ cỏ,Công ty CP S New Rice,cà phê,cỏ,
Glusieu 200SL,Glufosinate ammonium (min 95%),Thuốc trừ cỏ,Công ty TNHH Hợp Nhất Xanh,cà phê,cỏ,
Glusina 20SL,Glufosinate ammonium (min 95%),Thuốc trừ cỏ,Công ty CP Hợp Trí Summit,cao su; cà phê,cỏ,
Glustar 200SL,Glufosinate ammonium (min 95%),Thuốc trừ cỏ,Công ty TNHH BVTV Hoàng Anh,cà phê,cỏ,
Glutigi 200SL,Glufosinate ammonium (min 95%),Thuốc trừ cỏ,Công ty CP Vật tư NN Tiền Giang,cao su; cà phê,cỏ,
Glux 200SL,Glufosinate ammonium (min 95%),Thuốc trừ cỏ,Công ty TNHH Hóa sinh Mùa Vàng,cao su,cỏ,
Gluvbusa 30SL,Glufosinate ammonium (min 95%),Thuốc trừ cỏ,Công ty TNHH Vbook Hoa Kỳ,cà phê,cỏ,
Gluxim super 200SL,Glufosinate ammonium (min 95%),Thuốc trừ cỏ,Công ty CP Hóa sinh Takashi Nhật Bản,cà phê,cỏ,
Gluxone Ultra 200SL,Glufosinate ammonium (min 95%),Thuốc trừ cỏ,Công ty TNHH Pesticide Nhật Bản,cà phê,cỏ,
Goalfosi 200SL,Glufosinate ammonium (min 95%),Thuốc trừ cỏ,Công ty TNHH Goal,cà phê,cỏ,
Goodsin 200SL,Glufosinate ammonium (min 95%),Thuốc trừ cỏ,Công ty TNHH MTV Gold Ocean,cà phê,cỏ,
Goldcao 100SL,Glufosinate ammonium (min 95%),Thuốc trừ cỏ,Công ty CP Nông dược Nhật Thành,cao su,cỏ,
Grass fine 18SL,Glufosinate ammonium (min 95%),Thuốc trừ cỏ,Công ty TNHH TAT Hà Nội,cao su,cỏ,
Ground up 200SL,Glufosinate ammonium (min 95%),Thuốc trừ cỏ,Công ty TNHH Master AG,cà phê,cỏ,
Guci Extra 30SL,Glufosinate ammonium (min 95%),Thuốc trừ cỏ,Công ty TNHH One Bee Việt Nam,cà phê,cỏ,
Gussi Bastar 200SL,Glufosinate ammonium (min 95%),Thuốc trừ cỏ,Công ty CP BMC Việt Nam,cao su; cà phê,cỏ,
Haglupho 10SL,Glufosinate ammonium (min 95%),Thuốc trừ cỏ,Công ty TNHH Tập đoàn Nagasaki Việt Nam,cà phê,cỏ,TT28/2026: đổi tổ chức đăng ký
Halanglufo 200SL,Glufosinate ammonium (min 95%),Thuốc trừ cỏ,Công ty CP Hóa chất NN Hà Lan,cà phê,cỏ,
Hallmark 150SL,Glufosinate ammonium (min 95%),Thuốc trừ cỏ,"Hextar Chemicals Sdn, Bhd",cao su; cà phê; hồ tiêu; điều,cỏ,
Halyfoxim 200SL,Glufosinate ammonium (min 95%),Thuốc trừ cỏ,Công ty CP TM Hải Ánh,cà phê,cỏ,
Haydn 150SL,Glufosinate ammonium (min 95%),Thuốc trừ cỏ,Sinon Corporation,cà phê,cỏ,
HD Newphosan Pro 200SL,Glufosinate ammonium (min 95%),Thuốc trừ cỏ,Công ty TNHH QT Nông nghiệp vàng,cao su,cỏ,
Helmer Brarita 200SL,Glufosinate ammonium (min 95%),Thuốc trừ cỏ,Công ty TNHH B.Helmer,cà phê,cỏ,
Herstop 200SL,Glufosinate ammonium (min 95%),Thuốc trừ cỏ,Công ty CP Đồng Xanh,cà phê,cỏ,
Hortensia 10SL,Glufosinate ammonium (min 95%),Thuốc trừ cỏ,Công ty TNHH Anh Dẩu Tiền Giang,cao su,cỏ,
HP Glusinet 200SL,Glufosinate ammonium (min 95%),Thuốc trừ cỏ,Công ty TNHH MTV Hoàng Phúc,cao su,cỏ,
Huracan 200SL,Glufosinate ammonium (min 95%),Thuốc trừ cỏ,Công ty TNHH MTV BVTV Long An,cà phê,cỏ,
Jetstar 18SL,Glufosinate ammonium (min 95%),Thuốc trừ cỏ,Công ty TNHH SX và KD Tam Nông,cao su,cỏ,
Jiafosina 150SL,Glufosinate ammonium (min 95%),Thuốc trừ cỏ,Công ty CP Jianon Biotech (VN),cà phê,cỏ,
Ka-up 200SL,Glufosinate ammonium (min 95%),Thuốc trừ cỏ,Công ty CP Việt Thắng Group,cà phê,cỏ,
Kamup 150SL,Glufosinate ammonium (min 95%),Thuốc trừ cỏ,Công ty TNHH Việt Thắng Hà Nội,cà phê,cỏ,
Kaza 200SL,Glufosinate ammonium (min 95%),Thuốc trừ cỏ,Công ty TNHH Danken Việt Nam,cà phê,cỏ,
Kenbast 15SL,Glufosinate ammonium (min 95%),Thuốc trừ cỏ,Kenso Corporation (M) Sdn Bhd,cà phê,cỏ,
King Kong 200SL,Glufosinate ammonium (min 95%),Thuốc trừ cỏ,Công ty TNHH thuốc BVTV Nam Nông,cao su; cà phê,cỏ,
Lastar 200SL,Glufosinate ammonium (min 95%),Thuốc trừ cỏ,Công ty CP Lan Anh,cà phê,cỏ,
Lino G20 200SL,Glufosinate ammonium (min 95%),Thuốc trừ cỏ,Công ty CP Liên Nông Việt Nam,cao su,cỏ,
Lưỡi cày 200SL,Glufosinate ammonium (min 95%),Thuốc trừ cỏ,Công ty CP ĐT TM và PTNN ADI,cao su,cỏ,
Mazda 200SL,Glufosinate ammonium (min 95%),Thuốc trừ cỏ,Công ty CP Khử trùng Việt Nam,cà phê,cỏ,
Metxi 200SL,Glufosinate ammonium (min 95%),Thuốc trừ cỏ,Công ty TNHH Vĩnh Nông Phát,cà phê,cỏ,
Mobai new 100SL,Glufosinate ammonium (min 95%),Thuốc trừ cỏ,Shanghai Synagy Chemicals Company Limited,cao su; cà phê; hồ tiêu,cỏ,
Nastar 18SL,Glufosinate ammonium (min 95%),Thuốc trừ cỏ,Nanjing Agrochemical Co. Ltd,cà phê,cỏ,
Newfosinate 150SL,Glufosinate ammonium (min 95%),Thuốc trừ cỏ,Công ty TNHH TCT Hà Nội,cao su,cỏ,
Newgrasstk 200SL,Glufosinate ammonium (min 95%),Thuốc trừ cỏ,Công ty CP XNK Thọ Khang,cà phê,cỏ,
Nimasinat 150SL,Glufosinate ammonium (min 95%),Thuốc trừ cỏ,Công ty CP Nicotex,cà phê,cỏ,
Nocor 200SL,Glufosinate ammonium (min 95%),Thuốc trừ cỏ,Công ty TNHH Trường Thịnh,cao su,cỏ,
Novi-grass 18.02SL,Glufosinate ammonium (min 95%),Thuốc trừ cỏ,Công ty CP Hóa chất Nông Việt,cà phê,cỏ,
Nutar 15SL,Glufosinate ammonium (min 95%),Thuốc trừ cỏ,Công ty TNHH Nufarm Việt Nam,cà phê,cỏ,
Nuximsuper 20SL,Glufosinate ammonium (min 95%),Thuốc trừ cỏ,Công ty TNHH Phú Nông,cao su; ngô,cỏ,
Paricide gold 200SL,Glufosinate ammonium (min 95%),Thuốc trừ cỏ,Công ty TNHH Việt Đức,cao su,cỏ,
Pass root 200SL,Glufosinate ammonium (min 95%),Thuốc trừ cỏ,Công ty TNHH TM - DV Thanh Sơn Hóa Nông,cao su; cà phê; hồ tiêu,cỏ,
Phalosat 200SL,Glufosinate ammonium (min 95%),Thuốc trừ cỏ,Công ty TNHH Phát Lộc,cà phê,cỏ,
Phoximcali 200SL,Glufosinate ammonium (min 95%),Thuốc trừ cỏ,Công ty CP Cali Agritech USA,cà phê,cỏ,
Proof 150SL,Glufosinate ammonium (min 95%),Thuốc trừ cỏ,Công ty TNHH Alfa (Sài Gòn),điều,cỏ,
Q Star 18SL,Glufosinate ammonium (min 95%),Thuốc trừ cỏ,Công ty TNHH hỗ trợ phát triển kỹ thuật và chuyển giao công nghệ,cà phê,cỏ,
Renato 200SL,Glufosinate ammonium (min 95%),Thuốc trừ cỏ,Công ty CP Cửu Long,cà phê,cỏ,
Rojing 30SL,Glufosinate ammonium (min 95%),Thuốc trừ cỏ,"Beijing Bioseen Crop Sciences Co., Ltd",cao su; cà phê,cỏ,
Ronglua 100SL,Glufosinate ammonium (min 95%),Thuốc trừ cỏ,Công ty CP BVTV ATC,mắc ca,cỏ,
Rồng đỏ 200SL,Glufosinate ammonium (min 95%),Thuốc trừ cỏ,Công ty CP BVTV I TW,cà phê,cỏ,
Samsinate 200SL,Glufosinate ammonium (min 95%),Thuốc trừ cỏ,Công ty CP SAM,cao su,cỏ,
Samstar 18SL,Glufosinate ammonium (min 95%),Thuốc trừ cỏ,Công ty CP SX TM - DV Ngọc Tùng,cao su; cà phê,cỏ,
Sanat 150SL,Glufosinate ammonium (min 95%),Thuốc trừ cỏ,Sumitomo Corporation Vietnam LLC,cà phê,cỏ,
Seal 200SL,Glufosinate ammonium (min 95%),Thuốc trừ cỏ,Công ty TNHH Mekong Agro,cà phê,cỏ,
Shina 18SL,Glufosinate ammonium (min 95%),Thuốc trừ cỏ,Công ty CP BMC Vĩnh Phúc,cao su; cà phê,cỏ,
Simatop 200SL,Glufosinate ammonium (min 95%),Thuốc trừ cỏ,Công ty TNHH Agrofarm,cà phê,cỏ,
Sinasin 200SL,Glufosinate ammonium (min 95%),Thuốc trừ cỏ,Sinamyang Group Pte Ltd,cà phê,cỏ,
Sinate 150SL,Glufosinate ammonium (min 95%),Thuốc trừ cỏ,Công ty CP Hóc Môn,cao su; cà phê,cỏ,
Skillot 200SL,Glufosinate ammonium (min 95%),Thuốc trừ cỏ,Công ty CP Quốc tế DTC,cà phê,cỏ,
Sumitphosat 10SL,Glufosinate ammonium (min 95%),Thuốc trừ cỏ,Công ty CP Sumit Agrochem Việt Nam,cà phê,cỏ,
Sunfosinat 200SL,Glufosinate ammonium (min 95%),Thuốc trừ cỏ,Công ty CP Sunseaco Việt Nam,cà phê,cỏ,
Tarang 280SL,Glufosinate ammonium (min 95%),Thuốc trừ cỏ,Công ty TNHH UPL Việt Nam,cà phê; hồ tiêu; ngô; sắn; điều,cỏ,
TD-Glunium 200SL,Glufosinate ammonium (min 95%),Thuốc trừ cỏ,Công ty TNHH Nông Thái Dương,cao su,cỏ,
TD Fosi 200SL,Glufosinate ammonium (min 95%),Thuốc trừ cỏ,Công ty TNHH BVTV Thảo Điền,cà phê,cỏ,
Tiguan 150SL,Glufosinate ammonium (min 95%),Thuốc trừ cỏ,Công ty CP Nông nghiệp HP,cà phê,cỏ,
Tough Role 150SL,Glufosinate ammonium (min 95%),Thuốc trừ cỏ,Công ty TNHH World Vision (VN),cao su; cà phê; hồ tiêu,cỏ,
T-p glophosi 15SL,Glufosinate ammonium (min 95%),Thuốc trừ cỏ,Công ty TNHH TM Thái Phong,cà phê,cỏ,
Upland Premium 13.5SL,Glufosinate ammonium (min 95%),Thuốc trừ cỏ,Công ty CP Khử trùng Nam Việt,cà phê,cỏ,
US-sinate 200SL,Glufosinate ammonium (min 95%),Thuốc trừ cỏ,Công ty CP BVTV Asata Hoa Kỳ,cao su,cỏ,
VT sate 150SL,Glufosinate ammonium (min 95%),Thuốc trừ cỏ,Công ty CP Vagritex,cà phê,cỏ,
Windy 200SL,Glufosinate ammonium (min 95%),Thuốc trừ cỏ,Công ty TNHH SYC,cao su,cỏ,
Woncar 200SL,Glufosinate ammonium (min 95%),Thuốc trừ cỏ,Công ty TNHH Wonderful Agriculture (VN),cà phê,cỏ,
Wynca-Glumax 200SL,Glufosinate ammonium (min 95%),Thuốc trừ cỏ,Công ty TNHH Bio Delta,cà phê,cỏ,
Wyncafos 10SL,Glufosinate ammonium (min 95%),Thuốc trừ cỏ,Công ty TNHH DV TV Đầu tư Kim Cương,cà phê,cỏ,
Xglufa 200SL,Glufosinate ammonium (min 95%),Thuốc trừ cỏ,"Hubei Xingfa Chemicals Group Co., Ltd",cà phê,cỏ,
Yostar 200SL,Glufosinate ammonium (min 95%),Thuốc trừ cỏ,"Yongnong Biosciences Co., Ltd",cà phê,cỏ,
Z-weed 150SL,Glufosinate ammonium (min 95%),Thuốc trừ cỏ,Asiatic Agricultural Industries Pte. Ltd,cao su,cỏ,
Zippi 200SL,Glufosinate ammonium (min 95%),Thuốc trừ cỏ,Công ty TNHH TM Tân Thành,cà phê,cỏ,
Obaxim 250SL,Glufosinate ammonium 200g/l + Imazapyr 50g/l,Thuốc trừ cỏ,Công ty CP Nông nghiệp HP,cà phê,cỏ,
Fast Fire 136SL,Glufosinate ammonium 100g/l + MCPA 36g/l,Thuốc trừ cỏ,Công ty TNHH VTNN Trung Phong,cao su,cỏ,
Quick Star 22SL,Glufosinate ammonium 15% + MCPA 7%,Thuốc trừ cỏ,Công ty TNHH hỗ trợ phát triển kỹ thuật và chuyển giao công nghệ,cà phê,cỏ,
Vector 22SL,Glufosinate ammonium 15% + MCPA 7%,Thuốc trừ cỏ,Công ty TNHH Hóa chất Nông nghiệp Nông Vàng,cà phê,cỏ,
Fastoxy 32WP,Glufosinate ammonium 24% + Oxyfluorfen 8%,Thuốc trừ cỏ,Công ty CP BVTV Sài Gòn,cà phê,cỏ,
Tarang Flash 190EW,Glufosinate ammonium 140g/l + Oxyfluorfen 50g/l,Thuốc trừ cỏ,Công ty TNHH UPL Việt Nam,cà phê,cỏ,
Fascinate Sync 428EW,Glufosinate ammonium 128g/l + S-metolachlor 300g/l,Thuốc trừ cỏ,Công ty TNHH UPL Việt Nam,cao su,cỏ,
Glulier Gold 200SL,Glufosinate-P (min 91%),Thuốc trừ cỏ,Công ty TNHH DV TV Đầu tư Kim Cương,cà phê,cỏ,
Lufo-P 10.9SL,Glufosinate-P (min 91%),Thuốc trừ cỏ,Công ty TNHH Á Châu Hóa Sinh,cao su; cà phê,cỏ,
Yosky 10SL,Glufosinate-P (min 91%),Thuốc trừ cỏ,"Yongnong Biosciences Co., Ltd",cao su; cà phê; điều,cỏ,
Halosuper 250WP,Halosulfuron methyl (min 95%),Thuốc trừ cỏ,Công ty TNHH An Nông,lúa gieo thẳng; mía; ngô,cỏ,
Gallant® Super 108EC,Haloxyfop-R-Methyl (min 94%),Thuốc trừ cỏ,Công ty TNHH Corteva Agriscience Việt Nam,lạc; sắn,cỏ,
Uni-Kickdown 10EC,Haloxyfop-R-Methyl (min 94%),Thuốc trừ cỏ,Công ty TNHH World Vision (VN),lạc,cỏ,
Caspes 108EC,Haloxyfop-p-methyl (min 94%),Thuốc trừ cỏ,Công ty TNHH TCT Hà Nội,lạc,cỏ,
Haxyfop 108EC,Haloxyfop-p-methyl (min 94%),Thuốc trừ cỏ,Công ty TNHH MTV Gold Ocean,lạc,cỏ,
Laoton 108EC,Haloxyfop-p-methyl (min 94%),Thuốc trừ cỏ,Công ty CP BMC Vĩnh Phúc,lạc; sắn,cỏ,
Picaroon 108EC,Haloxyfop-p-methyl (min 94%),Thuốc trừ cỏ,Công ty CP ĐT TM và PTNN ADI,đậu tương,cỏ,
SV-Halothyl 108EC,Haloxyfop-p-methyl (min 94%),Thuốc trừ cỏ,Công ty TNHH Saturn Chemical Việt Nam,đậu tương,cỏ,
Vonta 108 EC,Haloxyfop-p-methyl (min 94%),Thuốc trừ cỏ,Công ty CP Bigfive Việt Nam,lạc; sắn,cỏ,
Noloco 200SL,Hexazinone 50g/l + Imazapyr 150g/l,Thuốc trừ cỏ,Công ty CP Nông nghiệp HP,cao su,cỏ,
Cadre 240 SL,Imazapic (min 96.9%),Thuốc trừ cỏ,"BASF Vietnam Co., Ltd",lúa gieo thẳng; lạc; mía,cỏ,
Imark 70WG,Imazapic (min 96.9%),Thuốc trừ cỏ,"Shandong Weifang Rainbow Chemical Co., Ltd",lạc,cỏ,
Kifix 70WG,Imazapic 175 g/kg + Imazapyr 525 g/kg,Thuốc trừ cỏ,"BASF Vietnam Co., Ltd",mía,cỏ,
Mayoral 350SL,Imazapic 262.5 g/l + Imazapyr 87.5 g/l,Thuốc trừ cỏ,Công ty TNHH Adama Việt Nam,mía,cỏ,
Amapyr 250SL,Imazapyr (min 95%),Thuốc trừ cỏ,Công ty CP Khoa học cây trồng Agrorise,cà phê,cỏ,
Dzo Super 10SL,Imazethapyr (min 97%),Thuốc trừ cỏ,Map Pacific Pte Ltd,lạc; đậu tương; đậu xanh,cỏ,
Rutilan 10SL,Imazethapyr (min 97%),Thuốc trừ cỏ,Công ty CP Tập đoàn Lộc Trời,lạc,cỏ,
Vezir 240SL,Imazethapyr (min 97%),Thuốc trừ cỏ,Công ty TNHH Adama Việt Nam,lạc,cỏ,
Quissa 10 SC,Imazosulfuron (min 97%),Thuốc trừ cỏ,Công ty TNHH Hóa chất Sumitomo Việt Nam,lúa,cỏ,
Infansuper 150EC,Indanofan (min 97%),Thuốc trừ cỏ,Công ty TNHH An Nông,lúa gieo,cỏ,
Becano 500SC,Indaziflam (min 93%),Thuốc trừ cỏ,Bayer Vietnam Ltd (BVL),bưởi; cam; cao su; chuối; chè; cà phê; hồ tiêu; mía; sầu riêng; thanh long; vải,cỏ,
Hokuto 22.5SC,Ipfencarbazone (min 97%),Thuốc trừ cỏ,Công ty TNHH UPL Việt Nam,lúa gieo thẳng,cỏ,
Merlin 750 WG,Isoxaflutole (min 95%),Thuốc trừ cỏ,Bayer Vietnam Ltd (BVL),ngô,cỏ,
Sunward 75WG,Isoxaflutole (min 95%),Thuốc trừ cỏ,"Shandong Weifang Rainbow Chemical Co., Ltd",ngô,cỏ,
Adengo 315SC,Isoxaflutole 225g/l + Thiencarbazone-methyl (min 96.9%) 90g/l + chất an toàn Cyprosulfamide (min 95.5%) 150g/l,Thuốc trừ cỏ,Bayer Vietnam Ltd (BVL),ngô,cỏ,
Combrase 24EC,Lactofen (min 97%),Thuốc trừ cỏ,Công ty TNHH Hóa Nông Lúa Vàng,lạc; sắn,cỏ,
Dusan 240EC,Lactofen (min 97%),Thuốc trừ cỏ,Công ty CP BMC Vĩnh Phúc,lạc; đậu tương,cỏ,
Tdream 240EC,Lactofen (min 97%),Thuốc trừ cỏ,Công ty CP Nông dược Nhật Thành,sắn,cỏ,
Lacfen 11.8EC,Lactofen 1.8% + Quizalofop-p-ethyl 10%,Thuốc trừ cỏ,Công ty TNHH Thuốc BVTV Bông Sen Vàng,lạc; sắn,cỏ,
"AD-Qkill 13SL, 56SP",MCPA (min 85%),Thuốc trừ cỏ,Công ty TNHH Anh Dẩu Tiền Giang,cao su,cỏ,
Agroxone 918SL,MCPA (min 85%),Thuốc trừ cỏ,Công ty TNHH Nufarm Việt Nam,mía,cỏ,
M-Na 56SP,MCPA (min 85%),Thuốc trừ cỏ,Công ty CP SX - TM - DV Ngọc Tùng,ngô,cỏ,
Newco 500SL,MCPA (min 85%),Thuốc trừ cỏ,Công ty TNHH US Agro,lúa gieo thẳng; mía; ngô,cỏ,
Newpa 500SL,MCPA (min 85%),Thuốc trừ cỏ,Công ty CP S New Rice,ngô,cỏ,
Pyracet 46SL,MCPA (min 85%),Thuốc trừ cỏ,Công ty CP BVTV I TW,lúa gieo thẳng,cỏ,
Tot 80WP,MCPA (min 85%),Thuốc trừ cỏ,Công ty TNHH TM - DV Thanh Sơn Hóa Nông,lúa gieo thẳng,cỏ,
Mecet 50WP,Mefenacet (min 95%),Thuốc trừ cỏ,Công ty CP SX TM Bio Vina,lúa gieo thẳng,cỏ,
Fezocet 40WP,Mefenacet 39% + Pyrazosulfuron-ethyl 1%,Thuốc trừ cỏ,Công ty TNHH Trường Thịnh,lúa gieo thẳng,cỏ,
Pylet 100WP,Mefenacet 5g/kg + Pyrazosulfuron-ethyl 95g/kg,Thuốc trừ cỏ,Công ty CP Khoa học CNC American,lúa cấy; lúa gieo thẳng,cỏ,
Coannong 200EC,Metamifop (min 96%),Thuốc trừ cỏ,Công ty TNHH An Nông,lúa gieo,cỏ,
Obatop 100EC,Metamifop (min 96%),Thuốc trừ cỏ,Công ty TNHH Hóa nông Mê Kông,lúa gieo,cỏ,
Ginga 33WG,Metazosulfuron (min 88%),Thuốc trừ cỏ,Công ty TNHH Nissei Corporation Việt Nam,lúa gieo thẳng,cỏ,
Aqual 960EC,Metolachlor (min 96%),Thuốc trừ cỏ,Công ty TNHH Hóa sinh Á Châu,lạc,cỏ,
Dana - Hope 720EC,Metolachlor (min 96%),Thuốc trừ cỏ,Công ty TNHH XNK Quốc tế SARA,bông vải; lạc; ngô,cỏ,
Hasaron 720 EC,Metolachlor (min 96%),Thuốc trừ cỏ,Công ty CP Hóa Nông Mỹ Việt Đức,đậu tương,cỏ,
Maestro 960EC,Metolachlor (min 96%),Thuốc trừ cỏ,"Shandong Weifang Rainbow Chemical Co., Ltd",lạc,cỏ,
Long run 35EC,Metolachlor 32% + Napropamide (min 93%) 3%,Thuốc trừ cỏ,Công ty TNHH hỗ trợ phát triển kỹ thuật và chuyển giao công nghệ,ngô,cỏ,
Hypeclean 750EC,Metolachlor 620g/l + Trifluralin 130g/l,Thuốc trừ cỏ,Công ty TNHH Hóa Nông Lúa Vàng,sắn,cỏ,
Ace Smetol 960EC,S-Metolachlor (min 98.3%),Thuốc trừ cỏ,Công ty CP ACE Biochem Việt Nam,ngô,cỏ,
Barracuda 960EC,S-Metolachlor (min 98.3%),Thuốc trừ cỏ,Công ty TNHH Danken Việt Nam,ngô,cỏ,
Dual Gold  960 EC,S-Metolachlor (min 98.3%),Thuốc trừ cỏ,Công ty TNHH Syngenta Việt Nam,bông vải; lạc; mía; ngô; rau cải; rau muống; rau mùi; sân golf; đậu tương,cỏ,
Moccasin 91.5EC,S-Metolachlor (min 98.3%),Thuốc trừ cỏ,Công ty TNHH UPL Việt Nam,ngô,cỏ,
Modusa 960EC,S-Metolachlor (min 98.3%),Thuốc trừ cỏ,Công ty CP BMC Vĩnh Phúc,ngô,cỏ,
Robust 960EC,S-Metolachlor (min 98.3%),Thuốc trừ cỏ,Công ty CP Khử trùng Việt Nam,ngô,cỏ,
S-Maestro 960EC,S-Metolachlor (min 98.3%),Thuốc trừ cỏ,"Shandong Weifang Rainbow Chemical Co., Ltd",lạc; mía; ngô,cỏ,
SG-Metola 960EC,S-Metolachlor (min 98.3%),Thuốc trừ cỏ,Công ty CP SX - TM - DV Ngọc Tùng,ngô; đậu tương,cỏ,
Coyote 440SE,S-Metolachlor 400g/l + Mesotrione 40g/l,Thuốc trừ cỏ,Công ty TNHH UPL Việt Nam,ngô,cỏ,
Sencor 70 WP,Metribuzin (min 95%),Thuốc trừ cỏ,Bayer Vietnam Ltd (BVL),khoai tây; mía,cỏ,
Bvgrass Topone 31EC,Metribuzin 26% + Quizalofop-P-ethyl 5%,Thuốc trừ cỏ,Công ty TNHH NN Công nghệ cao Bản Việt,lạc,cỏ,
Alliance 20 WG,Metsulfuron-methyl (min 93%),Thuốc trừ cỏ,Công ty TNHH - TM ACP,lúa gieo thẳng,cỏ,
Alyando 200WG,Metsulfuron-methyl (min 93%),Thuốc trừ cỏ,Công ty TNHH BVTV Hoàng Anh,lúa gieo thẳng,cỏ,
Alyalyaic 200WG,Metsulfuron-methyl (min 93%),Thuốc trừ cỏ,Công ty CP Hoá chất Nông nghiệp và Công nghiệp AIC,lúa gieo thẳng,cỏ,
Alygold 200WG,Metsulfuron-methyl (min 93%),Thuốc trừ cỏ,Công ty CP Nông dược Nhật Việt,lúa gieo thẳng,cỏ,
Alyrice 200WG,Metsulfuron-methyl (min 93%),Thuốc trừ cỏ,Công ty CP Quốc tế Hòa Bình,lúa gieo thẳng,cỏ,
Alyrate 200WG,Metsulfuron-methyl (min 93%),Thuốc trừ cỏ,Công ty CP Hatashi Việt Nam,lúa cấy,cỏ,
Alyrius 200WG,Metsulfuron-methyl (min 93%),Thuốc trừ cỏ,Công ty CP Công nghệ cao Thuốc BVTV USA,lúa cấy,cỏ,
Anly Gold 200WG,Metsulfuron-methyl (min 93%),Thuốc trừ cỏ,Công ty TNHH Việt Thắng,lúa gieo thẳng,cỏ,
Dany 20 WG,Metsulfuron-methyl (min 93%),Thuốc trừ cỏ,Công ty TNHH XNK Quốc tế SARA,lúa gieo thẳng,cỏ,
Ally® 20 WG,Metsulfuron-methyl (min 93%),Thuốc trừ cỏ,Công ty TNHH FMC Việt Nam,cao su; lúa,cỏ,
Metsy 20WG,Metsulfuron-methyl (min 93%),Thuốc trừ cỏ,Công ty TNHH UPL Việt Nam,lúa gieo thẳng,cỏ,
Nolaron 20 WG,Metsulfuron-methyl (min 93%),Thuốc trừ cỏ,Công ty CP Long Hiệp,lúa cấy,cỏ,
Soly 20WG,Metsulfuron-methyl (min 93%),Thuốc trừ cỏ,Công ty TNHH Long Hưng,lúa gieo thẳng,cỏ,
Super-Al 20 WG,Metsulfuron-methyl (min 93%),Thuốc trừ cỏ,Công ty TNHH TM - DV Thanh Sơn Hóa Nông,lúa gieo thẳng,cỏ,
Newrius 155WP,Metsulfuron-methyl 7g/kg + Pyrazosulfuron-ethyl 148g/kg,Thuốc trừ cỏ,Công ty CP Quốc tế Agritech Hoa Kỳ,lúa gieo thẳng,cỏ,
ADU-Meso One 150SC,Mesotrione (min 97%),Thuốc trừ cỏ,Công ty TNHH ADU Việt Nam,ngô,cỏ,
AF-Tribunis 15SC,Mesotrione (min 97%),Thuốc trừ cỏ,Công ty TNHH Agrifuture,ngô,cỏ,
BP. Jumbo 15SC,Mesotrione (min 97%),Thuốc trừ cỏ,Công ty TNHH TM Bình Phương,ngô,cỏ,
Colorgrass 15SC,Mesotrione (min 97%),Thuốc trừ cỏ,Công ty CP Kỹ nghệ Hoàng Gia Anh,ngô,cỏ,
"Freemesone 200WP, 400SC",Mesotrione (min 97%),Thuốc trừ cỏ,Công ty TNHH Nông dược An Lạc,mía; ngô,cỏ,
Grasmeso 200 OD,Mesotrione (min 97%),Thuốc trừ cỏ,Công ty CP Genta Thụy Sĩ,ngô,cỏ,
Kotra 15SC,Mesotrione (min 97%),Thuốc trừ cỏ,Công ty CP BMC Vĩnh Phúc,mía,cỏ,
Kunzin 150SC,Mesotrione (min 97%),Thuốc trừ cỏ,Công ty CP Big Tree,mía; ngô,cỏ,
Mdan Weed 15SC,Mesotrione (min 97%),Thuốc trừ cỏ,Công ty TNHH VTNN Trung Phong,ngô,cỏ,
Mesobai 15SC,Mesotrione (min 97%),Thuốc trừ cỏ,"Bailing Agrochemical Co., Ltd",ngô,cỏ,
Mesoforce 48SC,Mesotrione (min 97%),Thuốc trừ cỏ,Công ty TNHH Danken Việt Nam,ngô,cỏ,
Mesoisuper 100 OD,Mesotrione (min 97%),Thuốc trừ cỏ,Công ty TNHH MTV Gold Ocean,ngô,cỏ,
Mesopro 150SC,Mesotrione (min 97%),Thuốc trừ cỏ,Công ty TNHH US.Chemical,ngô,cỏ,
Mesorio 10OD,Mesotrione (min 97%),Thuốc trừ cỏ,Công ty TNHH TM Nam Hải Group,ngô,cỏ,
Misung 15SC,Mesotrione (min 97%),Thuốc trừ cỏ,Công ty CP BMC Việt Nam,mía; ngô,cỏ,
NDMN-trione 400SC,Mesotrione (min 97%),Thuốc trừ cỏ,Công ty TNHH BVTV Akita Việt Nam,ngô,cỏ,
Tik grass 15SC,Mesotrione (min 97%),Thuốc trừ cỏ,Công ty CP XNK Thọ Khang,mía; ngô,cỏ,
Tgrass 15SC,Mesotrione (min 97%),Thuốc trừ cỏ,Công ty CP Nông dược Nhật Thành,ngô,cỏ,
VT One 150SC,Mesotrione (min 97%),Thuốc trừ cỏ,Công ty CP Thuốc BVTV Việt Trung,ngô,cỏ,
VT-trione 15SC,Mesotrione (min 97%),Thuốc trừ cỏ,Công ty TNHH CNSH Quốc tế Việt Thái,ngô,cỏ,
Zamoca® 150SC,Mesotrione (min 97%),Thuốc trừ cỏ,Công ty CP Nicotex,ngô,cỏ,
Cornweed 18OD,Mesotrione 13.5% + Nicosulfuron 4.5%,Thuốc trừ cỏ,Công ty TNHH A2T Việt Nam,ngô,cỏ,
Gavan plus 105OD,Mesotrione 75 g/l + Nicosulfuron 30 g/l,Thuốc trừ cỏ,"Shandong Weifang Rainbow Chemical Co., Ltd",ngô,cỏ,
Hasoron 25OD,Mesotrione 20% + Nicosulfuron 5%,Thuốc trừ cỏ,Công ty CP TM Hải Ánh,ngô,cỏ,
Prolinate 65.4 EC,Molinate 327g/l + Propanil 327g/l,Thuốc trừ cỏ,Forward International Ltd,lúa,cỏ,
Adumekazin 40 OD,Nicosulfuron (min 94%),Thuốc trừ cỏ,Công ty TNHH ADU Việt Nam,ngô,cỏ,
Duce 75WG,Nicosulfuron (min 94%),Thuốc trừ cỏ,Công ty CP Thuốc sát trùng Việt Nam,ngô,cỏ,
Farich 40SC,Nicosulfuron (min 94%),Thuốc trừ cỏ,Công ty CP Nông dược HAI,ngô,cỏ,
Luxdan 75WG,Nicosulfuron (min 94%),Thuốc trừ cỏ,Công ty CP Tập đoàn Điện Bàn,ngô,cỏ,
Minarin 500WP,Nicosulfuron (min 94%),Thuốc trừ cỏ,Công ty TNHH Việt Thắng,ngô,cỏ,
Nifuron 40OD,Nicosulfuron (min 94%),Thuốc trừ cỏ,Công ty TNHH US Agro,ngô,Cỏ,
Ruler 750WG,Nicosulfuron (min 94%),Thuốc trừ cỏ,Công ty TNHH Alfa (Sài Gòn),ngô,cỏ,
Samson 6 OD,Nicosulfuron (min 94%),Thuốc trừ cỏ,Sumitomo Corporation Vietnam LLC,ngô,cỏ,
"WelkinGold 40SC, 40OD, 750WG, 800WP",Nicosulfuron (min 94%),Thuốc trừ cỏ,Công ty TNHH An Nông,mía; ngô,cỏ,
Kelion 50WG,Orthosulfamuron (min 98%),Thuốc trừ cỏ,Công ty TNHH Nichino Việt Nam,lúa gieo thẳng,cỏ,
A Safe-super 80WP,Oxadiargyl (min 96%),Thuốc trừ cỏ,Công ty TNHH BVTV Đại Dương,lúa cấy,cỏ,
DN Oxabaxa 80WP,Oxadiargyl (min 96%),Thuốc trừ cỏ,Công ty TNHH BVTV Thảo Điền,lạc,cỏ,
Antaxa 250 EC,Oxadiazon (min 94%),Thuốc trừ cỏ,Công ty CP XNK Nông dược Hoàng Ân,lạc,cỏ,
Ari 25 EC,Oxadiazon (min 94%),Thuốc trừ cỏ,Công ty TNHH – TM Thái Nông,lúa gieo thẳng; lạc; ngô,cỏ,
Binhoxa 25 EC,Oxadiazon (min 94%),Thuốc trừ cỏ,"Bailing Agrochemical Co., Ltd",lúa; lạc; đậu tương,cỏ,
Canstar 25 EC,Oxadiazon (min 94%),Thuốc trừ cỏ,Công ty TNHH Hóa Nông Lúa Vàng,hành; lúa sạ khô; lạc,cỏ,
Ronata 25EC,Oxadiazon (min 94%),Thuốc trừ cỏ,Công ty CP Nicotex,đậu xanh,cỏ,
RonGold 250 EC,Oxadiazon (min 94%),Thuốc trừ cỏ,Công ty CP Quốc tế Hòa Bình,lúa gieo thẳng; lạc; đậu tương,cỏ,
Ronstar 25 EC,Oxadiazon (min 94%),Thuốc trừ cỏ,Bayer Vietnam Ltd (BVL),lúa; lạc,cỏ,
Tanawa 39SC,Oxadiazon 6% + Pendimethalin 33%,Thuốc trừ cỏ,Công ty CP Công nghệ cao Kyoto Japan,lạc,cỏ,
Calnil 404EC,Oxadiazon 100g/l + Propanil 304g/l,Thuốc trừ cỏ,Công ty TNHH Hóa Nông Lúa Vàng,lúa gieo thẳng,cỏ,
Oxanil 404EC,Oxadiazon 100g/l + Propanil 304g/l,Thuốc trừ cỏ,Công ty CP Kiên Nam,đậu tương; đậu xanh,cỏ,
Full house 30SC,Oxaziclomefone (min 96.5%),Thuốc trừ cỏ,Sumitomo Corporation Vietnam LLC,lúa gieo thẳng,cỏ,
Goal™ 240EC,Oxyfluorfen (min 97%),Thuốc trừ cỏ,Sumitomo Corporation Vietnam LLC,đậu xanh,cỏ,
Penuron 340EC,Oxyfluorfen 140 g/l + Pendimethalin 200 g/l,Thuốc trừ cỏ,Công ty TNHH ADU Việt Nam,lạc,cỏ,
Accotab 330 EC,Pendimethalin (min 90%),Thuốc trừ cỏ,"BASF Vietnam Co., Ltd",lúa gieo thẳng; lạc; thuốc lá,cỏ; diệt chồi,
Caojin 34EC,Pendimethalin (min 90%),Thuốc trừ cỏ,Sinon Corporation,đậu tương,cỏ,
Fist super 38.7CS,Pendimethalin (min 90%),Thuốc trừ cỏ,Công ty TNHH UPL Việt Nam,lạc,cỏ,
Goalpen 330EC,Pendimethalin (min 90%),Thuốc trừ cỏ,Công ty TNHH Goal,lạc,cỏ,
Halosun 450CS,Pendimethalin (min 90%),Thuốc trừ cỏ,Công ty CP Khử trùng Việt Nam,lạc,cỏ,
Meo-Grass 330EC,Pendimethalin (min 90%),Thuốc trừ cỏ,Công ty CP XNK Thọ Khang,lạc,cỏ,
Pendi 330 EC,Pendimethalin (min 90%),Thuốc trừ cỏ,Công ty TNHH Alfa (Sài gòn),diệt chồi; lạc; thuốc lá,cỏ; nách,
Pendipax 500EC,Pendimethalin (min 90%),Thuốc trừ cỏ,"Shandong Weifang Rainbow Chemical Co., Ltd",lúa gieo thẳng,cỏ,
Pynerin 455CS,Pendimethalin (min 90%),Thuốc trừ cỏ,Công ty CP Thuốc sát trùng Việt Nam,lúa gieo thẳng,cỏ,
Vigor 33 EC,Pendimethalin (min 90%),Thuốc trừ cỏ,Asiatic Agricultural Industries Pte Ltd,lúa gieo thẳng; lạc; ngô; đậu tương,cỏ,
"Kimpton 300SC, 700WP",Pentoxazone (min 97%) 250g/l (600g/kg) + Pyrazosulfuron-ethyl 50g/l (100g/kg),Thuốc trừ cỏ,Công ty TNHH An Nông,lúa gieo thẳng,cỏ,
"Clipper® 25OD, 240SC",Penoxsulam (min 98.5%),Thuốc trừ cỏ,Công ty TNHH Corteva Agriscience Việt Nam,lúa cấy; lúa gieo thẳng,cỏ,
Top-Grass 10SC,Penoxsulam 5% + Pyriminobac-methyl (min 97%) 5%,Thuốc trừ cỏ,Công ty CP Nicotex,lúa gieo thẳng,cỏ,
Agrofit super 300EC,Pretilachlor (min 95%),Thuốc trừ cỏ,Công ty CP CNC Thuốc BVTV USA,lúa gieo thẳng,cỏ,
Difit 300EC,Pretilachlor (min 95%),Thuốc trừ cỏ,Công ty CP SX Thuốc BVTV Omega,lúa gieo thẳng,cỏ,
Acofit 300 EC,Pretilachlor 300g/l + chất an toàn Fenclorim 100g/l,Thuốc trừ cỏ,Công ty CP Quốc tế Hòa Bình,lúa gieo thẳng,cỏ,
Ansiphit 300EC,Pretilachlor 300g/l + chất an toàn Fenclorim 100g/l,Thuốc trừ cỏ,Công ty CP XNK Nông dược Hoàng Ân,lúa gieo thẳng,cỏ,
Bigson-fit 300EC,Pretilachlor 300g/l + chất an toàn Fenclorim 100g/l,Thuốc trừ cỏ,Công ty TNHH Hóa Nông Lúa Vàng,lúa gieo thẳng,cỏ,
Ceo 300EC,Pretilachlor 300g/l + chất an toàn Fenclorim 100g/l,Thuốc trừ cỏ,Công ty TNHH Phú Nông,lúa gieo thẳng,cỏ; lúa cỏ,
Chani 300EC,Pretilachlor 300g/l + chất an toàn Fenclorim 100g/l,Thuốc trừ cỏ,Công ty CP Nicotex,lúa gieo thẳng,cỏ,
Chesaco 300EC,Pretilachlor 300g/l + chất an toàn Fenclorim 100g/l,Thuốc trừ cỏ,Công ty CP Tập đoàn King Elong,lúa gieo thẳng,cỏ,
Denofit 300EC,Pretilachlor 300g/l + chất an toàn Fenclorim 100g/l,Thuốc trừ cỏ,Công ty CP Lion Agrevo,lúa gieo thẳng,cỏ,
Dodofit 300EC,Pretilachlor 300g/l + chất an toàn Fenclorim 100g/l,Thuốc trừ cỏ,Công ty TNHH MTV BVTV Thạnh Hưng,lúa gieo thẳng,cỏ,
Elipza 300EC,Pretilachlor 300g/l + chất an toàn Fenclorim 100g/l,Thuốc trừ cỏ,Công ty CP Nông nghiệp HP,lúa gieo thẳng,cỏ,
ET-Polorim 300EC,Pretilachlor 300g/l + chất an toàn Fenclorim 100g/l,Thuốc trừ cỏ,"Shanghai E-tong Chemical Co., Ltd",lạc,cỏ,
Fenpre 300EC,Pretilachlor 300g/l + chất an toàn Fenclorim 100g/l,Thuốc trừ cỏ,Công ty CP Đồng Xanh,lúa gieo thẳng,cỏ,
Jiafit 30EC,Pretilachlor 300g/l + chất an toàn Fenclorim 100g/l,Thuốc trừ cỏ,Công ty CP Jia Non Biotech (VN),lúa gieo thẳng,cỏ,
Ladofit 300EC,Pretilachlor 300g/l + chất an toàn Fenclorim 100g/l,Thuốc trừ cỏ,Công ty TNHH MTV BVTV Long An,lúa gieo thẳng,cỏ,
Legacy 300EC,Pretilachlor 300g/l + chất an toàn Fenclorim 100g/l,Thuốc trừ cỏ,Công ty TNHH Nam Bộ,lúa gieo thẳng,cỏ,
"Map-Famix 30EC, 30EW",Pretilachlor 300g/l + chất an toàn Fenclorim 100g/l,Thuốc trừ cỏ,Map Pacific Pte Ltd,lúa gieo thẳng,cỏ; lúa cỏ,
Nôngia-an 300EC,Pretilachlor 300g/l + chất an toàn Fenclorim 100g/l,Thuốc trừ cỏ,Công ty TNHH - TM Thái Phong,lúa gieo thẳng,cỏ,
Nichiral 300EC,Pretilachlor 300g/l + chất an toàn Fenclorim 100g/l,Thuốc trừ cỏ,"Arysta LifeScience Vietnam Co., Ltd",lúa gieo thẳng,cỏ,
Rice up 300EC,Pretilachlor 300g/l + chất an toàn Fenclorim 100g/l,Thuốc trừ cỏ,"Shandong Weifang Rainbow Chemical Co., Ltd",lúa gieo thẳng,cỏ,
Sonic 300 EC,Pretilachlor 300g/l + chất an toàn Fenclorim 100g/l,Thuốc trừ cỏ,Công ty TNHH XNK Quốc tế SARA,lúa gieo thẳng,cỏ,
Sotrafix 300EC,Pretilachlor 300g/l + chất an toàn Fenclorim 100g/l,Thuốc trừ cỏ,Công ty TNHH TM SX Thôn Trang,lúa gieo thẳng,cỏ,
Starfit 300EC,Pretilachlor 300g/l + chất an toàn Fenclorim 100g/l,Thuốc trừ cỏ,Công ty CP Khoa học Công nghệ cao American,lúa gieo thẳng,cỏ,
Super-kosphit 300EC,Pretilachlor 300g/l + chất an toàn Fenclorim 100g/l,Thuốc trừ cỏ,Công ty TNHH OCI Việt Nam,lúa gieo thẳng,cỏ,
Supperfit 300EC,Pretilachlor 300g/l + chất an toàn Fenclorim 100g/l,Thuốc trừ cỏ,Công ty CP Global Farm,lúa gieo thẳng,cỏ,
Tophiz 300EC,Pretilachlor 300g/l + chất an toàn Fenclorim 100g/l,Thuốc trừ cỏ,"Eastchem Co., Ltd",lúa gieo thẳng,cỏ,
Trihamex 300EC,Pretilachlor 300g/l + chất an toàn Fenclorim 100g/l,Thuốc trừ cỏ,Công ty TNHH BVTV Hoàng Anh,lúa gieo thẳng,cỏ,
Tung rice 300EC,Pretilachlor 300g/l + chất an toàn Fenclorim 100g/l,Thuốc trừ cỏ,Công ty CP SX - TM - DV Ngọc Tùng,lúa gieo thẳng,cỏ,
Sofit® 300 EC,Pretilachlor 300g/l + chất an toàn Fenclorim 100g/l,Thuốc trừ cỏ,Công ty TNHH Syngenta Việt Nam,lúa cấy; lúa gieo thẳng,cỏ; lúa cỏ,
Venus 300 EC,Pretilachlor 300g/l + chất an toàn Fenclorim 100g/l,Thuốc trừ cỏ,Công ty CP BVTV Sài Gòn,lúa cấy; lúa gieo thẳng,cỏ,
Vithafit 300EC,Pretilachlor 300g/l + chất an toàn Fenclorim 100g/l,Thuốc trừ cỏ,Công ty TNHH Việt Thắng,lúa gieo thẳng,cỏ,
Vifiso 300EC,Pretilachlor 300g/l + chất an toàn Fenclorim 100g/l,Thuốc trừ cỏ,Công ty CP Thuốc sát trùng Việt Nam,lúa gieo thẳng,cỏ,
Xophicusa 300EC,Pretilachlor 300g/l + chất an toàn Fenclorim 100g/l,Thuốc trừ cỏ,Công ty TNHH MTV Gold Ocean,lúa gieo thẳng,cỏ,
Xophicloinong 300EC,Pretilachlor 300g/l + chất an toàn Fenclorim 100g/l,Thuốc trừ cỏ,Công ty TNHH US.Chemical,lúa gieo thẳng,cỏ,
Xophicannong 300EC,Pretilachlor 300g/l + chất an toàn Fenclorim 100g/l,Thuốc trừ cỏ,Công ty TNHH An Nông,lúa gieo thẳng,cỏ,
Weeder 300EC,Pretilachlor 300g/l + chất an toàn Fenclorim 100g/l,Thuốc trừ cỏ,Công ty TNHH TM và SX Ngọc Yến,lúa gieo thẳng,cỏ,
Robin 310EC,Pretilachlor 310g/l + chất an toàn Fenclorim 100g/l,Thuốc trừ cỏ,Công ty CP Thuốc BVTV Việt Trung,lúa gieo thẳng,cỏ,
Eurofit 350EC,Pretilachlor 350 g/l (350g/l) + chất an toàn Fenclorim 100 g/l (120g/l),Thuốc trừ cỏ,Công ty TNHH CEC Việt Nam,lúa gieo thẳng,cỏ,
Sonata 350EC,Pretilachlor 350 g/l (350g/l) + chất an toàn Fenclorim 100 g/l (120g/l),Thuốc trừ cỏ,Công ty TNHH Trường Thịnh,lúa gieo thẳng,cỏ,
"Prefit 300EC, 342WP",Pretilachlor 300g/l (342g/kg) + chất an toàn Fenclorim 100g/l (114g/kg),Thuốc trừ cỏ,Công ty CP BVTV I TW,lúa; lúa gieo thẳng,cỏ,
Buffalo 360EC,Pretilachlor 360g/l + chất an toàn Fenclorim 120 g/l,Thuốc trừ cỏ,Công ty CP Hóc Môn,lúa gieo thẳng,cỏ,
Dietmam 360EC,Pretilachlor 360 g/l + chất an toàn Fenclorim 150g/l,Thuốc trừ cỏ,Công ty TNHH ADC,lúa gieo thẳng,cỏ; lúa cỏ,
Tanfit 360EC,Pretilachlor 360 g/l + chất an toàn Fenclorim 150g/l,Thuốc trừ cỏ,Công ty TNHH TM DV Tấn Hưng,lúa gieo thẳng,cỏ,
Tomtit 360EC,Pretilachlor 360 g/l + chất an toàn Fenclorim 150g/l,Thuốc trừ cỏ,Công ty TNHH Nông dược HAI Quy Nhơn,lúa gieo thẳng,cỏ,
Accord 400EC,Pretilachlor 400g/l (400g/l) + Chất an toàn Fenclorim 120g/l (100g/l),Thuốc trừ cỏ,Công ty TNHH Đầu tư và Phát triển Ngọc Lâm,lúa gieo thẳng,cỏ,
Nanoxofit Super 400EC,Pretilachlor 400g/l (400g/l) + Chất an toàn Fenclorim 120g/l (100g/l),Thuốc trừ cỏ,Công ty TNHH Thuốc BVTV Nam Nông,lúa gieo thẳng,cỏ,
Cleanco 500EC,Pretilachlor 500g/l + Chất an toàn Fenclorim 150g/l,Thuốc trừ cỏ,Công ty CP Delta Cropcare,lúa gieo thẳng,cỏ,
Wind-up 500EC,Pretilachlor 500g/l + Chất an toàn Fenclorim 150g/l,Thuốc trừ cỏ,Công ty TNHH TM Tân Thành,lúa gieo thẳng,cỏ,
Premium 370WP,Pretilachlor 330g/kg + Bensulfuron-methyl 40g/kg + chất an toàn Fenclorim 110g/kg,Thuốc trừ cỏ,Công ty TNHH Alfa (Sài gòn),lúa gieo thẳng,cỏ,
Trident 41.4 EC,Pretilachlor 40% + Pyrazosulfuron-ethyl 1.4%,Thuốc trừ cỏ,Công ty TNHH UPL Việt Nam,lúa gieo thẳng,cỏ,
Novi mars 315EC,Pretilachlor 300 g/l + Pyrazosulfuron-ethyl 15g/l,Thuốc trừ cỏ,Công ty CP Nông Việt,lúa gieo thẳng,cỏ,
Saly 306EC,Pretilachlor 287g/l + Pyribenzoxim 19g/l,Thuốc trừ cỏ,Công ty CP Nông nghiệp HP,lúa gieo thẳng,cỏ,
Eonino 320EC,Pretilachlor 300g/l + Pyribenzoxim 20g/l,Thuốc trừ cỏ,Công ty TNHH Hoá nông Lúa Vàng,lúa gieo thẳng,cỏ,
Hiltonusa 320EC,Pretilachlor 300g/l + Pyribenzoxim 20g/l,Thuốc trừ cỏ,Công ty TNHH Thuốc BVTV Liên doanh Nhật Mỹ,lúa gieo thẳng,cỏ,
Solito® 320 EC,Pretilachlor 300g/l + Pyribenzoxim 20g/l,Thuốc trừ cỏ,Công ty TNHH Syngenta Việt Nam,lúa gieo thẳng,cỏ,
Bm Weedclean 80WG,Propanil (DCPA) (min 95%),Thuốc trừ cỏ,"Behn Meyer Agricare Vietnam Co., Ltd",lúa gieo thẳng,cỏ,
Map-Prop 50 SC,Propanil (DCPA) (min 95%),Thuốc trừ cỏ,Công ty CP Khoa học Công nghệ cao American,lúa,cỏ,
Propatox 360 EC,Propanil (DCPA) (min 95%),Thuốc trừ cỏ,Forward International Ltd,lúa,cỏ,
Santana 360EC,Propanil (DCPA) (min 95%),Thuốc trừ cỏ,Công ty TNHH TM SX Thôn Trang,ngô; sắn,cỏ,
Satunil 60 EC,Propanil 200g/l + Thiobencarb 400g/l,Thuốc trừ cỏ,Sumitomo Corporation Vietnam LLC,lúa; lúa gieo thẳng,cỏ,
Tetris 75 EC,Profoxydim (min 99.6%),Thuốc trừ cỏ,"BASF Vietnam Co., Ltd",lúa,cỏ,
Agil 100EC,Propaquizafop (min 92%),Thuốc trừ cỏ,Công ty TNHH Adama Việt Nam,lạc,cỏ,
Zeta one 10SC,Propyrisulfuron (min 94%),Thuốc trừ cỏ,Công ty TNHH Hóa chất Sumitomo Việt Nam,lúa gieo thẳng,cỏ,
V-T Rai 250WP,Propisochlor 200g/kg + Pyrazosulfuron-ethyl 50g/kg,Thuốc trừ cỏ,Công ty TNHH Việt Thắng,lúa gieo thẳng,cỏ,
Aicerus 100WP,Pyrazosulfuron-ethyl (min 97%),Thuốc trừ cỏ,Công ty CP Hoá chất Nông nghiệp và Công nghiệp AIC,lúa gieo thẳng,cỏ,
Amigo 10 WP,Pyrazosulfuron-ethyl (min 97%),Thuốc trừ cỏ,Công ty TNHH - TM ACP,lúa gieo thẳng,cỏ,
Ansius 10 WP,Pyrazosulfuron-ethyl (min 97%),Thuốc trừ cỏ,Công ty CP XNK Nông dược Hoàng Ân,lúa gieo thẳng,cỏ,
Buzanon 10WP,Pyrazosulfuron-ethyl (min 97%),Thuốc trừ cỏ,"FarmHannong Co., Ltd",lúa gieo thẳng,cỏ,
Herrice 10 WP,Pyrazosulfuron-ethyl (min 97%),Thuốc trừ cỏ,Công ty CP Đồng Xanh,lúa cấy; lúa gieo thẳng,cỏ,
Pyrasus 10WP,Pyrazosulfuron-ethyl (min 97%),Thuốc trừ cỏ,Công ty CP Nicotex,lúa cấy; lúa gieo thẳng,cỏ,
Rossiitalia 100WP,Pyrazosulfuron-ethyl (min 97%),Thuốc trừ cỏ,Công ty TNHH TM SX Thôn Trang,lúa gieo thẳng,cỏ,
"Rus-annong 10WP, 200SC, 700WG",Pyrazosulfuron-ethyl (min 97%),Thuốc trừ cỏ,Công ty TNHH An Nông,lúa gieo thẳng,cỏ,
Russi 10 WP,Pyrazosulfuron-ethyl (min 97%),Thuốc trừ cỏ,Công ty TNHH Hóa nông Mê Kông,lúa gieo thẳng,cỏ,
Saathi 10 WP,Pyrazosulfuron-ethyl (min 97%),Thuốc trừ cỏ,Công ty TNHH UPL Việt Nam,lúa,cỏ,
Silk 10WP,Pyrazosulfuron-ethyl (min 97%),Thuốc trừ cỏ,Công ty TNHH TM - DV Thanh Sơn Hóa Nông,lúa gieo thẳng,cỏ,
"Sirius 10WP, 70WG",Pyrazosulfuron-ethyl (min 97%),Thuốc trừ cỏ,Công ty TNHH Nissei Corporation Việt Nam,lúa cấy; lúa gieo thẳng,cỏ,
Sontra 10WP,Pyrazosulfuron-ethyl (min 97%),Thuốc trừ cỏ,"Bailing Agrochemical Co., Ltd",lúa gieo thẳng,cỏ,
Star 10WP,Pyrazosulfuron-ethyl (min 97%),Thuốc trừ cỏ,Công ty CP BVTV Sài Gòn,lúa,cỏ,
Surio 10WP,Pyrazosulfuron-ethyl (min 97%),Thuốc trừ cỏ,Công ty CP Thuốc BVTV Việt Trung,lúa cấy,cỏ,
Sunriver 10WP,Pyrazosulfuron-ethyl (min 97%),Thuốc trừ cỏ,Công ty TNHH Việt Thắng,lúa gieo thẳng,cỏ,
"Sunrus 100WP, 150SC",Pyrazosulfuron-ethyl (min 97%),Thuốc trừ cỏ,Công ty CP Quốc tế Hòa Bình,lúa cấy; lúa gieo thẳng,cỏ,
Tungrius 10WP,Pyrazosulfuron-ethyl (min 97%),Thuốc trừ cỏ,Công ty CP SX - TM - DV Ngọc Tùng,lúa gieo thẳng,cỏ,
Virisi 25 SC,Pyrazosulfuron-ethyl (min 97%),Thuốc trừ cỏ,Công ty CP Thuốc sát trùng Việt Nam,lúa gieo thẳng,cỏ,
Vu gia 10 WP,Pyrazosulfuron-ethyl (min 97%),Thuốc trừ cỏ,Công ty TNHH XNK Quốc tế SARA,lúa gieo thẳng,cỏ,
Parany 35WP,Pyrazosulfuron-ethyl 0.6% + Pretilachlor 34.4%,Thuốc trừ cỏ,Công ty TNHH TM và SX Ngọc Yến,lúa gieo thẳng,cỏ,
Parany 300EC,Pyrazosulfuron-ethyl 5g/l + Pretilachlor 295g/l + Chất an toàn Fenclorim 100g/l,Thuốc trừ cỏ,Công ty TNHH TM và SX Ngọc Yến,lúa gieo thẳng,cỏ,
Accura 34.5WP,Pyrazosulfuron-ethyl 2.0 % + Quinclorac 32.5 %,Thuốc trừ cỏ,Công ty TNHH - TM ACP,lúa gieo thẳng,cỏ,
Genius 25WP,Pyrazosulfuron-ethyl 30g/kg + Quinclorac 220g/kg,Thuốc trừ cỏ,Công ty TNHH XNK Quốc tế SARA,lúa gieo thẳng,cỏ,
Nasip 50WP,Pyrazosulfuron-ethyl 3% + Quinclorac 47%,Thuốc trừ cỏ,Công ty CP Nicotex,lúa cấy; lúa gieo thẳng,cỏ,
Sifa 50WP,Pyrazosulfuron-ethyl 3% + Quinclorac 47%,Thuốc trừ cỏ,Công ty CP Đồng Xanh,lúa gieo thẳng,cỏ,
Siricet 50WP,Pyrazosulfuron-ethyl 3% + Quinclorac 47%,Thuốc trừ cỏ,Công ty CP BVTV An Hưng Phát,lúa gieo thẳng,cỏ,
Sunquin 50SC,Pyrazosulfuron-ethyl 30g/l + Quinclorac 470g/l,Thuốc trừ cỏ,Sundat (S) Pte Ltd,lúa gieo thẳng,cỏ,
"Fasi 50WP, 250OD",Pyrazosulfuron-ethyl 30g/kg (15g/l) + Quinclorac 470g/kg (235g/l),Thuốc trừ cỏ,Map Pacific Pte Ltd,lúa gieo thẳng,cỏ,
"Ozawa 250SC, 500WP",Pyrazosulfuron-ethyl 50g/l (30g/kg) + Quinclorac 200g/l (470g/kg),Thuốc trừ cỏ,Công ty TNHH An Nông,lúa gieo thẳng,cỏ,
Viricet 300 SC,Pyrazosulfuron-ethyl 50g/l + Quinclorac 250g/l,Thuốc trừ cỏ,Công ty CP Thuốc sát trùng Việt Nam,lúa gieo thẳng,cỏ,
Rbcfacetplus 300SC,Pyrazosulfuron-ethyl 50g/l + Quinclorac 250g/l,Thuốc trừ cỏ,Công ty CP Hoá chất Nông nghiệp và Công nghiệp AIC,lúa gieo thẳng,cỏ,
Bomber TSC 500WP,Pyrazosulfuron-ethyl 50g/kg + Quinclorac 450g/kg,Thuốc trừ cỏ,Công ty CP Lion Agrevo,lúa gieo thẳng,cỏ,
Grassdie 500WP,Pyrazosulfuron-ethyl 50g/kg + Quinclorac 450g/kg,Thuốc trừ cỏ,Công ty TNHH CEC Việt Nam,lúa gieo thẳng,cỏ,
Quinpyrad 500WP,Pyrazosulfuron-ethyl 50g/kg + Quinclorac 450g/kg,Thuốc trừ cỏ,Công ty CP Bình Điền MeKong,lúa gieo thẳng,cỏ,
Quipyra 500WP,Pyrazosulfuron-ethyl 50g/kg + Quinclorac 450g/kg,Thuốc trừ cỏ,Công ty CP Nông Việt,lúa gieo thẳng,cỏ,
Sitafan 500WP,Pyrazosulfuron-ethyl 50g/kg + Quinclorac 450g/kg,Thuốc trừ cỏ,Công ty TNHH Việt Thắng,lúa gieo thẳng,cỏ,
Siftus 500WP,Pyrazosulfuron-ethyl 50g/kg + Quinclorac 450g/kg,Thuốc trừ cỏ,Công ty CP CN Hoá chất Nhật Bản Kasuta,lúa gieo thẳng,cỏ,
Tanrius 500WP,Pyrazosulfuron-ethyl 50g/kg + Quinclorac 450g/kg,Thuốc trừ cỏ,Công ty TNHH TM DV Tấn Hưng,lúa gieo thẳng,cỏ,
Vinarius 500WP,Pyrazosulfuron-ethyl 50g/kg + Quinclorac 450g/kg,Thuốc trừ cỏ,Công ty CP Nông dược Việt Nam,lúa gieo thẳng,cỏ,
Andophasi 500WP,Pyrazosulfuron-ethyl 30g/kg + Quinclorac 470g/kg,Thuốc trừ cỏ,Công ty CP XNK Nông dược Hoàng Ân,lúa gieo thẳng,cỏ,
Famirus 605WP,Pyrazosulfuron-ethyl 40g/kg + Quinclorac 565g/kg,Thuốc trừ cỏ,Công ty CP Quốc tế Agritech Hoa Kỳ,lúa gieo thẳng,cỏ,
Decoechino 30EC,Pyribenzoxim (min 95%),Thuốc trừ cỏ,Công ty CP Giải pháp NN Tiên Tiến,lúa gieo thẳng,cỏ,
Kato 51EC,Pyribenzoxim (min 95%),Thuốc trừ cỏ,Công ty TNHH Thuốc BVTV Liên doanh Nhật Mỹ,lúa gieo thẳng,cỏ,
Kenji 30EC,Pyribenzoxim (min 95%),Thuốc trừ cỏ,Công ty TNHH TM SX Vỹ Tâm,lúa gieo thẳng,cỏ,
Pyanchor 5EC,Pyribenzoxim (min 95%),Thuốc trừ cỏ,Công ty CP BVTV Sài Gòn,lúa gieo thẳng,cỏ,
Pysaco 30EC,Pyribenzoxim (min 95%),Thuốc trừ cỏ,Công ty CP Nicotex,lúa gieo thẳng,cỏ,
Ω-Riben 5ME,Pyribenzoxim (min 95%),Thuốc trừ cỏ,Công ty TNHH BVTV Omega,lúa gieo thẳng,cỏ,
Adore 25SC,Quinclorac (min 96%),Thuốc trừ cỏ,Công ty CP Nông dược HAI,lúa gieo thẳng,cỏ,
Angel 25 SC,Quinclorac (min 96%),Thuốc trừ cỏ,Công ty TNHH - TM ACP,lúa gieo thẳng,cỏ,
"Dancet 25SC, 50WP, 75WG",Quinclorac (min 96%),Thuốc trừ cỏ,Công ty TNHH XNK Quốc tế SARA,lúa gieo thẳng,cỏ,
Denton 25SC,Quinclorac (min 96%),Thuốc trừ cỏ,Công ty TNHH Kiên Nam,lúa gieo thẳng,cỏ,
"Ekill 25SC, 37WG",Quinclorac (min 96%),Thuốc trừ cỏ,Map Pacific Pte Ltd,lúa gieo thẳng,cỏ,
Facet® 25 SC,Quinclorac (min 96%),Thuốc trừ cỏ,"BASF Vietnam Co., Ltd",lúa gieo thẳng,cỏ,
Farus 25 SC,Quinclorac (min 96%),Thuốc trừ cỏ,"Bailing Agrochemical Co., Ltd",lúa gieo thẳng,cỏ,
Fasetusa 250SC,Quinclorac (min 96%),Thuốc trừ cỏ,Công ty TNHH TM SX Thôn Trang,lúa gieo thẳng,cỏ,
Fony 25SC,Quinclorac (min 96%),Thuốc trừ cỏ,Công ty TNHH TM và SX Ngọc Yến,lúa gieo thẳng,cỏ,
Forwacet 50WP,Quinclorac (min 96%),Thuốc trừ cỏ,Forward International Ltd,lúa,cỏ,
Naset 25SC,Quinclorac (min 96%),Thuốc trừ cỏ,Công ty CP Nicotex,lúa gieo thẳng,cỏ,
"Nomicet 250SC, 500 WP",Quinclorac (min 96%),Thuốc trừ cỏ,Công ty CP Quốc tế Hòa Bình,lúa gieo thẳng,cỏ,
"Paxen - annong 25SC, 500WG",Quinclorac (min 96%),Thuốc trừ cỏ,Công ty TNHH An Nông,lúa gieo thẳng,cỏ,
Tancet 250SC,Quinclorac (min 96%),Thuốc trừ cỏ,Công ty TNHH TM DV Tấn Hưng,lúa gieo thẳng,cỏ,
Uni-quick 50WP,Quinclorac (min 96%),Thuốc trừ cỏ,Công ty TNHH World Vision (VN),lúa gieo thẳng,cỏ,
Vicet 25SC,Quinclorac (min 96%),Thuốc trừ cỏ,Công ty CP Thuốc sát trùng Việt Nam,lúa gieo thẳng,cỏ,
Azuca 8.8EC,Quizalofop-P-Ethyl (min 98%),Thuốc trừ cỏ,Công ty TNHH Thuốc BVTV Thiên Bình,lạc,cỏ,
Broadsafe 200EC,Quizalofop-P-Ethyl (min 98%),Thuốc trừ cỏ,"Shandong Weifang Rainbow Chemical Co., Ltd",đậu tương,cỏ,
Cariza 5 EC,Quizalofop-P-Ethyl (min 98%),Thuốc trừ cỏ,Công ty CP Nicotex,sắn; đậu tương,cỏ,
Fagor 50EC,Quizalofop-P-Ethyl (min 98%),Thuốc trừ cỏ,Công ty TNHH Nông dược HAI Quy Nhơn,sắn,cỏ,
Future 50EC,Quizalofop-P-Ethyl (min 98%),Thuốc trừ cỏ,"Shanghai E-tong Chemical Co., Ltd",sắn,cỏ,
Greensun 50EC,Quizalofop-P-Ethyl (min 98%),Thuốc trừ cỏ,Công ty TNHH Nam Nông Phát,lạc,cỏ,
Hetcocan 5EC,Quizalofop-P-Ethyl (min 98%),Thuốc trừ cỏ,Công ty TNHH World Vision (VN),sắn,cỏ,
Itani 5EC,Quizalofop-P-Ethyl (min 98%),Thuốc trừ cỏ,Công ty CP Hóc Môn,sắn; đậu tương,cỏ,
Maruka 5EC,Quizalofop-P-Ethyl (min 98%),Thuốc trừ cỏ,Công ty CP BMC Vĩnh Phúc,lạc; sắn; vừng; đậu tương,cỏ,
Quizalo 50EC,Quizalofop-P-Ethyl (min 98%),Thuốc trừ cỏ,Công ty TNHH Phú Nông,đậu tương,cỏ,
Quizamaxx 15.8EC,Quizalofop-P-Ethyl (min 98%),Thuốc trừ cỏ,Công ty TNHH SX và KD Tam Nông,đậu tương,cỏ,
Quiza super 50EC,Quizalofop-P-Ethyl (min 98%),Thuốc trừ cỏ,Công ty TNHH Tập đoàn An Nông,đậu tương,cỏ,
Qzario 10EC,Quizalofop-P-Ethyl (min 98%),Thuốc trừ cỏ,Công ty TNHH Nông nghiệp Công nghệ xanh Bắc Giang,lạc,cỏ,
Rifcet 10EC,Quizalofop-P-Ethyl (min 98%),Thuốc trừ cỏ,Công ty CP CN Hoá chất Nhật Bản Kasuta,sắn,cỏ,
Tar Zang 50EC,Quizalofop-P-Ethyl (min 98%),Thuốc trừ cỏ,Công ty CP Nông dược Nhật Việt,đậu tương,cỏ,
Targa Super 5 EC,Quizalofop-P-Ethyl (min 98%),Thuốc trừ cỏ,Công ty TNHH Nissei Corporation Việt Nam,bông vải; khoai mỡ; lạc; sắn; vừng; đậu tương,cỏ,
Trumco 50EC,Quizalofop-P-Ethyl (min 98%),Thuốc trừ cỏ,Công ty CP Genta Thụy Sĩ,lạc,cỏ,
TT-Jump 5EC,Quizalofop-P-Ethyl (min 98%),Thuốc trừ cỏ,Công ty TNHH TM Tân Thành,đậu tương,cỏ,
Vua cỏ 50EC,Quizalofop-P-Ethyl (min 98%),Thuốc trừ cỏ,Công ty CP Thuốc BVTV Việt Trung,sắn,cỏ,
Nuxim gold 40EC,Quizalofop-P-tefuryl (min 95%),Thuốc trừ cỏ,Công ty TNHH Phú Nông,đậu tương,cỏ,
Vadaco 40EC,Quizalofop-P-tefuryl (min 95%),Thuốc trừ cỏ,Công ty TNHH TM-DV VAD,đậu tương,cỏ,
Rimsul Rio 25WG,Rimsulfuron (min 96%),Thuốc trừ cỏ,Công ty TNHH Nông nghiệp Công nghệ xanh Bắc Giang,ngô,cỏ,
Heat 700WG,Saflufenacil (min 97.4%),Thuốc trừ cỏ,"BASF Vietnam Co., Ltd",cam; cà phê,cỏ,
AG-Dat 12.5EC,Sethoxydim (min 94%),Thuốc trừ cỏ,Công ty TNHH Hoá chất Phân bón Thuốc BVTV An Giang,lạc,cỏ,
Nabu S 12.5EC,Sethoxydim (min 94%),Thuốc trừ cỏ,Sumitomo Corporation Vietnam LLC,lúa; đậu tương,cỏ,
Sipazine 80WP,Simazine (min 97%),Thuốc trừ cỏ,Forward International Ltd,mía; ngô,cỏ,
Visimaz 80 WP,Simazine (min 97%),Thuốc trừ cỏ,Công ty CP Thuốc sát trùng Việt Nam,cam; ngô,cỏ,
Relection 480SC,Sulfentrazone (min 95%),Thuốc trừ cỏ,Công ty TNHH MTV Gold Ocean,mía,cỏ,
Sentazone 500SC,Sulfentrazone (min 95%),Thuốc trừ cỏ,"Shandong Weifang Rainbow Chemical Co., Ltd",sắn,cỏ,
Council Complete 300SC,Tefuryltrione (min 97%) 200g/l + Triafamone 100g/l,Thuốc trừ cỏ,Bayer Vietnam Ltd (BVL),lúa gieo thẳng,cỏ,
Bvarian 34.4SC,Tembotrione (min 94.5%),Thuốc trừ cỏ,Công ty TNHH BVTV Akita Việt Nam,ngô,cỏ,
Cordis 34.4SC,Tembotrione (min 94.5%),Thuốc trừ cỏ,Công ty TNHH TM AgriGreen,ngô,cỏ,
Rotrione 34.4SC,Tembotrione (min 94.5%),Thuốc trừ cỏ,Công ty CP Quốc tế Việt Đức,ngô,cỏ,
Tembo 8OD,Tembotrione (min 94.5%),Thuốc trừ cỏ,Công ty CP BMC Việt Nam,ngô,cỏ,
Tembone 420SC,Tembotrione (min 94.5%),Thuốc trừ cỏ,"Shandong Weifang Rainbow Chemical Co., Ltd",ngô,cỏ,
Temboris 34.4SC,Tembotrione (min 94.5%),Thuốc trừ cỏ,Công ty TNHH Hóa chất Nông nghiệp Nông Vàng,ngô,cỏ,
Weedone 420SC,Tembotrione (min 94.5%),Thuốc trừ cỏ,Limin Group Co. Ltd,ngô,cỏ,
Itineris 200WG,Tembotrione 200g/kg + chất an toàn Isoxadifen ethyl 100g/kg,Thuốc trừ cỏ,Bayer Vietnam Ltd (BVL),ngô,cỏ,
Alazine 50SC,Terbuthylazine (min 97%),Thuốc trừ cỏ,Công ty TNHH BVTV Thảo Điền,ngô,cỏ,
Mezon 28OD,Terbuthylazine 26% + Topramezone 2%,Thuốc trừ cỏ,Công ty TNHH Agrofarm,ngô,cỏ,
Topmesi 40SC,Terbuthylazine 37% + Topramezone 3%,Thuốc trừ cỏ,Công ty CP Agri Shop,ngô,cỏ,
Terrad’or 5SC,Tiafenacil (min 95%),Thuốc trừ cỏ,"FarmHannong Co., Ltd",cao su,cỏ,
Clio 336SC,Topramezone (min 96%),Thuốc trừ cỏ,"BASF Vietnam Co., Ltd",ngô,cỏ,
Topmazin 336SC,Topramezone (min 96%),Thuốc trừ cỏ,"Shandong Weifang Rainbow Chemical Co., Ltd",ngô,cỏ,
Topzone 4OD,Topramezone (min 96%),Thuốc trừ cỏ,Công ty CP ACE Biochem Việt Nam,ngô,cỏ,
Council prime 200SC,Triafamone (min 93%),Thuốc trừ cỏ,Bayer Vietnam Ltd (BVL),lúa gieo thẳng,cỏ,
Starfosate 480EC,Triclopyr (min 99%),Thuốc trừ cỏ,Công ty CP Biostars,cà phê,cỏ,
Triclolier 480EC,Triclopyr (min 99%),Thuốc trừ cỏ,"Foison Scitech Co., Limited",cao su,cỏ,
Triflurex 48EC,Trifluralin (min 94%),Thuốc trừ cỏ,Công ty TNHH Adama Việt Nam,đậu tương,cỏ,
VT Rallin 480EC,Trifluralin (min 94%),Thuốc trừ cỏ,Công ty CP Thuốc BVTV Việt Trung,lạc,cỏ,
Tam Mao 0.005RB,Trifluralin (min 94%),Thuốc trừ chuột,Công ty TNHH TDC Thành Nam,đồng ruộng,chuột,
TVRat 0.005RB,Trifluralin (min 94%),Thuốc trừ chuột,Công ty TNHH Hoá chất và TM Trần Vũ,đồng ruộng,chuột,
Vifarat 0.005% AB,Trifluralin (min 94%),Thuốc trừ chuột,Công ty CP Thuốc sát trùng Việt Nam,đồng ruộng,chuột,
Vogeli 0.005RB,Trifluralin (min 94%),Thuốc trừ chuột,Công ty TNHH TM Hải Thụy,đồng ruộng,chuột,
AF-Brodio 0.005RB,Bromadiolone (min 97%),Thuốc trừ chuột,Công ty TNHH Agrifuture,đồng ruộng,chuột,
"Antimice 0.006GB, 3DP",Bromadiolone (min 97%),Thuốc trừ chuột,Công ty CP ENASA Việt Nam,đồng ruộng,chuột,
Bellus 0.005AB,Bromadiolone (min 97%),Thuốc trừ chuột,Công ty TNHH Hóa Nông Lúa Vàng,lúa,chuột,
Benten 0.25 WP,Bromadiolone (min 97%),Thuốc trừ chuột,Công ty TNHH TM SX Thôn Trang,đồng ruộng,chuột,
BN-Mice 0.005RB,Bromadiolone (min 97%),Thuốc trừ chuột,Công ty CP Bảo Nông Việt,đồng ruộng,chuột,
Broma 0.005AB,Bromadiolone (min 97%),Thuốc trừ chuột,"Guizhou CUC INC. (Công ty TNHH TM Hồng Xuân Kiệt, Quý Châu, Trung Quốc)",lúa,chuột,
Brorick 0.005RB,Bromadiolone (min 97%),Thuốc trừ chuột,Công ty TNHH Nông nghiệp Công nghệ xanh Bắc Giang,đồng ruộng,chuột,
Diroma 0.005 RB,Bromadiolone (min 97%),Thuốc trừ chuột,Công ty TNHH B.Helmer,đồng ruộng,chuột,
Cat 0.25 WP,Bromadiolone (min 97%),Thuốc trừ chuột,Công ty CP TST Cần Thơ,đồng ruộng,chuột,
Catbird 0.005RB,Bromadiolone (min 97%),Thuốc trừ chuột,Công ty CP Đầu tư và Phát triển Apollo Việt Nam,đồng ruộng,chuột,
Endmice 0.005 RB,Bromadiolone (min 97%),Thuốc trừ chuột,Công ty CP Môi trường Quốc tế Rainbow,lúa,chuột,
"Hicate 0.25WP, 0.08AB",Bromadiolone (min 97%),Thuốc trừ chuột,Công ty TNHH SP Công nghệ cao,đồng ruộng,chuột,
Killrat 0.005 Wax block,Bromadiolone (min 97%),Thuốc trừ chuột,Forward International Ltd,quần cư; đồng ruộng,chuột,
Kingcat 0.05RB,Bromadiolone (min 97%),Thuốc trừ chuột,Công ty CP Hóa nông AMC,đồng ruộng,chuột,
Lanirat 0.005 GR,Bromadiolone (min 97%),Thuốc trừ chuột,Elanco Animal Health,kho tàng; quần cư; trang trại,chuột,
Momo 0.01RB,Bromadiolone (min 97%),Thuốc trừ chuột,Công ty TNHH TM Hải Thụy,đồng ruộng,chuột,
Newcate 2.5WP,Bromadiolone (min 97%),Thuốc trừ chuột,Công ty TNHH Tấn Hưng Việt Nam,đồng ruộng,chuột,
"Pesmos 0.25WP, 0.005AB",Bromadiolone (min 97%),Thuốc trừ chuột,Công ty CP ATD Việt Nam,đồng ruộng,chuột,TT28/2026: đổi tổ chức đăng ký
Phokeba 0.005RB,Bromadiolone (min 97%),Thuốc trừ chuột,Công ty TNHH BVTV Thảo Điền,đồng ruộng,chuột,
Queen cat 0.005RB,Bromadiolone (min 97%),Thuốc trừ chuột,Công ty TNHH TDC Thành Nam,đồng ruộng,chuột,
Ratgone 0.005DR,Bromadiolone (min 97%),Thuốc trừ chuột,Công ty TNHH Nông Sinh,đồng ruộng,chuột,
VT-Madi 0.005PB,Bromadiolone (min 97%),Thuốc trừ chuột,Công ty TNHH CNSH Quốc tế Việt Thái,đồng ruộng,chuột,
Cad3et 0.075BB,Cholecalciferol (min 97%),Thuốc trừ chuột,Công ty CP Hợp Trí Summit,đồng ruộng,chuột,
DN Rakumax 0.0375RB,Coumatetralyl (min 98%),Thuốc trừ chuột,Công ty TNHH TM DV Đức Nông,đồng ruộng,chuột,
Nemesis 0.75TP,Coumatetralyl (min 98%),Thuốc trừ chuột,Công ty TNHH Hóa sinh Vinchem,đồng ruộng,chuột,
Racumin 0.75TP,Coumatetralyl (min 98%),Thuốc trừ chuột,Environmental Science U.S. LLC,kho; trang trại; đồng ruộng,chuột,
"Ratmiu 0.0375DR, 0.75TP",Coumatetralyl (min 98%),Thuốc trừ chuột,Công ty TNHH Á Châu Hóa Sinh,đồng ruộng,chuột,
"Gimlet 800SP, 0.2GB",Diphacinone (min 95%),Thuốc trừ chuột,Công ty CP ĐT TM và PTNN ADI,lúa,chuột,
Kaletox 200WP,Diphacinone (min 95%),Thuốc trừ chuột,Công ty TNHH Việt Thắng,đồng ruộng,chuột,
Key Rate 200WP,Diphacinone (min 95%),Thuốc trừ chuột,Công ty CP S New Rice,đồng ruộng,chuột,
"Linh miêu 0.5WP, 0.2GB, 20DP",Diphacinone (min 95%),Thuốc trừ chuột,Công ty TNHH TCT Hà Nội,đồng ruộng,chuột,
QT 92 800WP,Diphacinone (min 95%),Thuốc trừ chuột,Công ty TNHH TM - DV Thanh Sơn Hóa Nông,đồng ruộng,chuột,
Coumafen 0.005% wax block,Flocoumafen (min 97.8%),Thuốc trừ chuột,Công ty CP Tập đoàn Lộc Trời,lúa,chuột,
Krats 0.005% pellet,Flocoumafen (min 97.8%),Thuốc trừ chuột,Công ty TNHH Phú Nông,đồng ruộng,chuột,
Ratblock 0.005% Block Bait,Flocoumafen (min 97.8%),Thuốc trừ chuột,Công ty TNHH E.P.S,đồng ruộng,chuột,
Ratcom Plus 0.005% Block Bait,Flocoumafen (min 97.8%),Thuốc điều hoà sinh trưởng,Công ty CP US Farm Việt Nam,đồng ruộng,chuột,
Rodenkil 0.005%RB,Flocoumafen (min 97.8%),Thuốc điều hoà sinh trưởng,Công ty TNHH Sản phẩm Công nghệ cao,đồng ruộng,chuột,
Smithian 0.005% Block,Flocoumafen (min 97.8%),Thuốc điều hoà sinh trưởng,Công ty TNHH US Agro,đồng ruộng,chuột,
Storm 0.005% block bait,Flocoumafen (min 97.8%),Thuốc điều hoà sinh trưởng,"BASF Vietnam Co., Ltd",quần cư; đồng ruộng,chuột,
Sunrat 0.005 Pelleted bait,Flocoumafen (min 97.8%),Thuốc điều hoà sinh trưởng,Công ty CP Sunseaco Việt Nam,đồng ruộng,chuột,
Woolf cygar 33%,Sulfur 33% + Carbon,Thuốc điều hoà sinh trưởng,Công ty CP Giải pháp Nông nghiệp Tiên Tiến,trong hang,chuột,
Finlet 2.5DP,Sulfur 33% + Carbon,Thuốc điều hoà sinh trưởng,,đồng ruộng,chuột,
Killmou 2.5DP,Sulfur 33% + Carbon,Thuốc điều hoà sinh trưởng,,đồng ruộng,chuột,
New Farin 20DP,Sulfur 33% + Carbon,Thuốc điều hoà sinh trưởng,,đồng ruộng,chuột,
Rasger 20DP,Sulfur 33% + Carbon,Thuốc điều hoà sinh trưởng,,đồng ruộng,chuột,
Rat-kill 2%DP,Sulfur 33% + Carbon,Thuốc điều hoà sinh trưởng,,đồng ruộng,chuột,
Rodent 2DP,Sulfur 33% + Carbon,Thuốc điều hoà sinh trưởng,,đồng ruộng,chuột,
Acroots 10SL,-Naphthyl acetic acid,Thuốc điều hoà sinh trưởng,Công ty TNHH Hóa Sinh Á Châu,,,
HQ-301 Fructonic 1%SL,-Naphthyl acetic acid,Thuốc điều hoà sinh trưởng,Cơ sở Nông dược sinh nông,,,
Ingrain 200SG,Abscisic acid (min 94.8%),Thuốc điều hoà sinh trưởng,Công ty TNHH Hóa chất Sumitomo Việt Nam,lúa,kích thích sinh trưởng,
Kích phát tố hoa - trái Thiên Nông,"ANA, 1- NAA + β- Naphtoxy Acetic Acid (β- N.A.A) + Gibberellic acid - GA3",Thuốc điều hoà sinh trưởng,Công ty Hóa phẩm Thiên nông,bông vải; bầu bí; cà chua; cà phê; cây có múi; dưa; lúa; lạc; nhãn; vải; đậu; ớt,kích thích sinh trưởng,
Samino 5.1 SL,ATCA 5.0% + Folic acid 0.1%,Thuốc điều hoà sinh trưởng,Công ty CP BVTV Sài Gòn,lúa,kích thích sinh trưởng,
Kelpak SL,Auxins 11mg/l + Cytokinins 0.031mg/l + Gibberellic 6.0mg/l,Thuốc điều hoà sinh trưởng,Công ty TNHH Việt Hoá Nông,bắp cải; cam; chè; cà phê; dưa hấu; lúa; nho; thanh long,kích thích sinh trưởng,
"Dibenro 0.15WP, 0.15EC",Brassinolide (min 98%),Thuốc điều hoà sinh trưởng,Công ty TNHH XNK Quốc tế SARA,cải xanh; dưa chuột; hoa cúc; lúa; ngô; xoài; đậu tuơng,kích thích sinh trưởng,
"Cozoni 0.1SP, 0.0075SL",Brassinolide (min 98%),Thuốc điều hoà sinh trưởng,Công ty CP Nicotex,chè; lúa,kích thích sinh trưởng,
"Nyro 0.01SL, 0.1SP",Brassinolide (min 98%),Thuốc điều hoà sinh trưởng,Công ty TNHH TM và SX Ngọc Yến,bưởi; cam; cà chua; cải xanh; khoai lang; lúa; xoài; ớt,kích thích sinh trưởng; trưởng,
Rasino 0.018WP,Brassinolide (min 98%),Thuốc điều hoà sinh trưởng,Công ty TNHH TM – DV Thanh Sơn Hóa Nông,cam,kích thích sinh trưởng,
Rice Holder 0.0075SL,Brassinolide (min 98%),Thuốc điều hoà sinh trưởng,"Chengdu Newsun Crop Science Co., Ltd",cà phê; hồ tiêu; lúa; xoài,kích thích sinh trưởng,
TT-biobeca 0.1SP,Brassinolide (min 98%),Thuốc điều hoà sinh trưởng,Công ty TNHH TM Tân Thành,bắp cải; cà chua; hồ tiêu; lúa; thanh long,kích thích sinh trưởng,
Bracylic 152WP,Brassinolide 2g/kg + Salicylic acid 150g/kg,Thuốc điều hoà sinh trưởng,Công ty TNHH An Nông,cải xanh; lúa; xoài; đậu tương,kích thích sinh trưởng,
Brassica 0.0075SL,28-Homobrassinolide (min 95%),Thuốc điều hoà sinh trưởng,Công ty TNHH TM DV Đức Nông,cải bắp,kích thích sinh trưởng,
Braga 0.5SL,"28-Homobrassinolide 0.003% + Gibberellic acid A4, A7 0.497%",Thuốc điều hoà sinh trưởng,Công ty TNHH BVTV Thảo Điền,dưa chuột,kích thích sinh trưởng,
Javelin 0.4SL,"28-epihomobrassinolide (min 95%) 0.002% + Gibberellic acid A4, A7 0.398%",Thuốc điều hoà sinh trưởng,Công ty TNHH MTV BVTV Long An,lúa,kích thích sinh trưởng,
Brano 0.01SL,24-Epibrassinolide (min 90%),Thuốc điều hoà sinh trưởng,Công ty CP Tập đoàn Lộc Trời,cải bắp; lúa; sầu riêng; xoài; ớt,kích thích sinh trưởng,
Brasino 0.1SL,24-Epibrassinolide (min 90%),Thuốc điều hoà sinh trưởng,Công ty CP Thuốc BVTV Việt Trung,vải,kích thích sinh trưởng,
"Catsuper 0.015SP, 0.01SL",24-Epibrassinolide (min 90%),Thuốc điều hoà sinh trưởng,Công ty TNHH Á Châu Hoá Sinh,cam; lúa; thanh long,kích thích sinh trưởng,
Epibra 0.01SL,24-Epibrassinolide (min 90%),Thuốc điều hoà sinh trưởng,Công ty TNHH US Agro,cam; sầu riêng; thanh long,điều hòa sinh trưởng,
Jinhe-Brass 0.01SL,24-Epibrassinolide (min 90%),Thuốc điều hoà sinh trưởng,"Xuzhou Jinhe Chemicals Co., Ltd",hồ tiêu; lúa; xoài,kích thích sinh trưởng,
Newbra 0.01SL,24-Epibrassinolide (min 90%),Thuốc điều hoà sinh trưởng,Công ty CP S New Rice,thanh long,kích thích sinh trưởng,
Thalybas 0.01SL,24-Epibrassinolide (min 90%),Thuốc điều hoà sinh trưởng,Công ty TNHH Tấn Hưng Việt Nam,cam; thanh long; xoài,kích thích sinh trưởng,
VTL Super 0.4SL,"24-Epibrassinolide 0.002% + Gibberellic acid A4, A7 0.398%",Thuốc điều hoà sinh trưởng,Công ty TNHH Á Châu Hóa Sinh,lúa; thanh long,kích thích sinh trưởng,
Roots-super 10SL,4-indol-3-ylbutyric acid (IBA) (min 98%),Thuốc điều hoà sinh trưởng,Công ty TNHH MTV BVTV Omega,lúa; thanh long,kích thích sinh trưởng,
Chowon 550SL,Chlormequat (min 97%),Thuốc điều hoà sinh trưởng,Công ty CP BMC Vĩnh Phúc,ngô,điều hòa sinh trưởng,
3G Giá giòn giòn 1.5WP,Cytokinin (Zeatin),Thuốc điều hoà sinh trưởng,Công ty TNHH Ngân Anh,giá đậu xanh,kích thích sinh trưởng,
Acjapanic 1.6WP,Cytokinin (Zeatin),Thuốc điều hoà sinh trưởng,Công ty TNHH Hóa Sinh Á Châu,cà phê; hồ tiêu; lúa; rau muống; thanh long,kích thích sinh trưởng,
Agsmix 5.6 SL,Cytokinin (Zeatin),Thuốc điều hoà sinh trưởng,Công ty CP BVTV An Hưng Phát,bắp cải; chè,kích thích sinh trưởng,
Agrispon 0.56 SL,Cytokinin (Zeatin),Thuốc điều hoà sinh trưởng,Công ty CP Quốc tế Agritech Hoa Kỳ,bắp cải; lúa; lạc,kích thích sinh trưởng,
Sieutonic 15WG,Cytokinin 0.1% + Gibberellic 0.05%,Thuốc điều hoà sinh trưởng,Công ty TNHH Hóa Sinh Á Châu,lúa,kích thích sinh trưởng,
Alarindia 500SP,Daminozide (min 99%),Thuốc điều hoà sinh trưởng,Công ty TNHH Vestaron,hoa cúc,điều hòa sinh trưởng,
B-Nine 85SG,Daminozide (min 99%),Thuốc điều hoà sinh trưởng,Công ty TNHH UPL Việt Nam,hoa cúc,điều hòa sinh trưởng,
Dazide enhance 85SG,Daminozide (min 99%),Thuốc điều hoà sinh trưởng,Hextar Chemicals Sdn. Bhd,hoa cúc,điều hòa sinh trưởng,
Comcat 150 WP,Dịch chiết từ cây Lychnis viscaria,Thuốc điều hoà sinh trưởng,Công ty TNHH Hóa Nông Lúa Vàng Hậu Giang,bí đao; bắp cải; cam; chè; cà chua; cải bó xôi; dâu tây; dưa chuột; dưa hấu; lúa; nho; nhãn; sắn; thanh long; vải thiều; xoài,kích thích sinh trưởng,
Frusome 8SL,Diethyl aminoethyl hexanoate (min 98%) 7.99% + 14-Hydroxylated brassinosteroid (min 90%) 0.01%,Thuốc điều hoà sinh trưởng,Công ty TNHH Brightmart Cropscience (Việt Nam),cà chua,kích thích sinh trưởng,
Nutrition TAT 30SL,Diethyl Aminoethyl hexanoate 3% + Ethephon 27%,Thuốc điều hoà sinh trưởng,Công ty TNHH TAT Hà Nội,cao su,kích thích mủ,
"Adephone 25 PA, 480SL",Ethephon (min 91%),Thuốc điều hoà sinh trưởng,Công ty CP BVTV An Hưng Phát,cao su; dứa; kích thích,hoa; kích thích mủ; mủ,
Callel 2.5 PA,Ethephon (min 91%),Thuốc điều hoà sinh trưởng,Công ty TNHH UPL Việt Nam,cao su,kích thích mủ,
Dibgreen 2.5 PA,Ethephon (min 91%),Thuốc điều hoà sinh trưởng,Công ty TNHH XNK Quốc tế SARA,cao su,kích thích mủ,
Effort 2.5 PA,Ethephon (min 91%),Thuốc điều hoà sinh trưởng,Công ty CP Nông dược HAI,cao su,kích thích mủ,
Elephant 5 PA,Ethephon (min 91%),Thuốc điều hoà sinh trưởng,Công ty CP Đồng Xanh,cao su,kích thích mủ,
"Ethrel 10PA, 480SL",Ethephon (min 91%),Thuốc điều hoà sinh trưởng,Bayer Vietnam Ltd (BVL),cao su,kích thích mủ,
Etfon 480SL,Ethephon (min 91%),Thuốc điều hoà sinh trưởng,Công ty TNHH Hoá Sinh Á Châu,cao su,kích thích mủ,
Forgrow 5 PA,Ethephon (min 91%),Thuốc điều hoà sinh trưởng,Forward International Ltd,cao su,kích thích mủ,
Kigrow 10PA,Ethephon (min 91%),Thuốc điều hoà sinh trưởng,Công ty CP Kiên Nam,cao su,kích thích ra mủ,
Kinafon 2.5 PA,Ethephon (min 91%),Thuốc điều hoà sinh trưởng,Công ty TNHH Kiên Nam,cao su,kích thích mủ,
Latexing 2.5 PC,Ethephon (min 91%),Thuốc điều hoà sinh trưởng,Asiatic Agricultural Industries Pte Ltd,cao su,kích thích mủ,
Lephon 40SL,Ethephon (min 91%),Thuốc điều hoà sinh trưởng,Công ty TNHH MTV SNY,cao su,kích thích mủ,
Mamut 2.5 PA,Ethephon (min 91%),Thuốc điều hoà sinh trưởng,Công ty TNHH TM Thái Phong,cao su,kích thích mủ,
Onehope 480SL,Ethephon (min 91%),Thuốc điều hoà sinh trưởng,Công ty CP BMC Vĩnh Phúc,cao su,kích thích mủ,
Revenue 25PA,Ethephon (min 91%),Thuốc điều hoà sinh trưởng,Công ty TNHH Alfa (Sài gòn),cao su,kích thích mủ,
Sagolatex 2.5 PA,Ethephon (min 91%),Thuốc điều hoà sinh trưởng,Công ty CP BVTV Sài Gòn,cao su,kích thích mủ,
Sieuramu 50PA,Ethephon (min 91%),Thuốc điều hoà sinh trưởng,Công ty TNHH An Nông,cao su,kích thích mủ,
Sun thephone 400SL,Ethephon (min 91%),Thuốc điều hoà sinh trưởng,Công ty CP Sunseaco Việt Nam,cao su,kích thích mủ,
TB-phon 2.5LS,Ethephon (min 91%),Thuốc điều hoà sinh trưởng,Công ty TNHH SX – TM Tô Ba,cao su,kích thích mủ,
Telephon 2.5 LS,Ethephon (min 91%),Thuốc điều hoà sinh trưởng,Công ty TNHH TM - DV Thanh Sơn Hóa Nông,hoa mai; mủ cao su,kích thích; kích thích ra hoa,
VT Rubber 400SL,Ethephon (min 91%),Thuốc điều hoà sinh trưởng,Công ty CP Thuốc BVTV Việt Trung,cao su,kích thích sinh trưởng,
Stopking 25EC,Flumetralin (min 98%),Thuốc điều hoà sinh trưởng,Công ty TNHH A2T Việt Nam,thuốc lá,diệt chồi nách,
"Acura 10SC, 10WG",Forchlorfenuron (min 97%),Thuốc điều hoà sinh trưởng,Công ty TNHH Hóa sinh Á Châu,lúa,kích thích sinh trưởng,
Birantin 0.1SL,Forchlorfenuron (min 97%),Thuốc điều hoà sinh trưởng,Công ty CP Nông dược HAI,cà phê; hồ tiêu,kích thích sinh trưởng,
Siêu to hạt 25 SP,Fugavic acid,Thuốc điều hoà sinh trưởng,Công ty TNHH TM - SX Phước Hưng,hồ tiêu; lúa; lạc; ngô,kích thích sinh trưởng,
"Siêu Việt 250SP, 300SL",Fulvic acid,Thuốc điều hoà sinh trưởng,Công ty TNHH An Nông,chè; cà phê; cải bó xôi; cải bẹ xanh; cải xanh; lúa; đậu xanh,kích thích sinh trưởng; trưởng,
"Supernova 300SL, 700SP",Fulvic acid,Thuốc điều hoà sinh trưởng,Công ty TNHH US.Chemical,chè; cà phê; cải bẹ xanh; cải ngọt; lúa; đậu xanh,kích thích sinh trưởng; trưởng,
"Ac Gabacyto 50TB, 100SP, 200WP",Gibberellic acid (min 90%),Thuốc điều hoà sinh trưởng,Công ty TNHH MTV Lucky,cam; lúa; thanh long; xoài,trưởng,
"Agrohigh 2SL, 3.8EC, 20TB, 40SP",Gibberellic acid (min 90%),Thuốc điều hoà sinh trưởng,Công ty TNHH Kiên Nam,bắp cải; chôm chôm; cà phê; hoa cúc; lúa,kích thích sinh trưởng; trưởng,
"AF-Growth 180SL, 20TB",Gibberellic acid (min 90%),Thuốc điều hoà sinh trưởng,Công ty TNHH Agrifuture,lúa,kích thích sinh trưởng,
Ankhang 20WT,Gibberellic acid (min 90%),Thuốc điều hoà sinh trưởng,Công ty TNHH Trường Thịnh,chè; cà chua; cải bẹ; dưa chuột; lúa; ngô; đậu tương,kích thích sinh trưởng,
"Arogib 100SP, 200TB",Gibberellic acid (min 90%),Thuốc điều hoà sinh trưởng,Công ty CP XNK Nông dược Hoàng Ân,cam; cải bẹ xanh; lúa; đậu côve,kích thích sinh trưởng; trưởng,
"A-V-Tonic 10WP, 18SL, 50TB",Gibberellic acid (min 90%),Thuốc điều hoà sinh trưởng,Công ty TNHH Việt Thắng,cam; cải xanh; dưa chuột; hoa hồng; lúa,kích thích sinh trưởng; trưởng,
Azoxim 20SP,Gibberellic acid (min 90%),Thuốc điều hoà sinh trưởng,Công ty CP Nicotex,chè; lúa,kích thích sinh trưởng,
Bebahop 40WP,Gibberellic acid (min 90%),Thuốc điều hoà sinh trưởng,Công ty TNHH Nông Sinh,bắp cải; chè; cà chua; dưa chuột; hoa hồng; lúa,kích thích sinh trưởng,
Colyna 200TB,Gibberellic acid (min 90%),Thuốc điều hoà sinh trưởng,Công ty CP Nông dược HAI,chè; cà chua; cà phê; hồ tiêu; lúa; thanh long; vải,điều hoà sinh trưởng,
Đầu Trâu KT Supper 100 WP,Gibberellic acid (min 90%),Thuốc điều hoà sinh trưởng,Công ty CP Bình Điền MeKong,lúa,kích thích sinh trưởng,
Dogoc 5TB,Gibberellic acid (min 90%),Thuốc điều hoà sinh trưởng,Công ty TNHH MTV BVTV Long An,lúa,kích thích sinh trưởng,
Dolping 40EC,Gibberellic acid (min 90%),Thuốc điều hoà sinh trưởng,Công ty CP BMC Vĩnh Phúc,lúa,kích thích sinh trưởng,
Dovagib 20TB,Gibberellic acid (min 90%),Thuốc điều hoà sinh trưởng,Công ty TNHH Thuốc BVTV Đồng Vàng,dưa hấu; nhãn; sầu riêng; xoài,kích thích sinh trưởng,
G-Grow 10WT,Gibberellic acid (min 90%),Thuốc điều hoà sinh trưởng,Công ty TNHH DV TV Đầu tư Kim Cương,thanh long,kích thích sinh trưởng,
"Gibbone 200WP, 40EC, 50TB",Gibberellic acid (min 90%),Thuốc điều hoà sinh trưởng,Công ty TNHH CEC Việt Nam,lúa,kích thích sinh trưởng,
Gibe 40SG,Gibberellic acid (min 90%),Thuốc điều hoà sinh trưởng,Công ty TNHH TM Vĩnh Thạnh,thanh long,kích thích sinh trưởng,
"Gold gibb 20ST, 12SP, 40SG",Gibberellic acid (min 90%),Thuốc điều hoà sinh trưởng,Công ty TNHH Tam Ngọ,chè; cà phê; lúa; xoài,kích thích sinh trưởng; trưởng,
Egibo 80SG,Gibberellic acid (min 90%),Thuốc điều hoà sinh trưởng,Công ty TNHH SX và TM RVAC,bắp cải; thanh long,kích thích sinh trưởng,
"Falgro 10SP, 18.4TB",Gibberellic acid (min 90%),Thuốc điều hoà sinh trưởng,Công ty TNHH Hoá nông Lúa Vàng,bắp cải; cam; chè; dưa hấu; lúa; nho; thanh long,kích thích sinh trưởng; trưởng,
"G3Top 3.33SL, 20TB, 40SG",Gibberellic acid (min 90%),Thuốc điều hoà sinh trưởng,Công ty TNHH Phú Nông,bắp cải; dưa hấu; lúa; xoài; đậu tương,kích thích sinh trưởng,
"GA Super 3 100SP, 200TB, 200 WP",Gibberellic acid (min 90%),Thuốc điều hoà sinh trưởng,Công ty TNHH US.Chemical,lúa,kích thích sinh trưởng,
"Gibbeny 10WP, 20TB",Gibberellic acid (min 90%),Thuốc điều hoà sinh trưởng,Công ty TNHH TM và SX Ngọc Yến,dâu tây; dưa chuột; lúa; rau cải xanh; thanh long,kích thích sinh trưởng; trưởng,
Gib-CA 800SG,Gibberellic acid (min 90%),Thuốc điều hoà sinh trưởng,Công ty TNHH Á Châu Hoá Sinh,bưởi; lúa; thanh long,kích thích sinh trưởng,
"Gib-Asia 40TB, 100WP, 400WG, 800SG",Gibberellic acid (min 90%),Thuốc điều hoà sinh trưởng,Công ty TNHH Asia Agro,cải bắp; lúa; lúa 400WG; thanh long,kích thích sinh trưởng; trưởng,
"Gib ber 2SP, 2SL, 20TB, 40WG",Gibberellic acid (min 90%),Thuốc điều hoà sinh trưởng,Công ty TNHH Hóa sinh Á Châu,cam; chè; cà chua; dưa hấu; hồ tiêu; rau cải; rau cần; rau muống; thanh long; xoài,kích thích sinh trưởng; trưởng,
Gib-gap 40SP,Gibberellic acid (min 90%),Thuốc điều hoà sinh trưởng,Công ty TNHH Gap Agro,cam; lúa; thanh long,kích thích sinh trưởng,
"Gibgro 10SP, 20TB",Gibberellic acid (min 90%),Thuốc điều hoà sinh trưởng,Nufarm Malaysia Sdn. Bhd,bắp cải; lúa; rau cải; thanh long,kích thích sinh trưởng; trưởng,
"Gibline 10SP, 20TB",Gibberellic acid (min 90%),Thuốc điều hoà sinh trưởng,Công ty CP Vật tư NN Tiền Giang,lúa; thanh long,kích thích sinh trưởng; trưởng,
Gibta 20TB,Gibberellic acid (min 90%),Thuốc điều hoà sinh trưởng,"Bailing Agrochemical Co., Ltd",dưa chuột; dưa hấu; lúa; đậu,kích thích sinh trưởng,
Gippo 20TB,Gibberellic acid (min 90%),Thuốc điều hoà sinh trưởng,Công ty TNHH ADC,lúa,kích thích sinh trưởng,
"Gibow 200WP, 200TB",Gibberellic acid (min 90%),Thuốc điều hoà sinh trưởng,Công ty TNHH Hoá chất và TM Trần Vũ,lúa; thanh long,kích thích sinh trưởng; trưởng,
"Goliath 1SL, 10SP, 20TB, 20WP",Gibberellic acid (min 90%),Thuốc điều hoà sinh trưởng,Công ty CP Tập đoàn Điện Bàn,cà phê; hồ tiêu; lúa; lúa 20TB; nho; thanh long,kích thích sinh trưởng; trưởng,
"Greenstar 20EC, 20TB",Gibberellic acid (min 90%),Thuốc điều hoà sinh trưởng,Công ty CP Quốc tế Agritech Hoa Kỳ,chè; lúa,kích thích sinh trưởng,
Highplant 10 WP,Gibberellic acid (min 90%),Thuốc điều hoà sinh trưởng,Công ty CP Đồng Xanh,lúa,điều hoà sinh trưởng,
"Kích phát tố lá, hạt Thiên Nông GA-3",Gibberellic acid (min 90%),Thuốc điều hoà sinh trưởng,Công ty Hóa phẩm Thiên nông,artiso; cỏ chăn nuôi; dâu nuôi tằm; làm giá đậu; nho; rau gia vị; thuốc lá; đay,kích thích sinh trưởng,
"Megafarm 50TB, 200WP",Gibberellic acid (min 90%),Thuốc điều hoà sinh trưởng,Công ty CP Nông dược Nhật Việt,cam; chè; cà phê; dưa hấu; hoa hồng; lúa; rau cải; vải; xoài,kích thích sinh trưởng; trưởng,
Map-Combo 10WP,Gibberellic acid (min 90%),Thuốc điều hoà sinh trưởng,Map Pacific Pte Ltd,lúa,kích thích sinh trưởng,
"NanoGA3 50TB, 100WP",Gibberellic acid (min 90%),Thuốc điều hoà sinh trưởng,Công ty TNHH UPL Việt Nam,lúa,kích thích sinh trưởng,
"ProGibb 10 SP, 40%SG",Gibberellic acid (min 90%),Thuốc điều hoà sinh trưởng,Công ty TNHH Hóa chất Sumitomo Việt Nam,bắp cải; cam; chè; cà chua; cà phê; cà rốt; cải thảo; cần tây; hồ tiêu; hồ tiêu 40%SG: kích thích sinh; lúa; nho; thanh long; xoài; đậu Hà lan,kích thích sinh trưởng; trưởng,
Proger 20 WP,Gibberellic acid (min 90%),Thuốc điều hoà sinh trưởng,Công ty TNHH TM Thái Nông,lúa,kích thích sinh trưởng,
Sitto Mosharp 15 SL,Gibberellic acid (min 90%),Thuốc điều hoà sinh trưởng,Công ty TNHH Sitto Việt Nam,cà rốt; sắn,kích thích sinh trưởng,
Starga3 20TB,Gibberellic acid (min 90%),Thuốc điều hoà sinh trưởng,Công ty CP Hatashi Việt Nam,chè; lúa,Kích thích sinh trưởng,
Stinut 5 SL,Gibberellic acid (min 90%),Thuốc điều hoà sinh trưởng,Công ty TNHH Sản phẩm Công nghệ cao,bắp cải; cam; chè; cà chua; dưa chuột; hoa hồng; lúa; lạc; quýt; đậu đũa,kích thích sinh trưởng,
"Super GA 3 50TB, 100SP, 200WP",Gibberellic acid (min 90%),Thuốc điều hoà sinh trưởng,Công ty TNHH An Nông,lúa,kích thích sinh trưởng,
Tony 920 40EC,Gibberellic acid (min 90%),Thuốc điều hoà sinh trưởng,Công ty CP Nông nghiệp HP,chè; dưa hấu; lúa,kích thích sinh trưởng,
Tungaba 20TB,Gibberellic acid (min 90%),Thuốc điều hoà sinh trưởng,Công ty CP SX - TM - DV Ngọc Tùng,bắp cải; chè; cà chua; dưa chuột; dưa hấu; lúa; đậu côve,kích thích sinh trưởng,
"Vertusuper 1SL, 1WP, 100SP",Gibberellic acid (min 90%),Thuốc điều hoà sinh trưởng,Công ty CP Vagritex,lúa,kích thích sinh trưởng,
"Vigibb 1SL, 16 TB, 100SP, 200WP",Gibberellic acid (min 90%),Thuốc điều hoà sinh trưởng,Công ty TNHH SX & TM Viễn Khang,chè; dưa chuột; lúa; lúa 1SL; rau cải,kích thích sinh trưởng; trưởng,
"Vimogreen 1.34 SL, 1.34 WP, 10SG, 10TB",Gibberellic acid (min 90%),Thuốc điều hoà sinh trưởng,Công ty CP Thuốc sát trùng Việt Nam,cà phê; cây cảnh; cải xanh; dưa hấu; hoa mai; lúa; nho; nhãn; quýt; xoài,kích thích sinh trưởng; trưởng,
Zhigip 4TB,Gibberellic acid (min 90%),Thuốc điều hoà sinh trưởng,Công ty TNHH MTV Tô Nam Biotech,rau cải,kích thích sinh trưởng,
TT A7 3.6EC,Gibberellic acid (1.8% GA4 + 1.8% GA7),Thuốc điều hoà sinh trưởng,Công ty TNHH TM Tân Thành,lúa,kích thích sinh trưởng,
Gib-47 2% PA,"Gibberellic acid (A4, A7)",Thuốc điều hoà sinh trưởng,Công ty TNHH Gap Agro,bưởi; cam; thanh long,kích thích sinh trưởng,
"Yomione 31GR, 51SL, 51WP","Gibberellic 0.3g/kg (0.5g/l), (0.5g/kg) + [N 10.7g/kg (10.5g/l), (10.5g/kg) + P O 2 5 10g/kg (20g/l), (20g/kg) + K O 10g/kg (20g/l), 2 (20g/kg) + Vi lượng]",Thuốc điều hoà sinh trưởng,Công ty TNHH Thuốc BVTV Liên doanh Nhật Mỹ,lúa,kích thích sinh trưởng,
"Lucasone 31GR, 41SL, 41WP","Gibberellic acid 0.3g/kg (0.4g/l), (0.4g/kg) + N 10.7g/kg (10.6g/l), (10.6g/kg) + P O 10g/kg 2 5 (10g/l), (10g/kg) + K O 2 10g/kg (20g/l), (20g/kg) + Vi lượng",Thuốc điều hoà sinh trưởng,Công ty CP Vagritex,vải,kích thích sinh trưởng,
Napgibb 18SP,Gibberellin 10% + Calciumglucoheptonate 6% + Boric acid 2%,Thuốc điều hoà sinh trưởng,Công ty TNHH Đồng Bằng Xanh,bưởi; lúa,kích thích sinh trưởng,
Sitto Keelate rice 20SL,Gibberellic acid 20g/l + Cu 50g/l + Zn 50g/l + Fe 40g/l + Mg 30g/l + Mn 10g/l,Thuốc điều hoà sinh trưởng,Công ty TNHH Sitto Việt Nam,lúa,kích thích sinh trưởng,
Sitto Give-but 18 SL,Gibberellic acid 20g/l + Cu 36g/l + Zn 50g/l + Mg 16g/l + Mn 16g/l + B 1g/l + Mo 1g/l + Glysine amino acid 40g/l,Thuốc điều hoà sinh trưởng,Công ty TNHH Sitto Việt Nam,lúa,kích thích sinh trưởng,
Lục diệp tố 1 SL,Gibberellic acid 1g/l + NPK 9 g/l + Vi lượng,Thuốc điều hoà sinh trưởng,Viện Bảo vệ thực vật,chè; lúa; đậu tương,kích thích sinh trưởng,
"Super sieu 16 SP, 16 SL",Gibberellic acid 1% + 5% N+ 5% P O + 5% K O 2 5 2,Thuốc điều hoà sinh trưởng,Công ty CP SX - TM - DV Ngọc Tùng,bắp cải; chè; cà chua; cà phê; cây có múi; cải thảo; dưa chuột; dưa hấu; hồ tiêu; lúa; nho; nhãn; xoài; điều; đậu côve; đậu tương; đậu xanh,kích thích sinh trưởng; trưởng,
Higro 30WP,Hymexazol (min 98%),Thuốc điều hoà sinh trưởng,Công ty TNHH Hóa Sinh Á Châu,lúa,kích thích sinh trưởng,
Tachigaren 30 SL,Hymexazol (min 98%),Thuốc điều hoà sinh trưởng,"Mitsui Chemicals Crop & Life Solutions, Inc",chết cây con do; dưa hấu; hoa cúc; lúa; lạc,héo vàng; nấm; điều hoà sinh trưởng,
Animat 40SL,Mepiquat chloride (min 98%),Thuốc điều hoà sinh trưởng,Công ty CP BVTV Sài Gòn,lạc,kích thích sinh trưởng,
Answer 400SL,Mepiquat chloride (min 98%),Thuốc điều hoà sinh trưởng,Công ty TNHH Alfa (Sài gòn),lúa,điều hòa sinh trưởng,
Mapix 40SL,Mepiquat chloride (min 98%),Thuốc điều hoà sinh trưởng,Công ty TNHH Hoá sinh Á Châu,bông vải,kích thích sinh trưởng,
Anikgold 0.5SL,"Nucleotide (Adenylic acid, guanylic acid, cytidylic acid, Uridylic acid)",Thuốc điều hoà sinh trưởng,Công ty TNHH Thuốc BVTV Liên doanh Nhật Mỹ,lúa,kích thích sinh trưởng,
Sunsuper 0.5SL,"Nucleotide (Adenylic acid, guanylic acid, cytidylic acid, Uridylic acid)",Thuốc điều hoà sinh trưởng,Công ty CP Thuốc BVTV Việt Trung,vải,kích thích sinh trưởng,
"Subaygold 3.8GR, 4.5SL",Nucleotide 0.4 g/kg (0.5g/l) + Humic acid 3.4 g/kg (4g/l),Thuốc điều hoà sinh trưởng,Công ty CP Thuốc BVTV Việt Trung,chè; dưa chuột; lúa,kích thích sinh trưởng,
RIC 10WP,1-Naphthylacetic acid (NAA),Thuốc điều hoà sinh trưởng,Công ty TNHH DV KH KT Khoa Đăng,chanh leo; cà chua; cà phê; hoa hồng; hồ tiêu; lúa; nho; quýt,kích thích sinh trưởng; điều hoà sinh trưởng,
Vipac 88SP,-Naphthyl Acetic Acid 0.5% (-N.A.A) + -,Thuốc điều hoà sinh trưởng,Công ty CP Thuốc sát trùng Việt Nam,cà phê; hồ tiêu; lúa; ngô,kích thích sinh trưởng; xử lý hạt,
Viprom 5SP,-Naphthyl Acetic Acid (- N.A.A) 2.5% + - Naphthoxy Acetic Acid (- N.A.A) 2.5%,Thuốc điều hoà sinh trưởng,Công ty CP Thuốc sát trùng Việt Nam,,,
Vikipi 0.6SP,-Naphthyl Acetic Acid 0.3% (-N.A.A) + - Naphthoxy Acetic Acid 0.3% (-N.A.A),Thuốc điều hoà sinh trưởng,Công ty CP Thuốc sát trùng Việt Nam,cam; xoài,kích thích sinh trưởng ra hoa; đậu quả,
ViTĐQ 40SL,-Naphthoxy Acetic Acid,Thuốc điều hoà sinh trưởng,Công ty CP Thuốc sát trùng Việt Nam,cà chua; cà phê; hồ tiêu; kích thích tăng đậu; ngô; nhãn; điều,kích thích sinh trưởng; quả; tăng đậu quả,
Flower-95 0.3 SL,-Naphthalene Acetic Acid (-N.A.A),Thuốc điều hoà sinh trưởng,Công ty TNHH SX - TM Tô Ba,lúa; nhãn; sầu riêng; xoài,kích thích sinh trưởng,
HD 207 1 SL,-Naphthalene Acetic Acid (-N.A.A),Thuốc điều hoà sinh trưởng,Công ty TNHH - TM Thái Nông,lúa,kích thích sinh trưởng,
Hợp chất ra rễ 0.1 SL,-Naphthalene Acetic Acid (-N.A.A),Thuốc điều hoà sinh trưởng,Công ty CP Lion Agrevo,cam; hoa hồng,chiết cành; giâm cành; kích thích ra rễ,
Enerplant 0.01 WP,Oligoglucan,Thuốc điều hoà sinh trưởng,Công ty TNHH Ngân Anh,chè; cà chua; dâu tây; lúa; mía; đậu Hà Lan,kích thích sinh trưởng,
Achacha 250SC,Paclobutrazol (min 95%),Thuốc điều hoà sinh trưởng,Công ty TNHH Pesticide Nhật Bản,khoai lang,điều hòa sinh trưởng,
Allur 150WP,Paclobutrazol (min 95%),Thuốc điều hoà sinh trưởng,Công ty TNHH TM SX Vỹ Tâm,lạc,điều hòa sinh trưởng,
Apalo 150WP,Paclobutrazol (min 95%),Thuốc điều hoà sinh trưởng,Công ty CP BVTV Asata Hoa Kỳ,lúa,điều hoà sinh trưởng,
Atomin 15 WP,Paclobutrazol (min 95%),Thuốc điều hoà sinh trưởng,Công ty TNHH – TM Thái Nông,lúa; lạc,kích thích sinh trưởng,
Baba-X 15WP,Paclobutrazol (min 95%),Thuốc điều hoà sinh trưởng,Công ty TNHH SX và TM RVAC,khoai lang,điều hòa sinh trưởng,
Baclolac 250SC,Paclobutrazol (min 95%),Thuốc điều hoà sinh trưởng,Công ty TNHH Á Châu Hoá Sinh,lạc,kích thích sinh trưởng,
Bianca 15WP,Paclobutrazol (min 95%),Thuốc điều hoà sinh trưởng,"Jiangsu Sword Agrochemicals Co., Ltd",lạc,điều hòa sinh trưởng,
"Bidamin 15WP, 250SC",Paclobutrazol (min 95%),Thuốc điều hoà sinh trưởng,"Bailing Agrochemical Co., Ltd",lúa; lạc,kích thích sinh trưởng,
"Bonsai 10WP, 25SC",Paclobutrazol (min 95%),Thuốc điều hoà sinh trưởng,Map Pacific Pte Ltd,lúa,kích thích sinh trưởng,
BrightStar 25 SC,Paclobutrazol (min 95%),Thuốc điều hoà sinh trưởng,Công ty CP Hợp Trí Summit,lúa,điều hoà sinh trưởng,
Dopaczol 15WP,Paclobutrazol (min 95%),Thuốc điều hoà sinh trưởng,Công ty TNHH MTV BVTV Thạnh Hưng,lúa,kích thích sinh trưởng,
ET Newpac 250SC,Paclobutrazol (min 95%),Thuốc điều hoà sinh trưởng,"Shanghai E-tong Chemical Co., Ltd",lúa,điều hoà sinh trưởng,
Farm-paclo 250SC,Paclobutrazol (min 95%),Thuốc điều hoà sinh trưởng,Công ty CP Global Farm,lạc,kích thích sinh trưởng,
Hana 250SC,Paclobutrazol (min 95%),Thuốc điều hoà sinh trưởng,Công ty TNHH SYC,lạc,điều hòa sinh trưởng,
Horizon 15WP,Paclobutrazol (min 95%),Thuốc điều hoà sinh trưởng,Công ty CP Hóc Môn,lạc,điều hòa sinh trưởng,
Hypac 250SC,Paclobutrazol (min 95%),Thuốc điều hoà sinh trưởng,"Shanghai Synagy Chemicals Co., Ltd",lúa,điều hòa sinh trưởng,
Kihora 15WP,Paclobutrazol (min 95%),Thuốc điều hoà sinh trưởng,Công ty TNHH Nguyên liệu NN Mekong,lúa,kích thích sinh trưởng,
Kizasi 25SC,Paclobutrazol (min 95%),Thuốc điều hoà sinh trưởng,Công ty CP Bảo Nông Việt,lạc,điều hòa sinh trưởng,
Lunar 150WP,Paclobutrazol (min 95%),Thuốc điều hoà sinh trưởng,Công ty TNHH Hóa Nông Lúa Vàng,lúa,kích thích sinh tưởng,
"Newbosa 150WP, 250SC",Paclobutrazol (min 95%),Thuốc điều hoà sinh trưởng,Công ty TNHH An Nông,lúa,kích thích sinh trưởng,
"Paclo 15WP, 15SC",Paclobutrazol (min 95%),Thuốc điều hoà sinh trưởng,Công ty CP Thuốc sát trùng Việt Nam,lúa,kích thích sinh trưởng,
Paclovbusa 25SC,Paclobutrazol (min 95%),Thuốc điều hoà sinh trưởng,Công ty TNHH Vbook Hoa Kỳ,lúa,kích thích sinh trưởng,
Pacmango 250SC,Paclobutrazol (min 95%),Thuốc điều hoà sinh trưởng,Albaugh Asia Pacific Limited,lạc,điều hòa sinh trưởng,
Pacsai 25SC,Paclobutrazol (min 95%),Thuốc điều hoà sinh trưởng,Công ty CP Vagritex,lúa,kích thích sinh trưởng,TT28/2026: đổi tổ chức đăng ký
Palove gold 15WP,Paclobutrazol (min 95%),Thuốc điều hoà sinh trưởng,Công ty TNHH TM DV Đức Nông,lúa,kích thích sinh trưởng,
"Parlo 20WP, 25SC",Paclobutrazol (min 95%),Thuốc điều hoà sinh trưởng,Công ty TNHH Thuốc BVTV Đồng Vàng,lúa; vừng,điều hòa sinh trưởng,
"Paxlomex 15WP, 15SC",Paclobutrazol (min 95%),Thuốc điều hoà sinh trưởng,Công ty CP BVTV An Hưng Phát,lúa; lạc,kích thích sinh trưởng; trưởng,
Propac 20WP,Paclobutrazol (min 95%),Thuốc điều hoà sinh trưởng,Công ty TNHH Thuốc BVTV Mekong,lúa,kích thích sinh trưởng,
Sài gòn P1 15 WP,Paclobutrazol (min 95%),Thuốc điều hoà sinh trưởng,Công ty CP BVTV Sài Gòn,lúa,kích thích sinh trưởng,
Stopgrowth 15 WP,Paclobutrazol (min 95%),Thuốc điều hoà sinh trưởng,Công ty CP Thanh Điền,lúa,kích thích sinh trưởng,
Super Cultar Mix 15 WP,Paclobutrazol (min 95%),Thuốc điều hoà sinh trưởng,Công ty TNHH Ngân Anh,lúa,kích thích sinh trưởng,
Toba-Jum 20WP,Paclobutrazol (min 95%),Thuốc điều hoà sinh trưởng,Công ty TNHH SX - TM Tô Ba,lạc,kích thích sinh trưởng,
VT-Buzz 250SC,Paclobutrazol (min 95%),Thuốc điều hoà sinh trưởng,Công ty TNHH CNSH Quốc tế Việt Thái,lạc,kích thích sinh trưởng,
Zuron 150WP,Paclobutrazol (min 95%),Thuốc điều hoà sinh trưởng,Công ty TNHH Phú Nông,lúa,điều hòa sinh trưởng,
Phthalax 20SL,Phthalanilic acid (min 97%),Thuốc điều hoà sinh trưởng,"Shaanxi Bencai Agricultural Development Co., Ltd",đậu tương,kích thích sinh trưởng,
Chocaso 0.11 SL,Polyphenol chiết xuất từ than bùn và lá cây vải (Litchi chinesis sonn),Thuốc điều hoà sinh trưởng,Trung tâm nghiên cứu và phát triển công nghệ hóa sinh,chè; lúa,kích thích sinh trưởng,
Lacasoto 4SP,Polyphenol chiết xuất từ cây hoa hoè (Sophora japonica L. Schott),Thuốc điều hoà sinh trưởng,Trung tâm nghiên cứu và phát triển công nghệ hóa sinh,khoai lang; khoai tây; lúa; lạc; ngô; sắn; đậu tương,kích thích sinh trưởng,
Plastimula 1SL,"Polyphenol chiết xuất từ than bùn và lá, vỏ thân cây xoài (Mangifera indica L)",Thuốc điều hoà sinh trưởng,Trung tâm nghiên cứu và phát triển công nghệ hóa sinh,bắp cải; cà chua; cà rốt; cải xanh; dưa chuột; lúa; lạc; đậu tương; đậu xanh; ớt,kích thích sinh trưởng,
Biolight 100WP,Prohexadione calcium (min 88%),Thuốc điều hoà sinh trưởng,Công ty CP BVTV ATC,lạc,điều hoà sinh trưởng,
"Headline 100CS, 200FS, 250EC",Pyraclostrobin (min 95%),Thuốc điều hoà sinh trưởng,"BASF Vietnam Co., Ltd",cà chua; cà phê; dưa chuột; hoa hồng; khoai lang; lúa; lạc; ngô; phấn; đậu tương,lem lép hạt; trưởng; trắng; đạo ôn; đốm vòng,
"Pyra Gold 250EC, 250SC",Pyraclostrobin (min 95%),Thuốc điều hoà sinh trưởng,Công ty TNHH XNK TM Agriasian,cà phê; ngô,thư; điều hòa sinh trưởng,
Pyrio 250EC,Pyraclostrobin (min 95%),Thuốc điều hoà sinh trưởng,Imaspro Resources Sdn. Bhd,cà phê,kích thích sinh trưởng,
Pyrolax 250EC,Pyraclostrobin (min 95%),Thuốc điều hoà sinh trưởng,"Yongnong Biosciences Co., Ltd",cà phê; hồ tiêu; lạc; thán,kích thích sinh trưởng; thư,
Toga 250EC,Pyraclostrobin (min 95%),Thuốc điều hoà sinh trưởng,Công ty CP Nông dược HAI,ngô,kích thích sinh trưởng,
Throne 250EC,Pyraclostrobin (min 95%),Thuốc điều hoà sinh trưởng,Công ty TNHH Alfa (Sài Gòn),hồ tiêu,kích thích sinh trưởng,
Opera 183SE,Pyraclostrobin 133g/l + Epoxiconazole 50g/l,Thuốc điều hoà sinh trưởng,"BASF Vietnam Co., Ltd",cà phê; hồ tiêu; khô; lạc; ngô; thán,kích thích sinh trưởng; thư; vằn,
Atonik 1.8SL,Sodium-5-Nitroguaiacolate 3g/l + Sodium-O- Nitrophenolate 6g/l + Sodium-P- Nitrophenolate 9g/l,Thuốc điều hoà sinh trưởng,Công ty TNHH ADC,cây cảnh; hoa; lúa,kích thích sinh trưởng,
Grow Gold 18SL,Sodium-5-Nitroguaiacolate 3g/l + Sodium-O- Nitrophenolate 6g/l + Sodium-P- Nitrophenolate 9g/l,Thuốc điều hoà sinh trưởng,Công ty TNHH TM SX Thôn Trang,hoa hồng,kích thích sinh trưởng,
ACXONICannong 1.8SL,Sodium-5-Nitroguaiacolate 0.3% + Sodium-O- Nitrophenolate 0.6% + Sodium-P-Nitrophenolate 0.9%,Thuốc điều hoà sinh trưởng,Công ty TNHH An Nông,lúa,kích thích sinh trưởng,
Gonik 1.8 SL,Sodium-5-Nitroguaiacolate 0.3% + Sodium-O- Nitrophenolate 0.6% + Sodium-P-Nitrophenolate 0.9%,Thuốc điều hoà sinh trưởng,Công ty TNHH TM-SX GNC,lúa,kích thích sinh trưởng,
Katonic-TSC 1.8SL,Sodium-5-Nitroguaiacolate 0.3% + Sodium-O- Nitrophenolate 0.6% + Sodium-P-Nitrophenolate 0.9%,Thuốc điều hoà sinh trưởng,Công ty CP Lion Agrevo,lúa,kích thích sinh trưởng,
Ausin 1.8 EC,Sodium-5-Nitroguaiacolate 3g/l + Sodium-O- Nitrophenolate 6g/l + Sodium-P-Nitrophenolate 9g/l,Thuốc điều hoà sinh trưởng,Forward International Ltd,lúa,kích thích sinh trưởng,
Better 3.6SL,Sodium-5-Nitroguaiacolate 6g/l + Sodium-O- Nitrophenolate 12g/l + Sodium-P-Nitrophenolate 18g/l,Thuốc điều hoà sinh trưởng,Công ty TNHH TM - DV Thanh Sơn Hóa Nông,hoa hồng; lạc,kích thích sinh trưởng,
Alsti 1.4 SL,Sodium-O-Nitrophenolate 0.71% + Sodium-P- Nitrophenolate 0.46% + Sodium-5-Nitroguaiacolate 0.23%,Thuốc điều hoà sinh trưởng,Công ty TNHH Sản phẩm Công Nghệ Cao,hoa hồng; lúa,kích thích sinh trưởng,
Kithita 1.4 SL,Sodium-5-Nitroguaiacolate 0.3% + Sodium-O- Nitrophenolate 0.4% + Sodium-P-Nitrophenolate 0.7%,Thuốc điều hoà sinh trưởng,Công ty CP BVTV I TW,lúa,kích thích sinh trưởng,
AGN-Tonic 18.5SL,Sodium-P-nitrophenolate 9g/l + Sodium-O- nitrophenolate 6g/l + Sodium-5-nitroguaiacolate 3g/l + Salicylic acid 0.5g/l,Thuốc điều hoà sinh trưởng,Công ty TNHH An Nông,lúa,kích thích sinh trưởng,
Dotonic 1.95 SL,"Sodium-5- Nitroguaiacolate (Nitroguaiacol) 0.3% + Sodium-O- Nitrophenolate (Nitrophenol) 0.6% + Sodium-P- Nitrophenolate (Nitrophenol) 0.9% + Sodium - 2,4 Dinitrophenol 0.15%",Thuốc điều hoà sinh trưởng,Công ty TNHH MTV BVTV Long An,lúa,kích thích sinh trưởng,
Jiadonix 1.95 SL,"Sodium-5- Nitroguaiacolate (Nitroguaiacol) 0.3% + Sodium-O- Nitrophenolate (Nitrophenol) 0.6% + Sodium-P- Nitrophenolate (Nitrophenol) 0.9% + Sodium - 2,4 Dinitrophenol 0.15%",Thuốc điều hoà sinh trưởng,Công ty CP Jia Non Biotech (VN),lúa,kích thích sinh trưởng,
Daiwanron 1.95SL,"Sodium-5-Nitroguaiacolate (Nitroguaiacol) 3g/l + Sodium-O- Nitrophenolate (Nitrophenol) 6 g/l + Sodium-P-Nitrophenolate (Nitrophenol) 9g/l + Sodium-2,4 Dinitrophenol 1.5g/l",Thuốc điều hoà sinh trưởng,Công ty CP Futai,lúa,kích thích sinh trưởng,
"Litosen 0.59 GR, 1.95EC","Sodium-5-Nitroguaiacolate (Nitroguaiacol) 0.085% (3g/l) + Sodium-O- Nitrophenolate (Nitrophenol) 0.185% (6g/l) + Sodium-P-Nitrophenolate (Nitrophenol) 0.285% (9g/l) + Sodium-2,4 Dinitrophenol 0.035% (1.5g/l)",Thuốc điều hoà sinh trưởng,Forward International Ltd,lúa,kích thích sinh trưởng,
Ademon super 22.43SL,"Sodium-5- Nitroguaiacolate (Nitroguaiacol) 3.45g/l + Sodium-O- Nitrophenolate (Nitrophenol) 6.9g/l + Sodium-P- Nitrophenolate (Nitrophenol) 10.35g/l + Sodium-2,4 Dinitrophenol 1.73g/l",Thuốc điều hoà sinh trưởng,Công ty CP TM Hải Ánh,lúa,xử lý hạt giống để kích thích sinh trưởng,
Dekamon 22.43 SL,"Sodium-5- Nitroguaiacolate (Nitroguaiacol) 3.45g/l + Sodium-O- Nitrophenolate (Nitrophenol) 6.9g/l + Sodium-P- Nitrophenolate (Nitrophenol) 10.35g/l + Sodium-2,4 Dinitrophenol 1.73g/l",Thuốc điều hoà sinh trưởng,P.T.Harina Chemicals Industry,lúa,kích thích sinh trưởng,
Tora 1.1SL,1-Triacontanol (min 90%),Thuốc điều hoà sinh trưởng,Công ty CP Khử trùng Việt Nam,hồ tiêu; lúa; lạc; ngô; xoài; ớt,kích thích sinh trưởng,
Sarke 5WP,Uniconazole (min 90%),Thuốc điều hoà sinh trưởng,Công ty TNHH Phú Nông,lúa,kích thích sinh trưởng,
Stoplant 5WP,Uniconazole (min 90%),Thuốc điều hoà sinh trưởng,Công ty CP Đồng Xanh,lúa; lạc,điều hoà sinh trưởng,
Onlai 5WP,Uniconazole (min 90%),Thuốc điều hoà sinh trưởng,Công ty CP Tập đoàn King Elong,lạc,điều hòa sinh trưởng,
Jianet 50EC,Methyl Eugenol (min 95%),Thuốc điều hoà sinh trưởng,Công ty CP Jianon Biotech (VN),dưa hấu; roi,ruồi đục quả,
Vizubon D AL,Methyl Eugenol 75% + Dibrom (min 93%) 25%,Thuốc điều hoà sinh trưởng,Công ty CP Thuốc sát trùng Việt Nam,bưởi,ruồi đục quả,
Acdruoivang 900 OL,Methyl Eugenol 85% + Imidacloprid 5%,Thuốc điều hoà sinh trưởng,Công ty TNHH MTV Lucky,cam,ruồi đục quả,
Dacusfly 100SL,Methyl Eugenol 75% + Naled 25%,Thuốc điều hoà sinh trưởng,Công ty TNHH SX TM DV Tô Đăng Khoa,thanh long,ruồi đục quả,
Flykil 95EC,Methyl Eugenol 90% + Naled 5%,Thuốc trừ ốc,Công ty CP Jia Non Biotech (VN),ổi,ruồi đục quả,
T-P Nongfeng 950SL,Methyl Eugenol 900g/l + Naled 50g/l,Thuốc trừ ốc,Công ty TNHH TM Thái Phong,nhãn,ruồi đục quả,
Dr.Jean 800EC,Methyl Eugenol 700g/l + Propoxur (min 98%) 100 g/l,Thuốc trừ ốc,Công ty TNHH US.Chemical,cam,ruồi đục quả,
Ento-Pro 150SL,Protein thuỷ phân,Thuốc trừ ốc,Viện Bảo vệ thực vật,bí xanh; bí đỏ; cà; cây có múi; doi; gấc; hồng; hồng xiêm; khế; lê; mướp; mướp đắng; mận; na; quất hồng bì; thanh long; trứng gà; táo; vải; đu đủ; đào; ổi; ớt,ruồi hại quả,
Tob 1.88GR,Cafein 1.5% + Nicotine Sulfate 0.3% + Azadirachtin 0.08%,Thuốc trừ ốc,Viện Khoa học vật liệu ứng dụng,cải bó xôi; lúa,ốc bươu vàng; ốc sên,
"Andolis 120AB, 190BB",Metaldehyde (min 98.5%),Thuốc trừ ốc,Công ty CP XNK Nông dược Hoàng Ân,lúa,ốc bươu vàng,
Anhead 12GR,Metaldehyde (min 98.5%),Thuốc trừ ốc,Công ty CP Tập đoàn Lộc Trời,lúa,ốc bươu vàng,
Assail 12.5GB,Metaldehyde (min 98.5%),Thuốc trừ ốc,Công ty TNHH TM DV Tấn Hưng,lúa,ốc bươu vàng,
BN-Meta 18GR,Metaldehyde (min 98.5%),Thuốc trừ ốc,Công ty CP Bảo Nông Việt,lúa,ốc bươu vàng,
Bolis 12GB,Metaldehyde (min 98.5%),Thuốc trừ ốc,Công ty TNHH ADC,lúa,ốc bươu vàng,
Bombay-ấn độ 13BR,Metaldehyde (min 98.5%),Thuốc trừ ốc,Công ty TNHH Anh Dẩu Tiền Giang,lúa,ốc bươu vàng,
Bosago 12AB,Metaldehyde (min 98.5%),Thuốc trừ ốc,Công ty CP BVTV Sài Gòn,lúa,ốc bươu vàng,
Boxer 15GR,Metaldehyde (min 98.5%),Thuốc trừ ốc,Công ty CP Công nghệ Nông nghiệp Chiến Thắng,lúa,ốc bươu vàng,
Clean Snail 120GR,Metaldehyde (min 98.5%),Thuốc trừ ốc,Công ty CP S New Rice,phong lan,ốc sên nhỏ,
"Corona 6GR, 80WP",Metaldehyde (min 98.5%),Thuốc trừ ốc,Công ty TNHH - TM ACP,lúa,ốc bươu vàng,
Cửu Châu 15GR,Metaldehyde (min 98.5%),Thuốc trừ ốc,Công ty TNHH TM và SX Ngọc Yến,lúa,ốc bươu vàng,
DN Methaohyde 15GR,Metaldehyde (min 98.5%),Thuốc trừ ốc,Công ty TNHH BVTV Thảo Điền,phong lan,ốc sên nhỏ,
Duba 155GR,Metaldehyde (min 98.5%),Thuốc trừ ốc,Công ty TNHH Thuốc BVTV Liên doanh Nhật Mỹ,lúa,ốc bươu vàng,
"Helix 15GB, 500WP",Metaldehyde (min 98.5%),Thuốc trừ ốc,Công ty TNHH TM Tân Thành,cây cảnh; lúa,vàng; ốc bươu vàng; ốc sên,
Honeycin 6GR,Metaldehyde (min 98.5%),Thuốc trừ ốc,Công ty CP Nông dược HAI,lúa,ốc bươu vàng,
Kill snail 10GR,Metaldehyde (min 98.5%),Thuốc trừ ốc,Công ty CP Nicotex,lúa,ốc bươu vàng,
MAP Passion 10GR,Metaldehyde (min 98.5%),Thuốc trừ ốc,Map Pacific Pte Ltd,lúa,ốc bươu vàng,
Metalix 180AB,Metaldehyde (min 98.5%),Thuốc trừ ốc,Công ty CP Quốc tế Agritech Hoa Kỳ,lúa,ốc bươu vàng,
Milax 100GB,Metaldehyde (min 98.5%),Thuốc trừ ốc,Công ty CP Hợp Trí Summit,lúa,ốc bươu vàng,
"Moioc 6GR, 12AB",Metaldehyde (min 98.5%),Thuốc trừ ốc,Công ty CP Đồng Xanh,lúa; phong lan,sên; ốc bươu vàng,
"Molucide 6GB, 80WP",Metaldehyde (min 98.5%),Thuốc trừ ốc,Công ty CP TST Cần Thơ,lúa,ốc bươu vàng,
Notralis 18GR,Metaldehyde (min 98.5%),Thuốc trừ ốc,Công ty TNHH TM DV Nông Trang,lúa,ốc bươu vàng,
Ocjinhe 80WP,Metaldehyde (min 98.5%),Thuốc trừ ốc,"Xuzhou Jinhe Chemicals Co., Ltd",hoa lan,ốc sên,
Octigi 6GR,Metaldehyde (min 98.5%),Thuốc trừ ốc,Công ty CP Vật tư NN Tiền Giang,lúa,ốc bươu vàng,
Oxout 60AB,Metaldehyde (min 98.5%),Thuốc trừ ốc,Công ty TNHH Kim Điền Mekong,lúa,ốc bươu vàng,
"Osbuvang 15GR, 80WP",Metaldehyde (min 98.5%),Thuốc trừ ốc,Công ty CP BVTV An Hưng Phát,lúa,ốc bươu vàng,
Ốc Mồi 18GR,Metaldehyde (min 98.5%),Thuốc trừ ốc,Công ty TNHH TM Anh Thơ,lúa,ốc bươu vàng,
"Passport 6AB, 300GR",Metaldehyde (min 98.5%),Thuốc trừ ốc,Công ty TNHH Việt Đức,lúa,ốc bươu vàng,
"Pilot 15AB, 500WP",Metaldehyde (min 98.5%),Thuốc trừ ốc,Công ty TNHH TM Nông Phát,lúa,ốc bươu vàng,
"Snail Killer 12RB, 800WP",Metaldehyde (min 98.5%),Thuốc trừ ốc,Công ty CP SX - TM - DV Ngọc Tùng,lúa,ốc bươu vàng,
Sneo-lix 120AB,Metaldehyde (min 98.5%),Thuốc trừ ốc,Công ty TNHH Phú Nông,lúa,ốc bươu vàng,
Tatoo 150AB,Metaldehyde (min 98.5%),Thuốc trừ ốc,Công ty TNHH Hoá chất và TM Trần Vũ,lúa,ốc bươu vàng,
Tomahawk 4GR,Metaldehyde (min 98.5%),Thuốc trừ ốc,Công ty TNHH XNK Quốc tế SARA,lúa,ốc bươu vàng,
Toxbait 120AB,Metaldehyde (min 98.5%),Thuốc trừ ốc,Công ty TNHH Hoá nông Lúa Vàng,lúa,ốc bươu vàng,
T-P odix 120GR,Metaldehyde (min 98.5%),Thuốc trừ ốc,Công ty TNHH TM Thái Phong,lúa,ốc bươu vàng,
"TRIOC annong 12WG, 80WP",Metaldehyde (min 98.5%),Thuốc trừ ốc,Công ty TNHH An Nông,lúa,ốc bươu vàng,
Trumso 222AB,Metaldehyde (min 98.5%),Thuốc trừ ốc,Công ty TNHH MTV BVTV Long An,lúa,ốc bươu vàng,
Tulip 15AB,Metaldehyde (min 98.5%),Thuốc trừ ốc,Công ty TNHH TM SX Thôn Trang,lúa,ốc bươu vàng,
"Yellow-K 12GB, 250SC",Metaldehyde (min 98.5%),Thuốc trừ ốc,Công ty TNHH TM - DV Thanh Sơn Hóa Nông,lúa,ốc bươu vàng,
Capover 150GR,Metaldehyde 145 g/kg + Abamectin 5 g/kg,Thuốc trừ ốc,Công ty TNHH Hóa chất và TM Trần Vũ,lúa,ốc bươu vàng,
Superdan 6GR,Metaldehyde 4.5% + Carbaryl 1.5%,Thuốc trừ ốc,Công ty CP Thuốc BVTV Việt Trung,lúa,ốc bươu vàng,
Mecaba 10GR,Metaldehyde 7% + Carbaryl 3%,Thuốc trừ ốc,Công ty TNHH Hóa Sinh Á Châu,lúa,ốc bươu vàng,
Omega-Snail 30GR,Metaldehyde 10% + Carbaryl 20%,Thuốc trừ ốc,Công ty TNHH MTV BVTV Omega,phong lan,ốc sên,
Kiloc 60WP,Metaldehyde 40% + Carbaryl 20%,Thuốc trừ ốc,Công ty TNHH ADC,lúa,ốc bươu vàng,
MAP Pro 30WP,Metaldehyde 10% + Niclosamide 20%,Thuốc trừ ốc,Map Pacific Pte Ltd,lúa,ốc bươu vàng,
Capgold 700WP,Metaldehyde 10g/kg + Niclosamide 690g/kg,Thuốc trừ ốc,Công ty TNHH Hóa chất và TM Trần Vũ,lúa,ốc bươu vàng,
Pizza 750WP,Metaldehyde 10g/kg + Niclosamide 740g/kg,Thuốc trừ ốc,Công ty TNHH TM SX Thôn Trang,lúa,ốc bươu vàng,
Radaz 750WP,Metaldehyde 50g/kg + Niclosamide 700g/kg,Thuốc trừ ốc,Công ty CP Delta Cropcare,lúa,ốc bươu vàng,
"Vịt Đỏ 12BR, 705WP, 153GR, 256EW","Metaldehyde 6g/kg (1g/kg), (152g/kg), (1g/l) + Niclosamide 6g/kg (704g/kg), (1g/kg), (255g/l)",Thuốc trừ ốc,Công ty TNHH Thuốc BVTV Liên doanh Nhật Mỹ,lúa,ốc bươu vàng,
TT-occa 750WP,Metaldehyde 50g/kg + Niclosamide-olamine 700g/kg,Thuốc trừ ốc,Công ty TNHH TM Tân Thành,lúa,ốc bươu vàng,
Goldcup 575WP,Metaldehyde 400g/kg + Niclosamide-olamine 175g/kg,Thuốc trừ ốc,Công ty TNHH ADC,lúa,ốc bươu vàng,
Starpumper 800WP,Metaldehyde 300g/kg + Niclosamide 500g/kg,Thuốc trừ ốc,Công ty CP Công nghệ Nông nghiệp Chiến Thắng,lúa,ốc bươu vàng,
Npiodan 800WP,Metaldehyde 300g/kg + Niclosamide-olamine 500g/kg,Thuốc trừ ốc,Công ty CP SX Thuốc BVTV Omega,lúa,ốc bươu vàng,
E-bus 800WP,Metaldehyde 100g/kg + Niclosamide-olamine 700g/kg,Thuốc trừ ốc,Công ty TNHH TM DV Tấn Hưng,lúa,ốc bươu vàng,
Robert 888WP,Metaldehyde 8g/kg + Niclosamide-olamine 880g/kg,Thuốc trừ ốc,Công ty TNHH TM SX Thôn Trang,lúa,ốc bươu vàng,
Octhailane 150GR,Metaldehyde 140g/kg + Pyridaben 10g/kg,Thuốc trừ ốc,Công ty TNHH Hoá chất và TM Trần Vũ,lúa,ốc bươu vàng,
Ac-snailkill 700WP,Niclosamide (min 96%),Thuốc trừ ốc,Công ty TNHH Hóa nông Á Châu Hà Nội,lúa,ốc bươu vàng,
Aladin 700WP,Niclosamide (min 96%),Thuốc trừ ốc,Công ty TNHH – TM Thái Nông,lúa,ốc bươu vàng,
Anpuma 700WP,Niclosamide (min 96%),Thuốc trừ ốc,Công ty TNHH Hoá chất và TM Trần Vũ,lúa,ốc bươu vàng,
Apple 700WP,Niclosamide (min 96%),Thuốc trừ ốc,Công ty TNHH Real Chemical,lúa,ốc bươu vàng,
Awar 700WP,Niclosamide (min 96%),Thuốc trừ ốc,"Bailing Agrochemical Co., Ltd",lúa,ốc bươu vàng,
Baycide 70WP,Niclosamide (min 96%),Thuốc trừ ốc,Công ty TNHH Sản phẩm Công nghệ Cao,lúa,ốc bươu vàng,
Bayluscide 70WP,Niclosamide (min 96%),Thuốc trừ ốc,Bayer Vietnam Ltd (BVL),lúa,ốc bươu vàng,
Bayoc 750WP,Niclosamide (min 96%),Thuốc trừ ốc,Công ty TNHH TM Thiên Nông,lúa,ốc bươu vàng,
"BenRide 250 EC, 700WP",Niclosamide (min 96%),Thuốc trừ ốc,Công ty TNHH An Nông,lúa,ốc bươu vàng,
Blackcarp 700WP,Niclosamide (min 96%),Thuốc trừ ốc,Công ty TNHH CEC Việt Nam,lúa,ốc bươu vàng,
"Boing 250EC, 750WP",Niclosamide (min 96%),Thuốc trừ ốc,Công ty TNHH TM DV Tấn Hưng,lúa,ốc bươu vàng,
BP ocgold 700WP,Niclosamide (min 96%),Thuốc trừ ốc,Công ty TNHH TM Bình Phương,thanh long,ốc sên nhỏ,
Catfish 70 WP,Niclosamide (min 96%),Thuốc trừ ốc,Công ty CP Đồng Xanh,lúa,ốc bươu vàng,
Daicosa 700WP,Niclosamide (min 96%),Thuốc trừ ốc,Công ty CP Futai,lúa,ốc bươu vàng,
Dioto 250 EC,Niclosamide (min 96%),Thuốc trừ ốc,Công ty CP BVTV Sài Gòn,lúa,ốc bươu vàng,
"Duckling 250EC, 700WP",Niclosamide (min 96%),Thuốc trừ ốc,Công ty TNHH TM & SX Gia Phúc,lúa,ốc bươu vàng,
Hn-Samole 700WP,Niclosamide (min 96%),Thuốc trừ ốc,Công ty CP Nông nghiệp HP,lúa,ốc bươu vàng,
Honor 700WP,Niclosamide (min 96%),Thuốc trừ ốc,Công ty CP Hóc Môn,lúa,ốc bươu vàng,
Jia-oc 70WP,Niclosamide (min 96%),Thuốc trừ ốc,Công ty CP Jia Non Biotech (VN),lúa,ốc bươu vàng,
Kit - super 700WP,Niclosamide (min 96%),Thuốc trừ ốc,Công ty TNHH SX - TM Tô Ba,lúa; rau cải,ốc; ốc bươu vàng,
Laobv 75WP,Niclosamide (min 96%),Thuốc trừ ốc,Công ty TNHH MTV BVTV Long An,lúa,ốc bươu vàng,
Miramaxx 700WP,Niclosamide (min 96%),Thuốc trừ ốc,Công ty TNHH Agrohao VN,lúa,ốc bươu vàng,
Molluska 700WP,Niclosamide (min 96%),Thuốc trừ ốc,Công ty CP Khử trùng Việt Nam,lúa,ốc bươu vàng,
Morgan star 700WP,Niclosamide (min 96%),Thuốc trừ ốc,Công ty CP Nông dược Nhật Việt,lúa,ốc bươu vàng,
Mossade 700WP,Niclosamide (min 96%),Thuốc trừ ốc,Công ty TNHH Trường Thịnh,lúa,ốc bươu vàng,
Niclosa 850WP,Niclosamide (min 96%),Thuốc trừ ốc,Công ty CP XNK Thọ Khang,lúa,ốc bươu vàng,
No-ocbuuvang 750WP,Niclosamide (min 96%),Thuốc trừ ốc,Công ty TNHH TM-SX GNC,lúa,ốc bươu vàng,
Notrasit-neo 860WP,Niclosamide (min 96%),Thuốc trừ ốc,Công ty TNHH TM DV Nông Trang,lúa,ốc bươu vàng,
"NP snailicide 250EC, 700WP",Niclosamide (min 96%),Thuốc trừ ốc,Công ty TNHH TM Nông Phát,lúa,ốc bươu vàng,
Ốc usa 700WP,Niclosamide (min 96%),Thuốc trừ ốc,Công ty TNHH Hoá sinh Phong Phú,lúa,ốc bươu vàng,
"OBV- 250EC, 700WP",Niclosamide (min 96%),Thuốc trừ ốc,Công ty TNHH MTV BVTV Thạnh Hưng,lúa,ốc bươu vàng,
Oc clear 700WP,Niclosamide (min 96%),Thuốc trừ ốc,Công ty CP SAM,lúa,ốc bươu vàng,
Oosaka 700WP,Niclosamide (min 96%),Thuốc trừ ốc,Công ty CP BMC Vĩnh Phúc,lúa,ốc bươu vàng,
Ockill 700WP,Niclosamide (min 96%),Thuốc trừ ốc,Công ty TNHH TM DV Việt Nông,lúa,ốc bươu vàng,
Ốc-ôm 700WP,Niclosamide (min 96%),Thuốc trừ ốc,Công ty TNHH TM DV SX XNK Đức Thành,lúa,ốc bươu vàng,
"Ossal 500SC, 700WP, 700WG",Niclosamide (min 96%),Thuốc trừ ốc,Công ty CP BVTV An Hưng Phát,lúa,ốc bươu vàng,
Pazol 700WP,Niclosamide (min 96%),Thuốc trừ ốc,Công ty CP Nicotex,lúa,ốc bươu vàng,
Pisana 700WP,Niclosamide (min 96%),Thuốc trừ ốc,Công ty CP Hợp Trí Summit,lúa,ốc bươu vàng,
Sieu naii 700WP,Niclosamide (min 96%),Thuốc trừ ốc,Công ty TNHH - TM Thái Phong,lúa,ốc bươu vàng,
"Snail 250EC, 500SC, 700WP",Niclosamide (min 96%),Thuốc trừ ốc,Công ty TNHH Phú Nông,lúa,ốc bươu vàng,
Snailusa 700WP,Niclosamide (min 96%),Thuốc trừ ốc,Công ty CP S New Rice,phong lan,ốc sên nhỏ,
"Sun-fasti 25EC, 700WP",Niclosamide (min 96%),Thuốc trừ ốc,Sundat (S) Pte Ltd,lúa,ốc bươu vàng,
Topsami 871WP,Niclosamide (min 96%),Thuốc trừ ốc,Công ty TNHH Thuốc BVTV Liên doanh Nhật Mỹ,lúa,ốc bươu vàng,
Transit 750WP,Niclosamide (min 96%),Thuốc trừ ốc,Công ty TNHH TM SX Thôn Trang,lúa,ốc bươu vàng,
TT-snailtagold 750WP,Niclosamide (min 96%),Thuốc trừ ốc,Công ty TNHH TM Tân Thành,lúa,ốc bươu vàng,
Tungsai 700WP,Niclosamide (min 96%),Thuốc trừ ốc,Công ty CP SX - TM - DV Ngọc Tùng,lúa,ốc bươu vàng,
Vdcsnail new 750WP,Niclosamide (min 96%),Thuốc trừ ốc,Công ty TNHH Việt Đức,lúa,ốc bươu vàng,
Viniclo 70WP,Niclosamide (min 96%),Thuốc trừ ốc,Công ty CP Thuốc sát trùng Việt Nam,lúa,ốc bươu vàng,
"VT-dax 10GR, 700WP",Niclosamide (min 96%),Thuốc trừ ốc,Công ty TNHH Việt Thắng,lúa,ốc bươu vàng,
Znel 70WP,Niclosamide (min 96%),Thuốc trừ ốc,Công ty TNHH Hóa nông Mê Kông,lúa,ốc bươu vàng,
OBV gold 720WP,Niclosamide 700g/kg + Abamectin 20g/kg,Thuốc trừ ốc,Công ty TNHH MTV BVTV Thạnh Hưng,lúa,ốc bươu vàng,
Lino sachoc 750WP,Niclosamide 720g/kg + Abamectin 30g/kg,Thuốc trừ ốc,Công ty CP Liên nông Việt Nam,lúa,ốc bươu vàng,
Caport 750WP,Niclosamide 745g/kg + Abamectin 5g/kg,Thuốc trừ ốc,Công ty TNHH Hóa chất và TM Trần Vũ,lúa,ốc bươu vàng,
Antioc 777WP,Niclosamide 757 g/kg + Abamectin 20g/kg,Thuốc trừ ốc,Công ty TNHH CEC Việt Nam,lúa,ốc bươu vàng,
Brengun 700WP,Niclosamide 500g/kg + Carbaryl 200 g/kg,Thuốc trừ ốc,Công ty CP ĐT TM và PTNN ADI,lúa,ốc bươu vàng,
Oxdie 702WP,Niclosamide 680g/kg + Carbaryl 22g/kg,Thuốc trừ ốc,Công ty TNHH Hóa Nông Lúa Vàng,lúa,ốc bươu vàng,
Ocindia 750WP,Niclosamide 700g/kg + Pyridaben 50g/kg,Thuốc trừ ốc,Công ty TNHH Hoá chất và TM Trần Vũ,lúa,ốc bươu vàng,
Akita-Guska 700WP,Niclosamide-olamine (min 98%),Thuốc trừ ốc,Công ty TNHH BVTV Akita Việt Nam,cải bẹ xanh,ốc sên,
Amani 70WP,Niclosamide-olamine (min 98%),Thuốc trừ ốc,Công ty TNHH TM SX Khánh Phong,lúa,ốc bươu vàng,
BN-Nisa 860WP,Niclosamide-olamine (min 98%),Thuốc trừ ốc,Công ty CP Bảo Nông Việt,lúa,ốc bươu vàng,
BP. Nno OC 500WP,Niclosamide-olamine (min 98%),Thuốc trừ ốc,Công ty TNHH MTV Quốc tế Narico,phong lan,ốc sên nhỏ,
Chopper 700WP,Niclosamide-olamine (min 98%),Thuốc trừ ốc,Công ty CP TM Hải Ánh,lúa,ốc bươu vàng,
Clodansuper 700WP,Niclosamide-olamine (min 98%),Thuốc trừ ốc,Công ty CP Quốc tế Hòa Bình,lúa,ốc bươu vàng,
Dioto 830WG,Niclosamide-olamine (min 98%),Thuốc trừ ốc,Công ty CP BVTV Sài Gòn,lúa,ốc bươu vàng,
Dobay 810WP,Niclosamide-olamine (min 98%),Thuốc trừ ốc,Công ty CP Nông dược Việt Thành,lúa,ốc bươu vàng,
Duck Gold 25WP,Niclosamide-olamine (min 98%),Thuốc trừ ốc,Công ty CP Hóa sinh Takashi Nhật Bản,phong lan,ốc sên nhỏ,
Morningusa 870WP,Niclosamide-olamine (min 98%),Thuốc trừ ốc,Công ty TNHH TM SX Thôn Trang,lúa,ốc bươu vàng,
"Ocny 555SC, 860WP",Niclosamide-olamine (min 98%),Thuốc trừ ốc,Công ty TNHH TM và SX Ngọc Yến,lúa,ốc bươu vàng,
Queenly 700WP,Niclosamide-olamine (min 98%),Thuốc trừ ốc,Công ty CP Kiên Nam,lúa,ốc bươu vàng,
Sachoc TSC 850WP,Niclosamide-olamine (min 98%),Thuốc trừ ốc,Công ty CP Lion Agrevo,lúa,ốc bươu vàng,
Snailgold 700WP,Niclosamide-olamine (min 98%),Thuốc trừ ốc,Công ty CP Hóa nông AMC,phong lan,ốc sên nhỏ,
Startac 250 WP,Niclosamide-olamine (min 98%),Thuốc trừ ốc,Công ty CP Khoa học Công nghệ cao American,lúa,ốc bươu vàng,
"Tanthanh-oc 250SC, 760WP",Niclosamide-olamine (min 98%),Thuốc trừ ốc,Công ty CP Delta Cropcare,lúa,ốc bươu vàng,
Truocaic 700WP,Niclosamide-olamine (min 98%),Thuốc trừ ốc,Công ty CP Hoá chất Nông nghiệp và Công nghiệp AIC,lúa,ốc bươu vàng,
Cửu Châu Nghệ 520SC,Niclosamide-olamine 500g/l + Abamectin 20g/l,Thuốc trừ ốc,Công ty TNHH TM và SX Ngọc Yến,lúa,ốc bươu vàng,
Bayermunich-đức 800WP,Niclosamide-olamine 780g/kg + Abamectin 20g/kg,Thuốc trừ ốc,Công ty TNHH Anh Dẩu Tiền Giang,lúa,ốc bươu vàng,
Abuna 15GR,Saponin,Thuốc trừ ốc,Công ty TNHH SX - TM Tô Ba,cải củ; cải xanh; lúa; súp lơ,ốc bươu vàng; ốc nhớt; ốc sên,
"Anponin 150SB, 150WP",Saponin,Thuốc trừ ốc,Công ty CP XNK Nông dược Hoàng Ân,lúa,ốc bươu vàng,
"Asanin 15WP, 15GR, 35SL",Saponin,Thuốc trừ ốc,Công ty CP Thanh Điền,lúa,ốc bươu vàng,
Bai yuan 15SB,Saponin,Thuốc trừ ốc,Công ty TNHH SX TM DV Hải Bình,lúa,ốc bươu vàng,
Dibonin super 15WP,Saponin,Thuốc trừ ốc,Công ty TNHH XNK Quốc tế SARA,cải xanh; lúa,ốc bươu vàng; ốc nhớt; ốc sên,
"Espace 15WP, 21.5BR",Saponin,Thuốc trừ ốc,Công ty CP VT Nông nghiệp Tiền Giang,lúa,ốc bươu vàng,
Golfatoc 150GR,Saponin,Thuốc trừ ốc,Công ty CP Nông dược Việt Nam,lúa,ốc bươu vàng,
Maruzen Vith 15WP,Saponin,Thuốc trừ ốc,Công ty TNHH Việt Thăng,lúa,ốc bươu vàng,
Nomain 15WP,Saponin,Thuốc trừ ốc,Công ty TNHH MTV BVTV Long An,lúa,ốc bươu vàng,
Occa 15WP,Saponin,Thuốc trừ ốc,Công ty TNHH TM Tân Thành,lúa,ốc bươu vàng,
O.C annong 150 WP,Saponin,Thuốc trừ ốc,Công ty TNHH An Nông,lúa,ốc bươu vàng,
Ốc tiêu 15 GR,Saponin,Thuốc trừ ốc,Công ty TNHH TM DV Tấn Hưng,cải xanh; lúa,ốc bươu vàng; ốc nhớt; ốc sên,
Parsa 15WP,Saponin,Thuốc trừ ốc,Công ty TNHH Hóa chất Đại Nam Á,lúa,ốc bươu vàng,
"Pamidor 50 WP, 150BR",Saponin,Thuốc trừ ốc,Công ty TNHH MTV SX TM XNK Hung Xiang (Việt Nam),lúa,ốc bươu vàng,
Phenocid 20 WP,Saponin,Thuốc trừ ốc,Công ty TNHH Được Mùa,lúa,ốc bươu vàng,
Raxful 15WP,Saponin,Thuốc trừ ốc,Công ty TNHH Việt Thắng,lúa,ốc bươu vàng,
Rumba 15BR,Saponin,Thuốc trừ ốc,Công ty TNHH TM SX Khánh Phong,lúa,ốc bươu vàng,
Sabonil 15GR,Saponin,Thuốc trừ ốc,Công ty CP Hoá nông An Giang,lúa,ốc bươu vàng,
Safusu 20AP,Saponin,Thuốc trừ ốc,Công ty TNHH Long Sinh,lúa,ốc bươu vàng,
Sapo 150WP,Saponin,Thuốc trừ ốc,Công ty CP SX - TM - DV Ngọc Tùng,lúa,ốc bươu vàng,
Sapoderiss 70%BR,Saponin,Thuốc trừ ốc,Công ty TNHH TM – SX Phước Hưng,lúa,ốc bươu vàng,
"Saponolusa 150BR, 150GR",Saponin,Thuốc trừ ốc,Công ty CP Quốc tế Agritech Hoa Kỳ,lúa,ốc bươu vàng,
Saponular 15 GR,Saponin,Thuốc trừ ốc,Công ty TNHH Sitto Việt Nam,lúa,ốc bươu vàng,
Soliti 15 WP,Saponin,Thuốc trừ ốc,Công ty CP Nicotex,lúa,ốc bươu vàng,
"Super Fatoc 150WP, 150GR",Saponin,Thuốc trừ ốc,Công ty CP Công nghệ cao Thuốc BVTV USA,lúa,ốc bươu vàng,
Teapowder 150 BR,Saponin,Thuốc trừ ốc,Công ty TNHH Hóa sinh Huykim Hàn Quốc,lúa,ốc bươu vàng,TT28/2026: đổi tổ chức đăng ký
Thiocis 150GR,Saponin,Thuốc trừ ốc,Công ty CP Hoá nông Mỹ Việt Đức,lúa,ốc bươu vàng,
Tranin super 18WP,Saponin,Thuốc trừ ốc,Công ty TNHH TM SX Thôn Trang,lúa,ốc bươu vàng,
Hasten 70.4SL,Esterified vegetable oil (min 60%),,Sumitomo Corporation Vietnam LLC,bipyridilium; cyclohexanedion; cây trồng thuộc nhóm triazole; lúa thuộc nhóm sulfonyl urea,tăng hiệu quả của nhóm thuốc trừ bệnh; tăng hiệu quả của nhóm thuốc trừ cỏ chọn lọc sau nảy mầm,
Rocten 748SL,Esterified vegetable oil (min 60%),,Công ty CP BVTV An Hưng Phát,,,
Subain 99SL,Esters of botanical oil (min 80%),,Công ty CP Multiagro,Lân hữu cơ (sâu cuốn; Pyrethroid (sâu; lúa); rau cải),hỗ trợ thuốc trừ bệnh nhóm: Triazole (khô vằn; hỗ trợ thuốc trừ cỏ nhóm: Sulfonyl urea (cỏ; hỗ trợ thuốc trừ sâu nhóm: Carbamate (rầy nâu; lá; xanh,
Enomil 30SL,Trisiloxane ethoxylate,,Công ty CP Enasa Việt Nam,,,
Termifinn 2.5EC,Bifenthrin (min 97%),,Công ty CP US Farm Việt Nam,công trình xây dựng,mối,
Dầu trừ mối M-4 1.2SL,Beta-naphthol 1% + Fenvalerate 0.2%,,Công ty CP Thuốc sát trùng Việt Nam,,,
Xterm 1%,Bistrifluron (min 95%),,Công ty TNHH Hoá chất Sumitomo Việt Nam,công trình xây dựng,mối,
Altriset® 200SC,Chlorantraniliprole (min 93%),,Công ty TNHH Syngenta Việt Nam,công trình xây dựng,mối,
Chlorfen Asa 240SC,Chlorfenapyr (min 94%),,Công ty CP BVTV Asata Hoa Kỳ,công trình xây dựng,mối,
Mythic 240SC,Chlorfenapyr (min 94%),,"BASF Vietnam Co., Ltd",công trình xây dựng,mối,
Pekamoi 250SC,Chlorfenapyr (min 94%),,Công ty TNHH Tập đoàn An Nông,công trình xây dựng,mối,
Ozaki 240SC,Chlorfenapyr (min 94%),,Công ty TNHH Đầu tư và Phát triển Ngọc Lâm,công trình xây dựng; đê điều,mối,
Requiem 1 RB,Chlorfluazuron (min 94%),,Ensystex Australasia Pty Ltd,công trình xây dựng,mối,
Pescon 250SC,Chlorfluazuron 100g/l + Indoxacarb 150g/l,,Agria S.A,công trình xây dựng,mối,
Bora-Care 40SC,Disodium Octaborate Tetrahydrate (min 98%),,Công ty TNHH TM DV Toàn Diện,công trình xây dựng,mối,
Wopro 10FG 2,Extract of Cashew nut shell oil (min 97%),,Viện Khoa học Lâm nghiệp Việt Nam,công trình xây dựng,mối,
Ducati 10.5SC,Fenvalerate (min 93%),,Công ty TNHH TM và PT Phú Thịnh,công trình xây dựng,mối,
Wazary 10SC,Fenvalerate (min 93%),,Công ty TNHH Hoá chất Sumitomo Việt Nam,công trình xây dựng,mối,
Mobahex 7.5 RB,Hexaflumuron (min 95%),,Viện Sinh thái và Bảo vệ công trình,công trình xây dựng,mối,
Sentricon® HD 0.5RB,Hexaflumuron (min 95%),,Công ty TNHH Corteva Agriscience Việt Nam,công trình xây dựng,mối,
Amadi 200SC,Imidacloprid (min 96%),,Công ty CP Liên doanh quốc tế Fujimoto,công trình xây dựng,mối,
Great 200SC,Imidacloprid (min 96%),,Công ty TNHH TM và PT Phú Thịnh,công trình xây dựng,mối,
"Hunter 50SC, 200SL",Imidacloprid (min 96%),,Công ty TNHH Đầu tư và Phát triển Ngọc Lâm,công trình xây dựng; đê điều,mối,
Imi.moi 250SC,Imidacloprid (min 96%),,Công ty TNHH Tập đoàn An Nông,công trình xây dựng,mối,
Mantra TC 30.5SC,Imidacloprid (min 96%),,Công ty TNHH Hóa sinh Vinchem,công trình xây dựng,mối,
Premise 200SC,Imidacloprid (min 96%),,Bayer Vietnam Ltd (BVL),công trình xây dựng,mối,
Termize 200SC,Imidacloprid (min 96%),,Imaspro Resources Sdn Bhd,công trình xây dựng,mối,
Metavina 80LS,Metarhizium anisopliae M1 & M7 108 - 109 bào tử/ml,,Công ty CP Công nghệ Sinh Thái Việt,đê; đập,mối,
Argendan 300EC,Permethrin (min 92%),,Công ty CP Hatashi Việt Nam,công trình xây dựng,mối,
Map boxer 30EC,Permethrin (min 92%),,Map Pacific Pte Ltd,công trình xây dựng,mối,
PMC 90 DP,Na SiF 50% + H BO 10% + 2 6 3 3 CuSO 30% 4,,Viện Khoa học Lâm nghiệp Việt Nam,cây lâm nghiệp,mối,
PMs 100 CP,Na SiF 80% + ZnCl 20% 2 6 2,,Viện Khoa học Lâm nghiệp Việt Nam,hàng rào quanh công trình xây dựng; nền móng,mối,
Lazer 480SC,Spinosad (min 85%),,Công ty CP Hợp Trí Summit,công trình xây dựng,mối,
56% Plate,Spinosad (min 85%),Thuốc trừ sâu,,,,
Actellic® 50EC,Pirimiphos-methyl (min 88%),Thuốc trừ sâu,Công ty TNHH Syngenta Việt Nam,kho bảo quản ngô; kho tàng,mọt; sâu mọt,
Acelepryn® 200SC,Chlorantraniliprole (min 93%),Thuốc trừ sâu,Công ty TNHH Syngenta Việt Nam,cỏ sân golf,sâu xám; sùng đất,
Subdue Maxx® 240SL,Metalaxyl-M (min 91%),Thuốc trừ sâu,Công ty TNHH Phân bón Nông Tín,cỏ sân golf,héo rũ tàn lụi,
Banner Maxx® 156EC,Propiconazole (min 90%),Thuốc trừ sâu,Công ty TNHH Syngenta Việt Nam,cỏ sân golf,đốm nâu,
Primo Maxx® 120SL,Trinexapac-Ethyl (min 94%),Thuốc trừ sâu,Công ty TNHH Phân bón Nông Tín,cỏ sân golf,điều hoà sinh trưởng,
Fortenza® Duo 480FS,Cyantraniliprole 240g/l + Thiamethoxam 240g/l,Thuốc trừ sâu,Công ty TNHH Syngenta Việt Nam,ngô,sâu xám; xử lý hạt giống trừ sâu keo mùa thu,
Sakura 40WP,Dinotefuran 25% + Hymexazol (min 98%) 15%,Thuốc trừ sâu,"Mitsui Chemicals Crop & Life Solutions, Inc",lúa,bọ trĩ; xử lý hạt giống trừ rầy nâu,
Barooco 600FS,Imidacloprid (min 96%),Thuốc trừ sâu,Công ty TNHH Nam Bộ,lúa,xử lý hạt giống trừ bọ trĩ,
Dimida 600FS,Imidacloprid (min 96%),Thuốc trừ sâu,Công ty TNHH BVTV Đồng Phát,lúa,xử lý hạt giống trừ bọ trĩ,
"Gaucho 70 WS, 600FS",Imidacloprid (min 96%),Thuốc trừ sâu,Bayer Vietnam Ltd (BVL),bông vải; lúa; ngô; rầy; xử lý hạt giống trừ bọ trĩ,bọ trĩ; nâu; ruồi; rầy xanh; rệp; xử lý hạt giống trừ rầy nâu; xử lý hạt giống trừ rệp muội; xử lý hạt giống trừ sâu chích hút; xử lý hạt giống trừ sâu trong đất,
Gaotra 600FS,Imidacloprid (min 96%),Thuốc trừ bệnh,Công ty TNHH Việt Đức,lúa,xử lý hạt giống trừ bọ trĩ,
Kola gold 660WP,Imidacloprid 300g/kg + Metconazole 360g/kg,Thuốc trừ bệnh,Công ty TNHH ADC,lúa,bệnh lúa von; xử lý hạt giống trừ rầy nâu,
Obawin 660WP,Imidacloprid 300g/kg + Metconazole 360g/kg,Thuốc trừ bệnh,Công ty TNHH TM DV Tấn Hưng,lúa,rầy nâu; xử lý hạt giống trừ bệnh lúa von,
London-anh quốc 670FS,Imidacloprid 370g/kg + Metconazole 300g/kg,Thuốc trừ bệnh,"Công ty TNHH Hóa chất Phân bón, Thuốc BVTV Dubai",lúa,xử lý hạt giống trừ rầy nâu,
Hektor 246FS,Imidacloprid 233 g/l + Tebuconazole 13 g/l,Thuốc trừ bệnh,Công ty TNHH UPL Việt Nam,ngô,xử lý hạt giống trừ sâu xám,
Cruiser® 350FS,Thiamethoxam (min 95%),Thuốc trừ bệnh,Công ty TNHH Syngenta Việt Nam,bông vải; lúa; ngô,rầy xanh; rệp; xử lý hạt giống trừ bọ trĩ; xử lý hạt giống trừ sâu xám,
DN Affara 25WG,Thiamethoxam (min 95%),Thuốc trừ bệnh,Công ty TNHH TM DV Đức Nông,lúa,xử lý hạt giống trừ bọ trĩ,
Reno 350FS,Thiamethoxam (min 95%),Thuốc trừ bệnh,Công ty TNHH UPL Việt Nam,lúa,xử lý hạt giống trừ bọ trĩ,
Pre-pat 412.5FS,Thiamethoxam 300g/l + Azoxystrobin 50g/l + Prochloraz 62.5g/l,Thuốc trừ bệnh,Công ty CP Nông Tín AG,lúa,xử lý hạt giống trừ rầy nâu,
Anrusher 325FS,Thiamethoxam 250g/l + Difenoconazole 75g/l,Thuốc trừ bệnh,Công ty CP XNK Nông dược Hoàng Ân,lúa,xử lý hạt giống trừ rầy nâu,
Cruiser® Plus 312.5FS,Thiamethoxam 262.5g/l + Difenoconazole 25g/l + Fludioxonil 25g/l,Thuốc trừ bệnh,Công ty TNHH Syngenta Việt Nam,lúa; lạc; ngô; đậu tương,lúa von; rầy lưng trắng; rầy nâu; xử lý hạt giống trừ bệnh chết ẻo cây con; xử lý hạt giống trừ bệnh lở cổ rễ cây con; xử lý hạt giống trừ sâu xám; xử lý hạt giống để trừ bọ trĩ,
Celest 025FS,Fludioxonil (min 96.8%),Thuốc trừ bệnh,Công ty TNHH Syngenta Việt Nam,lúa,xử lý hạt giống trừ bệnh lúa von,
Maxim XL 035 FS,Fludioxonil 25g/l + Metalaxyl-M 10 g/l,Thuốc trừ bệnh,Công ty TNHH Syngenta Việt Nam,ngô,xử lý hạt giống trừ bệnh chết cây con,
Jivon 6WP,Ipconazole (min 95%),Thuốc trừ bệnh,Sumitomo Corporation Vietnam LLC,lúa,xử lý hạt giống trừ bệnh lúa von,
Routine 200SC,Isotianil (min 96%),,Bayer Vietnam Ltd (BVL),bạc; cà chua; héo; lúa; lúa (xử lý hạt giống),lá; xanh; đạo ôn,
Routine start 280FS,Isotianil 200g/l + Trifloxystrobin 80g/l,,Bayer Vietnam Ltd (BVL),lúa,xử lý hạt giống trừ đạo ôn,
Provil super 10SL,Metconazole (min 94%),,Công ty TNHH TM Tân Thành,lúa,xử lý hạt giống trừ bệnh lúa von,
Apron® XL 350ES,Metalaxyl-M (min 91%),,Công ty TNHH Syngenta Việt Nam,ngô,xử lý hạt giống trừ bệnh mốc sương (bạch tạng),
Neutral 317 FS,Metalaxyl (min 95%),,Công ty TNHH UPL Việt Nam,ngô,xử lý hạt giống trừ bệnh bạch tạng,
Biwonusa 800WP,Metiram complex 650g/kg + Thiamethoxam 150g/kg,,Công ty TNHH TM SX Thôn Trang,lúa,xử lý hạt giống trừ bệnh lúa von,
LumisenaTM 200FS,Oxathiapiprolin (min 95%),,Công ty TNHH Corteva Agriscience Việt Nam,ngô,xử lý hạt giống trừ bệnh sọc lá,
Foniduc 450SC,Tebuconazole (min 95%),,Công ty TNHH Việt Đức,lúa,xử lý hạt giống trừ bệnh lúa von,
Trifmine 15EC,Triflumizole (min 99.38%),,Sumitomo Corporation Vietnam LLC,lúa,xử lý hạt giống trừ bệnh lúa von,
Oorja 50HN,Chlorpropham (min 98%),,Công ty TNHH UPL Việt Nam,khoai tây,bảo quản,
Scholar 230SC,Fludioxonil (min 96.8%),,Công ty TNHH Syngenta Việt Nam,vải,bảo quản sau thu hoạch,
Cyromaz 31SC,Abamectin 0.7% + Cyromazine 30.3%,,Công ty CP Hóa chất SAM,khoai tây,dòi đục lá,TT28/2026: bổ sung mới
Hatathonplus 10SC,Abamectin 2% + Chlorantraniliprole 8%,,Công ty TNHH BVTV Hoàng Anh,lạc,sâu khoang,TT28/2026: bổ sung mới
Bigbang 14SC,Abamectin 4% + Chlorfenapyr 10%,,Công ty CP Green Mê Kông,khoai lang,sâu khoang,TT28/2026: bổ sung mới
Itafost 5GR,Abamectin 0.45% + Fosthiazate 4.55%,,Công ty CP Itagro Việt Nam,hồ tiêu,tuyến trùng,TT28/2026: bổ sung mới
Acquino 15SC,Acequinocyl (min 96%),,Công ty CP Global Farm,hoa hồng; đậu tương,nhện đỏ,TT28/2026: bổ sung mới
Tink 70WG,Acetamiprid (min 97%),,"Ningbo Sunjoy Agroscience Co., Ltd",đậu tương,rệp muội,TT28/2026: bổ sung mới
Rinride 7.5ME,Acetamiprid 2.5% + Beta-cypermethrin 5%,,Công ty TNHH Bio Delta,cà phê,rệp sáp,TT28/2026: bổ sung mới
New Miten 250WP,Acetamiprid 100g/kg + Buprofezin 150g/kg,,Công ty CP S New Rice,cà phê,rệp sáp,TT28/2026: bổ sung mới
Aphistar 239OD,Acetamiprid 106g/l + Flonicamid 133g/l,,"Ningbo Sunjoy Agroscience Co., Ltd",ngô,rệp muội,TT28/2026: bổ sung mới
NL Aceflo 25ME,Acetamiprid 10% + Flonicamid 15%,,Công ty TNHH Nguyệt Liên,lạc,sâu khoang,TT28/2026: bổ sung mới
Aceta Extra 40WG,Acetamiprid 30% + Lambda-cyhalothrin 10%,,Công ty TNHH One Bee Việt Nam,hoa cúc,bọ trĩ,TT28/2026: bổ sung mới
Fentakill 26WG,Acetamiprid 23.5% + Lambda-cyhalothrin 2.5%,,Công ty CP Cali Agritech USA,đậu tương,sâu xanh da láng,TT28/2026: bổ sung mới
Flocento® 54WG,Acetamiprid 24% + Spiropidion 30%,,Công ty TNHH Syngenta Việt Nam,lúa,bọ phấn trắng,TT28/2026: bổ sung mới
Finis 16WP,Bacillus thuringiensis,,Công ty TNHH TM Hải Thụy,lạc,sâu xanh da láng,TT28/2026: bổ sung mới
Sympatico 26SE,Bacillus thuringiensis subsp aizawai 10.4% (4 x 108 CFU/ml) + Bacillus thuringiensis subsp kurstaki 15.6% (6 x 108 CFU/ml),,Công ty TNHH Hóa chất Sumitomo Việt Nam,ớt,sâu đục quả,TT28/2026: bổ sung mới
Bassia 300WP,Beauveria bassiana,,Công ty TNHH BVTV Akita Việt Nam,cà chua,sâu xanh da láng,TT28/2026: bổ sung mới
Bimite 480SC,Bifenazate (min 95%),,Công ty CP Hợp Trí Summit,sầu riêng,nhện đỏ,TT28/2026: bổ sung mới
Redking 43SC,,,Công ty CP Green Mê Kông,sắn,nhện đỏ,TT28/2026: bổ sung mới
Mecomite 30SC,Bifenazate 20% + Clofentezine 10%,,Công ty TNHH TM Hải Thụy,lạc,nhện đỏ,TT28/2026: bổ sung mới
Simon Extra 40SC,Bifenazate 25% + Etoxazole 15%,,Công ty TNHH One Bee Science,hoa cúc,nhện đỏ hai chấm,TT28/2026: bổ sung mới
Extra-Spiderindia 56.4SC,Bifenthrin 9.4% + Diafenthiuron 47%,,Công ty CP Hóa chất SAM,ngô,sâu keo mùa thu,TT28/2026: bổ sung mới
Bica Ggo 150SC,Bifenthrin 50g/l + Flonicamid 100g/l,,Công ty TNHH TM Nam Hải Group,hoa hồng,bọ trĩ,TT28/2026: bổ sung mới
NL Yijiete 20SC,Bifenthrin 10% + Flonicamid 10%,,Công ty TNHH Nguyệt Liên,ngô,sâu keo mùa thu,TT28/2026: bổ sung mới
BH-Biroxy 20EC,Bifenthrin 10% + Pyriproxyfen 10%,,Công ty TNHH Radiant AG,lạc,sâu khoang,TT28/2026: bổ sung mới
Xyfe Ggo 20EC,,,Công ty TNHH Nông nghiệp Công nghệ xanh Bắc Giang,ngô,sâu keo mùa thu,TT28/2026: bổ sung mới
Hosaku 24SC,Buprofezin 20% + Fenpyroximate 4%,,Công ty TNHH Nichino Việt Nam,cà phê; đậu tương,nhện đỏ; rệp sáp,TT28/2026: bổ sung mới
Sun Datanal 300WP,Buprofezin 100g/kg + Imidacloprid 200g/kg,,Công ty TNHH Đầu tư và Phát triển Hagrochem,sắn,bọ phấn trắng,TT28/2026: bổ sung mới
Cotap Gold 50SP,Cartap (min 97%),,Công ty TNHH SX TM DV Hợp Thịnh,mía,sâu đục thân bốn vạch đầu vàng,TT28/2026: bổ sung mới
Natosu 50WG,Clothianidin (min 95%),,"Nanjing Agrochemical Co., Ltd",ngô; sắn,bọ phấn trắng; rệp muội,TT28/2026: bổ sung mới
SV-Stellar 30SC,,,Công ty TNHH Saturn Chemical Việt Nam,ngô,rệp muội,TT28/2026: bổ sung mới
Tpeki 70WG,Clothianidin 20% + Flonicamid 50%,,Công ty TNHH Tenup,sắn,bọ phấn trắng,TT28/2026: bổ sung mới
Sumo Extra 0.5GR,Clothianidin 0.08% + Monosultap 0.42%,,Công ty TNHH A2T Việt Nam,khoai lang,bọ hà,TT28/2026: bổ sung mới
Vdifos 30SC,Clothianidin 5% + Pymetrozine 25%,,Công ty TNHH Hóa chất Nông nghiệp Long An,ngô,rệp muội,TT28/2026: bổ sung mới
Nopyra 30SC,Cyenopyrafen (min 93.5%),,Công ty CP Global Farm,cam; ớt,nhện đỏ,TT28/2026: bổ sung mới
NL-Cyeto 318SC,Cyflumetofen 212g/l + Etoxazole 106g/l,,Công ty TNHH Nguyệt Liên,hoa hồng,nhện đỏ,TT28/2026: bổ sung mới
AT - Arin 500EC,Cypermethrin (min 90%),,Công ty TNHH TM Anh Thơ,lạc,sâu cuốn lá,TT28/2026: bổ sung mới
Gli-Phos 44EC,Cypermethrin 4% + Profenofos 40%,,Công ty CP Gia Linh Agritech,lạc,sâu xanh da láng,TT28/2026: bổ sung mới
Prolindia 44EC,,,Công ty TNHH B.Helmer,lạc,sâu xanh da láng,TT28/2026: bổ sung mới
Tadopro 44EC,,,Công ty CP Vật tư Tây Đô Long An,lạc,sâu khoang,TT28/2026: bổ sung mới
Canathion 440EC,Cypermethrin 40g/l + Profenofos 400g/l,,Công ty CP Nông dược Canada,mía,rệp bông xơ,TT28/2026: bổ sung mới
Dargon VIP 40EC,Cypermethrin 2% + Phoxim 38%,,Công ty TNHH Khoa học Kỹ thuật Pharma USA,lạc,sâu khoang,TT28/2026: bổ sung mới
Agristar 200SC,Chlorantraniliprole (min 93%),,Công ty TNHH Youdao (Việt Nam),ngô,sâu đục thân,TT28/2026: bổ sung mới
Bestrole 400SC,,,"Shandong Weifang Rainbow Chemical Co., Ltd",cam,sâu vẽ bùa,TT28/2026: bổ sung mới
Centuri 18.5SC,,,Công ty CP Nông dược HAI,cải bắp,sâu tơ,TT28/2026: bổ sung mới
Gatobom 200SC,,,Fuzhou Yousifu Import and Export Trade Co. Ltd,ngô,sâu keo mùa thu,TT28/2026: bổ sung mới
Prevathon® 200SC,,,Công ty TNHH FMC Việt Nam,mía,sâu đục thân mình hồng lớn,TT28/2026: bổ sung mới
Python super 18.5SC,,,Công ty CP SX và TM Công nghệ Châu Âu,lạc,sâu khoang,TT28/2026: bổ sung mới
Babylon 15SC,Chlorantraniliprole 5% + Chlorfenapyr 10%,,Công ty TNHH TM Gem Sky,ngô,sâu keo mùa thu,TT28/2026: bổ sung mới
Samart 7SC,Chlorantraniliprole 5% + Deltamethrin 2%,,Công ty CP Kỹ thuật công nghệ Klever,ngô,sâu keo mùa thu,TT28/2026: bổ sung mới
Loran Extra 6SC,Chlorantraniliprole 4% + Emamectin benzoate 2%,,Công ty TNHH One Bee Science,ngô,sâu keo mùa thu,TT28/2026: bổ sung mới
Rosettel 12SC,Chlorantraniliprole 9% + Emamectin benzoate 3%,,Công ty TNHH Bio Delta,ngô,sâu keo mùa thu,TT28/2026: bổ sung mới
Midway 30SC,Chlorantraniliprole 10% + Methoxyfenozide 20%,,Công ty TNHH TM và PT Phú Thịnh,lạc,sâu khoang,TT28/2026: bổ sung mới
Rigen Ggo 34 SC,Chlorantraniliprole 2% + Monosultap 32%,,Công ty TNHH Nông nghiệp Công nghệ xanh Bắc Giang,ngô,sâu đục thân,TT28/2026: bổ sung mới
AKB Solar 280SC,Chlorfenapyr 80g/l + Clothianidin 200g/l,,Công ty CP Hóa sinh Akai Bara Việt Nam,đậu tương,sâu xanh da láng,TT28/2026: bổ sung mới
Mdan Kill 35SC,Chlorfenapyr 10% + Diafenthiuron 25%,,Công ty CP Mạnh Đan,ngô,sâu keo mùa thu,TT28/2026: bổ sung mới
Dura Flex 30SC,Chlorfenapyr 18% + Indoxacarb 12%,,Công ty CP KHNN Vinacoop,ngô,sâu keo mùa thu,TT28/2026: bổ sung mới
Cotella 24SC,Chlorfenapyr 19% + Lufenuron 5%,,"Beijing Bioseen Crop Sciences Co., Ltd",ngô,sâu keo mùa thu,TT28/2026: bổ sung mới
Maloch 24SC,,,Công ty CP US Farm Việt Nam,ngô,sâu keo mùa thu,TT28/2026: bổ sung mới
Dra-Lupy 12SC,Chlorfenapyr 9.5% + Lufenuron 2.5%,,Công ty CP BVTV Long Khánh,ngô,sâu keo mùa thu,TT28/2026: bổ sung mới
Estiz 12SC,,,Công ty TNHH TM Tân Thành,lúa,sâu cuốn lá,TT28/2026: bổ sung mới
Centaur 5EC,Chlorfluazuron (min 94%),,Công ty TNHH Alfa (Sài Gòn),lạc,sâu xanh da láng,TT28/2026: bổ sung mới
Delthrin 1.8EC,Deltamethrin (min 98%),,Công ty TNHH Nam Bắc,ngô,sâu đục thân,TT28/2026: bổ sung mới
Fde Ggo 13.89 SC,Deltamethrin 5.56% + Flubendiamide 8.33%,,Công ty TNHH Nông nghiệp Công nghệ xanh Bắc Giang,ngô,sâu keo mùa thu,TT28/2026: bổ sung mới
Spiderindia 47.8SC,Diafenthiuron (min 97%),,Công ty CP Hóa chất SAM,hoa hồng,nhện đỏ hai chấm,TT28/2026: bổ sung mới
TD-Bogia 50SC,,,Công ty TNHH Nông Thái Dương,hoa hồng,nhện đỏ,TT28/2026: bổ sung mới
Nema stop 0.1GR,Dinotefuran (min 89%),,Công ty TNHH VTNN Mia,cà phê,rệp sáp,TT28/2026: bổ sung mới
Lim-Win 140 OD,Dinotefuran 40g/l + Pymetrozine 100g/l,,Công ty TNHH Nông nghiệp Limin,cà phê,rệp sáp,TT28/2026: bổ sung mới
Mdan Sam 50WG,Dinotefuran 10% + Pymetrozine 40%,,Công ty CP Mạnh Đan,cà phê,rệp sáp,TT28/2026: bổ sung mới
LionMaxx 30SC,Dinotefuran 15% + Spirotetramat 15%,,Công ty TNHH Brightmart Cropscience (Việt Nam),lạc,bọ trĩ,TT28/2026: bổ sung mới
Centerosin 300SC,Dinotefuran 100g/l + Thiamethoxam 200g/l,,Công ty TNHH Hóa nông Mê Kông,hoa cúc; lạc; sắn,bọ phấn trắng; bọ trĩ; rầy xanh,TT28/2026: bổ sung mới
Jedi 9.1WG,Emamectin benzoate (Avermectin B1a 90% + Avermectin B1b 10%) (min 70%),,"Ningbo Sunjoy Agroscience Co., Ltd",ngô,sâu keo mùa thu,TT28/2026: bổ sung mới
"Mekotin plus 155WG, 80EC",,,Công ty TNHH USA Agro,Lạc; đậu tương,láng; sâu khoang,TT28/2026: bổ sung mới
Luci Extra 15SC,Emamectin benzoate 3% + Lufenuron 12%,,Công ty TNHH One Bee Việt Nam,ngô,sâu keo mùa thu,TT28/2026: bổ sung mới
M79 Gon 100EC,Etofenprox (min 96%),,Công ty TNHH Tấn Hưng Việt Nam,lạc,sâu cuốn lá,TT28/2026: bổ sung mới
Urano 150SC,,,Công ty TNHH Được Mùa,cải bắp,rệp muội xám,TT28/2026: bổ sung mới
Thibizol 20SC,Etoxazole (min 95%),,Công ty TNHH Thuốc BVTV Thiên Bình,chè,nhện đỏ,TT28/2026: bổ sung mới
Trigger 110SC,,,Công ty TNHH Alfa (Sài Gòn),cam,nhện đỏ,TT28/2026: bổ sung mới
Fosy 40SC,Etoxazole 8% + Spirodiclofen 32%,,Công ty TNHH Nông nghiệp Nhật Nguyệt,hoa hồng,nhện đỏ,TT28/2026: bổ sung mới
DB-Sunshine 25SC,Fenbutatin oxide 20% + Spirodiclofen 5%,,"Công ty TNHH Hóa chất Phân bón, Thuốc BVTV Dubai",cam; sắn,nhện đỏ,TT28/2026: bổ sung mới
Gallup 25EC,Fenpropathrin 5% + Phoxim 20%,,Công ty CP Hóc Môn,hồ tiêu; đậu tương,rệp sáp; sâu khoang,TT28/2026: bổ sung mới
Waspred 20SC,Fenpyroximate (min 96%),,Công ty TNHH MTV Hóa sinh Cửu Long,hoa hồng,nhện đỏ,TT28/2026: bổ sung mới
SV-Hamata 25EC,Fenvalerate 2.2% + Phoxim 22.8%,,Công ty TNHH Saturn Chemical Việt Nam,mía,rệp sáp,TT28/2026: bổ sung mới
Alfamid 20SC,Flonicamid (min 96%),,Công ty TNHH TM Tân Thành,lúa,rầy nâu,TT28/2026: bổ sung mới
ZQ-flourish 50WG,,,Công ty TNHH Bio Delta,ngô,rệp muội,TT28/2026: bổ sung mới
Adiamide 39.35SC,Flubendiamide (min 95%),,Công ty TNHH Pesticide Nhật Bản,đậu xanh,sâu cuốn lá,TT28/2026: bổ sung mới
Flurhone 39.35SC,,,Công ty TNHH Rhone Việt Nam,lạc,sâu xanh,TT28/2026: bổ sung mới
Tipho-si 10GR,Fosthiazate (min 93%),,Công ty TNHH TM Thái Phong,cà phê,tuyến trùng,TT28/2026: bổ sung mới
Imitado 350SC,Imidacloprid (min 96%),,Công ty CP Vật tư Tây Đô Long An,sắn,bọ phấn trắng,TT28/2026: bổ sung mới
Imitop 10WP,,,Công ty CP Hóa sinh Takashi Nhật Bản,đậu tương,sâu cuốn lá,TT28/2026: bổ sung mới
Netla 400SC,,,Công ty TNHH TM và PT Phú Thịnh,đậu tương,rệp muội,TT28/2026: bổ sung mới
Incipio® 100DC,Isocycloseram (min 96%),,Công ty TNHH Syngenta Việt Nam,cải bắp; sầu riêng,rầy xanh; sâu tơ,TT28/2026: bổ sung mới
T-P Owner 5EW,Lufenuron (min 96%),,Công ty TNHH TM Thái Phong,cải bắp,sâu tơ,TT28/2026: bổ sung mới
Atmelyzo 22SC,Metaflumizone (min 96%),,Công ty TNHH MTV XNK Quốc tế An Thành,ngô,sâu xanh,TT28/2026: bổ sung mới
Melysau 240SC,Methoxyfenozide 150g/l + Pyridalyl 90g/l,,Công ty CP Kiên Nam,cải bắp; lạc; ngô,sâu cuốn lá đầu đen; sâu keo mùa thu; sâu tơ,TT28/2026: bổ sung mới
VT. Zara 360SC,Methoxyfenozide 300g/l + Spinetoram 60g/l,,Công ty CP VT Chem,ngô,sâu keo mùa thu,TT28/2026: bổ sung mới
Hostile 80WG,Nitenpyram 20% + Pymetrozine 60%,,Công ty CP Hóc Môn,sắn,bọ phấn trắng,TT28/2026: bổ sung mới
Aova 10EC,Novaluron (min 96%),,Công ty TNHH Pesticide Nhật Bản,đậu xanh,sâu cuốn lá,TT28/2026: bổ sung mới
Most Tox 25EC,Permethrin (min 92%),,Công ty TNHH United Pesticides,lạc,sâu khoang,TT28/2026: bổ sung mới
IKD-Rico 50EC,Profenofos (min 87%),,Công ty CP Nghiên cứu Ứng dụng Công nghệ sinh học IKD – Hoa Kỳ,sắn,rệp sáp bột hồng,TT28/2026: bổ sung mới
Profos gold 50EC,,,Công ty TNHH Hóa sinh Mùa Vàng,khoai lang,sâu khoang,TT28/2026: bổ sung mới
"Tiwepusa 247EC, 247SC",Profenofos 100g/l + Thiamethoxam 147g/l,,Công ty CP SAM,ngô,sâu keo mùa thu,TT28/2026: bổ sung mới
Camikte 730EC,Propargite (min 85%),,Công ty CP Genta Thụy Sĩ,hoa hồng,nhện đỏ,TT28/2026: bổ sung mới
Xilanh 100EC,Pyridalyl (min 91%),,Công ty TNHH TM SX Thôn Trang,lạc; đậu tương,sâu khoang; sâu xanh da láng,TT28/2026: bổ sung mới
Cori 100EW,Pyriproxyfen (min 95%),,Công ty TNHH Hóa chất Sumitomo Việt Nam,ớt,bọ phấn trắng,TT28/2026: bổ sung mới
Gold Sun 25SC,Pyriproxyfen 15% + Spirotetramat 10%,,Công ty CP Hóa sinh Takashi Nhật Bản,sầu riêng,rệp sáp,TT28/2026: bổ sung mới
Ximsur 40EC,Phoxim (min 90%),,Công ty TNHH Thuốc BVTV Nam Nông,cà phê,rệp sáp bột,TT28/2026: bổ sung mới
Hariphos 25EC,Quinalphos (min 70%),,Công ty TNHH BVTV Hoàng Anh,lạc,sâu khoang,TT28/2026: bổ sung mới
Neweto 60SC,Spinetoram (min 86.4%),,Công ty CP S New Rice,hành,sâu xanh da láng,TT28/2026: bổ sung mới
Qiluspin Full 480SC,Spinosad (min 85%),,Công ty TNHH SSA Cropcare,cải bắp,sâu tơ,TT28/2026: bổ sung mới
Rollercide 20WG,,,"Beijing Bioseen Crop Sciences Co., Ltd",dưa chuột,bọ trĩ,TT28/2026: bổ sung mới
Vdimex 22.9SC,,,Công ty CP Quốc tế Việt Đức,hoa hồng,nhện đỏ,TT28/2026: bổ sung mới
Oomoo 150 OD,,,Công ty TNHH Tấn Hưng Việt Nam,thanh long,rệp sáp,TT28/2026: bổ sung mới
Avento Gold 22SC,Spirotetramat 11% + Thiacloprid 11%,,Công ty TNHH Thuốc BVTV Thiên Bình,cà phê,rệp sáp,TT28/2026: bổ sung mới
Poly-virus 500 million PIB/ml SC,Spodoptera exigua nucleopolyhedrovirus,,Công ty TNHH Spring Development,dưa hấu,sâu xanh da láng,TT28/2026: bổ sung mới
Sunfusa 80WG,Sulfur (min 99%),,Công ty CP SAM,hoa hồng,nhện đỏ,TT28/2026: bổ sung mới
Tezide 200SC,Tebufenozide (min 98%),,Công ty CP Hitaka,cải bắp,sâu tơ,TT28/2026: bổ sung mới
Actime 350SC,Thiamethoxam (min 95%),,Công ty TNHH Asia Agro,mía,rệp bông xơ,TT28/2026: bổ sung mới
Bastara 25WG,,,Công ty CP Vision Chemical,đậu tương,rầy xanh,TT28/2026: bổ sung mới
Lanomethoxam 25WG,,,Công ty CP Hóa nông Lâm Ngọc,lạc,sâu khoang,TT28/2026: bổ sung mới
"Thiagold 111WP, 500SC, 680WG",,,Công ty CP Bigfive Việt Nam,lạc; ngô; sắn,rệp muội; trĩ; trắng,TT28/2026: bổ sung mới
ADU-Azomax 48SC,Azoxystrobin 30% + Difenoconazole 18%,,Công ty TNHH ADU Việt Nam,lạc,đốm nâu,TT28/2026: bổ sung mới
Armytatopusa 500SC,Azoxystrobin 250g/l + Difenoconazole 250g/l,,Công ty TNHH Agritech Sài Gòn,cà phê,rỉ sắt,TT28/2026: bổ sung mới
Newone 500SC,,,Công ty CP S New Rice,hồ tiêu,chết nhanh,TT28/2026: bổ sung mới
Damanso 325SC,Azoxystrobin 200g/l + Difenoconazole 125g/l,,Sinon Corporation,cà phê,rỉ sắt,TT28/2026: bổ sung mới
Linkstar 325SC,,,"Limin Group Co., Ltd",cà phê,thán thư,TT28/2026: bổ sung mới
Sun Cotrobil 150SC,Azoxystrobin 50g/l + Hexaconazole 100g/l,,Công ty TNHH Đầu tư và Phát triển Hagrochem,lạc,đốm nâu,TT28/2026: bổ sung mới
Azota 29.3SC,Azoxystrobin 11% + Tebuconazole 18.3%,,Công ty CP Gia Linh Agritech,cà phê,rỉ sắt,TT28/2026: bổ sung mới
Tamiz 280SE,Azoxystrobin 120g/l + Tebuconazole 160g/l,,Công ty TNHH Nufarm Việt Nam,cà phê; hoa cúc; lạc,rỉ sắt; thán thư; đốm nâu,TT28/2026: bổ sung mới
Begold 50SC,Azoxystrobin 20% + Zinc thiazole 30%,,"Zhejiang Xinnong Chemical Co., Ltd",dưa chuột,giả sương mai,TT28/2026: bổ sung mới
Hataka WP,Bacillus amyloliquefaciens H201,,Công ty TNHH B.Helmer,cà chua; dưa chuột,phấn trắng; đốm vòng,TT28/2026: bổ sung mới
Wasaki 500WG,Boscalid (min 96%),,Công ty TNHH TM và SX ASVN,hồ tiêu,thán thư,TT28/2026: bổ sung mới
Becket 45SC,Boscalid 30% + Pyraclostrobin 15%,,Công ty TNHH Vestaron,cà chua,mốc sương,TT28/2026: bổ sung mới
Boyka 50WG,Boscalid 22.5% + Pyrimethanil 27.5%,,Công ty TNHH ADU Việt Nam,hồ tiêu,chết nhanh,TT28/2026: bổ sung mới
ET-Pymelid 40SC,Boscalid 20% + Pyrimethanil 20%,,"Shanghai E-tong Chemical Co., Ltd",ớt,thán thư,TT28/2026: bổ sung mới
New Salic 700WP,Bronopol 450g/kg + Salicylic acid 250g/kg,,Công ty CP S New Rice,lạc,héo xanh,TT28/2026: bổ sung mới
Moroxy 20WP,Copper acetate 4% + Moroxydine hydrochloride 16%,,Công ty CP BMC Việt Nam,ngô,đốm lá,TT28/2026: bổ sung mới
Vadavir 20WP,Copper acetate 10% + Moroxydine hydrochloride 10%,,Công ty TNHH TM-DV VAD,lạc,héo xanh,TT28/2026: bổ sung mới
Babo 77WP,Copper hydroxide (min Cu 57.3%),,Công ty CP Hóc Môn,lạc,đốm nâu,TT28/2026: bổ sung mới
Copperindiavb 77WP,,,Công ty TNHH Vbook Hoa Kỳ,cà phê,thán thư,TT28/2026: bổ sung mới
Champigold 77WP,,,Công ty CP ADN Châu Á,cà phê,thán thư,TT28/2026: bổ sung mới
Cocide super 880WP,Copper oxychloride (min Cu 55%),,"Công ty TNHH Hóa chất Phân bón, Thuốc BVTV Dubai",cà phê,rỉ sắt,TT28/2026: bổ sung mới
Mocopindiatv 50WP,,,Công ty TNHH Hóa chất và TM Trần Vũ,cà phê,thán thư,TT28/2026: bổ sung mới
Kacop 50WP,Copper oxychloride 45% + Kasugamycin 5%,,Công ty TNHH Nông nghiệp New Season,khoai tây,mốc sương,TT28/2026: bổ sung mới
Cophatevbindia 20WP,Copper sulfate (min 98%),,Công ty TNHH Vbook Hoa Kỳ,cà phê,thán thư,TT28/2026: bổ sung mới
Super Mastercop 21SC,Copper sulfate pentahydrate (min 98%),,Công ty TNHH DVTM Witip,khoai tây,héo xanh vi khuẩn,TT28/2026: bổ sung mới
Zucanew 100SC,,,Công ty TNHH TM SX Thôn Trang,dưa hấu,giả sương mai,TT28/2026: bổ sung mới
ET-Isac 25SC,Cyazofamid 5% + Pyraclostrobin 20%,,"Shanghai E-tong Chemical Co., Ltd",cam; cà chua; nho,mốc sương; phấn trắng; sẹo,TT28/2026: bổ sung mới
Dimexil 48SC,Cymoxanil 8% + Dimethomorph 40%,,"Shandong Runke Chemical Co., Ltd",hồ tiêu; khoai tây,chết nhanh; mốc sương,TT28/2026: bổ sung mới
Sala 70WG,Cymoxanil 20% + Dimethomorph 50%,,Công ty CP Hóc Môn,hồ tiêu,chết nhanh,TT28/2026: bổ sung mới
Opertop 30EC,Difenoconazole 10% + Pyraclostrobin 20%,,Công ty CP Genta Thụy Sĩ,đậu tương,rỉ sắt,TT28/2026: bổ sung mới
Defender 400SC,Difenoconazole 150g/l + Pyraclostrobin 250g/l,,Công ty TNHH thuốc BVTV NCC,hoa hồng,thán thư,TT28/2026: bổ sung mới
TGreen 40SC,Difenoconazole 15% + Pyraclostrobin 25%,,Công ty CP Nông dược Nhật Thành,cà phê,rỉ sắt,TT28/2026: bổ sung mới
DB-Goat 40SC,Dimethomorph (min 98%),,"Công ty TNHH Hóa chất Phân bón, Thuốc BVTV Dubai",cam; dưa chuột; sầu riêng,giả sương mai; xì mủ,TT28/2026: bổ sung mới
Dime Super 50WP,,,Công ty TNHH Khoa học Kỹ thuật Pharma USA,hồ tiêu,chết nhanh,TT28/2026: bổ sung mới
Hafking 40SC,,,Công ty TNHH TM Haflife Việt Nam,khoai tây,mốc sương,TT28/2026: bổ sung mới
Halminton 40SC,,,Công ty CP Hóa chất SAM,hồ tiêu,chết nhanh,TT28/2026: bổ sung mới
Promode 40SC,,,Công ty TNHH Kona Crop Science,khoai tây,mốc sương,TT28/2026: bổ sung mới
Aphytop 480SC,Dimethomorph 240g/l + Fluazinam 240g/l,,Công ty CP US Farm Việt Nam,khoai tây,mốc sương,TT28/2026: bổ sung mới
Atdimatca 36SC,Dimethomorph 30% + Fluopicolide 6%,,Công ty TNHH MTV XNK Quốc tế An Thành,dưa chuột,chết cây con,TT28/2026: bổ sung mới
HF-Phyto 40SC,Dimethomorph 30% + Fluopicolide 10%,,Công ty TNHH TM Haflife Việt Nam,khoai tây,mốc sương,TT28/2026: bổ sung mới
Arobate MD 69WP,Dimethomorph 9% + Mancozeb 60%,,Công ty TNHH Thuốc BVTV Nam Nông,dưa chuột,giả sương mai,TT28/2026: bổ sung mới
Hillstart 480SC,Dimethomorph 380g/l + Pyraclostrobin 100g/l,,Công ty TNHH TM SX Thôn Trang,cà phê; đậu tương,rỉ sắt; thán thư,TT28/2026: bổ sung mới
Dinazo 25EC,Diniconazole (min 94%),,Công ty TNHH Á Châu Hoá Sinh,lạc,đốm đen,TT28/2026: bổ sung mới
Titliss 40SC,Fenoxanil (min 95%),,Công ty TNHH Nam Bắc,lúa,đạo ôn,TT28/2026: bổ sung mới
Xanil Top 40SC,,,Công ty TNHH MTV Lucky,lúa,đạo ôn,TT28/2026: bổ sung mới
Newpro 360EC,Fenoxanil 60g/l + Isoprothiolane 300g/l,,Công ty CP S New Rice,lúa,đạo ôn,TT28/2026: bổ sung mới
Fenotil 30SC,Fenoxanil 20% + Propiconazole 10%,,Công ty TNHH Hoá sinh Thái Nam,cà phê,nấm hồng,TT28/2026: bổ sung mới
Roleguard 416.7SC,Fenhexamid (min 97%) 350g/l + Tebuconazole 66.7g/l,,"Shandong Runke Chemical Co., Ltd",ngô,khô vằn,TT28/2026: bổ sung mới
Fluzi 500SC,Fluazinam (min 96%),,Công ty CP Hợp Trí Summit,cà chua,sương mai,TT28/2026: bổ sung mới
Navi-fluzi 500SC,,,Công ty CP Khử trùng Nam Việt,khoai tây,đốm vòng,TT28/2026: bổ sung mới
Topnam 500SC,,,Công ty CP BMC Việt Nam,cam; đào cảnh,ghẻ; thán thư,TT28/2026: bổ sung mới
Naflucarb 687.5SC,Fluopicolide 62.5g/l + Propamocarb hydrochloride 625g/l,,"Nanjing Agrochemical Co., Ltd",dưa hấu; vải,giả sương mai; sương mai,TT28/2026: bổ sung mới
Spring Inner 32SC,Fluopicolide 8% + Pyraclostrobin 24%,,Công ty TNHH Spring Development,cà phê,thán thư,TT28/2026: bổ sung mới
Mizuki 400EC,Flusilazole 250g/l + Pyraclostrobin 150g/l,,Công ty TNHH XNK Nông dược Uy Nông,hoa hồng,thán thư,TT28/2026: bổ sung mới
Crystal 500SC,Folpet (min 90%),,Công ty CP Bigfive Việt Nam,dưa chuột,giả sương mai,TT28/2026: bổ sung mới
Nanox 40WP,Fosetyl-aluminium (min 95%),,Công ty TNHH A2T Việt Nam,lạc,chết cây con,TT28/2026: bổ sung mới
Biosuper 1SL,Fungous Proteoglycan,,Công ty CP Công nghệ sinh học và môi trường,cà chua,héo xanh,TT28/2026: bổ sung mới
Family 1SL,,,Công ty TNHH Fujimoto Việt Nam,hoa cúc; lúa,bạc lá; héo xanh,TT28/2026: bổ sung mới
Sinavil 10SC,,,Công ty TNHH Sinaco Chemical,cà phê; hoa hồng,phấn trắng; rỉ sắt,TT28/2026: bổ sung mới
New Floxy 99.9SC,Hexaconazole 50g/l + Sulfur 49.9g/l,,Công ty CP S New Rice,cà phê,thán thư,TT28/2026: bổ sung mới
Gavil 130SC,Hexaconazole 105g/l + Thifluzamide 25g/l,,Công ty CP Genta Thụy Sĩ,ngô,khô vằn,TT28/2026: bổ sung mới
Longwolf 30SC,Hexaconazole 15% + Thifluzamide 15%,,Công ty TNHH MTV Hóa sinh Cửu Long,ngô,khô vằn,TT28/2026: bổ sung mới
AF-Hymexyl 30SL,Hymexazol 24% + Metalaxyl 6%,,Công ty TNHH Agrifuture,cà phê,rỉ sắt,TT28/2026: bổ sung mới
Prothanil 40SC,Iprodione 20% + Pyrimethanil 20%,,Công ty TNHH TM Hải Thụy,hoa hồng,phấn trắng,TT28/2026: bổ sung mới
Unitop 520EC,Isoprothiolane 390g/l + Prochloraz 130g/l,,Công ty CP Nông nghiệp Unilas Việt Nam,cà phê,thán thư,TT28/2026: bổ sung mới
Kasuplus 4SL,Kasugamycin (min 70%),,Công ty TNHH Hoá sinh Thái Nam,cam; cải bắp; hành,loét; thối nhũn,TT28/2026: bổ sung mới
VT-Kagami 3SL,,,Công ty TNHH CNSH Quốc tế Việt Thái,cải bắp,thối nhũn,TT28/2026: bổ sung mới
Oxicoperusavb 33SC,Kasugamycin 3% + Oxine copper 30%,,Công ty TNHH Vbook Hoa Kỳ,cà phê,rỉ sắt,TT28/2026: bổ sung mới
AU-Perfect 36SC,Kasugamycin 3% + Oxine copper 33%,,Công ty TNHH Authentique Việt Nam,cà phê,rỉ sắt,TT28/2026: bổ sung mới
Krexim 44.3SC,Kresoxim-methyl (min 95%),,Công ty CP SAM,cà phê,rỉ sắt,TT28/2026: bổ sung mới
Zebbul 800WP,Mancozeb (min 85%),,Công ty CP Green Mê Kông,lạc,rỉ sắt,TT28/2026: bổ sung mới
Metala 2M 58WP,Mancozeb 48% + Metalaxyl 10%,,Công ty TNHH Pesticide Nhật Bản,cà phê,rỉ sắt,TT28/2026: bổ sung mới
T-Double 70WP,Mancozeb 28% + Sulfur 42%,,Công ty CP Nông dược Nhật Thành,cà phê,thán thư,TT28/2026: bổ sung mới
Eroxyl Gold 250WP,Metalaxyl (min 95%),,Công ty CP SX và TM Công nghệ Châu Âu,hoa hồng,sương mai,TT28/2026: bổ sung mới
Shaika 250SC,,,Công ty TNHH TM SX Vỹ Tâm,khoai tây,mốc sương,TT28/2026: bổ sung mới
Topride 80 WG,Metiram Complex (min 85%),,Công ty CP VT Chem,cà phê,thán thư,TT28/2026: bổ sung mới
Fabulous-AA 60WG,Metiram 55% + Pyraclostrobin 5%,,Công ty CP Hưng Toàn Vĩnh Phát,hoa hồng,phấn trắng,TT28/2026: bổ sung mới
Dotpha 5SL,Oligosaccharins,,Công ty TNHH TM SX Vỹ Tâm,cà chua; hoa cúc; đậu tương,mốc sương; rỉ sắt,TT28/2026: bổ sung mới
Omi Extra 5SL,,,Công ty TNHH One Bee Việt Nam,lạc,đốm nâu,TT28/2026: bổ sung mới
HF-Copper 40SC,Oxine copper (min 99%),,Công ty TNHH TM Haflife Việt Nam,lạc,đốm lá,TT28/2026: bổ sung mới
BV Picozole 18.76SC,Picoxystrobin 7.05% + Propiconazole 11.71%,,Công ty TNHH NN Công nghệ cao Bản Việt,cà phê,rỉ sắt,TT28/2026: bổ sung mới
Propitat 18.76SC,,,Công ty TNHH TAT Hà Nội,lạc,đốm nâu,TT28/2026: bổ sung mới
Tecoraz 450WP,Prochloraz 300g/kg + Tebuconazole 150g/kg,,Công ty CP Vision Chemical,cà phê,rỉ sắt,TT28/2026: bổ sung mới
VT-Naraz 400EW,Prochloraz 267g/l + Tebuconazole 133g/l,,Công ty TNHH CNSH Quốc tế Việt Thái,ngô,đốm lá,TT28/2026: bổ sung mới
Aclobin 350SC,Pyraclostrobin (min 95%),,Công ty TNHH Asia Agro,cà phê,rỉ sắt,TT28/2026: bổ sung mới
Itabym 25SC,,,Công ty TNHH TM Haflife Việt Nam,khoai tây,mốc sương,TT28/2026: bổ sung mới
Paskin 25SC,,,Công ty CP BMC Việt Nam,cam; xoài,ghẻ; thán thư,TT28/2026: bổ sung mới
Pyjama 250SC,,,Công ty CP Liên doanh quốc tế Fujimoto,hoa hồng,phấn trắng,TT28/2026: bổ sung mới
Throne 250SC,,,Công ty TNHH Alfa (Sài Gòn),lúa,đạo ôn,TT28/2026: bổ sung mới
Sickking 32SC,Pyraclostrobin 8% + Tebuconazole 24%,,Công ty CP Công nghệ Israel Việt Nam,khoai tây,đốm vòng,TT28/2026: bổ sung mới
Forvilsuper 35SC,Pyraclostrobin 15% + Thifluzamide 20%,,Công ty CP BVTV Phú Nông,cam; dưa hấu,nứt thân chảy nhựa; thán thư,TT28/2026: bổ sung mới
Crown Extra 40WG,Pyrimethanil (min 95%),,Công ty TNHH One Bee Việt Nam,lạc,đốm nâu,TT28/2026: bổ sung mới
Madona 400SC,,,Công ty CP Nông nghiệp CMP,hồ tiêu,chết nhanh,TT28/2026: bổ sung mới
Story 40SC,,,Công ty CP BMC Việt Nam,hoa hồng,phấn trắng,TT28/2026: bổ sung mới
Reve 0.2SL,Resveratrol,,Công ty CP Agrilas,lạc,đốm nâu,TT28/2026: bổ sung mới
Dutyfree 200SC,Saisentong (min 95%),,Công ty TNHH TM SX Thôn Trang,lạc,héo xanh,TT28/2026: bổ sung mới
Thitivo 450SC,Tebuconazole 150g/l + Thiram 300g/l,,Công ty CP Vision Chemical,đậu tương,đốm lá,TT28/2026: bổ sung mới
Aaron 30SC,Tebuconazole 20% + Trifloxystrobin 10%,,"Xuzhou Jinhe Chemicals Co., Ltd",cà phê,rỉ sắt,TT28/2026: bổ sung mới
Itamax 75WG,Tebuconazole 500g/kg (50%) + Trifloxystrobin 250g/kg (25%),,Công ty CP Itagro Việt Nam,hoa cúc,rỉ sắt,TT28/2026: bổ sung mới
Trivo Top 750WG,,,Công ty CP US Farm Việt Nam,lạc,đốm nâu,TT28/2026: bổ sung mới
Notizamide 24SC,,,Công ty TNHH Hóa sinh Nông Thịnh,khoai tây,mốc sương,TT28/2026: bổ sung mới
Thiflu-Tpas 24SC,,,Công ty TNHH DVNN Thuận Phát,ngô,khô vằn,TT28/2026: bổ sung mới
Vdimot 24SC,,,Công ty CP Quốc tế Việt Đức,cà phê,rỉ sắt,TT28/2026: bổ sung mới
Solmis 800WG,,,Công ty TNHH TM SX Thôn Trang,phong lan,đốm lá,TT28/2026: bổ sung mới
Himefon 25WP,Triadimefon (min 96%),,Công ty CP Hitaka,cà phê,rỉ sắt,TT28/2026: bổ sung mới
Beyond 40SC,Tricyclazole (min 95%),,Công ty TNHH Phương Nam Việt Nam,lúa,đạo ôn,TT28/2026: bổ sung mới
Mdan Hero 3WP,Zhongshengmycin (min 95%),,Công ty CP Mạnh Đan,lúa,bạc lá,TT28/2026: bổ sung mới
Shemycin 3WP,,,Công ty CP Agri Shop,cà chua; cải thảo,héo xanh; thối nhũn,TT28/2026: bổ sung mới
Quinzolin 14EC,Benazolin-ethyl 12% + Quizalofop-p-ethyl 2%,,Công ty TNHH TAT Hà Nội,lạc,cỏ,TT28/2026: bổ sung mới
Bambuu 480SL,Bentazone (min 96%),,Công ty TNHH Tấn Hưng Việt Nam,đậu tương,cỏ,TT28/2026: bổ sung mới
AA-Shunshine 49SL,Bentazone 40% + MCPA 9%,,Công ty TNHH XNK TM Agriasian,ngô,cỏ,TT28/2026: bổ sung mới
Tvazone 38SL,Bentazone 33% + MCPA 5%,,Công ty TNHH Hóa chất và TM Trần Vũ,ngô,cỏ,TT28/2026: bổ sung mới
AF-Stenzone 50SL,Bentazone 40% + MCPA- sodium 10%,,Công ty TNHH Agrifuture,ngô,cỏ,TT28/2026: bổ sung mới
Butpas 50EC,Butachlor (min 93%),,Công ty TNHH DVNN Thuận Phát,lạc,cỏ,TT28/2026: bổ sung mới
Gentanil 42EC,Butachlor 32% + Oxadiazon 10%,,Công ty CP Genta Thụy Sĩ,lạc,cỏ,TT28/2026: bổ sung mới
Matda 550EC,Butachlor 275g/l + Propanil 275g/l,,Công ty TNHH Tấn Hưng Việt Nam,ngô,cỏ,TT28/2026: bổ sung mới
Alofop 20EC,Cyhalofop-butyl 12% + Metamifop 8%,,Công ty TNHH MTV Lucky,lúa gieo thẳng,cỏ,TT28/2026: bổ sung mới
Fop Super 250EC,Cyhalofop-butyl 150g/l + Metamifop 100g/l,,Công ty TNHH Fujimoto Việt Nam,lạc,cỏ,TT28/2026: bổ sung mới
Tenco 25OD,Cyhalofop-butyl 15% + Metamifop 10%,,Công ty CP Nông dược Nhật Thành,lạc,cỏ,TT28/2026: bổ sung mới
Protanil 400EC,Cyhalofop-butyl 100g/l + Propanil 300g/l,,Công ty TNHH XNK TM Agriasian,lúa gieo thẳng,cỏ,TT28/2026: bổ sung mới
ET-Diquick 200SL,Diquat (min 95%),,"Shanghai E-tong Chemical Co., Ltd",ngô,cỏ,TT28/2026: bổ sung mới
Dimosa 373 SL,,,Sinon Corporation,cà phê,cỏ,TT28/2026: bổ sung mới
XinRon 80SC,Diuron (min 97%),,Anhui Guangxin Agrochemical Co. Ltd,xoài,cỏ,TT28/2026: bổ sung mới
Ziforsuper 150EC,Fluazifop-p-butyl (min 90%),,Công ty CP VT Chem,ngô,cỏ,TT28/2026: bổ sung mới
New-meptyl 288EC,Fluroxypyr-meptyl (min 95%),,Công ty TNHH Mekong Agro,ngô,cỏ,TT28/2026: bổ sung mới
Nevi-Isotyl 43OD,Fluroxypyr-meptyl 6.5% + MCPA-isooctyl 36.5%,,Công ty CP Newfarm Việt Nam,ngô,cỏ,TT28/2026: bổ sung mới
Afvglufo 30SL,Glufosinate ammonium (min 95%),,Công ty CP Agrifarm Việt Nam,cà phê,cỏ,TT28/2026: bổ sung mới
Atglyxim 200SL,,,Công ty TNHH MTV XNK Quốc tế An Thành,cà phê,cỏ,TT28/2026: bổ sung mới
Gluking 200SL,,,Công ty TNHH Nông nghiệp Nhật Nguyệt,cà phê,cỏ,TT28/2026: bổ sung mới
Glunium 200SL,,,Công ty TNHH Liên Minh Nông Nghiệp Bền Vững,cà phê,cỏ,TT28/2026: bổ sung mới
Glu-up 200SL,,,Công ty CP SX và TM Công nghệ Châu Âu,cà phê,cỏ,TT28/2026: bổ sung mới
Lanofosinate 200SL,,,Công ty CP Hóa nông Lâm Ngọc,cao su,cỏ,TT28/2026: bổ sung mới
Oh Sate 13.5SL,,,Công ty TNHH Kona Crop Science,cao su; cà phê,cỏ,TT28/2026: bổ sung mới
Paraxon 13.5SL,,,Công ty TNHH Thần Nông Việt,cà phê,cỏ,TT28/2026: bổ sung mới
Silvodor 200SL,,,Công ty CP Đầu tư Quốc tế Long Hưng,cà phê,cỏ,TT28/2026: bổ sung mới
VT-Fastar 300SL,,,Công ty TNHH CNSH Quốc tế Việt Thái,cà phê,cỏ,TT28/2026: bổ sung mới
Halofine 75WG,Halosulfuron-methyl (min 95%),,"Jiangsu Agrochem Laboratory Co., Ltd",ngô,cỏ,TT28/2026: bổ sung mới
Hallaan 108EC,Haloxyfop-p-methyl (min 94%),,Công ty TNHH Hoá nông Á Châu Hà Nội,lạc,cỏ,TT28/2026: bổ sung mới
Nevi-Halo H 108EC,,,Công ty CP Newfarm Việt Nam,đậu tương,cỏ,TT28/2026: bổ sung mới
Medalylindiavb 32EC,Imazethapyr 2% + Pendimethalin 30%,,Công ty TNHH Vbook Hoa Kỳ,lạc,cỏ,TT28/2026: bổ sung mới
Terbu rio 55SC,Isoxaflutole 5% + Terbuthylazine 50%,,Công ty TNHH Nông nghiệp Công nghệ xanh Bắc Giang,ngô,cỏ,TT28/2026: bổ sung mới
Margin 150 SC,Mesotrione (min 97%),,Công ty TNHH Alfa (Sài Gòn),ngô,cỏ,TT28/2026: bổ sung mới
Metsocali 15SC,,,Công ty CP Hóa chất Nông nghiệp Hoàng Nông,ngô,cỏ,TT28/2026: bổ sung mới
DB-Naga 15EC,Metamifop (min 96%),,"Công ty TNHH Hóa chất Phân bón, Thuốc BVTV Dubai",lạc; đậu tương,cỏ,TT28/2026: bổ sung mới
Nimeto 720EC,Metolachlor (min 96%),,Công ty CP Nicotex,ngô,cỏ,TT28/2026: bổ sung mới
T-Cotot 720EC,,,Công ty CP Nông dược Nhật Thành,lạc,cỏ,TT28/2026: bổ sung mới
Canyon 20WG,Metsulfuron-methyl (min 93%),,Công ty CP Thương mại và Đầu tư Bắc Mỹ,cao su,cỏ,TT28/2026: bổ sung mới
AF-Pendimex 40SC,Pendimethalin (min 90%),,Công ty TNHH Agrifuture,ngô,cỏ,TT28/2026: bổ sung mới
Thanset 10OD,Penoxsulam 6% + Pyrazosulfuron-ethyl 4%,,Công ty CP ĐT TM và PTNN ADI,lúa gieo thẳng,cỏ,TT28/2026: bổ sung mới
Navada 34.4SC,Tembotrione (min 94.5%),,Công ty TNHH Giải pháp Nông nghiệp Việt Nam,ngô,cỏ,TT28/2026: bổ sung mới
Temone 34.4SC,,,Công ty TNHH BVTV TAT Hà Nội,ngô,cỏ,TT28/2026: bổ sung mới
Teppi 8 OD,,,Công ty TNHH Fujimoto Việt Nam,ngô,cỏ,TT28/2026: bổ sung mới
Vietembo 8 OD,,,Công ty TNHH TM DV Vietcropchem,ngô,cỏ,TT28/2026: bổ sung mới
Cornean 30SC,Topramezone (min 96%),,Công ty TNHH Bio Delta,ngô,cỏ,TT28/2026: bổ sung mới
Hirosu 30 OD,,,Công ty CP BVTV I TW,ngô,cỏ,TT28/2026: bổ sung mới
Top Helmer 10 OD,,,Công ty TNHH B.Helmer,ngô,cỏ,TT28/2026: bổ sung mới
Basino 0.01SL,24-Epibrassinolide (min 90%),,Công ty CP Hợp Trí Summit,cam,kích thích sinh trưởng,TT28/2026: bổ sung mới
Petersens 0.01SL,,,Công ty TNHH TM SX Thôn Trang,cam; xoài,kích thích sinh trưởng,TT28/2026: bổ sung mới
Grow Fast 0.004SL,28-Homobrassinolide (min 95%),,Công ty TNHH BVTV TAT Hà Nội,cà chua,kích thích sinh trưởng,TT28/2026: bổ sung mới
ADS-Rantio 250SC,Flumetralin (min 98%),,Công ty TNHH ADU Việt Nam,thuốc lá,diệt chồi nách,TT28/2026: bổ sung mới
Pacitaly 15WP,Paclobutrazol (min 95%),,Công ty CP SAM,khoai lang,điều hòa sinh trưởng,TT28/2026: bổ sung mới
Pakloindia 23SC,,,Công ty CP Hóa chất SAM,khoai lang,điều hòa sinh trưởng,TT28/2026: bổ sung mới
